#pragma once
// SINH TỰ ĐỘNG bởi tools/make_vlw.py — ĐỪNG SỬA TAY.
// Chạy lại: python tools/make_vlw.py
//
// Font VLW (smooth font của TFT_eSPI), có đủ dấu tiếng Việt.
// Nguồn: arial.ttf @ 13px · 230 glyph · ascent 12 · descent 3
// Nạp bằng: tft.loadFont(VietFontSmall);
#include <pgmspace.h>

const uint8_t VietFontSmall[] PROGMEM = {
  0x00,0x00,0x00,0xE6,0x00,0x00,0x00,0x0B,0x00,0x00,0x00,0x0D,0x00,0x00,0x00,0x00,
  0x00,0x00,0x00,0x0C,0x00,0x00,0x00,0x03,0x00,0x00,0x00,0x20,0x00,0x00,0x00,0x00,
  0x00,0x00,0x00,0x00,0x00,0x00,0x00,0x04,0x00,0x00,0x00,0x00,0x00,0x00,0x00,0x00,
  0x00,0x00,0x00,0x00,0x00,0x00,0x00,0x21,0x00,0x00,0x00,0x0A,0x00,0x00,0x00,0x04,
  0x00,0x00,0x00,0x04,0x00,0x00,0x00,0x0A,0x00,0x00,0x00,0x00,0x00,0x00,0x00,0x00,
  0x00,0x00,0x00,0x22,0x00,0x00,0x00,0x0A,0x00,0x00,0x00,0x05,0x00,0x00,0x00,0x05,
  0x00,0x00,0x00,0x0A,0x00,0x00,0x00,0x00,0x00,0x00,0x00,0x00,0x00,0x00,0x00,0x23,
  0x00,0x00,0x00,0x0A,0x00,0x00,0x00,0x08,0x00,0x00,0x00,0x07,0x00,0x00,0x00,0x0A,
  0x00,0x00,0x00,0x00,0x00,0x00,0x00,0x00,0x00,0x00,0x00,0x24,0x00,0x00,0x00,0x0B,
  0x00,0x00,0x00,0x07,0x00,0x00,0x00,0x07,0x00,0x00,0x00,0x0A,0x00,0x00,0x00,0x00,
  0x00,0x00,0x00,0x00,0x00,0x00,0x00,0x25,0x00,0x00,0x00,0x0A,0x00,0x00,0x00,0x0C,
  0x00,0x00,0x00,0x0C,0x00,0x00,0x00,0x0A,0x00,0x00,0x00,0x00,0x00,0x00,0x00,0x00,
  0x00,0x00,0x00,0x26,0x00,0x00,0x00,0x0A,0x00,0x00,0x00,0x09,0x00,0x00,0x00,0x09,
  0x00,0x00,0x00,0x0A,0x00,0x00,0x00,0x00,0x00,0x00,0x00,0x00,0x00,0x00,0x00,0x27,
  0x00,0x00,0x00,0x0A,0x00,0x00,0x00,0x02,0x00,0x00,0x00,0x02,0x00,0x00,0x00,0x0A,
  0x00,0x00,0x00,0x00,0x00,0x00,0x00,0x00,0x00,0x00,0x00,0x28,0x00,0x00,0x00,0x0D,
  0x00,0x00,0x00,0x04,0x00,0x00,0x00,0x04,0x00,0x00,0x00,0x0A,0x00,0x00,0x00,0x00,
  0x00,0x00,0x00,0x00,0x00,0x00,0x00,0x29,0x00,0x00,0x00,0x0D,0x00,0x00,0x00,0x04,
  0x00,0x00,0x00,0x04,0x00,0x00,0x00,0x0A,0x00,0x00,0x00,0x00,0x00,0x00,0x00,0x00,
  0x00,0x00,0x00,0x2A,0x00,0x00,0x00,0x0A,0x00,0x00,0x00,0x05,0x00,0x00,0x00,0x05,
  0x00,0x00,0x00,0x0A,0x00,0x00,0x00,0x00,0x00,0x00,0x00,0x00,0x00,0x00,0x00,0x2B,
  0x00,0x00,0x00,0x08,0x00,0x00,0x00,0x08,0x00,0x00,0x00,0x08,0x00,0x00,0x00,0x08,
  0x00,0x00,0x00,0x00,0x00,0x00,0x00,0x00,0x00,0x00,0x00,0x2C,0x00,0x00,0x00,0x03,
  0x00,0x00,0x00,0x04,0x00,0x00,0x00,0x04,0x00,0x00,0x00,0x01,0x00,0x00,0x00,0x00,
  0x00,0x00,0x00,0x00,0x00,0x00,0x00,0x2D,0x00,0x00,0x00,0x04,0x00,0x00,0x00,0x04,
  0x00,0x00,0x00,0x04,0x00,0x00,0x00,0x04,0x00,0x00,0x00,0x00,0x00,0x00,0x00,0x00,
  0x00,0x00,0x00,0x2E,0x00,0x00,0x00,0x01,0x00,0x00,0x00,0x04,0x00,0x00,0x00,0x04,
  0x00,0x00,0x00,0x01,0x00,0x00,0x00,0x00,0x00,0x00,0x00,0x00,0x00,0x00,0x00,0x2F,
  0x00,0x00,0x00,0x0A,0x00,0x00,0x00,0x04,0x00,0x00,0x00,0x04,0x00,0x00,0x00,0x0A,
  0x00,0x00,0x00,0x00,0x00,0x00,0x00,0x00,0x00,0x00,0x00,0x30,0x00,0x00,0x00,0x0A,
  0x00,0x00,0x00,0x07,0x00,0x00,0x00,0x07,0x00,0x00,0x00,0x0A,0x00,0x00,0x00,0x00,
  0x00,0x00,0x00,0x00,0x00,0x00,0x00,0x31,0x00,0x00,0x00,0x0A,0x00,0x00,0x00,0x07,
  0x00,0x00,0x00,0x07,0x00,0x00,0x00,0x0A,0x00,0x00,0x00,0x00,0x00,0x00,0x00,0x00,
  0x00,0x00,0x00,0x32,0x00,0x00,0x00,0x0A,0x00,0x00,0x00,0x07,0x00,0x00,0x00,0x07,
  0x00,0x00,0x00,0x0A,0x00,0x00,0x00,0x00,0x00,0x00,0x00,0x00,0x00,0x00,0x00,0x33,
  0x00,0x00,0x00,0x0A,0x00,0x00,0x00,0x07,0x00,0x00,0x00,0x07,0x00,0x00,0x00,0x0A,
  0x00,0x00,0x00,0x00,0x00,0x00,0x00,0x00,0x00,0x00,0x00,0x34,0x00,0x00,0x00,0x0A,
  0x00,0x00,0x00,0x07,0x00,0x00,0x00,0x07,0x00,0x00,0x00,0x0A,0x00,0x00,0x00,0x00,
  0x00,0x00,0x00,0x00,0x00,0x00,0x00,0x35,0x00,0x00,0x00,0x0A,0x00,0x00,0x00,0x07,
  0x00,0x00,0x00,0x07,0x00,0x00,0x00,0x0A,0x00,0x00,0x00,0x00,0x00,0x00,0x00,0x00,
  0x00,0x00,0x00,0x36,0x00,0x00,0x00,0x0A,0x00,0x00,0x00,0x07,0x00,0x00,0x00,0x07,
  0x00,0x00,0x00,0x0A,0x00,0x00,0x00,0x00,0x00,0x00,0x00,0x00,0x00,0x00,0x00,0x37,
  0x00,0x00,0x00,0x0A,0x00,0x00,0x00,0x07,0x00,0x00,0x00,0x07,0x00,0x00,0x00,0x0A,
  0x00,0x00,0x00,0x00,0x00,0x00,0x00,0x00,0x00,0x00,0x00,0x38,0x00,0x00,0x00,0x0A,
  0x00,0x00,0x00,0x07,0x00,0x00,0x00,0x07,0x00,0x00,0x00,0x0A,0x00,0x00,0x00,0x00,
  0x00,0x00,0x00,0x00,0x00,0x00,0x00,0x39,0x00,0x00,0x00,0x0A,0x00,0x00,0x00,0x07,
  0x00,0x00,0x00,0x07,0x00,0x00,0x00,0x0A,0x00,0x00,0x00,0x00,0x00,0x00,0x00,0x00,
  0x00,0x00,0x00,0x3A,0x00,0x00,0x00,0x07,0x00,0x00,0x00,0x04,0x00,0x00,0x00,0x04,
  0x00,0x00,0x00,0x07,0x00,0x00,0x00,0x00,0x00,0x00,0x00,0x00,0x00,0x00,0x00,0x3B,
  0x00,0x00,0x00,0x09,0x00,0x00,0x00,0x04,0x00,0x00,0x00,0x04,0x00,0x00,0x00,0x07,
  0x00,0x00,0x00,0x00,0x00,0x00,0x00,0x00,0x00,0x00,0x00,0x3C,0x00,0x00,0x00,0x08,
  0x00,0x00,0x00,0x08,0x00,0x00,0x00,0x08,0x00,0x00,0x00,0x08,0x00,0x00,0x00,0x00,
  0x00,0x00,0x00,0x00,0x00,0x00,0x00,0x3D,0x00,0x00,0x00,0x07,0x00,0x00,0x00,0x08,
  0x00,0x00,0x00,0x08,0x00,0x00,0x00,0x07,0x00,0x00,0x00,0x00,0x00,0x00,0x00,0x00,
  0x00,0x00,0x00,0x3E,0x00,0x00,0x00,0x08,0x00,0x00,0x00,0x08,0x00,0x00,0x00,0x08,
  0x00,0x00,0x00,0x08,0x00,0x00,0x00,0x00,0x00,0x00,0x00,0x00,0x00,0x00,0x00,0x3F,
  0x00,0x00,0x00,0x0A,0x00,0x00,0x00,0x07,0x00,0x00,0x00,0x07,0x00,0x00,0x00,0x0A,
  0x00,0x00,0x00,0x00,0x00,0x00,0x00,0x00,0x00,0x00,0x00,0x40,0x00,0x00,0x00,0x0D,
  0x00,0x00,0x00,0x0D,0x00,0x00,0x00,0x0D,0x00,0x00,0x00,0x0A,0x00,0x00,0x00,0x00,
  0x00,0x00,0x00,0x00,0x00,0x00,0x00,0x41,0x00,0x00,0x00,0x0A,0x00,0x00,0x00,0x0A,
  0x00,0x00,0x00,0x09,0x00,0x00,0x00,0x0A,0xFF,0xFF,0xFF,0xFF,0x00,0x00,0x00,0x00,
  0x00,0x00,0x00,0x42,0x00,0x00,0x00,0x0A,0x00,0x00,0x00,0x09,0x00,0x00,0x00,0x09,
  0x00,0x00,0x00,0x0A,0x00,0x00,0x00,0x00,0x00,0x00,0x00,0x00,0x00,0x00,0x00,0x43,
  0x00,0x00,0x00,0x0A,0x00,0x00,0x00,0x09,0x00,0x00,0x00,0x09,0x00,0x00,0x00,0x0A,
  0x00,0x00,0x00,0x00,0x00,0x00,0x00,0x00,0x00,0x00,0x00,0x44,0x00,0x00,0x00,0x0A,
  0x00,0x00,0x00,0x09,0x00,0x00,0x00,0x09,0x00,0x00,0x00,0x0A,0x00,0x00,0x00,0x00,
  0x00,0x00,0x00,0x00,0x00,0x00,0x00,0x45,0x00,0x00,0x00,0x0A,0x00,0x00,0x00,0x09,
  0x00,0x00,0x00,0x09,0x00,0x00,0x00,0x0A,0x00,0x00,0x00,0x00,0x00,0x00,0x00,0x00,
  0x00,0x00,0x00,0x46,0x00,0x00,0x00,0x0A,0x00,0x00,0x00,0x08,0x00,0x00,0x00,0x08,
  0x00,0x00,0x00,0x0A,0x00,0x00,0x00,0x00,0x00,0x00,0x00,0x00,0x00,0x00,0x00,0x47,
  0x00,0x00,0x00,0x0A,0x00,0x00,0x00,0x0A,0x00,0x00,0x00,0x0A,0x00,0x00,0x00,0x0A,
  0x00,0x00,0x00,0x00,0x00,0x00,0x00,0x00,0x00,0x00,0x00,0x48,0x00,0x00,0x00,0x0A,
  0x00,0x00,0x00,0x09,0x00,0x00,0x00,0x09,0x00,0x00,0x00,0x0A,0x00,0x00,0x00,0x00,
  0x00,0x00,0x00,0x00,0x00,0x00,0x00,0x49,0x00,0x00,0x00,0x0A,0x00,0x00,0x00,0x04,
  0x00,0x00,0x00,0x04,0x00,0x00,0x00,0x0A,0x00,0x00,0x00,0x00,0x00,0x00,0x00,0x00,
  0x00,0x00,0x00,0x4A,0x00,0x00,0x00,0x0A,0x00,0x00,0x00,0x07,0x00,0x00,0x00,0x07,
  0x00,0x00,0x00,0x0A,0x00,0x00,0x00,0x00,0x00,0x00,0x00,0x00,0x00,0x00,0x00,0x4B,
  0x00,0x00,0x00,0x0A,0x00,0x00,0x00,0x09,0x00,0x00,0x00,0x09,0x00,0x00,0x00,0x0A,
  0x00,0x00,0x00,0x00,0x00,0x00,0x00,0x00,0x00,0x00,0x00,0x4C,0x00,0x00,0x00,0x0A,
  0x00,0x00,0x00,0x07,0x00,0x00,0x00,0x07,0x00,0x00,0x00,0x0A,0x00,0x00,0x00,0x00,
  0x00,0x00,0x00,0x00,0x00,0x00,0x00,0x4D,0x00,0x00,0x00,0x0A,0x00,0x00,0x00,0x0B,
  0x00,0x00,0x00,0x0B,0x00,0x00,0x00,0x0A,0x00,0x00,0x00,0x00,0x00,0x00,0x00,0x00,
  0x00,0x00,0x00,0x4E,0x00,0x00,0x00,0x0A,0x00,0x00,0x00,0x09,0x00,0x00,0x00,0x09,
  0x00,0x00,0x00,0x0A,0x00,0x00,0x00,0x00,0x00,0x00,0x00,0x00,0x00,0x00,0x00,0x4F,
  0x00,0x00,0x00,0x0A,0x00,0x00,0x00,0x0A,0x00,0x00,0x00,0x0A,0x00,0x00,0x00,0x0A,
  0x00,0x00,0x00,0x00,0x00,0x00,0x00,0x00,0x00,0x00,0x00,0x50,0x00,0x00,0x00,0x0A,
  0x00,0x00,0x00,0x09,0x00,0x00,0x00,0x09,0x00,0x00,0x00,0x0A,0x00,0x00,0x00,0x00,
  0x00,0x00,0x00,0x00,0x00,0x00,0x00,0x51,0x00,0x00,0x00,0x0B,0x00,0x00,0x00,0x0A,
  0x00,0x00,0x00,0x0A,0x00,0x00,0x00,0x0A,0x00,0x00,0x00,0x00,0x00,0x00,0x00,0x00,
  0x00,0x00,0x00,0x52,0x00,0x00,0x00,0x0A,0x00,0x00,0x00,0x0A,0x00,0x00,0x00,0x09,
  0x00,0x00,0x00,0x0A,0x00,0x00,0x00,0x00,0x00,0x00,0x00,0x00,0x00,0x00,0x00,0x53,
  0x00,0x00,0x00,0x0A,0x00,0x00,0x00,0x09,0x00,0x00,0x00,0x09,0x00,0x00,0x00,0x0A,
  0x00,0x00,0x00,0x00,0x00,0x00,0x00,0x00,0x00,0x00,0x00,0x54,0x00,0x00,0x00,0x0A,
  0x00,0x00,0x00,0x08,0x00,0x00,0x00,0x08,0x00,0x00,0x00,0x0A,0x00,0x00,0x00,0x00,
  0x00,0x00,0x00,0x00,0x00,0x00,0x00,0x55,0x00,0x00,0x00,0x0A,0x00,0x00,0x00,0x09,
  0x00,0x00,0x00,0x09,0x00,0x00,0x00,0x0A,0x00,0x00,0x00,0x00,0x00,0x00,0x00,0x00,
  0x00,0x00,0x00,0x56,0x00,0x00,0x00,0x0A,0x00,0x00,0x00,0x09,0x00,0x00,0x00,0x09,
  0x00,0x00,0x00,0x0A,0x00,0x00,0x00,0x00,0x00,0x00,0x00,0x00,0x00,0x00,0x00,0x57,
  0x00,0x00,0x00,0x0A,0x00,0x00,0x00,0x0D,0x00,0x00,0x00,0x0C,0x00,0x00,0x00,0x0A,
  0x00,0x00,0x00,0x00,0x00,0x00,0x00,0x00,0x00,0x00,0x00,0x58,0x00,0x00,0x00,0x0A,
  0x00,0x00,0x00,0x09,0x00,0x00,0x00,0x09,0x00,0x00,0x00,0x0A,0x00,0x00,0x00,0x00,
  0x00,0x00,0x00,0x00,0x00,0x00,0x00,0x59,0x00,0x00,0x00,0x0A,0x00,0x00,0x00,0x09,
  0x00,0x00,0x00,0x09,0x00,0x00,0x00,0x0A,0x00,0x00,0x00,0x00,0x00,0x00,0x00,0x00,
  0x00,0x00,0x00,0x5A,0x00,0x00,0x00,0x0A,0x00,0x00,0x00,0x08,0x00,0x00,0x00,0x08,
  0x00,0x00,0x00,0x0A,0x00,0x00,0x00,0x00,0x00,0x00,0x00,0x00,0x00,0x00,0x00,0x5B,
  0x00,0x00,0x00,0x0D,0x00,0x00,0x00,0x04,0x00,0x00,0x00,0x04,0x00,0x00,0x00,0x0A,
  0x00,0x00,0x00,0x00,0x00,0x00,0x00,0x00,0x00,0x00,0x00,0x5C,0x00,0x00,0x00,0x0A,
  0x00,0x00,0x00,0x04,0x00,0x00,0x00,0x04,0x00,0x00,0x00,0x0A,0x00,0x00,0x00,0x00,
  0x00,0x00,0x00,0x00,0x00,0x00,0x00,0x5D,0x00,0x00,0x00,0x0D,0x00,0x00,0x00,0x04,
  0x00,0x00,0x00,0x04,0x00,0x00,0x00,0x0A,0x00,0x00,0x00,0x00,0x00,0x00,0x00,0x00,
  0x00,0x00,0x00,0x5E,0x00,0x00,0x00,0x09,0x00,0x00,0x00,0x06,0x00,0x00,0x00,0x06,
  0x00,0x00,0x00,0x09,0x00,0x00,0x00,0x00,0x00,0x00,0x00,0x00,0x00,0x00,0x00,0x5F,
  0x00,0x00,0x00,0x03,0x00,0x00,0x00,0x09,0x00,0x00,0x00,0x07,0x00,0x00,0x00,0x00,
  0xFF,0xFF,0xFF,0xFF,0x00,0x00,0x00,0x00,0x00,0x00,0x00,0x60,0x00,0x00,0x00,0x0A,
  0x00,0x00,0x00,0x04,0x00,0x00,0x00,0x04,0x00,0x00,0x00,0x0A,0x00,0x00,0x00,0x00,
  0x00,0x00,0x00,0x00,0x00,0x00,0x00,0x61,0x00,0x00,0x00,0x07,0x00,0x00,0x00,0x07,
  0x00,0x00,0x00,0x07,0x00,0x00,0x00,0x07,0x00,0x00,0x00,0x00,0x00,0x00,0x00,0x00,
  0x00,0x00,0x00,0x62,0x00,0x00,0x00,0x0A,0x00,0x00,0x00,0x07,0x00,0x00,0x00,0x07,
  0x00,0x00,0x00,0x0A,0x00,0x00,0x00,0x00,0x00,0x00,0x00,0x00,0x00,0x00,0x00,0x63,
  0x00,0x00,0x00,0x07,0x00,0x00,0x00,0x07,0x00,0x00,0x00,0x07,0x00,0x00,0x00,0x07,
  0x00,0x00,0x00,0x00,0x00,0x00,0x00,0x00,0x00,0x00,0x00,0x64,0x00,0x00,0x00,0x0A,
  0x00,0x00,0x00,0x07,0x00,0x00,0x00,0x07,0x00,0x00,0x00,0x0A,0x00,0x00,0x00,0x00,
  0x00,0x00,0x00,0x00,0x00,0x00,0x00,0x65,0x00,0x00,0x00,0x07,0x00,0x00,0x00,0x07,
  0x00,0x00,0x00,0x07,0x00,0x00,0x00,0x07,0x00,0x00,0x00,0x00,0x00,0x00,0x00,0x00,
  0x00,0x00,0x00,0x66,0x00,0x00,0x00,0x0A,0x00,0x00,0x00,0x05,0x00,0x00,0x00,0x04,
  0x00,0x00,0x00,0x0A,0x00,0x00,0x00,0x00,0x00,0x00,0x00,0x00,0x00,0x00,0x00,0x67,
  0x00,0x00,0x00,0x0A,0x00,0x00,0x00,0x07,0x00,0x00,0x00,0x07,0x00,0x00,0x00,0x07,
  0x00,0x00,0x00,0x00,0x00,0x00,0x00,0x00,0x00,0x00,0x00,0x68,0x00,0x00,0x00,0x0A,
  0x00,0x00,0x00,0x07,0x00,0x00,0x00,0x07,0x00,0x00,0x00,0x0A,0x00,0x00,0x00,0x00,
  0x00,0x00,0x00,0x00,0x00,0x00,0x00,0x69,0x00,0x00,0x00,0x0A,0x00,0x00,0x00,0x03,
  0x00,0x00,0x00,0x03,0x00,0x00,0x00,0x0A,0x00,0x00,0x00,0x00,0x00,0x00,0x00,0x00,
  0x00,0x00,0x00,0x6A,0x00,0x00,0x00,0x0D,0x00,0x00,0x00,0x04,0x00,0x00,0x00,0x03,
  0x00,0x00,0x00,0x0A,0xFF,0xFF,0xFF,0xFF,0x00,0x00,0x00,0x00,0x00,0x00,0x00,0x6B,
  0x00,0x00,0x00,0x0A,0x00,0x00,0x00,0x07,0x00,0x00,0x00,0x07,0x00,0x00,0x00,0x0A,
  0x00,0x00,0x00,0x00,0x00,0x00,0x00,0x00,0x00,0x00,0x00,0x6C,0x00,0x00,0x00,0x0A,
  0x00,0x00,0x00,0x03,0x00,0x00,0x00,0x03,0x00,0x00,0x00,0x0A,0x00,0x00,0x00,0x00,
  0x00,0x00,0x00,0x00,0x00,0x00,0x00,0x6D,0x00,0x00,0x00,0x07,0x00,0x00,0x00,0x0B,
  0x00,0x00,0x00,0x0B,0x00,0x00,0x00,0x07,0x00,0x00,0x00,0x00,0x00,0x00,0x00,0x00,
  0x00,0x00,0x00,0x6E,0x00,0x00,0x00,0x07,0x00,0x00,0x00,0x07,0x00,0x00,0x00,0x07,
  0x00,0x00,0x00,0x07,0x00,0x00,0x00,0x00,0x00,0x00,0x00,0x00,0x00,0x00,0x00,0x6F,
  0x00,0x00,0x00,0x07,0x00,0x00,0x00,0x07,0x00,0x00,0x00,0x07,0x00,0x00,0x00,0x07,
  0x00,0x00,0x00,0x00,0x00,0x00,0x00,0x00,0x00,0x00,0x00,0x70,0x00,0x00,0x00,0x0A,
  0x00,0x00,0x00,0x07,0x00,0x00,0x00,0x07,0x00,0x00,0x00,0x07,0x00,0x00,0x00,0x00,
  0x00,0x00,0x00,0x00,0x00,0x00,0x00,0x71,0x00,0x00,0x00,0x0A,0x00,0x00,0x00,0x07,
  0x00,0x00,0x00,0x07,0x00,0x00,0x00,0x07,0x00,0x00,0x00,0x00,0x00,0x00,0x00,0x00,
  0x00,0x00,0x00,0x72,0x00,0x00,0x00,0x07,0x00,0x00,0x00,0x05,0x00,0x00,0x00,0x04,
  0x00,0x00,0x00,0x07,0x00,0x00,0x00,0x00,0x00,0x00,0x00,0x00,0x00,0x00,0x00,0x73,
  0x00,0x00,0x00,0x07,0x00,0x00,0x00,0x07,0x00,0x00,0x00,0x07,0x00,0x00,0x00,0x07,
  0x00,0x00,0x00,0x00,0x00,0x00,0x00,0x00,0x00,0x00,0x00,0x74,0x00,0x00,0x00,0x0A,
  0x00,0x00,0x00,0x04,0x00,0x00,0x00,0x04,0x00,0x00,0x00,0x0A,0x00,0x00,0x00,0x00,
  0x00,0x00,0x00,0x00,0x00,0x00,0x00,0x75,0x00,0x00,0x00,0x07,0x00,0x00,0x00,0x07,
  0x00,0x00,0x00,0x07,0x00,0x00,0x00,0x07,0x00,0x00,0x00,0x00,0x00,0x00,0x00,0x00,
  0x00,0x00,0x00,0x76,0x00,0x00,0x00,0x07,0x00,0x00,0x00,0x07,0x00,0x00,0x00,0x07,
  0x00,0x00,0x00,0x07,0x00,0x00,0x00,0x00,0x00,0x00,0x00,0x00,0x00,0x00,0x00,0x77,
  0x00,0x00,0x00,0x07,0x00,0x00,0x00,0x0A,0x00,0x00,0x00,0x09,0x00,0x00,0x00,0x07,
  0x00,0x00,0x00,0x00,0x00,0x00,0x00,0x00,0x00,0x00,0x00,0x78,0x00,0x00,0x00,0x07,
  0x00,0x00,0x00,0x07,0x00,0x00,0x00,0x07,0x00,0x00,0x00,0x07,0x00,0x00,0x00,0x00,
  0x00,0x00,0x00,0x00,0x00,0x00,0x00,0x79,0x00,0x00,0x00,0x0A,0x00,0x00,0x00,0x07,
  0x00,0x00,0x00,0x07,0x00,0x00,0x00,0x07,0x00,0x00,0x00,0x00,0x00,0x00,0x00,0x00,
  0x00,0x00,0x00,0x7A,0x00,0x00,0x00,0x07,0x00,0x00,0x00,0x07,0x00,0x00,0x00,0x07,
  0x00,0x00,0x00,0x07,0x00,0x00,0x00,0x00,0x00,0x00,0x00,0x00,0x00,0x00,0x00,0x7B,
  0x00,0x00,0x00,0x0D,0x00,0x00,0x00,0x05,0x00,0x00,0x00,0x04,0x00,0x00,0x00,0x0A,
  0x00,0x00,0x00,0x00,0x00,0x00,0x00,0x00,0x00,0x00,0x00,0x7C,0x00,0x00,0x00,0x0C,
  0x00,0x00,0x00,0x03,0x00,0x00,0x00,0x03,0x00,0x00,0x00,0x0A,0x00,0x00,0x00,0x00,
  0x00,0x00,0x00,0x00,0x00,0x00,0x00,0x7D,0x00,0x00,0x00,0x0D,0x00,0x00,0x00,0x04,
  0x00,0x00,0x00,0x04,0x00,0x00,0x00,0x0A,0x00,0x00,0x00,0x00,0x00,0x00,0x00,0x00,
  0x00,0x00,0x00,0x7E,0x00,0x00,0x00,0x06,0x00,0x00,0x00,0x08,0x00,0x00,0x00,0x08,
  0x00,0x00,0x00,0x06,0x00,0x00,0x00,0x00,0x00,0x00,0x00,0x00,0x00,0x00,0x00,0xB0,
  0x00,0x00,0x00,0x0A,0x00,0x00,0x00,0x05,0x00,0x00,0x00,0x05,0x00,0x00,0x00,0x0A,
  0x00,0x00,0x00,0x00,0x00,0x00,0x00,0x00,0x00,0x00,0x00,0xC0,0x00,0x00,0x00,0x0D,
  0x00,0x00,0x00,0x0A,0x00,0x00,0x00,0x09,0x00,0x00,0x00,0x0D,0xFF,0xFF,0xFF,0xFF,
  0x00,0x00,0x00,0x00,0x00,0x00,0x00,0xC1,0x00,0x00,0x00,0x0D,0x00,0x00,0x00,0x0A,
  0x00,0x00,0x00,0x09,0x00,0x00,0x00,0x0D,0xFF,0xFF,0xFF,0xFF,0x00,0x00,0x00,0x00,
  0x00,0x00,0x1E,0xA2,0x00,0x00,0x00,0x0E,0x00,0x00,0x00,0x0A,0x00,0x00,0x00,0x09,
  0x00,0x00,0x00,0x0E,0xFF,0xFF,0xFF,0xFF,0x00,0x00,0x00,0x00,0x00,0x00,0x00,0xC3,
  0x00,0x00,0x00,0x0D,0x00,0x00,0x00,0x0A,0x00,0x00,0x00,0x09,0x00,0x00,0x00,0x0D,
  0xFF,0xFF,0xFF,0xFF,0x00,0x00,0x00,0x00,0x00,0x00,0x1E,0xA0,0x00,0x00,0x00,0x0C,
  0x00,0x00,0x00,0x0A,0x00,0x00,0x00,0x09,0x00,0x00,0x00,0x0A,0xFF,0xFF,0xFF,0xFF,
  0x00,0x00,0x00,0x00,0x00,0x00,0x01,0x02,0x00,0x00,0x00,0x0D,0x00,0x00,0x00,0x0A,
  0x00,0x00,0x00,0x09,0x00,0x00,0x00,0x0D,0xFF,0xFF,0xFF,0xFF,0x00,0x00,0x00,0x00,
  0x00,0x00,0x1E,0xB0,0x00,0x00,0x00,0x0D,0x00,0x00,0x00,0x0A,0x00,0x00,0x00,0x09,
  0x00,0x00,0x00,0x0D,0xFF,0xFF,0xFF,0xFF,0x00,0x00,0x00,0x00,0x00,0x00,0x1E,0xAE,
  0x00,0x00,0x00,0x0D,0x00,0x00,0x00,0x0A,0x00,0x00,0x00,0x09,0x00,0x00,0x00,0x0D,
  0xFF,0xFF,0xFF,0xFF,0x00,0x00,0x00,0x00,0x00,0x00,0x1E,0xB2,0x00,0x00,0x00,0x0E,
  0x00,0x00,0x00,0x0A,0x00,0x00,0x00,0x09,0x00,0x00,0x00,0x0E,0xFF,0xFF,0xFF,0xFF,
  0x00,0x00,0x00,0x00,0x00,0x00,0x1E,0xB4,0x00,0x00,0x00,0x0D,0x00,0x00,0x00,0x0A,
  0x00,0x00,0x00,0x09,0x00,0x00,0x00,0x0D,0xFF,0xFF,0xFF,0xFF,0x00,0x00,0x00,0x00,
  0x00,0x00,0x1E,0xB6,0x00,0x00,0x00,0x0F,0x00,0x00,0x00,0x0A,0x00,0x00,0x00,0x09,
  0x00,0x00,0x00,0x0D,0xFF,0xFF,0xFF,0xFF,0x00,0x00,0x00,0x00,0x00,0x00,0x00,0xC2,
  0x00,0x00,0x00,0x0D,0x00,0x00,0x00,0x0A,0x00,0x00,0x00,0x09,0x00,0x00,0x00,0x0D,
  0xFF,0xFF,0xFF,0xFF,0x00,0x00,0x00,0x00,0x00,0x00,0x1E,0xA6,0x00,0x00,0x00,0x0D,
  0x00,0x00,0x00,0x0A,0x00,0x00,0x00,0x09,0x00,0x00,0x00,0x0D,0xFF,0xFF,0xFF,0xFF,
  0x00,0x00,0x00,0x00,0x00,0x00,0x1E,0xA4,0x00,0x00,0x00,0x0D,0x00,0x00,0x00,0x0A,
  0x00,0x00,0x00,0x09,0x00,0x00,0x00,0x0D,0xFF,0xFF,0xFF,0xFF,0x00,0x00,0x00,0x00,
  0x00,0x00,0x1E,0xA8,0x00,0x00,0x00,0x0E,0x00,0x00,0x00,0x0A,0x00,0x00,0x00,0x09,
  0x00,0x00,0x00,0x0E,0xFF,0xFF,0xFF,0xFF,0x00,0x00,0x00,0x00,0x00,0x00,0x1E,0xAA,
  0x00,0x00,0x00,0x0D,0x00,0x00,0x00,0x0A,0x00,0x00,0x00,0x09,0x00,0x00,0x00,0x0D,
  0xFF,0xFF,0xFF,0xFF,0x00,0x00,0x00,0x00,0x00,0x00,0x1E,0xAC,0x00,0x00,0x00,0x0F,
  0x00,0x00,0x00,0x0A,0x00,0x00,0x00,0x09,0x00,0x00,0x00,0x0D,0xFF,0xFF,0xFF,0xFF,
  0x00,0x00,0x00,0x00,0x00,0x00,0x00,0xC8,0x00,0x00,0x00,0x0D,0x00,0x00,0x00,0x09,
  0x00,0x00,0x00,0x09,0x00,0x00,0x00,0x0D,0x00,0x00,0x00,0x00,0x00,0x00,0x00,0x00,
  0x00,0x00,0x00,0xC9,0x00,0x00,0x00,0x0D,0x00,0x00,0x00,0x09,0x00,0x00,0x00,0x09,
  0x00,0x00,0x00,0x0D,0x00,0x00,0x00,0x00,0x00,0x00,0x00,0x00,0x00,0x00,0x1E,0xBA,
  0x00,0x00,0x00,0x0E,0x00,0x00,0x00,0x09,0x00,0x00,0x00,0x09,0x00,0x00,0x00,0x0E,
  0x00,0x00,0x00,0x00,0x00,0x00,0x00,0x00,0x00,0x00,0x1E,0xBC,0x00,0x00,0x00,0x0D,
  0x00,0x00,0x00,0x09,0x00,0x00,0x00,0x09,0x00,0x00,0x00,0x0D,0x00,0x00,0x00,0x00,
  0x00,0x00,0x00,0x00,0x00,0x00,0x1E,0xB8,0x00,0x00,0x00,0x0C,0x00,0x00,0x00,0x09,
  0x00,0x00,0x00,0x09,0x00,0x00,0x00,0x0A,0x00,0x00,0x00,0x00,0x00,0x00,0x00,0x00,
  0x00,0x00,0x00,0xCA,0x00,0x00,0x00,0x0D,0x00,0x00,0x00,0x09,0x00,0x00,0x00,0x09,
  0x00,0x00,0x00,0x0D,0x00,0x00,0x00,0x00,0x00,0x00,0x00,0x00,0x00,0x00,0x1E,0xC0,
  0x00,0x00,0x00,0x0D,0x00,0x00,0x00,0x09,0x00,0x00,0x00,0x09,0x00,0x00,0x00,0x0D,
  0x00,0x00,0x00,0x00,0x00,0x00,0x00,0x00,0x00,0x00,0x1E,0xBE,0x00,0x00,0x00,0x0D,
  0x00,0x00,0x00,0x09,0x00,0x00,0x00,0x09,0x00,0x00,0x00,0x0D,0x00,0x00,0x00,0x00,
  0x00,0x00,0x00,0x00,0x00,0x00,0x1E,0xC2,0x00,0x00,0x00,0x0E,0x00,0x00,0x00,0x09,
  0x00,0x00,0x00,0x09,0x00,0x00,0x00,0x0E,0x00,0x00,0x00,0x00,0x00,0x00,0x00,0x00,
  0x00,0x00,0x1E,0xC4,0x00,0x00,0x00,0x0D,0x00,0x00,0x00,0x09,0x00,0x00,0x00,0x09,
  0x00,0x00,0x00,0x0D,0x00,0x00,0x00,0x00,0x00,0x00,0x00,0x00,0x00,0x00,0x1E,0xC6,
  0x00,0x00,0x00,0x0F,0x00,0x00,0x00,0x09,0x00,0x00,0x00,0x09,0x00,0x00,0x00,0x0D,
  0x00,0x00,0x00,0x00,0x00,0x00,0x00,0x00,0x00,0x00,0x00,0xCC,0x00,0x00,0x00,0x0D,
  0x00,0x00,0x00,0x04,0x00,0x00,0x00,0x04,0x00,0x00,0x00,0x0D,0x00,0x00,0x00,0x00,
  0x00,0x00,0x00,0x00,0x00,0x00,0x00,0xCD,0x00,0x00,0x00,0x0D,0x00,0x00,0x00,0x04,
  0x00,0x00,0x00,0x04,0x00,0x00,0x00,0x0D,0x00,0x00,0x00,0x00,0x00,0x00,0x00,0x00,
  0x00,0x00,0x1E,0xC8,0x00,0x00,0x00,0x0E,0x00,0x00,0x00,0x04,0x00,0x00,0x00,0x04,
  0x00,0x00,0x00,0x0E,0x00,0x00,0x00,0x00,0x00,0x00,0x00,0x00,0x00,0x00,0x01,0x28,
  0x00,0x00,0x00,0x0D,0x00,0x00,0x00,0x05,0x00,0x00,0x00,0x04,0x00,0x00,0x00,0x0D,
  0xFF,0xFF,0xFF,0xFF,0x00,0x00,0x00,0x00,0x00,0x00,0x1E,0xCA,0x00,0x00,0x00,0x0C,
  0x00,0x00,0x00,0x04,0x00,0x00,0x00,0x04,0x00,0x00,0x00,0x0A,0x00,0x00,0x00,0x00,
  0x00,0x00,0x00,0x00,0x00,0x00,0x00,0xD2,0x00,0x00,0x00,0x0D,0x00,0x00,0x00,0x0A,
  0x00,0x00,0x00,0x0A,0x00,0x00,0x00,0x0D,0x00,0x00,0x00,0x00,0x00,0x00,0x00,0x00,
  0x00,0x00,0x00,0xD3,0x00,0x00,0x00,0x0D,0x00,0x00,0x00,0x0A,0x00,0x00,0x00,0x0A,
  0x00,0x00,0x00,0x0D,0x00,0x00,0x00,0x00,0x00,0x00,0x00,0x00,0x00,0x00,0x1E,0xCE,
  0x00,0x00,0x00,0x0E,0x00,0x00,0x00,0x0A,0x00,0x00,0x00,0x0A,0x00,0x00,0x00,0x0E,
  0x00,0x00,0x00,0x00,0x00,0x00,0x00,0x00,0x00,0x00,0x00,0xD5,0x00,0x00,0x00,0x0D,
  0x00,0x00,0x00,0x0A,0x00,0x00,0x00,0x0A,0x00,0x00,0x00,0x0D,0x00,0x00,0x00,0x00,
  0x00,0x00,0x00,0x00,0x00,0x00,0x1E,0xCC,0x00,0x00,0x00,0x0C,0x00,0x00,0x00,0x0A,
  0x00,0x00,0x00,0x0A,0x00,0x00,0x00,0x0A,0x00,0x00,0x00,0x00,0x00,0x00,0x00,0x00,
  0x00,0x00,0x00,0xD4,0x00,0x00,0x00,0x0D,0x00,0x00,0x00,0x0A,0x00,0x00,0x00,0x0A,
  0x00,0x00,0x00,0x0D,0x00,0x00,0x00,0x00,0x00,0x00,0x00,0x00,0x00,0x00,0x1E,0xD2,
  0x00,0x00,0x00,0x0D,0x00,0x00,0x00,0x0A,0x00,0x00,0x00,0x0A,0x00,0x00,0x00,0x0D,
  0x00,0x00,0x00,0x00,0x00,0x00,0x00,0x00,0x00,0x00,0x1E,0xD0,0x00,0x00,0x00,0x0D,
  0x00,0x00,0x00,0x0A,0x00,0x00,0x00,0x0A,0x00,0x00,0x00,0x0D,0x00,0x00,0x00,0x00,
  0x00,0x00,0x00,0x00,0x00,0x00,0x1E,0xD4,0x00,0x00,0x00,0x0E,0x00,0x00,0x00,0x0A,
  0x00,0x00,0x00,0x0A,0x00,0x00,0x00,0x0E,0x00,0x00,0x00,0x00,0x00,0x00,0x00,0x00,
  0x00,0x00,0x1E,0xD6,0x00,0x00,0x00,0x0D,0x00,0x00,0x00,0x0A,0x00,0x00,0x00,0x0A,
  0x00,0x00,0x00,0x0D,0x00,0x00,0x00,0x00,0x00,0x00,0x00,0x00,0x00,0x00,0x1E,0xD8,
  0x00,0x00,0x00,0x0F,0x00,0x00,0x00,0x0A,0x00,0x00,0x00,0x0A,0x00,0x00,0x00,0x0D,
  0x00,0x00,0x00,0x00,0x00,0x00,0x00,0x00,0x00,0x00,0x01,0xA0,0x00,0x00,0x00,0x0A,
  0x00,0x00,0x00,0x0B,0x00,0x00,0x00,0x0B,0x00,0x00,0x00,0x0A,0x00,0x00,0x00,0x00,
  0x00,0x00,0x00,0x00,0x00,0x00,0x1E,0xDC,0x00,0x00,0x00,0x0D,0x00,0x00,0x00,0x0B,
  0x00,0x00,0x00,0x0B,0x00,0x00,0x00,0x0D,0x00,0x00,0x00,0x00,0x00,0x00,0x00,0x00,
  0x00,0x00,0x1E,0xDA,0x00,0x00,0x00,0x0D,0x00,0x00,0x00,0x0B,0x00,0x00,0x00,0x0B,
  0x00,0x00,0x00,0x0D,0x00,0x00,0x00,0x00,0x00,0x00,0x00,0x00,0x00,0x00,0x1E,0xDE,
  0x00,0x00,0x00,0x0E,0x00,0x00,0x00,0x0B,0x00,0x00,0x00,0x0B,0x00,0x00,0x00,0x0E,
  0x00,0x00,0x00,0x00,0x00,0x00,0x00,0x00,0x00,0x00,0x1E,0xE0,0x00,0x00,0x00,0x0D,
  0x00,0x00,0x00,0x0B,0x00,0x00,0x00,0x0B,0x00,0x00,0x00,0x0D,0x00,0x00,0x00,0x00,
  0x00,0x00,0x00,0x00,0x00,0x00,0x1E,0xE2,0x00,0x00,0x00,0x0C,0x00,0x00,0x00,0x0B,
  0x00,0x00,0x00,0x0B,0x00,0x00,0x00,0x0A,0x00,0x00,0x00,0x00,0x00,0x00,0x00,0x00,
  0x00,0x00,0x00,0xD9,0x00,0x00,0x00,0x0D,0x00,0x00,0x00,0x09,0x00,0x00,0x00,0x09,
  0x00,0x00,0x00,0x0D,0x00,0x00,0x00,0x00,0x00,0x00,0x00,0x00,0x00,0x00,0x00,0xDA,
  0x00,0x00,0x00,0x0D,0x00,0x00,0x00,0x09,0x00,0x00,0x00,0x09,0x00,0x00,0x00,0x0D,
  0x00,0x00,0x00,0x00,0x00,0x00,0x00,0x00,0x00,0x00,0x1E,0xE6,0x00,0x00,0x00,0x0E,
  0x00,0x00,0x00,0x09,0x00,0x00,0x00,0x09,0x00,0x00,0x00,0x0E,0x00,0x00,0x00,0x00,
  0x00,0x00,0x00,0x00,0x00,0x00,0x01,0x68,0x00,0x00,0x00,0x0D,0x00,0x00,0x00,0x09,
  0x00,0x00,0x00,0x09,0x00,0x00,0x00,0x0D,0x00,0x00,0x00,0x00,0x00,0x00,0x00,0x00,
  0x00,0x00,0x1E,0xE4,0x00,0x00,0x00,0x0C,0x00,0x00,0x00,0x09,0x00,0x00,0x00,0x09,
  0x00,0x00,0x00,0x0A,0x00,0x00,0x00,0x00,0x00,0x00,0x00,0x00,0x00,0x00,0x01,0xAF,
  0x00,0x00,0x00,0x0A,0x00,0x00,0x00,0x0B,0x00,0x00,0x00,0x0B,0x00,0x00,0x00,0x0A,
  0x00,0x00,0x00,0x00,0x00,0x00,0x00,0x00,0x00,0x00,0x1E,0xEA,0x00,0x00,0x00,0x0D,
  0x00,0x00,0x00,0x0B,0x00,0x00,0x00,0x0B,0x00,0x00,0x00,0x0D,0x00,0x00,0x00,0x00,
  0x00,0x00,0x00,0x00,0x00,0x00,0x1E,0xE8,0x00,0x00,0x00,0x0D,0x00,0x00,0x00,0x0B,
  0x00,0x00,0x00,0x0B,0x00,0x00,0x00,0x0D,0x00,0x00,0x00,0x00,0x00,0x00,0x00,0x00,
  0x00,0x00,0x1E,0xEC,0x00,0x00,0x00,0x0E,0x00,0x00,0x00,0x0B,0x00,0x00,0x00,0x0B,
  0x00,0x00,0x00,0x0E,0x00,0x00,0x00,0x00,0x00,0x00,0x00,0x00,0x00,0x00,0x1E,0xEE,
  0x00,0x00,0x00,0x0D,0x00,0x00,0x00,0x0B,0x00,0x00,0x00,0x0B,0x00,0x00,0x00,0x0D,
  0x00,0x00,0x00,0x00,0x00,0x00,0x00,0x00,0x00,0x00,0x1E,0xF0,0x00,0x00,0x00,0x0C,
  0x00,0x00,0x00,0x0B,0x00,0x00,0x00,0x0B,0x00,0x00,0x00,0x0A,0x00,0x00,0x00,0x00,
  0x00,0x00,0x00,0x00,0x00,0x00,0x1E,0xF2,0x00,0x00,0x00,0x0D,0x00,0x00,0x00,0x09,
  0x00,0x00,0x00,0x09,0x00,0x00,0x00,0x0D,0x00,0x00,0x00,0x00,0x00,0x00,0x00,0x00,
  0x00,0x00,0x00,0xDD,0x00,0x00,0x00,0x0D,0x00,0x00,0x00,0x09,0x00,0x00,0x00,0x09,
  0x00,0x00,0x00,0x0D,0x00,0x00,0x00,0x00,0x00,0x00,0x00,0x00,0x00,0x00,0x1E,0xF6,
  0x00,0x00,0x00,0x0E,0x00,0x00,0x00,0x09,0x00,0x00,0x00,0x09,0x00,0x00,0x00,0x0E,
  0x00,0x00,0x00,0x00,0x00,0x00,0x00,0x00,0x00,0x00,0x1E,0xF8,0x00,0x00,0x00,0x0D,
  0x00,0x00,0x00,0x09,0x00,0x00,0x00,0x09,0x00,0x00,0x00,0x0D,0x00,0x00,0x00,0x00,
  0x00,0x00,0x00,0x00,0x00,0x00,0x1E,0xF4,0x00,0x00,0x00,0x0C,0x00,0x00,0x00,0x09,
  0x00,0x00,0x00,0x09,0x00,0x00,0x00,0x0A,0x00,0x00,0x00,0x00,0x00,0x00,0x00,0x00,
  0x00,0x00,0x01,0x10,0x00,0x00,0x00,0x0A,0x00,0x00,0x00,0x0A,0x00,0x00,0x00,0x09,
  0x00,0x00,0x00,0x0A,0xFF,0xFF,0xFF,0xFF,0x00,0x00,0x00,0x00,0x00,0x00,0x00,0xE0,
  0x00,0x00,0x00,0x0A,0x00,0x00,0x00,0x07,0x00,0x00,0x00,0x07,0x00,0x00,0x00,0x0A,
  0x00,0x00,0x00,0x00,0x00,0x00,0x00,0x00,0x00,0x00,0x00,0xE1,0x00,0x00,0x00,0x0A,
  0x00,0x00,0x00,0x07,0x00,0x00,0x00,0x07,0x00,0x00,0x00,0x0A,0x00,0x00,0x00,0x00,
  0x00,0x00,0x00,0x00,0x00,0x00,0x1E,0xA3,0x00,0x00,0x00,0x0A,0x00,0x00,0x00,0x07,
  0x00,0x00,0x00,0x07,0x00,0x00,0x00,0x0A,0x00,0x00,0x00,0x00,0x00,0x00,0x00,0x00,
  0x00,0x00,0x00,0xE3,0x00,0x00,0x00,0x0A,0x00,0x00,0x00,0x07,0x00,0x00,0x00,0x07,
  0x00,0x00,0x00,0x0A,0x00,0x00,0x00,0x00,0x00,0x00,0x00,0x00,0x00,0x00,0x1E,0xA1,
  0x00,0x00,0x00,0x09,0x00,0x00,0x00,0x07,0x00,0x00,0x00,0x07,0x00,0x00,0x00,0x07,
  0x00,0x00,0x00,0x00,0x00,0x00,0x00,0x00,0x00,0x00,0x01,0x03,0x00,0x00,0x00,0x0A,
  0x00,0x00,0x00,0x07,0x00,0x00,0x00,0x07,0x00,0x00,0x00,0x0A,0x00,0x00,0x00,0x00,
  0x00,0x00,0x00,0x00,0x00,0x00,0x1E,0xB1,0x00,0x00,0x00,0x0D,0x00,0x00,0x00,0x07,
  0x00,0x00,0x00,0x07,0x00,0x00,0x00,0x0D,0x00,0x00,0x00,0x00,0x00,0x00,0x00,0x00,
  0x00,0x00,0x1E,0xAF,0x00,0x00,0x00,0x0D,0x00,0x00,0x00,0x07,0x00,0x00,0x00,0x07,
  0x00,0x00,0x00,0x0D,0x00,0x00,0x00,0x00,0x00,0x00,0x00,0x00,0x00,0x00,0x1E,0xB3,
  0x00,0x00,0x00,0x0E,0x00,0x00,0x00,0x07,0x00,0x00,0x00,0x07,0x00,0x00,0x00,0x0E,
  0x00,0x00,0x00,0x00,0x00,0x00,0x00,0x00,0x00,0x00,0x1E,0xB5,0x00,0x00,0x00,0x0C,
  0x00,0x00,0x00,0x07,0x00,0x00,0x00,0x07,0x00,0x00,0x00,0x0C,0x00,0x00,0x00,0x00,
  0x00,0x00,0x00,0x00,0x00,0x00,0x1E,0xB7,0x00,0x00,0x00,0x0C,0x00,0x00,0x00,0x07,
  0x00,0x00,0x00,0x07,0x00,0x00,0x00,0x0A,0x00,0x00,0x00,0x00,0x00,0x00,0x00,0x00,
  0x00,0x00,0x00,0xE2,0x00,0x00,0x00,0x0A,0x00,0x00,0x00,0x07,0x00,0x00,0x00,0x07,
  0x00,0x00,0x00,0x0A,0x00,0x00,0x00,0x00,0x00,0x00,0x00,0x00,0x00,0x00,0x1E,0xA7,
  0x00,0x00,0x00,0x0D,0x00,0x00,0x00,0x07,0x00,0x00,0x00,0x07,0x00,0x00,0x00,0x0D,
  0x00,0x00,0x00,0x00,0x00,0x00,0x00,0x00,0x00,0x00,0x1E,0xA5,0x00,0x00,0x00,0x0D,
  0x00,0x00,0x00,0x07,0x00,0x00,0x00,0x07,0x00,0x00,0x00,0x0D,0x00,0x00,0x00,0x00,
  0x00,0x00,0x00,0x00,0x00,0x00,0x1E,0xA9,0x00,0x00,0x00,0x0E,0x00,0x00,0x00,0x07,
  0x00,0x00,0x00,0x07,0x00,0x00,0x00,0x0E,0x00,0x00,0x00,0x00,0x00,0x00,0x00,0x00,
  0x00,0x00,0x1E,0xAB,0x00,0x00,0x00,0x0C,0x00,0x00,0x00,0x07,0x00,0x00,0x00,0x07,
  0x00,0x00,0x00,0x0C,0x00,0x00,0x00,0x00,0x00,0x00,0x00,0x00,0x00,0x00,0x1E,0xAD,
  0x00,0x00,0x00,0x0C,0x00,0x00,0x00,0x07,0x00,0x00,0x00,0x07,0x00,0x00,0x00,0x0A,
  0x00,0x00,0x00,0x00,0x00,0x00,0x00,0x00,0x00,0x00,0x00,0xE8,0x00,0x00,0x00,0x0A,
  0x00,0x00,0x00,0x07,0x00,0x00,0x00,0x07,0x00,0x00,0x00,0x0A,0x00,0x00,0x00,0x00,
  0x00,0x00,0x00,0x00,0x00,0x00,0x00,0xE9,0x00,0x00,0x00,0x0A,0x00,0x00,0x00,0x07,
  0x00,0x00,0x00,0x07,0x00,0x00,0x00,0x0A,0x00,0x00,0x00,0x00,0x00,0x00,0x00,0x00,
  0x00,0x00,0x1E,0xBB,0x00,0x00,0x00,0x0A,0x00,0x00,0x00,0x07,0x00,0x00,0x00,0x07,
  0x00,0x00,0x00,0x0A,0x00,0x00,0x00,0x00,0x00,0x00,0x00,0x00,0x00,0x00,0x1E,0xBD,
  0x00,0x00,0x00,0x0A,0x00,0x00,0x00,0x07,0x00,0x00,0x00,0x07,0x00,0x00,0x00,0x0A,
  0x00,0x00,0x00,0x00,0x00,0x00,0x00,0x00,0x00,0x00,0x1E,0xB9,0x00,0x00,0x00,0x09,
  0x00,0x00,0x00,0x07,0x00,0x00,0x00,0x07,0x00,0x00,0x00,0x07,0x00,0x00,0x00,0x00,
  0x00,0x00,0x00,0x00,0x00,0x00,0x00,0xEA,0x00,0x00,0x00,0x0A,0x00,0x00,0x00,0x07,
  0x00,0x00,0x00,0x07,0x00,0x00,0x00,0x0A,0x00,0x00,0x00,0x00,0x00,0x00,0x00,0x00,
  0x00,0x00,0x1E,0xC1,0x00,0x00,0x00,0x0D,0x00,0x00,0x00,0x07,0x00,0x00,0x00,0x07,
  0x00,0x00,0x00,0x0D,0x00,0x00,0x00,0x00,0x00,0x00,0x00,0x00,0x00,0x00,0x1E,0xBF,
  0x00,0x00,0x00,0x0D,0x00,0x00,0x00,0x07,0x00,0x00,0x00,0x07,0x00,0x00,0x00,0x0D,
  0x00,0x00,0x00,0x00,0x00,0x00,0x00,0x00,0x00,0x00,0x1E,0xC3,0x00,0x00,0x00,0x0E,
  0x00,0x00,0x00,0x07,0x00,0x00,0x00,0x07,0x00,0x00,0x00,0x0E,0x00,0x00,0x00,0x00,
  0x00,0x00,0x00,0x00,0x00,0x00,0x1E,0xC5,0x00,0x00,0x00,0x0C,0x00,0x00,0x00,0x07,
  0x00,0x00,0x00,0x07,0x00,0x00,0x00,0x0C,0x00,0x00,0x00,0x00,0x00,0x00,0x00,0x00,
  0x00,0x00,0x1E,0xC7,0x00,0x00,0x00,0x0C,0x00,0x00,0x00,0x07,0x00,0x00,0x00,0x07,
  0x00,0x00,0x00,0x0A,0x00,0x00,0x00,0x00,0x00,0x00,0x00,0x00,0x00,0x00,0x00,0xEC,
  0x00,0x00,0x00,0x0A,0x00,0x00,0x00,0x04,0x00,0x00,0x00,0x04,0x00,0x00,0x00,0x0A,
  0x00,0x00,0x00,0x00,0x00,0x00,0x00,0x00,0x00,0x00,0x00,0xED,0x00,0x00,0x00,0x0A,
  0x00,0x00,0x00,0x04,0x00,0x00,0x00,0x04,0x00,0x00,0x00,0x0A,0x00,0x00,0x00,0x00,
  0x00,0x00,0x00,0x00,0x00,0x00,0x1E,0xC9,0x00,0x00,0x00,0x0A,0x00,0x00,0x00,0x03,
  0x00,0x00,0x00,0x03,0x00,0x00,0x00,0x0A,0x00,0x00,0x00,0x00,0x00,0x00,0x00,0x00,
  0x00,0x00,0x01,0x29,0x00,0x00,0x00,0x0A,0x00,0x00,0x00,0x05,0x00,0x00,0x00,0x04,
  0x00,0x00,0x00,0x0A,0xFF,0xFF,0xFF,0xFF,0x00,0x00,0x00,0x00,0x00,0x00,0x1E,0xCB,
  0x00,0x00,0x00,0x0C,0x00,0x00,0x00,0x03,0x00,0x00,0x00,0x03,0x00,0x00,0x00,0x0A,
  0x00,0x00,0x00,0x00,0x00,0x00,0x00,0x00,0x00,0x00,0x00,0xF2,0x00,0x00,0x00,0x0A,
  0x00,0x00,0x00,0x07,0x00,0x00,0x00,0x07,0x00,0x00,0x00,0x0A,0x00,0x00,0x00,0x00,
  0x00,0x00,0x00,0x00,0x00,0x00,0x00,0xF3,0x00,0x00,0x00,0x0A,0x00,0x00,0x00,0x07,
  0x00,0x00,0x00,0x07,0x00,0x00,0x00,0x0A,0x00,0x00,0x00,0x00,0x00,0x00,0x00,0x00,
  0x00,0x00,0x1E,0xCF,0x00,0x00,0x00,0x0A,0x00,0x00,0x00,0x07,0x00,0x00,0x00,0x07,
  0x00,0x00,0x00,0x0A,0x00,0x00,0x00,0x00,0x00,0x00,0x00,0x00,0x00,0x00,0x00,0xF5,
  0x00,0x00,0x00,0x0A,0x00,0x00,0x00,0x07,0x00,0x00,0x00,0x07,0x00,0x00,0x00,0x0A,
  0x00,0x00,0x00,0x00,0x00,0x00,0x00,0x00,0x00,0x00,0x1E,0xCD,0x00,0x00,0x00,0x09,
  0x00,0x00,0x00,0x07,0x00,0x00,0x00,0x07,0x00,0x00,0x00,0x07,0x00,0x00,0x00,0x00,
  0x00,0x00,0x00,0x00,0x00,0x00,0x00,0xF4,0x00,0x00,0x00,0x0A,0x00,0x00,0x00,0x07,
  0x00,0x00,0x00,0x07,0x00,0x00,0x00,0x0A,0x00,0x00,0x00,0x00,0x00,0x00,0x00,0x00,
  0x00,0x00,0x1E,0xD3,0x00,0x00,0x00,0x0D,0x00,0x00,0x00,0x07,0x00,0x00,0x00,0x07,
  0x00,0x00,0x00,0x0D,0x00,0x00,0x00,0x00,0x00,0x00,0x00,0x00,0x00,0x00,0x1E,0xD1,
  0x00,0x00,0x00,0x0D,0x00,0x00,0x00,0x07,0x00,0x00,0x00,0x07,0x00,0x00,0x00,0x0D,
  0x00,0x00,0x00,0x00,0x00,0x00,0x00,0x00,0x00,0x00,0x1E,0xD5,0x00,0x00,0x00,0x0E,
  0x00,0x00,0x00,0x07,0x00,0x00,0x00,0x07,0x00,0x00,0x00,0x0E,0x00,0x00,0x00,0x00,
  0x00,0x00,0x00,0x00,0x00,0x00,0x1E,0xD7,0x00,0x00,0x00,0x0C,0x00,0x00,0x00,0x07,
  0x00,0x00,0x00,0x07,0x00,0x00,0x00,0x0C,0x00,0x00,0x00,0x00,0x00,0x00,0x00,0x00,
  0x00,0x00,0x1E,0xD9,0x00,0x00,0x00,0x0C,0x00,0x00,0x00,0x07,0x00,0x00,0x00,0x07,
  0x00,0x00,0x00,0x0A,0x00,0x00,0x00,0x00,0x00,0x00,0x00,0x00,0x00,0x00,0x01,0xA1,
  0x00,0x00,0x00,0x07,0x00,0x00,0x00,0x09,0x00,0x00,0x00,0x09,0x00,0x00,0x00,0x07,
  0x00,0x00,0x00,0x00,0x00,0x00,0x00,0x00,0x00,0x00,0x1E,0xDD,0x00,0x00,0x00,0x0A,
  0x00,0x00,0x00,0x09,0x00,0x00,0x00,0x09,0x00,0x00,0x00,0x0A,0x00,0x00,0x00,0x00,
  0x00,0x00,0x00,0x00,0x00,0x00,0x1E,0xDB,0x00,0x00,0x00,0x0A,0x00,0x00,0x00,0x09,
  0x00,0x00,0x00,0x09,0x00,0x00,0x00,0x0A,0x00,0x00,0x00,0x00,0x00,0x00,0x00,0x00,
  0x00,0x00,0x1E,0xDF,0x00,0x00,0x00,0x0A,0x00,0x00,0x00,0x09,0x00,0x00,0x00,0x09,
  0x00,0x00,0x00,0x0A,0x00,0x00,0x00,0x00,0x00,0x00,0x00,0x00,0x00,0x00,0x1E,0xE1,
  0x00,0x00,0x00,0x0A,0x00,0x00,0x00,0x09,0x00,0x00,0x00,0x09,0x00,0x00,0x00,0x0A,
  0x00,0x00,0x00,0x00,0x00,0x00,0x00,0x00,0x00,0x00,0x1E,0xE3,0x00,0x00,0x00,0x09,
  0x00,0x00,0x00,0x09,0x00,0x00,0x00,0x09,0x00,0x00,0x00,0x07,0x00,0x00,0x00,0x00,
  0x00,0x00,0x00,0x00,0x00,0x00,0x00,0xF9,0x00,0x00,0x00,0x0A,0x00,0x00,0x00,0x07,
  0x00,0x00,0x00,0x07,0x00,0x00,0x00,0x0A,0x00,0x00,0x00,0x00,0x00,0x00,0x00,0x00,
  0x00,0x00,0x00,0xFA,0x00,0x00,0x00,0x0A,0x00,0x00,0x00,0x07,0x00,0x00,0x00,0x07,
  0x00,0x00,0x00,0x0A,0x00,0x00,0x00,0x00,0x00,0x00,0x00,0x00,0x00,0x00,0x1E,0xE7,
  0x00,0x00,0x00,0x0A,0x00,0x00,0x00,0x07,0x00,0x00,0x00,0x07,0x00,0x00,0x00,0x0A,
  0x00,0x00,0x00,0x00,0x00,0x00,0x00,0x00,0x00,0x00,0x01,0x69,0x00,0x00,0x00,0x0A,
  0x00,0x00,0x00,0x07,0x00,0x00,0x00,0x07,0x00,0x00,0x00,0x0A,0x00,0x00,0x00,0x00,
  0x00,0x00,0x00,0x00,0x00,0x00,0x1E,0xE5,0x00,0x00,0x00,0x09,0x00,0x00,0x00,0x07,
  0x00,0x00,0x00,0x07,0x00,0x00,0x00,0x07,0x00,0x00,0x00,0x00,0x00,0x00,0x00,0x00,
  0x00,0x00,0x01,0xB0,0x00,0x00,0x00,0x07,0x00,0x00,0x00,0x09,0x00,0x00,0x00,0x09,
  0x00,0x00,0x00,0x07,0x00,0x00,0x00,0x00,0x00,0x00,0x00,0x00,0x00,0x00,0x1E,0xEB,
  0x00,0x00,0x00,0x0A,0x00,0x00,0x00,0x09,0x00,0x00,0x00,0x09,0x00,0x00,0x00,0x0A,
  0x00,0x00,0x00,0x00,0x00,0x00,0x00,0x00,0x00,0x00,0x1E,0xE9,0x00,0x00,0x00,0x0A,
  0x00,0x00,0x00,0x09,0x00,0x00,0x00,0x09,0x00,0x00,0x00,0x0A,0x00,0x00,0x00,0x00,
  0x00,0x00,0x00,0x00,0x00,0x00,0x1E,0xED,0x00,0x00,0x00,0x0A,0x00,0x00,0x00,0x09,
  0x00,0x00,0x00,0x09,0x00,0x00,0x00,0x0A,0x00,0x00,0x00,0x00,0x00,0x00,0x00,0x00,
  0x00,0x00,0x1E,0xEF,0x00,0x00,0x00,0x0A,0x00,0x00,0x00,0x09,0x00,0x00,0x00,0x09,
  0x00,0x00,0x00,0x0A,0x00,0x00,0x00,0x00,0x00,0x00,0x00,0x00,0x00,0x00,0x1E,0xF1,
  0x00,0x00,0x00,0x09,0x00,0x00,0x00,0x09,0x00,0x00,0x00,0x09,0x00,0x00,0x00,0x07,
  0x00,0x00,0x00,0x00,0x00,0x00,0x00,0x00,0x00,0x00,0x1E,0xF3,0x00,0x00,0x00,0x0D,
  0x00,0x00,0x00,0x07,0x00,0x00,0x00,0x07,0x00,0x00,0x00,0x0A,0x00,0x00,0x00,0x00,
  0x00,0x00,0x00,0x00,0x00,0x00,0x00,0xFD,0x00,0x00,0x00,0x0D,0x00,0x00,0x00,0x07,
  0x00,0x00,0x00,0x07,0x00,0x00,0x00,0x0A,0x00,0x00,0x00,0x00,0x00,0x00,0x00,0x00,
  0x00,0x00,0x1E,0xF7,0x00,0x00,0x00,0x0D,0x00,0x00,0x00,0x07,0x00,0x00,0x00,0x07,
  0x00,0x00,0x00,0x0A,0x00,0x00,0x00,0x00,0x00,0x00,0x00,0x00,0x00,0x00,0x1E,0xF9,
  0x00,0x00,0x00,0x0D,0x00,0x00,0x00,0x07,0x00,0x00,0x00,0x07,0x00,0x00,0x00,0x0A,
  0x00,0x00,0x00,0x00,0x00,0x00,0x00,0x00,0x00,0x00,0x1E,0xF5,0x00,0x00,0x00,0x0A,
  0x00,0x00,0x00,0x07,0x00,0x00,0x00,0x07,0x00,0x00,0x00,0x07,0x00,0x00,0x00,0x00,
  0x00,0x00,0x00,0x00,0x00,0x00,0x01,0x11,0x00,0x00,0x00,0x0A,0x00,0x00,0x00,0x08,
  0x00,0x00,0x00,0x07,0x00,0x00,0x00,0x0A,0x00,0x00,0x00,0x00,0x00,0x00,0x00,0x00,
  0x00,0xE0,0x88,0x00,0x00,0xE0,0x88,0x00,0x00,0xDD,0x84,0x00,0x00,0xCF,0x76,0x00,
  0x00,0xBF,0x67,0x00,0x00,0xAF,0x58,0x00,0x00,0xA0,0x49,0x00,0x00,0x90,0x3B,0x00,
  0x00,0x00,0x00,0x00,0x00,0xD4,0x7C,0x00,0x68,0xE4,0x4C,0xFF,0x00,0x5E,0xDB,0x42,
  0xF7,0x00,0x2E,0xB2,0x15,0xCB,0x00,0x00,0x00,0x00,0x00,0x00,0x00,0x00,0x00,0x00,
  0x00,0x00,0x00,0x00,0x00,0x00,0x00,0x00,0x00,0x00,0x00,0x00,0x00,0x00,0x00,0x00,
  0x00,0x00,0x00,0x00,0x00,0x00,0x00,0x00,0x00,0x00,0x00,0x00,0x7D,0x76,0x00,0x89,
  0x6A,0x00,0x00,0x00,0xAE,0x45,0x00,0xBA,0x39,0x00,0x00,0x00,0xDF,0x14,0x00,0xE8,
  0x0B,0x00,0xDC,0xFF,0xFF,0xFF,0xFF,0xFF,0xFF,0x10,0x00,0x46,0xAE,0x00,0x52,0xA2,
  0x00,0x00,0x00,0x77,0x7C,0x00,0x83,0x70,0x00,0x00,0xDC,0xFF,0xFF,0xFF,0xFF,0xFF,
  0xFF,0x10,0x00,0xDA,0x1A,0x00,0xE4,0x0F,0x00,0x00,0x0D,0xE5,0x00,0x18,0xDB,0x00,
  0x00,0x00,0x3F,0xB5,0x00,0x4B,0xA9,0x00,0x00,0x00,0x00,0x4A,0xD4,0xFE,0xE1,0x67,
  0x00,0x18,0xF4,0x5B,0xAE,0x3E,0xF6,0x34,0x4C,0xD7,0x00,0xAC,0x00,0x00,0x00,0x2E,
  0xF2,0x17,0xAC,0x00,0x00,0x00,0x00,0x70,0xE8,0xE7,0x7A,0x18,0x00,0x00,0x00,0x16,
  0xC6,0x99,0xEA,0x1E,0x00,0x00,0x00,0xAC,0x00,0xA7,0x83,0x73,0xBB,0x00,0xAC,0x00,
  0xA0,0x8D,0x22,0xF6,0x57,0xAE,0x41,0xF3,0x3E,0x00,0x4E,0xD4,0xFE,0xDD,0x61,0x00,
  0x00,0x00,0x00,0xAC,0x00,0x00,0x00,0x00,0x78,0xEF,0xC5,0x19,0x00,0x00,0x6A,0x82,
  0x00,0x00,0x00,0x18,0xE9,0x19,0x88,0x8F,0x00,0x07,0xD3,0x10,0x00,0x00,0x00,0x37,
  0xC6,0x00,0x4A,0xB3,0x00,0x6E,0x7E,0x00,0x00,0x00,0x00,0x17,0xE8,0x19,0x86,0x8F,
  0x09,0xD5,0x0E,0x00,0x00,0x00,0x00,0x00,0x75,0xF0,0xC6,0x19,0x73,0x7A,0x00,0x00,
  0x00,0x00,0x00,0x00,0x00,0x00,0x00,0x0B,0xD5,0x0C,0x77,0xEF,0xC9,0x1D,0x00,0x00,
  0x00,0x00,0x00,0x78,0x76,0x16,0xEB,0x1B,0x81,0x97,0x00,0x00,0x00,0x00,0x0D,0xD6,
  0x0B,0x33,0xCA,0x00,0x42,0xBB,0x00,0x00,0x00,0x00,0x7D,0x72,0x00,0x14,0xE9,0x1B,
  0x7F,0x96,0x00,0x00,0x00,0x0F,0xD6,0x09,0x00,0x00,0x72,0xF0,0xC8,0x1B,0x00,0x00,
  0x00,0x57,0xE3,0xE8,0x5B,0x00,0x00,0x00,0x00,0x16,0xF6,0x39,0x47,0xF7,0x0F,0x00,
  0x00,0x00,0x36,0xF3,0x00,0x07,0xFE,0x27,0x00,0x00,0x00,0x09,0xEA,0x53,0x58,0xD2,
  0x02,0x00,0x00,0x00,0x00,0x7A,0xED,0xCB,0x1F,0x00,0x00,0x00,0x00,0x7F,0xE3,0xAC,
  0xDC,0x10,0x1D,0x14,0x00,0x3A,0xF5,0x1F,0x03,0xBC,0xB2,0xB7,0x91,0x00,0x63,0xDB,
  0x00,0x00,0x13,0xDF,0xFD,0x26,0x00,0x22,0xF8,0x68,0x0A,0x49,0xE9,0xF3,0x9C,0x03,
  0x00,0x42,0xCD,0xF7,0xD6,0x57,0x2D,0xC9,0x1F,0x6C,0xE0,0x64,0xD7,0x3B,0xA9,0x00,
  0x00,0x00,0x00,0x00,0x00,0x00,0x00,0x00,0x00,0x00,0x00,0x00,0x00,0x00,0x00,0x43,
  0x97,0x00,0x04,0xD3,0x1C,0x00,0x58,0xB0,0x00,0x00,0xBE,0x60,0x00,0x07,0xF8,0x25,
  0x00,0x25,0xFF,0x05,0x00,0x33,0xFB,0x00,0x00,0x21,0xFF,0x0A,0x00,0x06,0xF6,0x2A,
  0x00,0x00,0xB7,0x63,0x00,0x00,0x59,0xB6,0x00,0x00,0x04,0xD8,0x1E,0x00,0x00,0x46,
  0x9A,0x0B,0xC8,0x09,0x00,0x00,0x70,0x83,0x00,0x00,0x10,0xEB,0x0B,0x00,0x00,0xBD,
  0x61,0x00,0x00,0x82,0xA2,0x00,0x00,0x5F,0xC8,0x00,0x00,0x54,0xD6,0x00,0x00,0x63,
  0xC4,0x00,0x00,0x84,0xA0,0x00,0x00,0xBD,0x5A,0x00,0x15,0xEB,0x0D,0x00,0x76,0x85,
  0x00,0x0B,0xCB,0x0B,0x00,0x00,0x00,0xDB,0x00,0x00,0x69,0xA2,0xD0,0x9C,0x6C,0x0A,
  0x79,0xF2,0x79,0x0A,0x02,0xB4,0x29,0xB6,0x02,0x00,0x00,0x00,0x00,0x00,0x00,0x00,
  0x00,0x00,0x00,0x00,0x00,0x00,0x00,0x00,0x00,0x00,0x00,0x00,0x00,0x00,0x00,0x00,
  0x00,0x00,0x00,0x00,0x00,0x00,0x00,0x00,0x00,0x00,0xC0,0x54,0x00,0x00,0x00,0x00,
  0x00,0x00,0xC0,0x54,0x00,0x00,0x00,0x00,0x00,0x00,0xC0,0x54,0x00,0x00,0x00,0x48,
  0xFF,0xFF,0xFF,0xFF,0xFF,0xE0,0x00,0x00,0x00,0x00,0xC0,0x54,0x00,0x00,0x00,0x00,
  0x00,0x00,0xC0,0x54,0x00,0x00,0x00,0x00,0x00,0x00,0xC0,0x54,0x00,0x00,0x00,0x00,
  0x00,0x00,0x00,0x00,0x00,0x00,0x00,0x00,0xD8,0x74,0x00,0x00,0x6B,0x64,0x00,0x00,
  0xA3,0x15,0x00,0x98,0xFF,0xFF,0xEC,0x00,0x00,0x00,0x00,0x00,0x00,0x00,0x00,0x00,
  0x00,0x00,0x00,0x00,0xD0,0x7C,0x00,0x00,0x00,0x6F,0x79,0x00,0x00,0xB4,0x34,0x00,
  0x05,0xE1,0x02,0x00,0x3E,0xAA,0x00,0x00,0x84,0x65,0x00,0x00,0xC9,0x21,0x00,0x11,
  0xD9,0x00,0x00,0x53,0x97,0x00,0x00,0x98,0x52,0x00,0x00,0xDA,0x11,0x00,0x00,0x00,
  0x20,0xBE,0xF6,0xD0,0x35,0x00,0x00,0xC8,0x8D,0x11,0x71,0xE6,0x09,0x2D,0xF6,0x08,
  0x00,0x00,0xD4,0x53,0x5C,0xCD,0x00,0x00,0x00,0xA4,0x84,0x6D,0xBC,0x00,0x00,0x00,
  0x94,0x96,0x6F,0xBB,0x00,0x00,0x00,0x95,0x94,0x5C,0xCB,0x00,0x00,0x00,0xA4,0x82,
  0x2C,0xF3,0x06,0x00,0x00,0xD4,0x52,0x00,0xCC,0x91,0x11,0x71,0xE7,0x08,0x00,0x23,
  0xC3,0xF8,0xCE,0x35,0x00,0x00,0x00,0x00,0x39,0xD5,0x00,0x00,0x00,0x00,0x43,0xEA,
  0xD8,0x00,0x00,0x00,0x67,0xF6,0xA7,0xD8,0x00,0x00,0x00,0x4F,0x22,0x4C,0xD8,0x00,
  0x00,0x00,0x00,0x00,0x4C,0xD8,0x00,0x00,0x00,0x00,0x00,0x4C,0xD8,0x00,0x00,0x00,
  0x00,0x00,0x4C,0xD8,0x00,0x00,0x00,0x00,0x00,0x4C,0xD8,0x00,0x00,0x00,0x00,0x00,
  0x4C,0xD8,0x00,0x00,0x00,0x00,0x00,0x4C,0xD8,0x00,0x00,0x00,0x66,0xD9,0xF7,0xD7,
  0x56,0x00,0x37,0xEE,0x36,0x07,0x4C,0xF7,0x30,0x00,0x00,0x00,0x00,0x00,0xB4,0x78,
  0x00,0x00,0x00,0x00,0x00,0xC9,0x65,0x00,0x00,0x00,0x00,0x47,0xF2,0x17,0x00,0x00,
  0x00,0x28,0xE9,0x52,0x00,0x00,0x00,0x24,0xE1,0x5A,0x00,0x00,0x00,0x25,0xDE,0x50,
  0x00,0x00,0x00,0x14,0xE1,0x59,0x00,0x00,0x00,0x00,0x7E,0xFF,0xFF,0xFF,0xFF,0xFF,
  0x8C,0x00,0x53,0xD6,0xF8,0xCB,0x36,0x00,0x25,0xF1,0x42,0x0C,0x71,0xE9,0x07,0x00,
  0x00,0x00,0x00,0x09,0xFF,0x26,0x00,0x00,0x00,0x0B,0x82,0xD4,0x04,0x00,0x00,0x23,
  0xEA,0xFD,0x69,0x00,0x00,0x00,0x00,0x00,0x2E,0xF2,0x4B,0x00,0x00,0x00,0x00,0x00,
  0xA4,0x97,0x00,0x00,0x00,0x00,0x00,0xB5,0x84,0x44,0xEA,0x3D,0x0D,0x5D,0xF6,0x28,
  0x00,0x68,0xDA,0xF6,0xCC,0x41,0x00,0x00,0x00,0x00,0x08,0xDD,0x58,0x00,0x00,0x00,
  0x00,0x80,0xFF,0x58,0x00,0x00,0x00,0x23,0xE3,0xDC,0x58,0x00,0x00,0x00,0xB5,0x64,
  0xCC,0x58,0x00,0x00,0x51,0xC8,0x01,0xCC,0x58,0x00,0x0A,0xDE,0x32,0x00,0xCC,0x58,
  0x00,0x87,0x95,0x00,0x00,0xCC,0x58,0x00,0xD4,0xFF,0xFF,0xFF,0xFF,0xFF,0x9C,0x00,
  0x00,0x00,0x00,0xCC,0x58,0x00,0x00,0x00,0x00,0x00,0xCC,0x58,0x00,0x00,0x70,0xFF,
  0xFF,0xFF,0xFF,0x44,0x00,0x96,0x7D,0x00,0x00,0x00,0x00,0x00,0xBC,0x5A,0x00,0x00,
  0x00,0x00,0x00,0xE2,0x36,0x00,0x00,0x00,0x00,0x09,0xFE,0xB3,0xF1,0xE0,0x6D,0x00,
  0x2D,0xFB,0x5B,0x09,0x43,0xF1,0x53,0x00,0x00,0x00,0x00,0x00,0x93,0xA1,0x00,0x00,
  0x00,0x00,0x00,0x9C,0x98,0x45,0xEE,0x41,0x0C,0x4D,0xF6,0x38,0x00,0x6A,0xDA,0xF9,
  0xD9,0x56,0x00,0x00,0x14,0xAD,0xF6,0xE7,0x7C,0x00,0x00,0xBB,0xB7,0x12,0x2C,0xEB,
  0x4A,0x29,0xFC,0x1E,0x00,0x00,0x00,0x00,0x61,0xCE,0x00,0x00,0x00,0x00,0x00,0x7B,
  0xB1,0x93,0xF1,0xE1,0x67,0x00,0x80,0xFA,0x76,0x0D,0x41,0xF3,0x43,0x70,0xDF,0x00,
  0x00,0x00,0x9B,0x90,0x3F,0xEE,0x01,0x00,0x00,0xA0,0x90,0x03,0xD4,0x8D,0x0C,0x44,
  0xF4,0x3A,0x00,0x1F,0xB9,0xF8,0xDF,0x5F,0x00,0x64,0xFF,0xFF,0xFF,0xFF,0xFF,0xA0,
  0x00,0x00,0x00,0x00,0x31,0xF0,0x2B,0x00,0x00,0x00,0x01,0xCE,0x78,0x00,0x00,0x00,
  0x00,0x59,0xE3,0x08,0x00,0x00,0x00,0x00,0xCB,0x77,0x00,0x00,0x00,0x00,0x2F,0xFB,
  0x13,0x00,0x00,0x00,0x00,0x7E,0xBC,0x00,0x00,0x00,0x00,0x00,0xBE,0x7A,0x00,0x00,
  0x00,0x00,0x00,0xED,0x52,0x00,0x00,0x00,0x00,0x09,0xFF,0x2B,0x00,0x00,0x00,0x00,
  0x2D,0xC4,0xF4,0xD1,0x41,0x00,0x00,0xD8,0x84,0x0C,0x60,0xF0,0x11,0x0E,0xFF,0x1B,
  0x00,0x00,0xF0,0x3C,0x00,0xD0,0x83,0x0B,0x59,0xEE,0x12,0x00,0x3C,0xF4,0xFF,0xFE,
  0x5E,0x00,0x1B,0xF0,0x68,0x0C,0x4C,0xF1,0x35,0x68,0xCB,0x00,0x00,0x00,0x9D,0x95,
  0x60,0xD2,0x00,0x00,0x00,0x9B,0x90,0x18,0xEF,0x72,0x0A,0x46,0xF3,0x3A,0x00,0x39,
  0xC8,0xF4,0xD6,0x56,0x00,0x00,0x3C,0xCB,0xF5,0xC5,0x2F,0x00,0x18,0xF0,0x78,0x0E,
  0x51,0xE7,0x10,0x5D,0xD5,0x00,0x00,0x00,0xB3,0x65,0x60,0xCA,0x00,0x00,0x00,0xB0,
  0x93,0x1E,0xF5,0x63,0x0B,0x4A,0xF3,0xA3,0x00,0x48,0xD6,0xF6,0xA7,0x94,0x9C,0x00,
  0x00,0x00,0x00,0x00,0xAA,0x86,0x00,0x00,0x00,0x00,0x05,0xE9,0x4E,0x1F,0xF3,0x3D,
  0x0C,0x98,0xDB,0x04,0x00,0x5F,0xDF,0xF5,0xBB,0x23,0x00,0x00,0xD4,0x78,0x00,0x00,
  0x00,0x00,0x00,0x00,0x00,0x00,0x00,0x00,0x00,0x00,0x00,0x00,0x00,0x00,0x00,0x00,
  0x00,0x00,0x00,0x00,0xD4,0x78,0x00,0x00,0xD8,0x74,0x00,0x00,0x00,0x00,0x00,0x00,
  0x00,0x00,0x00,0x00,0x00,0x00,0x00,0x00,0x00,0x00,0x00,0x00,0x00,0x00,0x00,0x00,
  0xD8,0x74,0x00,0x00,0x6B,0x64,0x00,0x00,0xA3,0x15,0x00,0x00,0x00,0x00,0x00,0x01,
  0x54,0xB0,0x00,0x00,0x00,0x03,0x5A,0xD5,0xB4,0x32,0x00,0x04,0x61,0xDA,0xBA,0x37,
  0x00,0x00,0x00,0x48,0xFF,0x78,0x00,0x00,0x00,0x00,0x00,0x05,0x62,0xDA,0xB9,0x37,
  0x00,0x00,0x00,0x00,0x00,0x03,0x5B,0xD5,0xB3,0x31,0x00,0x00,0x00,0x00,0x00,0x02,
  0x55,0xB0,0x00,0x00,0x00,0x00,0x00,0x00,0x00,0x00,0x00,0x48,0xFF,0xFF,0xFF,0xFF,
  0xFF,0xE0,0x00,0x00,0x00,0x00,0x00,0x00,0x00,0x00,0x00,0x00,0x00,0x00,0x00,0x00,
  0x00,0x00,0x00,0x48,0xFF,0xFF,0xFF,0xFF,0xFF,0xE0,0x00,0x00,0x00,0x00,0x00,0x00,
  0x00,0x00,0x00,0x00,0x00,0x00,0x00,0x00,0x00,0x00,0x00,0x00,0x00,0x00,0x00,0x00,
  0x00,0x00,0x00,0x42,0x9E,0x24,0x00,0x00,0x00,0x00,0x00,0x05,0x67,0xDF,0xA4,0x29,
  0x00,0x00,0x00,0x00,0x00,0x07,0x6D,0xE4,0xAB,0x2F,0x00,0x00,0x00,0x00,0x00,0x13,
  0xD1,0xE0,0x00,0x00,0x00,0x07,0x6C,0xE4,0xAC,0x2F,0x00,0x05,0x66,0xDF,0xA5,0x2A,
  0x00,0x00,0x00,0x43,0x9F,0x25,0x00,0x00,0x00,0x00,0x00,0x00,0x00,0x00,0x00,0x00,
  0x00,0x00,0x00,0x00,0x32,0xC5,0xF4,0xD7,0x57,0x00,0x0C,0xE5,0x7A,0x0C,0x4F,0xF7,
  0x38,0x4D,0xE2,0x00,0x00,0x00,0xAA,0x84,0x00,0x00,0x00,0x00,0x01,0xCD,0x72,0x00,
  0x00,0x00,0x00,0x8C,0xDF,0x0F,0x00,0x00,0x00,0x60,0xEB,0x28,0x00,0x00,0x00,0x00,
  0xD5,0x59,0x00,0x00,0x00,0x00,0x00,0xFB,0x1F,0x00,0x00,0x00,0x00,0x00,0x00,0x00,
  0x00,0x00,0x00,0x00,0x14,0xFF,0x3C,0x00,0x00,0x00,0x00,0x00,0x0E,0x77,0xCC,0xEE,
  0xF1,0xCA,0x6F,0x05,0x00,0x00,0x00,0x00,0x24,0xDF,0xA3,0x3B,0x0F,0x11,0x47,0xBD,
  0xC8,0x0F,0x00,0x00,0x09,0xDD,0x59,0x00,0x00,0x00,0x00,0x00,0x01,0x96,0xA5,0x00,
  0x00,0x7D,0x8E,0x00,0x2B,0xC2,0xF5,0xA3,0x92,0x95,0x06,0xE5,0x1E,0x00,0xDE,0x18,
  0x14,0xE9,0x6D,0x0F,0x8A,0xFB,0x61,0x00,0x9D,0x56,0x25,0xCB,0x00,0x86,0xBB,0x00,
  0x00,0x15,0xFF,0x2D,0x00,0x8C,0x64,0x41,0xAD,0x00,0xCC,0x69,0x00,0x00,0x28,0xF5,
  0x03,0x00,0xB9,0x3D,0x3F,0xB7,0x00,0xD5,0x58,0x00,0x00,0x7D,0xC4,0x00,0x2C,0xD7,
  0x03,0x1B,0xE0,0x00,0x93,0xBD,0x12,0x54,0xF4,0xA8,0x2F,0xD8,0x3E,0x00,0x00,0xCD,
  0x44,0x11,0xB9,0xF6,0xA2,0x6D,0xF5,0xD0,0x41,0x00,0x00,0x00,0x4A,0xE2,0x1F,0x00,
  0x00,0x00,0x00,0x00,0x00,0x13,0xD1,0x68,0x00,0x00,0x6C,0xED,0x80,0x31,0x0E,0x09,
  0x25,0x71,0xE6,0x7F,0x00,0x00,0x00,0x00,0x2A,0x96,0xD7,0xF5,0xF8,0xE0,0xA1,0x34,
  0x00,0x00,0x00,0x00,0x00,0x00,0x9E,0xFA,0x15,0x00,0x00,0x00,0x00,0x00,0x00,0x08,
  0xF1,0xCA,0x72,0x00,0x00,0x00,0x00,0x00,0x00,0x55,0xEA,0x6D,0xD3,0x00,0x00,0x00,
  0x00,0x00,0x00,0xB1,0x9F,0x25,0xFF,0x35,0x00,0x00,0x00,0x00,0x12,0xF9,0x3F,0x00,
  0xC4,0x96,0x00,0x00,0x00,0x00,0x68,0xDC,0x01,0x00,0x5F,0xEF,0x08,0x00,0x00,0x00,
  0xC4,0xFF,0xFF,0xFF,0xFF,0xFF,0x5A,0x00,0x00,0x20,0xFE,0x23,0x00,0x00,0x00,0x9F,
  0xBB,0x00,0x00,0x7B,0xCB,0x00,0x00,0x00,0x00,0x43,0xFE,0x1F,0x00,0xD6,0x73,0x00,
  0x00,0x00,0x00,0x02,0xE3,0x7F,0x0C,0xFF,0xFF,0xFF,0xFC,0xE2,0x79,0x00,0x00,0x0C,
  0xFF,0x30,0x00,0x05,0x3D,0xF3,0x4D,0x00,0x0C,0xFF,0x30,0x00,0x00,0x00,0xC1,0x7E,
  0x00,0x0C,0xFF,0x30,0x00,0x03,0x3C,0xEC,0x30,0x00,0x0C,0xFF,0xFF,0xFF,0xFF,0xFF,
  0xAA,0x05,0x00,0x0C,0xFF,0x30,0x00,0x03,0x2B,0xD3,0x93,0x00,0x0C,0xFF,0x30,0x00,
  0x00,0x00,0x5F,0xEC,0x00,0x0C,0xFF,0x30,0x00,0x00,0x00,0x64,0xEA,0x00,0x0C,0xFF,
  0x30,0x00,0x00,0x26,0xD3,0x97,0x00,0x0C,0xFF,0xFF,0xFF,0xFE,0xEA,0x92,0x0C,0x00,
  0x00,0x00,0x34,0xB3,0xEE,0xEE,0xB4,0x2C,0x00,0x00,0x43,0xF2,0x6B,0x12,0x13,0x86,
  0xED,0x22,0x00,0xDC,0x75,0x00,0x00,0x00,0x00,0xBC,0x7B,0x30,0xFF,0x18,0x00,0x00,
  0x00,0x00,0x02,0x00,0x51,0xF3,0x00,0x00,0x00,0x00,0x00,0x00,0x00,0x4F,0xF6,0x00,
  0x00,0x00,0x00,0x00,0x00,0x00,0x2A,0xFF,0x1B,0x00,0x00,0x00,0x00,0x36,0x41,0x00,
  0xDA,0x78,0x00,0x00,0x00,0x00,0xBC,0x99,0x00,0x4B,0xF6,0x6C,0x10,0x18,0x8F,0xEB,
  0x21,0x00,0x00,0x47,0xC2,0xF1,0xED,0xB1,0x29,0x00,0x00,0xFF,0xFF,0xFF,0xFC,0xE9,
  0x98,0x0F,0x00,0x00,0xFF,0x3C,0x00,0x05,0x29,0xC2,0xBD,0x00,0x00,0xFF,0x3C,0x00,
  0x00,0x00,0x17,0xF8,0x45,0x00,0xFF,0x3C,0x00,0x00,0x00,0x00,0xBA,0x8D,0x00,0xFF,
  0x3C,0x00,0x00,0x00,0x00,0x9D,0xAA,0x00,0xFF,0x3C,0x00,0x00,0x00,0x00,0x9D,0xA2,
  0x00,0xFF,0x3C,0x00,0x00,0x00,0x00,0xBD,0x82,0x00,0xFF,0x3C,0x00,0x00,0x00,0x15,
  0xF8,0x42,0x00,0xFF,0x3C,0x00,0x04,0x2D,0xC3,0xB4,0x00,0x00,0xFF,0xFF,0xFF,0xFA,
  0xDE,0x8A,0x0A,0x00,0x00,0xF8,0xFF,0xFF,0xFF,0xFF,0xFF,0xC0,0x00,0x00,0xF8,0x44,
  0x00,0x00,0x00,0x00,0x00,0x00,0x00,0xF8,0x44,0x00,0x00,0x00,0x00,0x00,0x00,0x00,
  0xF8,0x44,0x00,0x00,0x00,0x00,0x00,0x00,0x00,0xF8,0xFF,0xFF,0xFF,0xFF,0xFF,0x68,
  0x00,0x00,0xF8,0x44,0x00,0x00,0x00,0x00,0x00,0x00,0x00,0xF8,0x44,0x00,0x00,0x00,
  0x00,0x00,0x00,0x00,0xF8,0x44,0x00,0x00,0x00,0x00,0x00,0x00,0x00,0xF8,0x44,0x00,
  0x00,0x00,0x00,0x00,0x00,0x00,0xF8,0xFF,0xFF,0xFF,0xFF,0xFF,0xF8,0x00,0x00,0xF0,
  0xFF,0xFF,0xFF,0xFF,0xFF,0x58,0x00,0xF0,0x4C,0x00,0x00,0x00,0x00,0x00,0x00,0xF0,
  0x4C,0x00,0x00,0x00,0x00,0x00,0x00,0xF0,0x4C,0x00,0x00,0x00,0x00,0x00,0x00,0xF0,
  0xFF,0xFF,0xFF,0xFF,0xAC,0x00,0x00,0xF0,0x4C,0x00,0x00,0x00,0x00,0x00,0x00,0xF0,
  0x4C,0x00,0x00,0x00,0x00,0x00,0x00,0xF0,0x4C,0x00,0x00,0x00,0x00,0x00,0x00,0xF0,
  0x4C,0x00,0x00,0x00,0x00,0x00,0x00,0xF0,0x4C,0x00,0x00,0x00,0x00,0x00,0x00,0x00,
  0x26,0xA4,0xE7,0xF9,0xD8,0x78,0x03,0x00,0x00,0x2C,0xF0,0x91,0x1D,0x07,0x3D,0xD8,
  0x90,0x00,0x00,0xBF,0x9C,0x00,0x00,0x00,0x00,0x35,0xF4,0x0A,0x1A,0xFE,0x2E,0x00,
  0x00,0x00,0x00,0x00,0x0C,0x00,0x42,0xFE,0x04,0x00,0x00,0x00,0x00,0x00,0x00,0x00,
  0x44,0xFE,0x04,0x00,0x00,0xA4,0xFF,0xFF,0xFF,0x4C,0x1E,0xFF,0x2A,0x00,0x00,0x00,
  0x00,0x00,0xE8,0x4C,0x00,0xC4,0x94,0x00,0x00,0x00,0x00,0x00,0xE8,0x4C,0x00,0x2B,
  0xEC,0x91,0x23,0x07,0x33,0xA9,0xF2,0x2F,0x00,0x00,0x1E,0x9A,0xE3,0xF9,0xDE,0x91,
  0x1C,0x00,0x00,0xF4,0x44,0x00,0x00,0x00,0x00,0xE4,0x58,0x00,0xF4,0x44,0x00,0x00,
  0x00,0x00,0xE4,0x58,0x00,0xF4,0x44,0x00,0x00,0x00,0x00,0xE4,0x58,0x00,0xF4,0x44,
  0x00,0x00,0x00,0x00,0xE4,0x58,0x00,0xF4,0xFF,0xFF,0xFF,0xFF,0xFF,0xFF,0x58,0x00,
  0xF4,0x44,0x00,0x00,0x00,0x00,0xE4,0x58,0x00,0xF4,0x44,0x00,0x00,0x00,0x00,0xE4,
  0x58,0x00,0xF4,0x44,0x00,0x00,0x00,0x00,0xE4,0x58,0x00,0xF4,0x44,0x00,0x00,0x00,
  0x00,0xE4,0x58,0x00,0xF4,0x44,0x00,0x00,0x00,0x00,0xE4,0x58,0x00,0xC8,0x70,0x00,
  0x00,0xC8,0x70,0x00,0x00,0xC8,0x70,0x00,0x00,0xC8,0x70,0x00,0x00,0xC8,0x70,0x00,
  0x00,0xC8,0x70,0x00,0x00,0xC8,0x70,0x00,0x00,0xC8,0x70,0x00,0x00,0xC8,0x70,0x00,
  0x00,0xC8,0x70,0x00,0x00,0x00,0x00,0x00,0xBC,0x7C,0x00,0x00,0x00,0x00,0x00,0xBC,
  0x7C,0x00,0x00,0x00,0x00,0x00,0xBC,0x7C,0x00,0x00,0x00,0x00,0x00,0xBC,0x7C,0x00,
  0x00,0x00,0x00,0x00,0xBC,0x7C,0x00,0x00,0x00,0x00,0x00,0xBC,0x7C,0x00,0x00,0x00,
  0x00,0x00,0xBC,0x7B,0x00,0x83,0x87,0x00,0x00,0xC5,0x6D,0x00,0x64,0xD8,0x19,0x3A,
  0xF6,0x35,0x00,0x05,0x9B,0xEF,0xEA,0x78,0x00,0x00,0x0C,0xFF,0x30,0x00,0x00,0x01,
  0xA2,0xE6,0x1F,0x0C,0xFF,0x30,0x00,0x00,0x89,0xF2,0x31,0x00,0x0C,0xFF,0x30,0x00,
  0x6D,0xFA,0x46,0x00,0x00,0x0C,0xFF,0x30,0x55,0xFD,0x5F,0x00,0x00,0x00,0x0C,0xFF,
  0x70,0xF8,0xC7,0x00,0x00,0x00,0x00,0x0C,0xFF,0xFD,0xA8,0xFA,0x61,0x00,0x00,0x00,
  0x0C,0xFF,0xA2,0x01,0x78,0xF4,0x26,0x00,0x00,0x0C,0xFF,0x30,0x00,0x02,0xC0,0xCD,
  0x06,0x00,0x0C,0xFF,0x30,0x00,0x00,0x1D,0xEF,0x8D,0x00,0x0C,0xFF,0x30,0x00,0x00,
  0x00,0x57,0xFE,0x48,0x0C,0xFF,0x30,0x00,0x00,0x00,0x00,0x0C,0xFF,0x30,0x00,0x00,
  0x00,0x00,0x0C,0xFF,0x30,0x00,0x00,0x00,0x00,0x0C,0xFF,0x30,0x00,0x00,0x00,0x00,
  0x0C,0xFF,0x30,0x00,0x00,0x00,0x00,0x0C,0xFF,0x30,0x00,0x00,0x00,0x00,0x0C,0xFF,
  0x30,0x00,0x00,0x00,0x00,0x0C,0xFF,0x30,0x00,0x00,0x00,0x00,0x0C,0xFF,0x30,0x00,
  0x00,0x00,0x00,0x0C,0xFF,0xFF,0xFF,0xFF,0xFF,0xC4,0x08,0xFF,0xF2,0x08,0x00,0x00,
  0x00,0x08,0xF3,0xD8,0x00,0x08,0xFF,0xDA,0x50,0x00,0x00,0x00,0x54,0xD9,0xD8,0x00,
  0x08,0xFF,0x8E,0xA5,0x00,0x00,0x00,0xAB,0x8C,0xD8,0x00,0x08,0xFF,0x42,0xF1,0x08,
  0x00,0x0C,0xDC,0x59,0xD8,0x00,0x08,0xFF,0x28,0xCD,0x50,0x00,0x5A,0x9A,0x58,0xD8,
  0x00,0x08,0xFF,0x28,0x80,0xA6,0x00,0xB2,0x4D,0x58,0xD8,0x00,0x08,0xFF,0x28,0x34,
  0xF3,0x18,0xF0,0x0A,0x58,0xD8,0x00,0x08,0xFF,0x28,0x01,0xE6,0xB1,0xB3,0x00,0x58,
  0xD8,0x00,0x08,0xFF,0x28,0x00,0x9B,0xFF,0x66,0x00,0x58,0xD8,0x00,0x08,0xFF,0x28,
  0x00,0x4E,0xFF,0x1B,0x00,0x58,0xD8,0x00,0x04,0xFF,0x88,0x00,0x00,0x00,0x00,0xDC,
  0x54,0x04,0xFF,0xE5,0x22,0x00,0x00,0x00,0xDC,0x54,0x04,0xFF,0x6B,0xAE,0x00,0x00,
  0x00,0xDC,0x54,0x04,0xFF,0x2C,0xAC,0x41,0x00,0x00,0xDC,0x54,0x04,0xFF,0x2C,0x21,
  0xC9,0x02,0x00,0xDC,0x54,0x04,0xFF,0x2C,0x00,0x86,0x66,0x00,0xDC,0x54,0x04,0xFF,
  0x2C,0x00,0x0C,0xD0,0x0F,0xDC,0x54,0x04,0xFF,0x2C,0x00,0x00,0x60,0x8C,0xDC,0x54,
  0x04,0xFF,0x2C,0x00,0x00,0x01,0xC5,0xF1,0x54,0x04,0xFF,0x2C,0x00,0x00,0x00,0x3B,
  0xFF,0x54,0x00,0x00,0x34,0xB6,0xF1,0xF1,0xBD,0x42,0x00,0x00,0x00,0x3F,0xF3,0x7F,
  0x1E,0x0F,0x64,0xF2,0x58,0x00,0x01,0xD9,0x77,0x00,0x00,0x00,0x00,0x5D,0xEF,0x0B,
  0x30,0xFF,0x14,0x00,0x00,0x00,0x00,0x04,0xEE,0x54,0x56,0xED,0x00,0x00,0x00,0x00,
  0x00,0x00,0xC7,0x7A,0x55,0xF1,0x00,0x00,0x00,0x00,0x00,0x00,0xCE,0x7A,0x2F,0xFF,
  0x17,0x00,0x00,0x00,0x00,0x03,0xF0,0x55,0x00,0xD3,0x88,0x00,0x00,0x00,0x00,0x63,
  0xF0,0x0C,0x00,0x39,0xF1,0x76,0x12,0x0C,0x5E,0xF0,0x5C,0x00,0x00,0x00,0x2E,0xAF,
  0xED,0xF2,0xBE,0x44,0x00,0x00,0x00,0xFF,0xFF,0xFF,0xFF,0xF3,0xAA,0x1F,0x00,0x00,
  0xFF,0x3C,0x00,0x00,0x11,0xB1,0xC5,0x00,0x00,0xFF,0x3C,0x00,0x00,0x00,0x39,0xFF,
  0x10,0x00,0xFF,0x3C,0x00,0x00,0x00,0x3D,0xFC,0x07,0x00,0xFF,0x3C,0x00,0x01,0x22,
  0xBD,0xB1,0x00,0x00,0xFF,0xFF,0xFF,0xFF,0xEE,0xAB,0x17,0x00,0x00,0xFF,0x3C,0x00,
  0x00,0x00,0x00,0x00,0x00,0x00,0xFF,0x3C,0x00,0x00,0x00,0x00,0x00,0x00,0x00,0xFF,
  0x3C,0x00,0x00,0x00,0x00,0x00,0x00,0x00,0xFF,0x3C,0x00,0x00,0x00,0x00,0x00,0x00,
  0x00,0x00,0x3A,0xB7,0xEF,0xEF,0xB6,0x37,0x00,0x00,0x00,0x49,0xF3,0x74,0x1A,0x12,
  0x71,0xF3,0x48,0x00,0x03,0xE2,0x75,0x00,0x00,0x00,0x00,0x70,0xE2,0x03,0x3D,0xFE,
  0x0A,0x00,0x00,0x00,0x00,0x0C,0xF9,0x3E,0x63,0xE4,0x00,0x00,0x00,0x00,0x00,0x00,
  0xDA,0x65,0x64,0xE4,0x00,0x00,0x00,0x00,0x00,0x00,0xD9,0x6A,0x3D,0xFE,0x0B,0x00,
  0x00,0x00,0x00,0x08,0xF9,0x49,0x03,0xE2,0x78,0x00,0x00,0x8D,0x46,0x6C,0xEC,0x0A,
  0x00,0x45,0xF1,0x6A,0x0F,0x6E,0xF7,0xFA,0x63,0x00,0x00,0x00,0x36,0xB6,0xEF,0xF6,
  0xD3,0xC7,0xE6,0x54,0x00,0x00,0x00,0x00,0x00,0x00,0x00,0x00,0x42,0x33,0x00,0xFC,
  0xFF,0xFF,0xFF,0xF9,0xD8,0x58,0x00,0x00,0x00,0xFC,0x40,0x00,0x00,0x0D,0x77,0xFA,
  0x22,0x00,0x00,0xFC,0x40,0x00,0x00,0x00,0x00,0xE4,0x68,0x00,0x00,0xFC,0x40,0x00,
  0x00,0x00,0x01,0xEE,0x64,0x00,0x00,0xFC,0x40,0x00,0x00,0x0E,0x7A,0xF8,0x1D,0x00,
  0x00,0xFC,0xFF,0xFF,0xFF,0xFF,0xCC,0x42,0x00,0x00,0x00,0xFC,0x40,0x00,0x26,0xD3,
  0x79,0x00,0x00,0x00,0x00,0xFC,0x40,0x00,0x00,0x1D,0xED,0x7A,0x00,0x00,0x00,0xFC,
  0x40,0x00,0x00,0x00,0x57,0xFC,0x38,0x00,0x00,0xFC,0x40,0x00,0x00,0x00,0x00,0xAA,
  0xD8,0x09,0x00,0x16,0xA2,0xEC,0xF7,0xCE,0x54,0x00,0x00,0x00,0xBD,0xA4,0x1B,0x0A,
  0x4E,0xF4,0x41,0x00,0x07,0xFF,0x2C,0x00,0x00,0x00,0x97,0xA2,0x00,0x00,0xE1,0xA9,
  0x22,0x00,0x00,0x00,0x00,0x00,0x00,0x37,0xDC,0xFF,0xD9,0x93,0x31,0x00,0x00,0x00,
  0x00,0x02,0x3D,0x86,0xD3,0xFD,0x61,0x00,0x00,0x00,0x00,0x00,0x00,0x00,0x88,0xE2,
  0x00,0x55,0xE8,0x03,0x00,0x00,0x00,0x3A,0xEC,0x00,0x0A,0xE0,0x9C,0x2C,0x0A,0x29,
  0xB5,0x8C,0x00,0x00,0x1F,0xA6,0xE8,0xFA,0xE0,0x81,0x05,0x00,0xB0,0xFF,0xFF,0xFF,
  0xFF,0xFF,0xFF,0xB0,0x00,0x00,0x00,0xA0,0x9C,0x00,0x00,0x00,0x00,0x00,0x00,0xA0,
  0x9C,0x00,0x00,0x00,0x00,0x00,0x00,0xA0,0x9C,0x00,0x00,0x00,0x00,0x00,0x00,0xA0,
  0x9C,0x00,0x00,0x00,0x00,0x00,0x00,0xA0,0x9C,0x00,0x00,0x00,0x00,0x00,0x00,0xA0,
  0x9C,0x00,0x00,0x00,0x00,0x00,0x00,0xA0,0x9C,0x00,0x00,0x00,0x00,0x00,0x00,0xA0,
  0x9C,0x00,0x00,0x00,0x00,0x00,0x00,0xA0,0x9C,0x00,0x00,0x00,0x00,0xFC,0x40,0x00,
  0x00,0x00,0x00,0xE4,0x58,0x00,0xFC,0x40,0x00,0x00,0x00,0x00,0xE4,0x58,0x00,0xFC,
  0x40,0x00,0x00,0x00,0x00,0xE4,0x58,0x00,0xFC,0x40,0x00,0x00,0x00,0x00,0xE4,0x58,
  0x00,0xFC,0x40,0x00,0x00,0x00,0x00,0xE4,0x58,0x00,0xFB,0x40,0x00,0x00,0x00,0x00,
  0xE4,0x57,0x00,0xEF,0x48,0x00,0x00,0x00,0x00,0xEE,0x4B,0x00,0xCA,0x70,0x00,0x00,
  0x00,0x17,0xFF,0x24,0x00,0x69,0xE6,0x3E,0x07,0x24,0xB1,0xBE,0x00,0x00,0x00,0x70,
  0xD8,0xF8,0xE9,0x9C,0x10,0x00,0xC3,0x90,0x00,0x00,0x00,0x00,0x00,0xDD,0x60,0x67,
  0xE7,0x02,0x00,0x00,0x00,0x3B,0xF6,0x0D,0x11,0xF9,0x43,0x00,0x00,0x00,0x98,0xA6,
  0x00,0x00,0xAF,0x9C,0x00,0x00,0x06,0xEE,0x49,0x00,0x00,0x53,0xEF,0x06,0x00,0x52,
  0xE8,0x03,0x00,0x00,0x07,0xEF,0x4F,0x00,0xAF,0x8E,0x00,0x00,0x00,0x00,0x9B,0xA8,
  0x11,0xF9,0x31,0x00,0x00,0x00,0x00,0x3F,0xF4,0x6B,0xD4,0x00,0x00,0x00,0x00,0x00,
  0x01,0xE1,0xEC,0x77,0x00,0x00,0x00,0x00,0x00,0x00,0x86,0xFD,0x1C,0x00,0x00,0x00,
  0xB9,0x86,0x00,0x00,0x00,0xB5,0xFB,0x0B,0x00,0x00,0x39,0xF7,0x07,0x79,0xBC,0x00,
  0x00,0x03,0xF1,0xE6,0x45,0x00,0x00,0x71,0xBD,0x00,0x3A,0xF0,0x01,0x00,0x36,0xEE,
  0xA5,0x84,0x00,0x00,0xA9,0x7C,0x00,0x05,0xF5,0x27,0x00,0x77,0xAF,0x68,0xC3,0x00,
  0x00,0xE2,0x3B,0x00,0x00,0xBC,0x5C,0x00,0xB7,0x68,0x21,0xF9,0x09,0x19,0xF4,0x05,
  0x00,0x00,0x7D,0x92,0x04,0xF3,0x22,0x00,0xDA,0x42,0x52,0xB8,0x00,0x00,0x00,0x3D,
  0xC7,0x39,0xDB,0x00,0x00,0x94,0x83,0x8B,0x77,0x00,0x00,0x00,0x07,0xEF,0x81,0x94,
  0x00,0x00,0x4D,0xBE,0xC7,0x36,0x00,0x00,0x00,0x00,0xBF,0xE9,0x4D,0x00,0x00,0x0C,
  0xEB,0xEB,0x03,0x00,0x00,0x00,0x00,0x80,0xFA,0x0C,0x00,0x00,0x00,0xBF,0xB4,0x00,
  0x00,0x00,0x34,0xFB,0x3E,0x00,0x00,0x00,0x4F,0xE8,0x14,0x00,0x88,0xCF,0x02,0x00,
  0x0C,0xE2,0x4F,0x00,0x00,0x08,0xD7,0x67,0x00,0x8E,0xA2,0x00,0x00,0x00,0x00,0x3A,
  0xEF,0x77,0xE1,0x10,0x00,0x00,0x00,0x00,0x00,0x94,0xFF,0x52,0x00,0x00,0x00,0x00,
  0x00,0x04,0xCB,0xFC,0x9B,0x00,0x00,0x00,0x00,0x00,0x82,0xE9,0x61,0xFF,0x45,0x00,
  0x00,0x00,0x37,0xFB,0x4D,0x00,0xAA,0xE1,0x0D,0x00,0x0A,0xDA,0x97,0x00,0x00,0x13,
  0xE6,0x99,0x00,0x97,0xD8,0x0A,0x00,0x00,0x00,0x49,0xFE,0x43,0xA9,0xCC,0x01,0x00,
  0x00,0x00,0x27,0xFA,0x3E,0x18,0xF0,0x5A,0x00,0x00,0x00,0xB0,0x99,0x00,0x00,0x69,
  0xDF,0x07,0x00,0x3E,0xE5,0x0F,0x00,0x00,0x02,0xC7,0x7C,0x06,0xD0,0x50,0x00,0x00,
  0x00,0x00,0x2E,0xF7,0xC6,0xAB,0x00,0x00,0x00,0x00,0x00,0x00,0x8F,0xF3,0x18,0x00,
  0x00,0x00,0x00,0x00,0x00,0x60,0xDC,0x00,0x00,0x00,0x00,0x00,0x00,0x00,0x60,0xDC,
  0x00,0x00,0x00,0x00,0x00,0x00,0x00,0x60,0xDC,0x00,0x00,0x00,0x00,0x00,0x00,0x00,
  0x60,0xDC,0x00,0x00,0x00,0x00,0x34,0xFF,0xFF,0xFF,0xFF,0xFF,0xFF,0x78,0x00,0x00,
  0x00,0x00,0x00,0x3F,0xF4,0x26,0x00,0x00,0x00,0x00,0x06,0xD0,0x61,0x00,0x00,0x00,
  0x00,0x00,0x94,0xA8,0x00,0x00,0x00,0x00,0x00,0x57,0xDF,0x0F,0x00,0x00,0x00,0x00,
  0x27,0xEF,0x3A,0x00,0x00,0x00,0x00,0x0A,0xD3,0x7C,0x00,0x00,0x00,0x00,0x00,0xA0,
  0xC1,0x02,0x00,0x00,0x00,0x00,0x63,0xED,0x1C,0x00,0x00,0x00,0x00,0x00,0xBC,0xFF,
  0xFF,0xFF,0xFF,0xFF,0xFF,0xA0,0x20,0xFF,0xFF,0x68,0x20,0xFF,0x08,0x00,0x20,0xFF,
  0x08,0x00,0x20,0xFF,0x08,0x00,0x20,0xFF,0x08,0x00,0x20,0xFF,0x08,0x00,0x20,0xFF,
  0x08,0x00,0x20,0xFF,0x08,0x00,0x20,0xFF,0x08,0x00,0x20,0xFF,0x08,0x00,0x20,0xFF,
  0x08,0x00,0x20,0xFF,0x08,0x00,0x20,0xFF,0xFF,0x68,0xDA,0x10,0x00,0x00,0x98,0x52,
  0x00,0x00,0x53,0x97,0x00,0x00,0x11,0xD9,0x00,0x00,0x00,0xC9,0x21,0x00,0x00,0x84,
  0x65,0x00,0x00,0x3E,0xAA,0x00,0x00,0x05,0xE1,0x02,0x00,0x00,0xB4,0x34,0x00,0x00,
  0x6F,0x79,0xC0,0xFF,0xC4,0x00,0x00,0x60,0xC4,0x00,0x00,0x60,0xC4,0x00,0x00,0x60,
  0xC4,0x00,0x00,0x60,0xC4,0x00,0x00,0x60,0xC4,0x00,0x00,0x60,0xC4,0x00,0x00,0x60,
  0xC4,0x00,0x00,0x60,0xC4,0x00,0x00,0x60,0xC4,0x00,0x00,0x60,0xC4,0x00,0x00,0x60,
  0xC4,0x00,0xC0,0xFF,0xC4,0x00,0x00,0x00,0xA6,0xB9,0x00,0x00,0x00,0x1C,0xD5,0xC2,
  0x2D,0x00,0x00,0x8A,0x78,0x5F,0x9F,0x00,0x0C,0xEC,0x1A,0x09,0xEA,0x19,0x6F,0xB4,
  0x00,0x00,0x96,0x86,0x00,0x00,0x00,0x00,0x00,0x00,0x00,0x00,0x00,0x00,0x00,0x00,
  0x00,0x00,0x00,0x00,0x00,0x00,0x00,0x00,0x00,0x00,0x00,0x00,0x00,0x00,0x00,0x00,
  0x00,0x00,0x00,0x00,0x00,0x00,0x00,0x00,0x00,0x00,0x00,0x00,0x00,0x00,0x34,0xFF,
  0xFF,0xFF,0xFF,0xFF,0xFF,0xFF,0x60,0x21,0xF0,0x4E,0x00,0x00,0x56,0xBC,0x00,0x00,
  0x00,0x00,0x00,0x00,0x00,0x00,0x00,0x00,0x00,0x00,0x00,0x00,0x00,0x00,0x00,0x00,
  0x00,0x00,0x00,0x00,0x00,0x00,0x00,0x00,0x00,0x00,0x00,0x00,0x00,0x00,0x00,0x00,
  0x5E,0xCF,0xF5,0xEC,0x8F,0x00,0x27,0xF1,0x34,0x05,0x32,0xF4,0x37,0x00,0x00,0x16,
  0x3F,0x6D,0xEE,0x4F,0x09,0xB0,0xF7,0xCB,0x97,0xE9,0x50,0x69,0xDA,0x0F,0x00,0x01,
  0xEC,0x50,0x6D,0xDE,0x1C,0x11,0x8E,0xFF,0x57,0x0A,0xAE,0xF4,0xE0,0x85,0xA8,0x85,
  0x28,0xFF,0x00,0x00,0x00,0x00,0x00,0x28,0xFF,0x00,0x00,0x00,0x00,0x00,0x28,0xFF,
  0x00,0x00,0x00,0x00,0x00,0x28,0xFF,0x76,0xE9,0xDB,0x61,0x00,0x28,0xFF,0xA2,0x11,
  0x43,0xF5,0x37,0x28,0xFD,0x0E,0x00,0x00,0x9E,0x90,0x28,0xEA,0x00,0x00,0x00,0x80,
  0xAA,0x28,0xFA,0x09,0x00,0x00,0xA1,0x8B,0x28,0xFF,0x96,0x12,0x49,0xF4,0x2C,0x28,
  0xE8,0x89,0xF3,0xD9,0x51,0x00,0x00,0x3D,0xCA,0xF7,0xD7,0x4D,0x00,0x14,0xF1,0x70,
  0x0E,0x50,0xF5,0x17,0x5E,0xD5,0x00,0x00,0x00,0x00,0x00,0x75,0xB7,0x00,0x00,0x00,
  0x00,0x00,0x5A,0xD3,0x00,0x00,0x00,0x00,0x00,0x12,0xEE,0x68,0x0C,0x3B,0xED,0x2C,
  0x00,0x38,0xC8,0xF5,0xD9,0x59,0x00,0x00,0x00,0x00,0x00,0x00,0xD8,0x4C,0x00,0x00,
  0x00,0x00,0x00,0xD8,0x4C,0x00,0x00,0x00,0x00,0x00,0xD8,0x4C,0x00,0x4F,0xD9,0xF5,
  0x92,0xDB,0x4C,0x22,0xF8,0x59,0x0E,0x7F,0xFF,0x4C,0x72,0xC3,0x00,0x00,0x02,0xE6,
  0x4C,0x8A,0xA7,0x00,0x00,0x00,0xC8,0x4C,0x6F,0xC8,0x00,0x00,0x01,0xE2,0x4C,0x1B,
  0xF4,0x65,0x0E,0x78,0xFF,0x4C,0x00,0x42,0xD4,0xF7,0xA6,0xC9,0x4C,0x00,0x31,0xC2,
  0xF2,0xD1,0x47,0x00,0x11,0xEB,0x76,0x0D,0x4A,0xEF,0x24,0x60,0xD6,0x00,0x00,0x00,
  0x9F,0x84,0x7E,0xFF,0xFF,0xFF,0xFF,0xFF,0xA7,0x65,0xC4,0x00,0x00,0x00,0x00,0x00,
  0x16,0xEF,0x6A,0x0C,0x31,0xD9,0x69,0x00,0x37,0xC4,0xF4,0xE4,0x7E,0x01,0x00,0x56,
  0xEB,0xEB,0x02,0x00,0xD0,0x72,0x07,0x00,0x00,0xDF,0x44,0x00,0x00,0xE0,0xFF,0xFF,
  0x94,0x00,0x00,0xE0,0x44,0x00,0x00,0x00,0xE0,0x44,0x00,0x00,0x00,0xE0,0x44,0x00,
  0x00,0x00,0xE0,0x44,0x00,0x00,0x00,0xE0,0x44,0x00,0x00,0x00,0xE0,0x44,0x00,0x00,
  0x00,0x4A,0xD7,0xF1,0xA1,0xBA,0x5C,0x1E,0xF6,0x5B,0x0E,0x78,0xFF,0x5C,0x72,0xBD,
  0x00,0x00,0x00,0xDC,0x5C,0x8C,0x9F,0x00,0x00,0x00,0xBC,0x5C,0x6F,0xBD,0x00,0x00,
  0x00,0xD9,0x5C,0x19,0xF4,0x57,0x0D,0x72,0xFF,0x5C,0x00,0x4E,0xDC,0xF1,0x96,0xD3,
  0x56,0x00,0x00,0x00,0x00,0x00,0xE1,0x43,0x42,0xEC,0x2B,0x08,0x6B,0xEF,0x0D,0x00,
  0x84,0xE6,0xF8,0xCC,0x3D,0x00,0x24,0xFF,0x00,0x00,0x00,0x00,0x00,0x24,0xFF,0x00,
  0x00,0x00,0x00,0x00,0x24,0xFF,0x00,0x00,0x00,0x00,0x00,0x24,0xFF,0x73,0xE4,0xEF,
  0x87,0x00,0x24,0xFF,0xA0,0x0E,0x3C,0xFA,0x33,0x24,0xFF,0x13,0x00,0x00,0xD3,0x54,
  0x24,0xFF,0x00,0x00,0x00,0xCC,0x58,0x24,0xFF,0x00,0x00,0x00,0xCC,0x58,0x24,0xFF,
  0x00,0x00,0x00,0xCC,0x58,0x24,0xFF,0x00,0x00,0x00,0xCC,0x58,0x24,0xFF,0x00,0x24,
  0xFF,0x00,0x00,0x00,0x00,0x24,0xFF,0x00,0x24,0xFF,0x00,0x24,0xFF,0x00,0x24,0xFF,
  0x00,0x24,0xFF,0x00,0x24,0xFF,0x00,0x24,0xFF,0x00,0x00,0x28,0xFF,0x00,0x00,0x28,
  0xFF,0x00,0x00,0x00,0x00,0x00,0x00,0x28,0xFF,0x00,0x00,0x28,0xFF,0x00,0x00,0x28,
  0xFF,0x00,0x00,0x28,0xFF,0x00,0x00,0x28,0xFF,0x00,0x00,0x28,0xFF,0x00,0x00,0x28,
  0xFF,0x00,0x00,0x29,0xFD,0x00,0x06,0x51,0xE7,0x00,0x75,0xF1,0x70,0x00,0x24,0xFF,
  0x00,0x00,0x00,0x00,0x00,0x24,0xFF,0x00,0x00,0x00,0x00,0x00,0x24,0xFF,0x00,0x00,
  0x00,0x00,0x00,0x24,0xFF,0x00,0x0A,0xC0,0xAC,0x04,0x24,0xFF,0x09,0xBD,0xAD,0x04,
  0x00,0x24,0xFF,0xBC,0xD1,0x05,0x00,0x00,0x24,0xFF,0xBF,0xF6,0x34,0x00,0x00,0x24,
  0xFF,0x06,0x84,0xD1,0x05,0x00,0x24,0xFF,0x00,0x08,0xDB,0x7B,0x00,0x24,0xFF,0x00,
  0x00,0x44,0xF8,0x28,0x2C,0xF8,0x00,0x2C,0xF8,0x00,0x2C,0xF8,0x00,0x2C,0xF8,0x00,
  0x2C,0xF8,0x00,0x2C,0xF8,0x00,0x2C,0xF8,0x00,0x2C,0xF8,0x00,0x2C,0xF8,0x00,0x2C,
  0xF8,0x00,0x24,0xE0,0x75,0xEF,0xE8,0x55,0x7D,0xEF,0xE4,0x4E,0x00,0x24,0xFE,0x9D,
  0x0C,0x73,0xF9,0x8E,0x0E,0x77,0xDB,0x00,0x24,0xFF,0x16,0x00,0x28,0xFF,0x11,0x00,
  0x26,0xFA,0x00,0x24,0xFF,0x01,0x00,0x24,0xFF,0x00,0x00,0x24,0xFC,0x00,0x24,0xFF,
  0x00,0x00,0x24,0xFF,0x00,0x00,0x24,0xFC,0x00,0x24,0xFF,0x00,0x00,0x24,0xFF,0x00,
  0x00,0x24,0xFC,0x00,0x24,0xFF,0x00,0x00,0x24,0xFF,0x00,0x00,0x24,0xFC,0x00,0x24,
  0xE6,0x84,0xE5,0xE8,0x86,0x00,0x24,0xFF,0x9A,0x10,0x47,0xFB,0x2E,0x24,0xFF,0x18,
  0x00,0x00,0xD6,0x52,0x24,0xFF,0x00,0x00,0x00,0xD0,0x54,0x24,0xFF,0x00,0x00,0x00,
  0xD0,0x54,0x24,0xFF,0x00,0x00,0x00,0xD0,0x54,0x24,0xFF,0x00,0x00,0x00,0xD0,0x54,
  0x00,0x3C,0xC7,0xF4,0xD4,0x54,0x00,0x1F,0xF6,0x69,0x0D,0x4A,0xF4,0x3B,0x73,0xC5,
  0x00,0x00,0x00,0x95,0x9B,0x89,0xA4,0x00,0x00,0x00,0x74,0xB8,0x6B,0xC5,0x00,0x00,
  0x00,0x96,0xA2,0x19,0xF2,0x68,0x0C,0x48,0xF4,0x48,0x00,0x3C,0xC8,0xF5,0xD9,0x5F,
  0x00,0x24,0xE4,0x81,0xF2,0xE3,0x67,0x00,0x24,0xFE,0xA8,0x13,0x43,0xF4,0x3D,0x24,
  0xFE,0x12,0x00,0x00,0x9A,0x95,0x24,0xEB,0x00,0x00,0x00,0x7C,0xAD,0x24,0xFC,0x0A,
  0x00,0x00,0x9C,0x90,0x24,0xFF,0x98,0x0F,0x45,0xF3,0x34,0x24,0xFF,0x83,0xEC,0xDC,
  0x57,0x00,0x24,0xFF,0x00,0x00,0x00,0x00,0x00,0x24,0xFF,0x00,0x00,0x00,0x00,0x00,
  0x24,0xFF,0x00,0x00,0x00,0x00,0x00,0x00,0x4D,0xD8,0xF5,0x9C,0xBF,0x4C,0x21,0xF8,
  0x5B,0x0F,0x87,0xFD,0x4C,0x70,0xC4,0x00,0x00,0x03,0xE6,0x4C,0x84,0xA7,0x00,0x00,
  0x00,0xC4,0x4C,0x64,0xC8,0x00,0x00,0x00,0xDE,0x4C,0x12,0xED,0x66,0x0E,0x74,0xFF,
  0x4C,0x00,0x35,0xCA,0xF5,0x9D,0xDD,0x4C,0x00,0x00,0x00,0x00,0x00,0xD8,0x4C,0x00,
  0x00,0x00,0x00,0x00,0xD8,0x4C,0x00,0x00,0x00,0x00,0x00,0xD8,0x4C,0x28,0xE2,0xA7,
  0xF1,0x4D,0x28,0xFF,0x79,0x12,0x09,0x28,0xFF,0x17,0x00,0x00,0x28,0xFC,0x00,0x00,
  0x00,0x28,0xFC,0x00,0x00,0x00,0x28,0xFC,0x00,0x00,0x00,0x28,0xFC,0x00,0x00,0x00,
  0x01,0x8C,0xEA,0xEB,0xB1,0x1A,0x00,0x4A,0xD6,0x18,0x0D,0xA9,0x9B,0x00,0x3F,0xF3,
  0x79,0x2F,0x00,0x00,0x00,0x00,0x63,0xD1,0xFF,0xE1,0x4A,0x00,0x00,0x00,0x00,0x19,
  0x88,0xEE,0x00,0x69,0xCC,0x1D,0x08,0x79,0xD8,0x00,0x03,0x92,0xEA,0xF9,0xC8,0x31,
  0x00,0x00,0x0B,0x0F,0x00,0x00,0xD9,0x34,0x00,0x00,0xF0,0x34,0x00,0xC4,0xFF,0xFF,
  0x5C,0x00,0xF0,0x34,0x00,0x00,0xF0,0x34,0x00,0x00,0xF0,0x34,0x00,0x00,0xF0,0x34,
  0x00,0x00,0xE9,0x4A,0x06,0x00,0x8B,0xF9,0x6B,0x2C,0xF8,0x00,0x00,0x00,0xD8,0x4C,
  0x2C,0xF8,0x00,0x00,0x00,0xD8,0x4C,0x2C,0xF8,0x00,0x00,0x00,0xD8,0x4C,0x2C,0xF8,
  0x00,0x00,0x00,0xD8,0x4C,0x2A,0xFC,0x01,0x00,0x00,0xEB,0x4C,0x0E,0xF7,0x66,0x0C,
  0x74,0xFD,0x4C,0x00,0x63,0xDE,0xF3,0x94,0xBB,0x4C,0xA6,0x8B,0x00,0x00,0x0B,0xF5,
  0x29,0x48,0xE1,0x01,0x00,0x5B,0xCB,0x00,0x03,0xE6,0x3A,0x00,0xB5,0x6E,0x00,0x00,
  0x8C,0x92,0x13,0xF6,0x16,0x00,0x00,0x2E,0xE5,0x67,0xB4,0x00,0x00,0x00,0x00,0xD1,
  0xE2,0x57,0x00,0x00,0x00,0x00,0x73,0xF1,0x09,0x00,0x00,0xD3,0x58,0x00,0x0A,0xFA,
  0x66,0x00,0x05,0xF2,0x21,0x87,0x9B,0x00,0x45,0xF7,0xA5,0x00,0x3F,0xD3,0x00,0x3C,
  0xDE,0x00,0x86,0x99,0xE3,0x00,0x86,0x86,0x00,0x03,0xED,0x20,0xC7,0x2F,0xEC,0x21,
  0xCD,0x39,0x00,0x00,0xA5,0x72,0xE7,0x01,0xAB,0x7B,0xE8,0x02,0x00,0x00,0x59,0xEB,
  0xAC,0x00,0x67,0xF4,0x9F,0x00,0x00,0x00,0x11,0xFC,0x6C,0x00,0x22,0xFF,0x52,0x00,
  0x00,0x62,0xEC,0x13,0x00,0x76,0xDA,0x0A,0x00,0xB4,0x9A,0x22,0xF2,0x3A,0x00,0x00,
  0x19,0xEC,0xE1,0x89,0x00,0x00,0x00,0x00,0x9E,0xFF,0x23,0x00,0x00,0x00,0x37,0xF7,
  0xC3,0xB7,0x00,0x00,0x09,0xD9,0x7F,0x14,0xEA,0x65,0x00,0x91,0xCD,0x04,0x00,0x55,
  0xF2,0x1F,0x9F,0x9D,0x00,0x00,0x03,0xE9,0x35,0x45,0xF1,0x09,0x00,0x46,0xD9,0x00,
  0x03,0xE7,0x57,0x00,0x9F,0x7D,0x00,0x00,0x90,0xB4,0x07,0xEF,0x22,0x00,0x00,0x36,
  0xFA,0x63,0xC5,0x00,0x00,0x00,0x00,0xDB,0xF0,0x69,0x00,0x00,0x00,0x00,0x81,0xFA,
  0x13,0x00,0x00,0x00,0x00,0x58,0xB1,0x00,0x00,0x00,0x05,0x0E,0xBF,0x4F,0x00,0x00,
  0x00,0x39,0xF6,0xA2,0x00,0x00,0x00,0x00,0x7C,0xFF,0xFF,0xFF,0xFF,0xFD,0x03,0x00,
  0x00,0x00,0x0D,0xD3,0x78,0x00,0x00,0x00,0x03,0xB6,0xA3,0x00,0x00,0x00,0x00,0x93,
  0xC8,0x08,0x00,0x00,0x00,0x6C,0xE3,0x18,0x00,0x00,0x00,0x49,0xEC,0x2F,0x00,0x00,
  0x00,0x00,0xBF,0xFF,0xFF,0xFF,0xFF,0xFF,0x38,0x00,0x02,0xAB,0xFD,0x08,0x00,0x33,
  0xE1,0x0F,0x00,0x00,0x4F,0xC1,0x00,0x00,0x00,0x55,0xBD,0x00,0x00,0x00,0x61,0xB0,
  0x00,0x00,0x09,0xBB,0x68,0x00,0x00,0xA4,0xC7,0x02,0x00,0x00,0x0A,0xBD,0x65,0x00,
  0x00,0x00,0x62,0xAB,0x00,0x00,0x00,0x55,0xBD,0x00,0x00,0x00,0x4D,0xC1,0x00,0x00,
  0x00,0x32,0xE1,0x0D,0x00,0x00,0x00,0xA8,0xFC,0x08,0x00,0xD0,0x30,0x00,0xD0,0x30,
  0x00,0xD0,0x30,0x00,0xD0,0x30,0x00,0xD0,0x30,0x00,0xD0,0x30,0x00,0xD0,0x30,0x00,
  0xD0,0x30,0x00,0xD0,0x30,0x00,0xD0,0x30,0x00,0xD0,0x30,0x00,0xD0,0x30,0xB3,0xD9,
  0x22,0x00,0x03,0x93,0x89,0x00,0x00,0x6A,0xA3,0x00,0x00,0x65,0xA9,0x00,0x00,0x55,
  0xB7,0x00,0x00,0x19,0xEA,0x27,0x00,0x00,0x6C,0xF8,0x00,0x1D,0xEC,0x27,0x00,0x5A,
  0xB7,0x00,0x00,0x66,0xA9,0x00,0x00,0x69,0xA5,0x00,0x03,0x96,0x88,0x00,0xB3,0xDA,
  0x24,0x00,0x06,0xB1,0xF2,0xB4,0x43,0x0B,0x82,0x0B,0x5F,0x53,0x11,0x6F,0xDA,0xEE,
  0x85,0x00,0x15,0x00,0x00,0x00,0x00,0x00,0x00,0x00,0x00,0x00,0x00,0x00,0x00,0x00,
  0x00,0x00,0x00,0x00,0x00,0x00,0x00,0x00,0x00,0x00,0x00,0x00,0x00,0x00,0x00,0x00,
  0x00,0x00,0x00,0x7F,0xF1,0x9E,0x00,0x18,0xB5,0x0D,0x97,0x3B,0x19,0xB4,0x0C,0x96,
  0x3B,0x00,0x81,0xF2,0xA0,0x00,0x00,0x00,0x00,0x00,0x00,0x00,0x00,0x00,0x00,0x00,
  0x00,0x00,0x00,0x00,0x00,0x00,0x00,0x00,0x00,0x00,0x00,0x00,0x00,0x00,0x00,0x00,
  0x00,0x00,0x00,0x00,0x00,0x00,0x00,0x04,0xC6,0x96,0x00,0x00,0x00,0x00,0x00,0x00,
  0x00,0x00,0x1F,0xE3,0x10,0x00,0x00,0x00,0x00,0x00,0x00,0x00,0x00,0x00,0x00,0x00,
  0x00,0x00,0x00,0x00,0x00,0x00,0x9E,0xFA,0x15,0x00,0x00,0x00,0x00,0x00,0x00,0x08,
  0xF1,0xCA,0x72,0x00,0x00,0x00,0x00,0x00,0x00,0x55,0xEA,0x6D,0xD3,0x00,0x00,0x00,
  0x00,0x00,0x00,0xB1,0x9F,0x25,0xFF,0x35,0x00,0x00,0x00,0x00,0x12,0xF9,0x3F,0x00,
  0xC4,0x96,0x00,0x00,0x00,0x00,0x68,0xDC,0x01,0x00,0x5F,0xEF,0x08,0x00,0x00,0x00,
  0xC4,0xFF,0xFF,0xFF,0xFF,0xFF,0x5A,0x00,0x00,0x20,0xFE,0x23,0x00,0x00,0x00,0x9F,
  0xBB,0x00,0x00,0x7B,0xCB,0x00,0x00,0x00,0x00,0x43,0xFE,0x1F,0x00,0xD6,0x73,0x00,
  0x00,0x00,0x00,0x02,0xE3,0x7F,0x00,0x00,0x00,0x00,0x06,0xE8,0x6E,0x00,0x00,0x00,
  0x00,0x00,0x00,0x00,0x5A,0xBB,0x01,0x00,0x00,0x00,0x00,0x00,0x00,0x00,0x00,0x00,
  0x00,0x00,0x00,0x00,0x00,0x00,0x00,0x00,0x9E,0xFA,0x15,0x00,0x00,0x00,0x00,0x00,
  0x00,0x08,0xF1,0xCA,0x72,0x00,0x00,0x00,0x00,0x00,0x00,0x55,0xEA,0x6D,0xD3,0x00,
  0x00,0x00,0x00,0x00,0x00,0xB1,0x9F,0x25,0xFF,0x35,0x00,0x00,0x00,0x00,0x12,0xF9,
  0x3F,0x00,0xC4,0x96,0x00,0x00,0x00,0x00,0x68,0xDC,0x01,0x00,0x5F,0xEF,0x08,0x00,
  0x00,0x00,0xC4,0xFF,0xFF,0xFF,0xFF,0xFF,0x5A,0x00,0x00,0x20,0xFE,0x23,0x00,0x00,
  0x00,0x9F,0xBB,0x00,0x00,0x7B,0xCB,0x00,0x00,0x00,0x00,0x43,0xFE,0x1F,0x00,0xD6,
  0x73,0x00,0x00,0x00,0x00,0x02,0xE3,0x7F,0x00,0x00,0x00,0x00,0x00,0x00,0x00,0x00,
  0x00,0x00,0x00,0x00,0x00,0x00,0xFF,0xFF,0x70,0x00,0x00,0x00,0x00,0x00,0x00,0x00,
  0x24,0x94,0x00,0x00,0x00,0x00,0x00,0x00,0x00,0x00,0x00,0x00,0x00,0x00,0x00,0x00,
  0x00,0x00,0x00,0x00,0x9E,0xFA,0x15,0x00,0x00,0x00,0x00,0x00,0x00,0x08,0xF1,0xCA,
  0x72,0x00,0x00,0x00,0x00,0x00,0x00,0x55,0xEA,0x6D,0xD3,0x00,0x00,0x00,0x00,0x00,
  0x00,0xB1,0x9F,0x25,0xFF,0x35,0x00,0x00,0x00,0x00,0x12,0xF9,0x3F,0x00,0xC4,0x96,
  0x00,0x00,0x00,0x00,0x68,0xDC,0x01,0x00,0x5F,0xEF,0x08,0x00,0x00,0x00,0xC4,0xFF,
  0xFF,0xFF,0xFF,0xFF,0x5A,0x00,0x00,0x20,0xFE,0x23,0x00,0x00,0x00,0x9F,0xBB,0x00,
  0x00,0x7B,0xCB,0x00,0x00,0x00,0x00,0x43,0xFE,0x1F,0x00,0xD6,0x73,0x00,0x00,0x00,
  0x00,0x02,0xE3,0x7F,0x00,0x00,0x00,0x53,0xEC,0x6C,0x7A,0x68,0x00,0x00,0x00,0x00,
  0x00,0xB9,0x3B,0xA2,0xE2,0x1A,0x00,0x00,0x00,0x00,0x00,0x00,0x00,0x00,0x00,0x00,
  0x00,0x00,0x00,0x00,0x00,0x00,0x9E,0xFA,0x15,0x00,0x00,0x00,0x00,0x00,0x00,0x08,
  0xF1,0xCA,0x72,0x00,0x00,0x00,0x00,0x00,0x00,0x55,0xEA,0x6D,0xD3,0x00,0x00,0x00,
  0x00,0x00,0x00,0xB1,0x9F,0x25,0xFF,0x35,0x00,0x00,0x00,0x00,0x12,0xF9,0x3F,0x00,
  0xC4,0x96,0x00,0x00,0x00,0x00,0x68,0xDC,0x01,0x00,0x5F,0xEF,0x08,0x00,0x00,0x00,
  0xC4,0xFF,0xFF,0xFF,0xFF,0xFF,0x5A,0x00,0x00,0x20,0xFE,0x23,0x00,0x00,0x00,0x9F,
  0xBB,0x00,0x00,0x7B,0xCB,0x00,0x00,0x00,0x00,0x43,0xFE,0x1F,0x00,0xD6,0x73,0x00,
  0x00,0x00,0x00,0x02,0xE3,0x7F,0x00,0x00,0x00,0x00,0x9E,0xFA,0x15,0x00,0x00,0x00,
  0x00,0x00,0x00,0x08,0xF1,0xCA,0x72,0x00,0x00,0x00,0x00,0x00,0x00,0x55,0xEA,0x6D,
  0xD3,0x00,0x00,0x00,0x00,0x00,0x00,0xB1,0x9F,0x25,0xFF,0x35,0x00,0x00,0x00,0x00,
  0x12,0xF9,0x3F,0x00,0xC4,0x96,0x00,0x00,0x00,0x00,0x68,0xDC,0x01,0x00,0x5F,0xEF,
  0x08,0x00,0x00,0x00,0xC4,0xFF,0xFF,0xFF,0xFF,0xFF,0x5A,0x00,0x00,0x20,0xFE,0x23,
  0x00,0x00,0x00,0x9F,0xBB,0x00,0x00,0x7B,0xCB,0x00,0x00,0x00,0x00,0x43,0xFE,0x1F,
  0x00,0xD6,0x73,0x00,0x00,0x00,0x00,0x02,0xE3,0x7F,0x00,0x00,0x00,0x00,0x00,0x00,
  0x00,0x00,0x00,0x00,0x00,0x00,0x00,0x00,0x68,0xE4,0x00,0x00,0x00,0x00,0x00,0x00,
  0x00,0x72,0x82,0x10,0xCA,0x13,0x00,0x00,0x00,0x00,0x00,0x10,0xC5,0xF3,0x7E,0x00,
  0x00,0x00,0x00,0x00,0x00,0x00,0x00,0x00,0x00,0x00,0x00,0x00,0x00,0x00,0x00,0x00,
  0x9E,0xFA,0x15,0x00,0x00,0x00,0x00,0x00,0x00,0x08,0xF1,0xCA,0x72,0x00,0x00,0x00,
  0x00,0x00,0x00,0x55,0xEA,0x6D,0xD3,0x00,0x00,0x00,0x00,0x00,0x00,0xB1,0x9F,0x25,
  0xFF,0x35,0x00,0x00,0x00,0x00,0x12,0xF9,0x3F,0x00,0xC4,0x96,0x00,0x00,0x00,0x00,
  0x68,0xDC,0x01,0x00,0x5F,0xEF,0x08,0x00,0x00,0x00,0xC4,0xFF,0xFF,0xFF,0xFF,0xFF,
  0x5A,0x00,0x00,0x20,0xFE,0x23,0x00,0x00,0x00,0x9F,0xBB,0x00,0x00,0x7B,0xCB,0x00,
  0x00,0x00,0x00,0x43,0xFE,0x1F,0x00,0xD6,0x73,0x00,0x00,0x00,0x00,0x02,0xE3,0x7F,
  0x00,0x00,0x00,0x29,0xF4,0x2B,0x00,0x00,0x00,0x00,0x00,0x00,0x00,0x65,0xBD,0xAA,
  0xB0,0x06,0x00,0x00,0x00,0x00,0x00,0x08,0xB9,0xF0,0x60,0x00,0x00,0x00,0x00,0x00,
  0x00,0x00,0x9E,0xFA,0x15,0x00,0x00,0x00,0x00,0x00,0x00,0x08,0xF1,0xCA,0x72,0x00,
  0x00,0x00,0x00,0x00,0x00,0x55,0xEA,0x6D,0xD3,0x00,0x00,0x00,0x00,0x00,0x00,0xB1,
  0x9F,0x25,0xFF,0x35,0x00,0x00,0x00,0x00,0x12,0xF9,0x3F,0x00,0xC4,0x96,0x00,0x00,
  0x00,0x00,0x68,0xDC,0x01,0x00,0x5F,0xEF,0x08,0x00,0x00,0x00,0xC4,0xFF,0xFF,0xFF,
  0xFF,0xFF,0x5A,0x00,0x00,0x20,0xFE,0x23,0x00,0x00,0x00,0x9F,0xBB,0x00,0x00,0x7B,
  0xCB,0x00,0x00,0x00,0x00,0x43,0xFE,0x1F,0x00,0xD6,0x73,0x00,0x00,0x00,0x00,0x02,
  0xE3,0x7F,0x00,0x00,0x00,0x00,0x00,0xC8,0x81,0x00,0x00,0x00,0x00,0x00,0x00,0x65,
  0x8F,0xD5,0xB3,0x06,0x00,0x00,0x00,0x00,0x00,0x08,0xB9,0xF0,0x60,0x00,0x00,0x00,
  0x00,0x00,0x00,0x00,0x9E,0xFA,0x15,0x00,0x00,0x00,0x00,0x00,0x00,0x08,0xF1,0xCA,
  0x72,0x00,0x00,0x00,0x00,0x00,0x00,0x55,0xEA,0x6D,0xD3,0x00,0x00,0x00,0x00,0x00,
  0x00,0xB1,0x9F,0x25,0xFF,0x35,0x00,0x00,0x00,0x00,0x12,0xF9,0x3F,0x00,0xC4,0x96,
  0x00,0x00,0x00,0x00,0x68,0xDC,0x01,0x00,0x5F,0xEF,0x08,0x00,0x00,0x00,0xC4,0xFF,
  0xFF,0xFF,0xFF,0xFF,0x5A,0x00,0x00,0x20,0xFE,0x23,0x00,0x00,0x00,0x9F,0xBB,0x00,
  0x00,0x7B,0xCB,0x00,0x00,0x00,0x00,0x43,0xFE,0x1F,0x00,0xD6,0x73,0x00,0x00,0x00,
  0x00,0x02,0xE3,0x7F,0x00,0x00,0x00,0x00,0x00,0x00,0x00,0x00,0x00,0x00,0x00,0x00,
  0x00,0x00,0xE6,0xEB,0x50,0x00,0x00,0x00,0x00,0x00,0x00,0x65,0x6A,0xFF,0xFF,0x06,
  0x00,0x00,0x00,0x00,0x00,0x08,0xB9,0xF0,0x60,0x00,0x00,0x00,0x00,0x00,0x00,0x00,
  0x9E,0xFA,0x15,0x00,0x00,0x00,0x00,0x00,0x00,0x08,0xF1,0xCA,0x72,0x00,0x00,0x00,
  0x00,0x00,0x00,0x55,0xEA,0x6D,0xD3,0x00,0x00,0x00,0x00,0x00,0x00,0xB1,0x9F,0x25,
  0xFF,0x35,0x00,0x00,0x00,0x00,0x12,0xF9,0x3F,0x00,0xC4,0x96,0x00,0x00,0x00,0x00,
  0x68,0xDC,0x01,0x00,0x5F,0xEF,0x08,0x00,0x00,0x00,0xC4,0xFF,0xFF,0xFF,0xFF,0xFF,
  0x5A,0x00,0x00,0x20,0xFE,0x23,0x00,0x00,0x00,0x9F,0xBB,0x00,0x00,0x7B,0xCB,0x00,
  0x00,0x00,0x00,0x43,0xFE,0x1F,0x00,0xD6,0x73,0x00,0x00,0x00,0x00,0x02,0xE3,0x7F,
  0x00,0x00,0x00,0x4D,0xED,0x76,0x44,0x71,0x00,0x00,0x00,0x00,0x00,0xFF,0x75,0xAE,
  0xFF,0x2C,0x00,0x00,0x00,0x00,0x00,0x08,0xB9,0xF0,0x60,0x00,0x00,0x00,0x00,0x00,
  0x00,0x00,0x9E,0xFA,0x15,0x00,0x00,0x00,0x00,0x00,0x00,0x08,0xF1,0xCA,0x72,0x00,
  0x00,0x00,0x00,0x00,0x00,0x55,0xEA,0x6D,0xD3,0x00,0x00,0x00,0x00,0x00,0x00,0xB1,
  0x9F,0x25,0xFF,0x35,0x00,0x00,0x00,0x00,0x12,0xF9,0x3F,0x00,0xC4,0x96,0x00,0x00,
  0x00,0x00,0x68,0xDC,0x01,0x00,0x5F,0xEF,0x08,0x00,0x00,0x00,0xC4,0xFF,0xFF,0xFF,
  0xFF,0xFF,0x5A,0x00,0x00,0x20,0xFE,0x23,0x00,0x00,0x00,0x9F,0xBB,0x00,0x00,0x7B,
  0xCB,0x00,0x00,0x00,0x00,0x43,0xFE,0x1F,0x00,0xD6,0x73,0x00,0x00,0x00,0x00,0x02,
  0xE3,0x7F,0x00,0x00,0x00,0x65,0x5A,0x12,0xB0,0x06,0x00,0x00,0x00,0x00,0x00,0x08,
  0xB9,0xF0,0x60,0x00,0x00,0x00,0x00,0x00,0x00,0x00,0x00,0x00,0x00,0x00,0x00,0x00,
  0x00,0x00,0x00,0x00,0x9E,0xFA,0x15,0x00,0x00,0x00,0x00,0x00,0x00,0x08,0xF1,0xCA,
  0x72,0x00,0x00,0x00,0x00,0x00,0x00,0x55,0xEA,0x6D,0xD3,0x00,0x00,0x00,0x00,0x00,
  0x00,0xB1,0x9F,0x25,0xFF,0x35,0x00,0x00,0x00,0x00,0x12,0xF9,0x3F,0x00,0xC4,0x96,
  0x00,0x00,0x00,0x00,0x68,0xDC,0x01,0x00,0x5F,0xEF,0x08,0x00,0x00,0x00,0xC4,0xFF,
  0xFF,0xFF,0xFF,0xFF,0x5A,0x00,0x00,0x20,0xFE,0x23,0x00,0x00,0x00,0x9F,0xBB,0x00,
  0x00,0x7B,0xCB,0x00,0x00,0x00,0x00,0x43,0xFE,0x1F,0x00,0xD6,0x73,0x00,0x00,0x00,
  0x00,0x02,0xE3,0x7F,0x00,0x00,0x00,0x00,0x00,0x00,0x00,0x00,0x00,0x00,0x00,0x00,
  0x00,0x00,0x68,0xE4,0x00,0x00,0x00,0x00,0x00,0x00,0x00,0x02,0xC5,0xF7,0x2B,0x00,
  0x00,0x00,0x00,0x00,0x00,0x78,0xD3,0x78,0xD1,0x07,0x00,0x00,0x00,0x00,0x00,0x00,
  0x00,0x00,0x00,0x00,0x00,0x00,0x00,0x00,0x00,0x00,0x9E,0xFA,0x15,0x00,0x00,0x00,
  0x00,0x00,0x00,0x08,0xF1,0xCA,0x72,0x00,0x00,0x00,0x00,0x00,0x00,0x55,0xEA,0x6D,
  0xD3,0x00,0x00,0x00,0x00,0x00,0x00,0xB1,0x9F,0x25,0xFF,0x35,0x00,0x00,0x00,0x00,
  0x12,0xF9,0x3F,0x00,0xC4,0x96,0x00,0x00,0x00,0x00,0x68,0xDC,0x01,0x00,0x5F,0xEF,
  0x08,0x00,0x00,0x00,0xC4,0xFF,0xFF,0xFF,0xFF,0xFF,0x5A,0x00,0x00,0x20,0xFE,0x23,
  0x00,0x00,0x00,0x9F,0xBB,0x00,0x00,0x7B,0xCB,0x00,0x00,0x00,0x00,0x43,0xFE,0x1F,
  0x00,0xD6,0x73,0x00,0x00,0x00,0x00,0x02,0xE3,0x7F,0x00,0x00,0x00,0x29,0xF4,0x2B,
  0x00,0x00,0x00,0x00,0x00,0x00,0x00,0x01,0xFF,0xFF,0x2A,0x00,0x00,0x00,0x00,0x00,
  0x00,0x6C,0xBA,0x5F,0xC8,0x03,0x00,0x00,0x00,0x00,0x00,0x00,0x9E,0xFA,0x15,0x00,
  0x00,0x00,0x00,0x00,0x00,0x08,0xF1,0xCA,0x72,0x00,0x00,0x00,0x00,0x00,0x00,0x55,
  0xEA,0x6D,0xD3,0x00,0x00,0x00,0x00,0x00,0x00,0xB1,0x9F,0x25,0xFF,0x35,0x00,0x00,
  0x00,0x00,0x12,0xF9,0x3F,0x00,0xC4,0x96,0x00,0x00,0x00,0x00,0x68,0xDC,0x01,0x00,
  0x5F,0xEF,0x08,0x00,0x00,0x00,0xC4,0xFF,0xFF,0xFF,0xFF,0xFF,0x5A,0x00,0x00,0x20,
  0xFE,0x23,0x00,0x00,0x00,0x9F,0xBB,0x00,0x00,0x7B,0xCB,0x00,0x00,0x00,0x00,0x43,
  0xFE,0x1F,0x00,0xD6,0x73,0x00,0x00,0x00,0x00,0x02,0xE3,0x7F,0x00,0x00,0x00,0x00,
  0x00,0xC8,0x81,0x00,0x00,0x00,0x00,0x00,0x00,0x01,0xF7,0xFF,0x2D,0x00,0x00,0x00,
  0x00,0x00,0x00,0x6C,0xBA,0x5F,0xC8,0x03,0x00,0x00,0x00,0x00,0x00,0x00,0x9E,0xFA,
  0x15,0x00,0x00,0x00,0x00,0x00,0x00,0x08,0xF1,0xCA,0x72,0x00,0x00,0x00,0x00,0x00,
  0x00,0x55,0xEA,0x6D,0xD3,0x00,0x00,0x00,0x00,0x00,0x00,0xB1,0x9F,0x25,0xFF,0x35,
  0x00,0x00,0x00,0x00,0x12,0xF9,0x3F,0x00,0xC4,0x96,0x00,0x00,0x00,0x00,0x68,0xDC,
  0x01,0x00,0x5F,0xEF,0x08,0x00,0x00,0x00,0xC4,0xFF,0xFF,0xFF,0xFF,0xFF,0x5A,0x00,
  0x00,0x20,0xFE,0x23,0x00,0x00,0x00,0x9F,0xBB,0x00,0x00,0x7B,0xCB,0x00,0x00,0x00,
  0x00,0x43,0xFE,0x1F,0x00,0xD6,0x73,0x00,0x00,0x00,0x00,0x02,0xE3,0x7F,0x00,0x00,
  0x00,0x00,0x00,0x00,0x00,0x00,0x00,0x00,0x00,0x00,0x00,0x00,0xE6,0xEB,0x50,0x00,
  0x00,0x00,0x00,0x00,0x00,0x01,0xD2,0xFF,0x8C,0x00,0x00,0x00,0x00,0x00,0x00,0x6C,
  0xBA,0x5F,0xC8,0x03,0x00,0x00,0x00,0x00,0x00,0x00,0x9E,0xFA,0x15,0x00,0x00,0x00,
  0x00,0x00,0x00,0x08,0xF1,0xCA,0x72,0x00,0x00,0x00,0x00,0x00,0x00,0x55,0xEA,0x6D,
  0xD3,0x00,0x00,0x00,0x00,0x00,0x00,0xB1,0x9F,0x25,0xFF,0x35,0x00,0x00,0x00,0x00,
  0x12,0xF9,0x3F,0x00,0xC4,0x96,0x00,0x00,0x00,0x00,0x68,0xDC,0x01,0x00,0x5F,0xEF,
  0x08,0x00,0x00,0x00,0xC4,0xFF,0xFF,0xFF,0xFF,0xFF,0x5A,0x00,0x00,0x20,0xFE,0x23,
  0x00,0x00,0x00,0x9F,0xBB,0x00,0x00,0x7B,0xCB,0x00,0x00,0x00,0x00,0x43,0xFE,0x1F,
  0x00,0xD6,0x73,0x00,0x00,0x00,0x00,0x02,0xE3,0x7F,0x00,0x00,0x00,0x6C,0xE9,0x5C,
  0x65,0x4D,0x00,0x00,0x00,0x00,0x00,0xAA,0xE0,0xFF,0xFF,0x10,0x00,0x00,0x00,0x00,
  0x00,0x6C,0xBA,0x5F,0xC8,0x03,0x00,0x00,0x00,0x00,0x00,0x00,0x9E,0xFA,0x15,0x00,
  0x00,0x00,0x00,0x00,0x00,0x08,0xF1,0xCA,0x72,0x00,0x00,0x00,0x00,0x00,0x00,0x55,
  0xEA,0x6D,0xD3,0x00,0x00,0x00,0x00,0x00,0x00,0xB1,0x9F,0x25,0xFF,0x35,0x00,0x00,
  0x00,0x00,0x12,0xF9,0x3F,0x00,0xC4,0x96,0x00,0x00,0x00,0x00,0x68,0xDC,0x01,0x00,
  0x5F,0xEF,0x08,0x00,0x00,0x00,0xC4,0xFF,0xFF,0xFF,0xFF,0xFF,0x5A,0x00,0x00,0x20,
  0xFE,0x23,0x00,0x00,0x00,0x9F,0xBB,0x00,0x00,0x7B,0xCB,0x00,0x00,0x00,0x00,0x43,
  0xFE,0x1F,0x00,0xD6,0x73,0x00,0x00,0x00,0x00,0x02,0xE3,0x7F,0x00,0x00,0x00,0x01,
  0xC2,0xF7,0x2A,0x00,0x00,0x00,0x00,0x00,0x00,0x6C,0xBA,0x5F,0xC8,0x03,0x00,0x00,
  0x00,0x00,0x00,0x00,0x00,0x00,0x00,0x00,0x00,0x00,0x00,0x00,0x00,0x00,0x9E,0xFA,
  0x15,0x00,0x00,0x00,0x00,0x00,0x00,0x08,0xF1,0xCA,0x72,0x00,0x00,0x00,0x00,0x00,
  0x00,0x55,0xEA,0x6D,0xD3,0x00,0x00,0x00,0x00,0x00,0x00,0xB1,0x9F,0x25,0xFF,0x35,
  0x00,0x00,0x00,0x00,0x12,0xF9,0x3F,0x00,0xC4,0x96,0x00,0x00,0x00,0x00,0x68,0xDC,
  0x01,0x00,0x5F,0xEF,0x08,0x00,0x00,0x00,0xC4,0xFF,0xFF,0xFF,0xFF,0xFF,0x5A,0x00,
  0x00,0x20,0xFE,0x23,0x00,0x00,0x00,0x9F,0xBB,0x00,0x00,0x7B,0xCB,0x00,0x00,0x00,
  0x00,0x43,0xFE,0x1F,0x00,0xD6,0x73,0x00,0x00,0x00,0x00,0x02,0xE3,0x7F,0x00,0x00,
  0x00,0x00,0x00,0x00,0x00,0x00,0x00,0x00,0x00,0x00,0x00,0x00,0x68,0xE4,0x00,0x00,
  0x00,0x00,0x00,0x00,0x00,0xA2,0xBE,0x00,0x00,0x00,0x00,0x00,0x00,0x00,0x0C,0xD9,
  0x2D,0x00,0x00,0x00,0x00,0x00,0x00,0x00,0x00,0x00,0x00,0x00,0x00,0x00,0xF8,0xFF,
  0xFF,0xFF,0xFF,0xFF,0xC0,0x00,0x00,0xF8,0x44,0x00,0x00,0x00,0x00,0x00,0x00,0x00,
  0xF8,0x44,0x00,0x00,0x00,0x00,0x00,0x00,0x00,0xF8,0x44,0x00,0x00,0x00,0x00,0x00,
  0x00,0x00,0xF8,0xFF,0xFF,0xFF,0xFF,0xFF,0x68,0x00,0x00,0xF8,0x44,0x00,0x00,0x00,
  0x00,0x00,0x00,0x00,0xF8,0x44,0x00,0x00,0x00,0x00,0x00,0x00,0x00,0xF8,0x44,0x00,
  0x00,0x00,0x00,0x00,0x00,0x00,0xF8,0x44,0x00,0x00,0x00,0x00,0x00,0x00,0x00,0xF8,
  0xFF,0xFF,0xFF,0xFF,0xFF,0xF8,0x00,0x00,0x00,0x00,0x00,0xCE,0x8E,0x00,0x00,0x00,
  0x00,0x00,0x00,0x3A,0xD4,0x08,0x00,0x00,0x00,0x00,0x00,0x00,0x00,0x00,0x00,0x00,
  0x00,0x00,0x00,0xF8,0xFF,0xFF,0xFF,0xFF,0xFF,0xC0,0x00,0x00,0xF8,0x44,0x00,0x00,
  0x00,0x00,0x00,0x00,0x00,0xF8,0x44,0x00,0x00,0x00,0x00,0x00,0x00,0x00,0xF8,0x44,
  0x00,0x00,0x00,0x00,0x00,0x00,0x00,0xF8,0xFF,0xFF,0xFF,0xFF,0xFF,0x68,0x00,0x00,
  0xF8,0x44,0x00,0x00,0x00,0x00,0x00,0x00,0x00,0xF8,0x44,0x00,0x00,0x00,0x00,0x00,
  0x00,0x00,0xF8,0x44,0x00,0x00,0x00,0x00,0x00,0x00,0x00,0xF8,0x44,0x00,0x00,0x00,
  0x00,0x00,0x00,0x00,0xF8,0xFF,0xFF,0xFF,0xFF,0xFF,0xF8,0x00,0x00,0x00,0x00,0x00,
  0x00,0x00,0x00,0x00,0x00,0x00,0x00,0x00,0xB4,0xFF,0xA9,0x00,0x00,0x00,0x00,0x00,
  0x00,0x00,0xB8,0x00,0x00,0x00,0x00,0x00,0x00,0x00,0x00,0x00,0x00,0x00,0x00,0x00,
  0x00,0xF8,0xFF,0xFF,0xFF,0xFF,0xFF,0xC0,0x00,0x00,0xF8,0x44,0x00,0x00,0x00,0x00,
  0x00,0x00,0x00,0xF8,0x44,0x00,0x00,0x00,0x00,0x00,0x00,0x00,0xF8,0x44,0x00,0x00,
  0x00,0x00,0x00,0x00,0x00,0xF8,0xFF,0xFF,0xFF,0xFF,0xFF,0x68,0x00,0x00,0xF8,0x44,
  0x00,0x00,0x00,0x00,0x00,0x00,0x00,0xF8,0x44,0x00,0x00,0x00,0x00,0x00,0x00,0x00,
  0xF8,0x44,0x00,0x00,0x00,0x00,0x00,0x00,0x00,0xF8,0x44,0x00,0x00,0x00,0x00,0x00,
  0x00,0x00,0xF8,0xFF,0xFF,0xFF,0xFF,0xFF,0xF8,0x00,0x00,0x00,0x25,0xE5,0x99,0x45,
  0xA4,0x00,0x00,0x00,0x00,0x7D,0x6D,0x76,0xED,0x45,0x00,0x00,0x00,0x00,0x00,0x00,
  0x00,0x00,0x00,0x00,0x00,0x00,0xF8,0xFF,0xFF,0xFF,0xFF,0xFF,0xC0,0x00,0x00,0xF8,
  0x44,0x00,0x00,0x00,0x00,0x00,0x00,0x00,0xF8,0x44,0x00,0x00,0x00,0x00,0x00,0x00,
  0x00,0xF8,0x44,0x00,0x00,0x00,0x00,0x00,0x00,0x00,0xF8,0xFF,0xFF,0xFF,0xFF,0xFF,
  0x68,0x00,0x00,0xF8,0x44,0x00,0x00,0x00,0x00,0x00,0x00,0x00,0xF8,0x44,0x00,0x00,
  0x00,0x00,0x00,0x00,0x00,0xF8,0x44,0x00,0x00,0x00,0x00,0x00,0x00,0x00,0xF8,0x44,
  0x00,0x00,0x00,0x00,0x00,0x00,0x00,0xF8,0xFF,0xFF,0xFF,0xFF,0xFF,0xF8,0x00,0x00,
  0xF8,0xFF,0xFF,0xFF,0xFF,0xFF,0xC0,0x00,0x00,0xF8,0x44,0x00,0x00,0x00,0x00,0x00,
  0x00,0x00,0xF8,0x44,0x00,0x00,0x00,0x00,0x00,0x00,0x00,0xF8,0x44,0x00,0x00,0x00,
  0x00,0x00,0x00,0x00,0xF8,0xFF,0xFF,0xFF,0xFF,0xFF,0x68,0x00,0x00,0xF8,0x44,0x00,
  0x00,0x00,0x00,0x00,0x00,0x00,0xF8,0x44,0x00,0x00,0x00,0x00,0x00,0x00,0x00,0xF8,
  0x44,0x00,0x00,0x00,0x00,0x00,0x00,0x00,0xF8,0x44,0x00,0x00,0x00,0x00,0x00,0x00,
  0x00,0xF8,0xFF,0xFF,0xFF,0xFF,0xFF,0xF8,0x00,0x00,0x00,0x00,0x00,0x00,0x00,0x00,
  0x00,0x00,0x00,0x00,0x00,0x28,0xFF,0x24,0x00,0x00,0x00,0x00,0x00,0x00,0x85,0xFF,
  0x66,0x00,0x00,0x00,0x00,0x00,0x37,0xF2,0x5B,0xEF,0x27,0x00,0x00,0x00,0x00,0x00,
  0x00,0x00,0x00,0x00,0x00,0x00,0x00,0xF8,0xFF,0xFF,0xFF,0xFF,0xFF,0xC0,0x00,0x00,
  0xF8,0x44,0x00,0x00,0x00,0x00,0x00,0x00,0x00,0xF8,0x44,0x00,0x00,0x00,0x00,0x00,
  0x00,0x00,0xF8,0x44,0x00,0x00,0x00,0x00,0x00,0x00,0x00,0xF8,0xFF,0xFF,0xFF,0xFF,
  0xFF,0x68,0x00,0x00,0xF8,0x44,0x00,0x00,0x00,0x00,0x00,0x00,0x00,0xF8,0x44,0x00,
  0x00,0x00,0x00,0x00,0x00,0x00,0xF8,0x44,0x00,0x00,0x00,0x00,0x00,0x00,0x00,0xF8,
  0x44,0x00,0x00,0x00,0x00,0x00,0x00,0x00,0xF8,0xFF,0xFF,0xFF,0xFF,0xFF,0xF8,0x00,
  0x00,0x00,0x0F,0xDF,0x5A,0x00,0x00,0x00,0x00,0x00,0x00,0x00,0xCC,0xFF,0x53,0x00,
  0x00,0x00,0x00,0x00,0x3D,0xDB,0x43,0xE1,0x12,0x00,0x00,0x00,0xF8,0xFF,0xFF,0xFF,
  0xFF,0xFF,0xC0,0x00,0x00,0xF8,0x44,0x00,0x00,0x00,0x00,0x00,0x00,0x00,0xF8,0x44,
  0x00,0x00,0x00,0x00,0x00,0x00,0x00,0xF8,0x44,0x00,0x00,0x00,0x00,0x00,0x00,0x00,
  0xF8,0xFF,0xFF,0xFF,0xFF,0xFF,0x68,0x00,0x00,0xF8,0x44,0x00,0x00,0x00,0x00,0x00,
  0x00,0x00,0xF8,0x44,0x00,0x00,0x00,0x00,0x00,0x00,0x00,0xF8,0x44,0x00,0x00,0x00,
  0x00,0x00,0x00,0x00,0xF8,0x44,0x00,0x00,0x00,0x00,0x00,0x00,0x00,0xF8,0xFF,0xFF,
  0xFF,0xFF,0xFF,0xF8,0x00,0x00,0x00,0x00,0x00,0x98,0xB0,0x00,0x00,0x00,0x00,0x00,
  0x00,0xA5,0xFF,0x66,0x00,0x00,0x00,0x00,0x00,0x3D,0xDB,0x43,0xE1,0x12,0x00,0x00,
  0x00,0xF8,0xFF,0xFF,0xFF,0xFF,0xFF,0xC0,0x00,0x00,0xF8,0x44,0x00,0x00,0x00,0x00,
  0x00,0x00,0x00,0xF8,0x44,0x00,0x00,0x00,0x00,0x00,0x00,0x00,0xF8,0x44,0x00,0x00,
  0x00,0x00,0x00,0x00,0x00,0xF8,0xFF,0xFF,0xFF,0xFF,0xFF,0x68,0x00,0x00,0xF8,0x44,
  0x00,0x00,0x00,0x00,0x00,0x00,0x00,0xF8,0x44,0x00,0x00,0x00,0x00,0x00,0x00,0x00,
  0xF8,0x44,0x00,0x00,0x00,0x00,0x00,0x00,0x00,0xF8,0x44,0x00,0x00,0x00,0x00,0x00,
  0x00,0x00,0xF8,0xFF,0xFF,0xFF,0xFF,0xFF,0xF8,0x00,0x00,0x00,0x00,0x00,0x00,0x00,
  0x00,0x00,0x00,0x00,0x00,0x00,0xC6,0xF1,0x6A,0x00,0x00,0x00,0x00,0x00,0x00,0x95,
  0xFF,0xD2,0x00,0x00,0x00,0x00,0x00,0x3D,0xDB,0x43,0xE1,0x12,0x00,0x00,0x00,0xF8,
  0xFF,0xFF,0xFF,0xFF,0xFF,0xC0,0x00,0x00,0xF8,0x44,0x00,0x00,0x00,0x00,0x00,0x00,
  0x00,0xF8,0x44,0x00,0x00,0x00,0x00,0x00,0x00,0x00,0xF8,0x44,0x00,0x00,0x00,0x00,
  0x00,0x00,0x00,0xF8,0xFF,0xFF,0xFF,0xFF,0xFF,0x68,0x00,0x00,0xF8,0x44,0x00,0x00,
  0x00,0x00,0x00,0x00,0x00,0xF8,0x44,0x00,0x00,0x00,0x00,0x00,0x00,0x00,0xF8,0x44,
  0x00,0x00,0x00,0x00,0x00,0x00,0x00,0xF8,0x44,0x00,0x00,0x00,0x00,0x00,0x00,0x00,
  0xF8,0xFF,0xFF,0xFF,0xFF,0xFF,0xF8,0x00,0x00,0x00,0x4D,0xED,0x76,0x44,0x71,0x00,
  0x00,0x00,0x00,0xA1,0xAF,0xFF,0xFF,0x26,0x00,0x00,0x00,0x00,0x3D,0xDB,0x43,0xE1,
  0x12,0x00,0x00,0x00,0xF8,0xFF,0xFF,0xFF,0xFF,0xFF,0xC0,0x00,0x00,0xF8,0x44,0x00,
  0x00,0x00,0x00,0x00,0x00,0x00,0xF8,0x44,0x00,0x00,0x00,0x00,0x00,0x00,0x00,0xF8,
  0x44,0x00,0x00,0x00,0x00,0x00,0x00,0x00,0xF8,0xFF,0xFF,0xFF,0xFF,0xFF,0x68,0x00,
  0x00,0xF8,0x44,0x00,0x00,0x00,0x00,0x00,0x00,0x00,0xF8,0x44,0x00,0x00,0x00,0x00,
  0x00,0x00,0x00,0xF8,0x44,0x00,0x00,0x00,0x00,0x00,0x00,0x00,0xF8,0x44,0x00,0x00,
  0x00,0x00,0x00,0x00,0x00,0xF8,0xFF,0xFF,0xFF,0xFF,0xFF,0xF8,0x00,0x00,0x00,0x00,
  0x95,0xFE,0x53,0x00,0x00,0x00,0x00,0x00,0x3D,0xDB,0x43,0xE1,0x12,0x00,0x00,0x00,
  0x00,0x00,0x00,0x00,0x00,0x00,0x00,0x00,0x00,0xF8,0xFF,0xFF,0xFF,0xFF,0xFF,0xC0,
  0x00,0x00,0xF8,0x44,0x00,0x00,0x00,0x00,0x00,0x00,0x00,0xF8,0x44,0x00,0x00,0x00,
  0x00,0x00,0x00,0x00,0xF8,0x44,0x00,0x00,0x00,0x00,0x00,0x00,0x00,0xF8,0xFF,0xFF,
  0xFF,0xFF,0xFF,0x68,0x00,0x00,0xF8,0x44,0x00,0x00,0x00,0x00,0x00,0x00,0x00,0xF8,
  0x44,0x00,0x00,0x00,0x00,0x00,0x00,0x00,0xF8,0x44,0x00,0x00,0x00,0x00,0x00,0x00,
  0x00,0xF8,0x44,0x00,0x00,0x00,0x00,0x00,0x00,0x00,0xF8,0xFF,0xFF,0xFF,0xFF,0xFF,
  0xF8,0x00,0x00,0x00,0x00,0x00,0x00,0x00,0x00,0x00,0x00,0x00,0x00,0x00,0x28,0xFF,
  0x24,0x00,0x00,0x00,0x4B,0xFA,0x1B,0x00,0x00,0x8E,0x84,0x00,0x00,0x00,0x00,0x00,
  0x00,0xC8,0x70,0x00,0x00,0xC8,0x70,0x00,0x00,0xC8,0x70,0x00,0x00,0xC8,0x70,0x00,
  0x00,0xC8,0x70,0x00,0x00,0xC8,0x70,0x00,0x00,0xC8,0x70,0x00,0x00,0xC8,0x70,0x00,
  0x00,0xC8,0x70,0x00,0x00,0xC8,0x70,0x00,0x00,0x7B,0xD8,0x0A,0x03,0xDE,0x35,0x00,
  0x00,0x00,0x00,0x00,0x00,0xC8,0x70,0x00,0x00,0xC8,0x70,0x00,0x00,0xC8,0x70,0x00,
  0x00,0xC8,0x70,0x00,0x00,0xC8,0x70,0x00,0x00,0xC8,0x70,0x00,0x00,0xC8,0x70,0x00,
  0x00,0xC8,0x70,0x00,0x00,0xC8,0x70,0x00,0x00,0xC8,0x70,0x00,0x00,0x00,0x00,0x00,
  0x4E,0xFF,0xFF,0x2C,0x00,0x7C,0x3C,0x00,0x00,0x00,0x00,0x00,0x00,0xC8,0x70,0x00,
  0x00,0xC8,0x70,0x00,0x00,0xC8,0x70,0x00,0x00,0xC8,0x70,0x00,0x00,0xC8,0x70,0x00,
  0x00,0xC8,0x70,0x00,0x00,0xC8,0x70,0x00,0x00,0xC8,0x70,0x00,0x00,0xC8,0x70,0x00,
  0x00,0xC8,0x70,0x00,0x0F,0xD6,0xB3,0x29,0xCB,0x55,0x93,0x59,0xEA,0x67,0x00,0x00,
  0x00,0x00,0x00,0x00,0x00,0xC8,0x70,0x00,0x00,0x00,0xC8,0x70,0x00,0x00,0x00,0xC8,
  0x70,0x00,0x00,0x00,0xC8,0x70,0x00,0x00,0x00,0xC8,0x70,0x00,0x00,0x00,0xC8,0x70,
  0x00,0x00,0x00,0xC8,0x70,0x00,0x00,0x00,0xC8,0x70,0x00,0x00,0x00,0xC8,0x70,0x00,
  0x00,0x00,0xC8,0x70,0x00,0x00,0xC8,0x70,0x00,0x00,0xC8,0x70,0x00,0x00,0xC8,0x70,
  0x00,0x00,0xC8,0x70,0x00,0x00,0xC8,0x70,0x00,0x00,0xC8,0x70,0x00,0x00,0xC8,0x70,
  0x00,0x00,0xC8,0x70,0x00,0x00,0xC8,0x70,0x00,0x00,0xC8,0x70,0x00,0x00,0x00,0x00,
  0x00,0x00,0xD0,0x7C,0x00,0x00,0x00,0x00,0x3A,0xFB,0x2B,0x00,0x00,0x00,0x00,0x00,
  0x00,0x00,0x00,0x7A,0x98,0x00,0x00,0x00,0x00,0x00,0x00,0x00,0x00,0x00,0x00,0x00,
  0x00,0x00,0x00,0x00,0x00,0x34,0xB6,0xF1,0xF1,0xBD,0x42,0x00,0x00,0x00,0x3F,0xF3,
  0x7F,0x1E,0x0F,0x64,0xF2,0x58,0x00,0x01,0xD9,0x77,0x00,0x00,0x00,0x00,0x5D,0xEF,
  0x0B,0x30,0xFF,0x14,0x00,0x00,0x00,0x00,0x04,0xEE,0x54,0x56,0xED,0x00,0x00,0x00,
  0x00,0x00,0x00,0xC7,0x7A,0x55,0xF1,0x00,0x00,0x00,0x00,0x00,0x00,0xCE,0x7A,0x2F,
  0xFF,0x17,0x00,0x00,0x00,0x00,0x03,0xF0,0x55,0x00,0xD3,0x88,0x00,0x00,0x00,0x00,
  0x63,0xF0,0x0C,0x00,0x39,0xF1,0x76,0x12,0x0C,0x5E,0xF0,0x5C,0x00,0x00,0x00,0x2E,
  0xAF,0xED,0xF2,0xBE,0x44,0x00,0x00,0x00,0x00,0x00,0x00,0x18,0xF9,0x4B,0x00,0x00,
  0x00,0x00,0x00,0x00,0x00,0x7E,0x98,0x00,0x00,0x00,0x00,0x00,0x00,0x00,0x00,0x00,
  0x00,0x00,0x00,0x00,0x00,0x00,0x00,0x34,0xB6,0xF1,0xF1,0xBD,0x42,0x00,0x00,0x00,
  0x3F,0xF3,0x7F,0x1E,0x0F,0x64,0xF2,0x58,0x00,0x01,0xD9,0x77,0x00,0x00,0x00,0x00,
  0x5D,0xEF,0x0B,0x30,0xFF,0x14,0x00,0x00,0x00,0x00,0x04,0xEE,0x54,0x56,0xED,0x00,
  0x00,0x00,0x00,0x00,0x00,0xC7,0x7A,0x55,0xF1,0x00,0x00,0x00,0x00,0x00,0x00,0xCE,
  0x7A,0x2F,0xFF,0x17,0x00,0x00,0x00,0x00,0x03,0xF0,0x55,0x00,0xD3,0x88,0x00,0x00,
  0x00,0x00,0x63,0xF0,0x0C,0x00,0x39,0xF1,0x76,0x12,0x0C,0x5E,0xF0,0x5C,0x00,0x00,
  0x00,0x2E,0xAF,0xED,0xF2,0xBE,0x44,0x00,0x00,0x00,0x00,0x00,0x00,0x00,0x00,0x00,
  0x00,0x00,0x00,0x00,0x00,0x00,0x15,0xFF,0xFF,0x59,0x00,0x00,0x00,0x00,0x00,0x00,
  0x00,0x40,0x78,0x00,0x00,0x00,0x00,0x00,0x00,0x00,0x00,0x00,0x00,0x00,0x00,0x00,
  0x00,0x00,0x00,0x34,0xB6,0xF1,0xF1,0xBD,0x42,0x00,0x00,0x00,0x3F,0xF3,0x7F,0x1E,
  0x0F,0x64,0xF2,0x58,0x00,0x01,0xD9,0x77,0x00,0x00,0x00,0x00,0x5D,0xEF,0x0B,0x30,
  0xFF,0x14,0x00,0x00,0x00,0x00,0x04,0xEE,0x54,0x56,0xED,0x00,0x00,0x00,0x00,0x00,
  0x00,0xC7,0x7A,0x55,0xF1,0x00,0x00,0x00,0x00,0x00,0x00,0xCE,0x7A,0x2F,0xFF,0x17,
  0x00,0x00,0x00,0x00,0x03,0xF0,0x55,0x00,0xD3,0x88,0x00,0x00,0x00,0x00,0x63,0xF0,
  0x0C,0x00,0x39,0xF1,0x76,0x12,0x0C,0x5E,0xF0,0x5C,0x00,0x00,0x00,0x2E,0xAF,0xED,
  0xF2,0xBE,0x44,0x00,0x00,0x00,0x00,0x00,0x90,0xDF,0x3D,0xBC,0x24,0x00,0x00,0x00,
  0x00,0x02,0xDF,0x2B,0xCB,0xBA,0x00,0x00,0x00,0x00,0x00,0x00,0x00,0x00,0x00,0x00,
  0x00,0x00,0x00,0x00,0x00,0x34,0xB6,0xF1,0xF1,0xBD,0x42,0x00,0x00,0x00,0x3F,0xF3,
  0x7F,0x1E,0x0F,0x64,0xF2,0x58,0x00,0x01,0xD9,0x77,0x00,0x00,0x00,0x00,0x5D,0xEF,
  0x0B,0x30,0xFF,0x14,0x00,0x00,0x00,0x00,0x04,0xEE,0x54,0x56,0xED,0x00,0x00,0x00,
  0x00,0x00,0x00,0xC7,0x7A,0x55,0xF1,0x00,0x00,0x00,0x00,0x00,0x00,0xCE,0x7A,0x2F,
  0xFF,0x17,0x00,0x00,0x00,0x00,0x03,0xF0,0x55,0x00,0xD3,0x88,0x00,0x00,0x00,0x00,
  0x63,0xF0,0x0C,0x00,0x39,0xF1,0x76,0x12,0x0C,0x5E,0xF0,0x5C,0x00,0x00,0x00,0x2E,
  0xAF,0xED,0xF2,0xBE,0x44,0x00,0x00,0x00,0x00,0x34,0xB6,0xF1,0xF1,0xBD,0x42,0x00,
  0x00,0x00,0x3F,0xF3,0x7F,0x1E,0x0F,0x64,0xF2,0x58,0x00,0x01,0xD9,0x77,0x00,0x00,
  0x00,0x00,0x5D,0xEF,0x0B,0x30,0xFF,0x14,0x00,0x00,0x00,0x00,0x04,0xEE,0x54,0x56,
  0xED,0x00,0x00,0x00,0x00,0x00,0x00,0xC7,0x7A,0x55,0xF1,0x00,0x00,0x00,0x00,0x00,
  0x00,0xCE,0x7A,0x2F,0xFF,0x17,0x00,0x00,0x00,0x00,0x03,0xF0,0x55,0x00,0xD3,0x88,
  0x00,0x00,0x00,0x00,0x63,0xF0,0x0C,0x00,0x39,0xF1,0x76,0x12,0x0C,0x5E,0xF0,0x5C,
  0x00,0x00,0x00,0x2E,0xAF,0xED,0xF2,0xBE,0x44,0x00,0x00,0x00,0x00,0x00,0x00,0x00,
  0x00,0x00,0x00,0x00,0x00,0x00,0x00,0x00,0x00,0xA4,0xA8,0x00,0x00,0x00,0x00,0x00,
  0x00,0x00,0x0E,0xE1,0xE6,0x13,0x00,0x00,0x00,0x00,0x00,0x00,0xA0,0xB3,0x99,0xAF,
  0x00,0x00,0x00,0x00,0x00,0x00,0x00,0x00,0x00,0x00,0x00,0x00,0x00,0x00,0x00,0x34,
  0xB6,0xF1,0xF1,0xBD,0x42,0x00,0x00,0x00,0x3F,0xF3,0x7F,0x1E,0x0F,0x64,0xF2,0x58,
  0x00,0x01,0xD9,0x77,0x00,0x00,0x00,0x00,0x5D,0xEF,0x0B,0x30,0xFF,0x14,0x00,0x00,
  0x00,0x00,0x04,0xEE,0x54,0x56,0xED,0x00,0x00,0x00,0x00,0x00,0x00,0xC7,0x7A,0x55,
  0xF1,0x00,0x00,0x00,0x00,0x00,0x00,0xCE,0x7A,0x2F,0xFF,0x17,0x00,0x00,0x00,0x00,
  0x03,0xF0,0x55,0x00,0xD3,0x88,0x00,0x00,0x00,0x00,0x63,0xF0,0x0C,0x00,0x39,0xF1,
  0x76,0x12,0x0C,0x5E,0xF0,0x5C,0x00,0x00,0x00,0x2E,0xAF,0xED,0xF2,0xBE,0x44,0x00,
  0x00,0x00,0x00,0x00,0x3A,0xF5,0x18,0x00,0x00,0x00,0x00,0x00,0x00,0x00,0x06,0xFF,
  0xFF,0x1B,0x00,0x00,0x00,0x00,0x00,0x00,0x84,0xA4,0x75,0xB3,0x00,0x00,0x00,0x00,
  0x00,0x34,0xB6,0xF1,0xF1,0xBD,0x42,0x00,0x00,0x00,0x3F,0xF3,0x7F,0x1E,0x0F,0x64,
  0xF2,0x58,0x00,0x01,0xD9,0x77,0x00,0x00,0x00,0x00,0x5D,0xEF,0x0B,0x30,0xFF,0x14,
  0x00,0x00,0x00,0x00,0x04,0xEE,0x54,0x56,0xED,0x00,0x00,0x00,0x00,0x00,0x00,0xC7,
  0x7A,0x55,0xF1,0x00,0x00,0x00,0x00,0x00,0x00,0xCE,0x7A,0x2F,0xFF,0x17,0x00,0x00,
  0x00,0x00,0x03,0xF0,0x55,0x00,0xD3,0x88,0x00,0x00,0x00,0x00,0x63,0xF0,0x0C,0x00,
  0x39,0xF1,0x76,0x12,0x0C,0x5E,0xF0,0x5C,0x00,0x00,0x00,0x2E,0xAF,0xED,0xF2,0xBE,
  0x44,0x00,0x00,0x00,0x00,0x00,0x00,0x02,0xDD,0x69,0x00,0x00,0x00,0x00,0x00,0x00,
  0x06,0xFF,0xFF,0x1B,0x00,0x00,0x00,0x00,0x00,0x00,0x84,0xA4,0x75,0xB3,0x00,0x00,
  0x00,0x00,0x00,0x34,0xB6,0xF1,0xF1,0xBD,0x42,0x00,0x00,0x00,0x3F,0xF3,0x7F,0x1E,
  0x0F,0x64,0xF2,0x58,0x00,0x01,0xD9,0x77,0x00,0x00,0x00,0x00,0x5D,0xEF,0x0B,0x30,
  0xFF,0x14,0x00,0x00,0x00,0x00,0x04,0xEE,0x54,0x56,0xED,0x00,0x00,0x00,0x00,0x00,
  0x00,0xC7,0x7A,0x55,0xF1,0x00,0x00,0x00,0x00,0x00,0x00,0xCE,0x7A,0x2F,0xFF,0x17,
  0x00,0x00,0x00,0x00,0x03,0xF0,0x55,0x00,0xD3,0x88,0x00,0x00,0x00,0x00,0x63,0xF0,
  0x0C,0x00,0x39,0xF1,0x76,0x12,0x0C,0x5E,0xF0,0x5C,0x00,0x00,0x00,0x2E,0xAF,0xED,
  0xF2,0xBE,0x44,0x00,0x00,0x00,0x00,0x00,0x00,0x00,0x00,0x00,0x00,0x00,0x00,0x00,
  0x00,0x00,0x06,0xFC,0xE5,0x3A,0x00,0x00,0x00,0x00,0x00,0x00,0x06,0xFF,0xFF,0x65,
  0x00,0x00,0x00,0x00,0x00,0x00,0x84,0xA4,0x75,0xB3,0x00,0x00,0x00,0x00,0x00,0x34,
  0xB6,0xF1,0xF1,0xBD,0x42,0x00,0x00,0x00,0x3F,0xF3,0x7F,0x1E,0x0F,0x64,0xF2,0x58,
  0x00,0x01,0xD9,0x77,0x00,0x00,0x00,0x00,0x5D,0xEF,0x0B,0x30,0xFF,0x14,0x00,0x00,
  0x00,0x00,0x04,0xEE,0x54,0x56,0xED,0x00,0x00,0x00,0x00,0x00,0x00,0xC7,0x7A,0x55,
  0xF1,0x00,0x00,0x00,0x00,0x00,0x00,0xCE,0x7A,0x2F,0xFF,0x17,0x00,0x00,0x00,0x00,
  0x03,0xF0,0x55,0x00,0xD3,0x88,0x00,0x00,0x00,0x00,0x63,0xF0,0x0C,0x00,0x39,0xF1,
  0x76,0x12,0x0C,0x5E,0xF0,0x5C,0x00,0x00,0x00,0x2E,0xAF,0xED,0xF2,0xBE,0x44,0x00,
  0x00,0x00,0x00,0x00,0x86,0xE3,0x4A,0x80,0x31,0x00,0x00,0x00,0x00,0x00,0xB2,0xFA,
  0xFF,0xE8,0x04,0x00,0x00,0x00,0x00,0x00,0x84,0xA4,0x75,0xB3,0x00,0x00,0x00,0x00,
  0x00,0x34,0xB6,0xF1,0xF1,0xBD,0x42,0x00,0x00,0x00,0x3F,0xF3,0x7F,0x1E,0x0F,0x64,
  0xF2,0x58,0x00,0x01,0xD9,0x77,0x00,0x00,0x00,0x00,0x5D,0xEF,0x0B,0x30,0xFF,0x14,
  0x00,0x00,0x00,0x00,0x04,0xEE,0x54,0x56,0xED,0x00,0x00,0x00,0x00,0x00,0x00,0xC7,
  0x7A,0x55,0xF1,0x00,0x00,0x00,0x00,0x00,0x00,0xCE,0x7A,0x2F,0xFF,0x17,0x00,0x00,
  0x00,0x00,0x03,0xF0,0x55,0x00,0xD3,0x88,0x00,0x00,0x00,0x00,0x63,0xF0,0x0C,0x00,
  0x39,0xF1,0x76,0x12,0x0C,0x5E,0xF0,0x5C,0x00,0x00,0x00,0x2E,0xAF,0xED,0xF2,0xBE,
  0x44,0x00,0x00,0x00,0x00,0x00,0x06,0xD5,0xEE,0x1B,0x00,0x00,0x00,0x00,0x00,0x00,
  0x84,0xA4,0x75,0xB3,0x00,0x00,0x00,0x00,0x00,0x00,0x00,0x00,0x00,0x00,0x00,0x00,
  0x00,0x00,0x00,0x34,0xB6,0xF1,0xF1,0xBD,0x42,0x00,0x00,0x00,0x3F,0xF3,0x7F,0x1E,
  0x0F,0x64,0xF2,0x58,0x00,0x01,0xD9,0x77,0x00,0x00,0x00,0x00,0x5D,0xEF,0x0B,0x30,
  0xFF,0x14,0x00,0x00,0x00,0x00,0x04,0xEE,0x54,0x56,0xED,0x00,0x00,0x00,0x00,0x00,
  0x00,0xC7,0x7A,0x55,0xF1,0x00,0x00,0x00,0x00,0x00,0x00,0xCE,0x7A,0x2F,0xFF,0x17,
  0x00,0x00,0x00,0x00,0x03,0xF0,0x55,0x00,0xD3,0x88,0x00,0x00,0x00,0x00,0x63,0xF0,
  0x0C,0x00,0x39,0xF1,0x76,0x12,0x0C,0x5E,0xF0,0x5C,0x00,0x00,0x00,0x2E,0xAF,0xED,
  0xF2,0xBE,0x44,0x00,0x00,0x00,0x00,0x00,0x00,0x00,0x00,0x00,0x00,0x00,0x00,0x00,
  0x00,0x00,0x00,0xA4,0xA8,0x00,0x00,0x00,0x00,0x00,0x00,0x34,0xB7,0xF2,0xF2,0xC5,
  0x58,0x00,0x64,0xD7,0x00,0x3C,0xF3,0x7B,0x1D,0x0F,0x64,0xF5,0x88,0x01,0xA9,0x01,
  0xD5,0x7E,0x00,0x00,0x00,0x00,0x58,0xFE,0x9D,0x37,0x2E,0xFF,0x18,0x00,0x00,0x00,
  0x00,0x02,0xEC,0x69,0x00,0x55,0xEE,0x00,0x00,0x00,0x00,0x00,0x00,0xC7,0x80,0x00,
  0x55,0xF1,0x00,0x00,0x00,0x00,0x00,0x00,0xCE,0x72,0x00,0x2F,0xFF,0x19,0x00,0x00,
  0x00,0x00,0x03,0xF0,0x43,0x00,0x00,0xD3,0x89,0x00,0x00,0x00,0x00,0x63,0xE1,0x04,
  0x00,0x00,0x39,0xF1,0x74,0x12,0x0B,0x5D,0xEB,0x46,0x00,0x00,0x00,0x00,0x2E,0xAF,
  0xED,0xF1,0xB8,0x37,0x00,0x00,0x00,0x00,0x00,0x00,0x3A,0xFB,0x2B,0x00,0x00,0x00,
  0x00,0x00,0x00,0x00,0x00,0x00,0x7A,0x98,0x00,0x00,0x00,0x00,0x00,0x00,0x00,0x00,
  0x00,0x00,0x00,0x00,0x00,0x00,0x00,0x00,0x00,0x00,0x34,0xB7,0xF2,0xF2,0xC5,0x58,
  0x00,0x64,0xD7,0x00,0x3C,0xF3,0x7B,0x1D,0x0F,0x64,0xF5,0x88,0x01,0xA9,0x01,0xD5,
  0x7E,0x00,0x00,0x00,0x00,0x58,0xFE,0x9D,0x37,0x2E,0xFF,0x18,0x00,0x00,0x00,0x00,
  0x02,0xEC,0x69,0x00,0x55,0xEE,0x00,0x00,0x00,0x00,0x00,0x00,0xC7,0x80,0x00,0x55,
  0xF1,0x00,0x00,0x00,0x00,0x00,0x00,0xCE,0x72,0x00,0x2F,0xFF,0x19,0x00,0x00,0x00,
  0x00,0x03,0xF0,0x43,0x00,0x00,0xD3,0x89,0x00,0x00,0x00,0x00,0x63,0xE1,0x04,0x00,
  0x00,0x39,0xF1,0x74,0x12,0x0B,0x5D,0xEB,0x46,0x00,0x00,0x00,0x00,0x2E,0xAF,0xED,
  0xF1,0xB8,0x37,0x00,0x00,0x00,0x00,0x00,0x00,0x00,0x18,0xF9,0x4B,0x00,0x00,0x00,
  0x00,0x00,0x00,0x00,0x00,0x7E,0x98,0x00,0x00,0x00,0x00,0x00,0x00,0x00,0x00,0x00,
  0x00,0x00,0x00,0x00,0x00,0x00,0x00,0x00,0x00,0x34,0xB7,0xF2,0xF2,0xC5,0x58,0x00,
  0x64,0xD7,0x00,0x3C,0xF3,0x7B,0x1D,0x0F,0x64,0xF5,0x88,0x01,0xA9,0x01,0xD5,0x7E,
  0x00,0x00,0x00,0x00,0x58,0xFE,0x9D,0x37,0x2E,0xFF,0x18,0x00,0x00,0x00,0x00,0x02,
  0xEC,0x69,0x00,0x55,0xEE,0x00,0x00,0x00,0x00,0x00,0x00,0xC7,0x80,0x00,0x55,0xF1,
  0x00,0x00,0x00,0x00,0x00,0x00,0xCE,0x72,0x00,0x2F,0xFF,0x19,0x00,0x00,0x00,0x00,
  0x03,0xF0,0x43,0x00,0x00,0xD3,0x89,0x00,0x00,0x00,0x00,0x63,0xE1,0x04,0x00,0x00,
  0x39,0xF1,0x74,0x12,0x0B,0x5D,0xEB,0x46,0x00,0x00,0x00,0x00,0x2E,0xAF,0xED,0xF1,
  0xB8,0x37,0x00,0x00,0x00,0x00,0x00,0x00,0x00,0x00,0x00,0x00,0x00,0x00,0x00,0x00,
  0x00,0x00,0x00,0x15,0xFF,0xFF,0x59,0x00,0x00,0x00,0x00,0x00,0x00,0x00,0x00,0x40,
  0x78,0x00,0x00,0x00,0x00,0x00,0x00,0x00,0x00,0x00,0x00,0x00,0x00,0x00,0x00,0x00,
  0x00,0x00,0x00,0x34,0xB7,0xF2,0xF2,0xC5,0x58,0x00,0x64,0xD7,0x00,0x3C,0xF3,0x7B,
  0x1D,0x0F,0x64,0xF5,0x88,0x01,0xA9,0x01,0xD5,0x7E,0x00,0x00,0x00,0x00,0x58,0xFE,
  0x9D,0x37,0x2E,0xFF,0x18,0x00,0x00,0x00,0x00,0x02,0xEC,0x69,0x00,0x55,0xEE,0x00,
  0x00,0x00,0x00,0x00,0x00,0xC7,0x80,0x00,0x55,0xF1,0x00,0x00,0x00,0x00,0x00,0x00,
  0xCE,0x72,0x00,0x2F,0xFF,0x19,0x00,0x00,0x00,0x00,0x03,0xF0,0x43,0x00,0x00,0xD3,
  0x89,0x00,0x00,0x00,0x00,0x63,0xE1,0x04,0x00,0x00,0x39,0xF1,0x74,0x12,0x0B,0x5D,
  0xEB,0x46,0x00,0x00,0x00,0x00,0x2E,0xAF,0xED,0xF1,0xB8,0x37,0x00,0x00,0x00,0x00,
  0x00,0x00,0x90,0xDF,0x3D,0xBC,0x24,0x00,0x00,0x00,0x00,0x00,0x02,0xDF,0x2B,0xCB,
  0xBA,0x00,0x00,0x00,0x00,0x00,0x00,0x00,0x00,0x00,0x00,0x00,0x00,0x00,0x00,0x00,
  0x00,0x00,0x34,0xB7,0xF2,0xF2,0xC5,0x58,0x00,0x64,0xD7,0x00,0x3C,0xF3,0x7B,0x1D,
  0x0F,0x64,0xF5,0x88,0x01,0xA9,0x01,0xD5,0x7E,0x00,0x00,0x00,0x00,0x58,0xFE,0x9D,
  0x37,0x2E,0xFF,0x18,0x00,0x00,0x00,0x00,0x02,0xEC,0x69,0x00,0x55,0xEE,0x00,0x00,
  0x00,0x00,0x00,0x00,0xC7,0x80,0x00,0x55,0xF1,0x00,0x00,0x00,0x00,0x00,0x00,0xCE,
  0x72,0x00,0x2F,0xFF,0x19,0x00,0x00,0x00,0x00,0x03,0xF0,0x43,0x00,0x00,0xD3,0x89,
  0x00,0x00,0x00,0x00,0x63,0xE1,0x04,0x00,0x00,0x39,0xF1,0x74,0x12,0x0B,0x5D,0xEB,
  0x46,0x00,0x00,0x00,0x00,0x2E,0xAF,0xED,0xF1,0xB8,0x37,0x00,0x00,0x00,0x00,0x00,
  0x34,0xB7,0xF2,0xF2,0xC5,0x58,0x00,0x64,0xD7,0x00,0x3C,0xF3,0x7B,0x1D,0x0F,0x64,
  0xF5,0x88,0x01,0xA9,0x01,0xD5,0x7E,0x00,0x00,0x00,0x00,0x58,0xFE,0x9D,0x37,0x2E,
  0xFF,0x18,0x00,0x00,0x00,0x00,0x02,0xEC,0x69,0x00,0x55,0xEE,0x00,0x00,0x00,0x00,
  0x00,0x00,0xC7,0x80,0x00,0x55,0xF1,0x00,0x00,0x00,0x00,0x00,0x00,0xCE,0x72,0x00,
  0x2F,0xFF,0x19,0x00,0x00,0x00,0x00,0x03,0xF0,0x43,0x00,0x00,0xD3,0x89,0x00,0x00,
  0x00,0x00,0x63,0xE1,0x04,0x00,0x00,0x39,0xF1,0x74,0x12,0x0B,0x5D,0xEB,0x46,0x00,
  0x00,0x00,0x00,0x2E,0xAF,0xED,0xF1,0xB8,0x37,0x00,0x00,0x00,0x00,0x00,0x00,0x00,
  0x00,0x00,0x00,0x00,0x00,0x00,0x00,0x00,0x00,0x00,0x00,0xA4,0xA8,0x00,0x00,0x00,
  0x00,0x00,0x00,0x00,0x00,0x9B,0xC6,0x00,0x00,0x00,0x00,0x00,0x00,0x00,0x09,0xD4,
  0x34,0x00,0x00,0x00,0x00,0x00,0x00,0x00,0x00,0x00,0x00,0x00,0x00,0x00,0xFC,0x40,
  0x00,0x00,0x00,0x00,0xE4,0x58,0x00,0xFC,0x40,0x00,0x00,0x00,0x00,0xE4,0x58,0x00,
  0xFC,0x40,0x00,0x00,0x00,0x00,0xE4,0x58,0x00,0xFC,0x40,0x00,0x00,0x00,0x00,0xE4,
  0x58,0x00,0xFC,0x40,0x00,0x00,0x00,0x00,0xE4,0x58,0x00,0xFB,0x40,0x00,0x00,0x00,
  0x00,0xE4,0x57,0x00,0xEF,0x48,0x00,0x00,0x00,0x00,0xEE,0x4B,0x00,0xCA,0x70,0x00,
  0x00,0x00,0x17,0xFF,0x24,0x00,0x69,0xE6,0x3E,0x07,0x24,0xB1,0xBE,0x00,0x00,0x00,
  0x70,0xD8,0xF8,0xE9,0x9C,0x10,0x00,0x00,0x00,0x00,0x00,0x7B,0xD8,0x0A,0x00,0x00,
  0x00,0x00,0x00,0x03,0xDE,0x35,0x00,0x00,0x00,0x00,0x00,0x00,0x00,0x00,0x00,0x00,
  0x00,0x00,0x00,0xFC,0x40,0x00,0x00,0x00,0x00,0xE4,0x58,0x00,0xFC,0x40,0x00,0x00,
  0x00,0x00,0xE4,0x58,0x00,0xFC,0x40,0x00,0x00,0x00,0x00,0xE4,0x58,0x00,0xFC,0x40,
  0x00,0x00,0x00,0x00,0xE4,0x58,0x00,0xFC,0x40,0x00,0x00,0x00,0x00,0xE4,0x58,0x00,
  0xFB,0x40,0x00,0x00,0x00,0x00,0xE4,0x57,0x00,0xEF,0x48,0x00,0x00,0x00,0x00,0xEE,
  0x4B,0x00,0xCA,0x70,0x00,0x00,0x00,0x17,0xFF,0x24,0x00,0x69,0xE6,0x3E,0x07,0x24,
  0xB1,0xBE,0x00,0x00,0x00,0x70,0xD8,0xF8,0xE9,0x9C,0x10,0x00,0x00,0x00,0x00,0x00,
  0x00,0x00,0x00,0x00,0x00,0x00,0x00,0x00,0x95,0xFF,0xC2,0x05,0x00,0x00,0x00,0x00,
  0x00,0x00,0xB8,0x00,0x00,0x00,0x00,0x00,0x00,0x00,0x00,0x00,0x00,0x00,0x00,0x00,
  0x00,0xFC,0x40,0x00,0x00,0x00,0x00,0xE4,0x58,0x00,0xFC,0x40,0x00,0x00,0x00,0x00,
  0xE4,0x58,0x00,0xFC,0x40,0x00,0x00,0x00,0x00,0xE4,0x58,0x00,0xFC,0x40,0x00,0x00,
  0x00,0x00,0xE4,0x58,0x00,0xFC,0x40,0x00,0x00,0x00,0x00,0xE4,0x58,0x00,0xFB,0x40,
  0x00,0x00,0x00,0x00,0xE4,0x57,0x00,0xEF,0x48,0x00,0x00,0x00,0x00,0xEE,0x4B,0x00,
  0xCA,0x70,0x00,0x00,0x00,0x17,0xFF,0x24,0x00,0x69,0xE6,0x3E,0x07,0x24,0xB1,0xBE,
  0x00,0x00,0x00,0x70,0xD8,0xF8,0xE9,0x9C,0x10,0x00,0x00,0x00,0x04,0xC5,0xC4,0x27,
  0xD7,0x00,0x00,0x00,0x00,0x39,0xAF,0x46,0xE4,0x81,0x00,0x00,0x00,0x00,0x00,0x00,
  0x00,0x00,0x00,0x00,0x00,0x00,0xFC,0x40,0x00,0x00,0x00,0x00,0xE4,0x58,0x00,0xFC,
  0x40,0x00,0x00,0x00,0x00,0xE4,0x58,0x00,0xFC,0x40,0x00,0x00,0x00,0x00,0xE4,0x58,
  0x00,0xFC,0x40,0x00,0x00,0x00,0x00,0xE4,0x58,0x00,0xFC,0x40,0x00,0x00,0x00,0x00,
  0xE4,0x58,0x00,0xFB,0x40,0x00,0x00,0x00,0x00,0xE4,0x57,0x00,0xEF,0x48,0x00,0x00,
  0x00,0x00,0xEE,0x4B,0x00,0xCA,0x70,0x00,0x00,0x00,0x17,0xFF,0x24,0x00,0x69,0xE6,
  0x3E,0x07,0x24,0xB1,0xBE,0x00,0x00,0x00,0x70,0xD8,0xF8,0xE9,0x9C,0x10,0x00,0x00,
  0xFC,0x40,0x00,0x00,0x00,0x00,0xE4,0x58,0x00,0xFC,0x40,0x00,0x00,0x00,0x00,0xE4,
  0x58,0x00,0xFC,0x40,0x00,0x00,0x00,0x00,0xE4,0x58,0x00,0xFC,0x40,0x00,0x00,0x00,
  0x00,0xE4,0x58,0x00,0xFC,0x40,0x00,0x00,0x00,0x00,0xE4,0x58,0x00,0xFB,0x40,0x00,
  0x00,0x00,0x00,0xE4,0x57,0x00,0xEF,0x48,0x00,0x00,0x00,0x00,0xEE,0x4B,0x00,0xCA,
  0x70,0x00,0x00,0x00,0x17,0xFF,0x24,0x00,0x69,0xE6,0x3E,0x07,0x24,0xB1,0xBE,0x00,
  0x00,0x00,0x70,0xD8,0xF8,0xE9,0x9C,0x10,0x00,0x00,0x00,0x00,0x00,0x00,0x00,0x00,
  0x00,0x00,0x00,0x00,0x00,0x04,0xFF,0x48,0x00,0x00,0x00,0x00,0xFC,0x40,0x00,0x00,
  0x00,0x00,0xE4,0x58,0xA8,0x94,0x00,0xFC,0x40,0x00,0x00,0x00,0x00,0xE4,0x58,0x13,
  0x8E,0x00,0xFC,0x40,0x00,0x00,0x00,0x00,0xE4,0x58,0x62,0x62,0x00,0xFC,0x40,0x00,
  0x00,0x00,0x00,0xE4,0xCC,0x96,0x04,0x00,0xFC,0x40,0x00,0x00,0x00,0x00,0xE4,0x58,
  0x00,0x00,0x00,0xFB,0x40,0x00,0x00,0x00,0x00,0xE4,0x57,0x00,0x00,0x00,0xEF,0x49,
  0x00,0x00,0x00,0x00,0xEE,0x4D,0x00,0x00,0x00,0xCA,0x72,0x00,0x00,0x00,0x18,0xFF,
  0x2B,0x00,0x00,0x00,0x68,0xE6,0x3D,0x07,0x23,0xB0,0xC8,0x01,0x00,0x00,0x00,0x00,
  0x6F,0xD9,0xF8,0xE9,0x9F,0x13,0x00,0x00,0x00,0x00,0x00,0x00,0x9B,0xC6,0x00,0x00,
  0x00,0x00,0x00,0x00,0x00,0x00,0x00,0x09,0xD4,0x34,0x00,0x00,0x00,0x00,0x00,0x00,
  0x00,0x00,0x00,0x00,0x00,0x00,0x00,0x00,0x00,0x00,0x00,0xFC,0x40,0x00,0x00,0x00,
  0x00,0xE4,0x58,0xA8,0x94,0x00,0xFC,0x40,0x00,0x00,0x00,0x00,0xE4,0x58,0x13,0x8E,
  0x00,0xFC,0x40,0x00,0x00,0x00,0x00,0xE4,0x58,0x62,0x62,0x00,0xFC,0x40,0x00,0x00,
  0x00,0x00,0xE4,0xCC,0x96,0x04,0x00,0xFC,0x40,0x00,0x00,0x00,0x00,0xE4,0x58,0x00,
  0x00,0x00,0xFB,0x40,0x00,0x00,0x00,0x00,0xE4,0x57,0x00,0x00,0x00,0xEF,0x49,0x00,
  0x00,0x00,0x00,0xEE,0x4D,0x00,0x00,0x00,0xCA,0x72,0x00,0x00,0x00,0x18,0xFF,0x2B,
  0x00,0x00,0x00,0x68,0xE6,0x3D,0x07,0x23,0xB0,0xC8,0x01,0x00,0x00,0x00,0x00,0x6F,
  0xD9,0xF8,0xE9,0x9F,0x13,0x00,0x00,0x00,0x00,0x00,0x00,0x00,0x7B,0xD8,0x0A,0x00,
  0x00,0x00,0x00,0x00,0x00,0x00,0x03,0xDE,0x35,0x00,0x00,0x00,0x00,0x00,0x00,0x00,
  0x00,0x00,0x00,0x00,0x00,0x00,0x00,0x00,0x00,0x00,0xFC,0x40,0x00,0x00,0x00,0x00,
  0xE4,0x58,0xA8,0x94,0x00,0xFC,0x40,0x00,0x00,0x00,0x00,0xE4,0x58,0x13,0x8E,0x00,
  0xFC,0x40,0x00,0x00,0x00,0x00,0xE4,0x58,0x62,0x62,0x00,0xFC,0x40,0x00,0x00,0x00,
  0x00,0xE4,0xCC,0x96,0x04,0x00,0xFC,0x40,0x00,0x00,0x00,0x00,0xE4,0x58,0x00,0x00,
  0x00,0xFB,0x40,0x00,0x00,0x00,0x00,0xE4,0x57,0x00,0x00,0x00,0xEF,0x49,0x00,0x00,
  0x00,0x00,0xEE,0x4D,0x00,0x00,0x00,0xCA,0x72,0x00,0x00,0x00,0x18,0xFF,0x2B,0x00,
  0x00,0x00,0x68,0xE6,0x3D,0x07,0x23,0xB0,0xC8,0x01,0x00,0x00,0x00,0x00,0x6F,0xD9,
  0xF8,0xE9,0x9F,0x13,0x00,0x00,0x00,0x00,0x00,0x00,0x00,0x00,0x00,0x00,0x00,0x00,
  0x00,0x00,0x00,0x00,0x00,0x95,0xFF,0xC2,0x05,0x00,0x00,0x00,0x00,0x00,0x00,0x00,
  0x00,0xB8,0x00,0x00,0x00,0x00,0x00,0x00,0x00,0x00,0x00,0x00,0x00,0x00,0x00,0x00,
  0x00,0x00,0x00,0x00,0xFC,0x40,0x00,0x00,0x00,0x00,0xE4,0x58,0xA8,0x94,0x00,0xFC,
  0x40,0x00,0x00,0x00,0x00,0xE4,0x58,0x13,0x8E,0x00,0xFC,0x40,0x00,0x00,0x00,0x00,
  0xE4,0x58,0x62,0x62,0x00,0xFC,0x40,0x00,0x00,0x00,0x00,0xE4,0xCC,0x96,0x04,0x00,
  0xFC,0x40,0x00,0x00,0x00,0x00,0xE4,0x58,0x00,0x00,0x00,0xFB,0x40,0x00,0x00,0x00,
  0x00,0xE4,0x57,0x00,0x00,0x00,0xEF,0x49,0x00,0x00,0x00,0x00,0xEE,0x4D,0x00,0x00,
  0x00,0xCA,0x72,0x00,0x00,0x00,0x18,0xFF,0x2B,0x00,0x00,0x00,0x68,0xE6,0x3D,0x07,
  0x23,0xB0,0xC8,0x01,0x00,0x00,0x00,0x00,0x6F,0xD9,0xF8,0xE9,0x9F,0x13,0x00,0x00,
  0x00,0x00,0x00,0x0B,0xD2,0xB8,0x26,0xD0,0x00,0x00,0x00,0x00,0x00,0x00,0x4D,0x9B,
  0x53,0xE8,0x6F,0x00,0x00,0x00,0x00,0x00,0x00,0x00,0x00,0x00,0x00,0x00,0x00,0x00,
  0x00,0x00,0x00,0xFC,0x40,0x00,0x00,0x00,0x00,0xE4,0x58,0xA8,0x94,0x00,0xFC,0x40,
  0x00,0x00,0x00,0x00,0xE4,0x58,0x13,0x8E,0x00,0xFC,0x40,0x00,0x00,0x00,0x00,0xE4,
  0x58,0x62,0x62,0x00,0xFC,0x40,0x00,0x00,0x00,0x00,0xE4,0xCC,0x96,0x04,0x00,0xFC,
  0x40,0x00,0x00,0x00,0x00,0xE4,0x58,0x00,0x00,0x00,0xFB,0x40,0x00,0x00,0x00,0x00,
  0xE4,0x57,0x00,0x00,0x00,0xEF,0x49,0x00,0x00,0x00,0x00,0xEE,0x4D,0x00,0x00,0x00,
  0xCA,0x72,0x00,0x00,0x00,0x18,0xFF,0x2B,0x00,0x00,0x00,0x68,0xE6,0x3D,0x07,0x23,
  0xB0,0xC8,0x01,0x00,0x00,0x00,0x00,0x6F,0xD9,0xF8,0xE9,0x9F,0x13,0x00,0x00,0x00,
  0x00,0xFC,0x40,0x00,0x00,0x00,0x00,0xE4,0x58,0xA8,0x94,0x00,0xFC,0x40,0x00,0x00,
  0x00,0x00,0xE4,0x58,0x13,0x8E,0x00,0xFC,0x40,0x00,0x00,0x00,0x00,0xE4,0x58,0x62,
  0x62,0x00,0xFC,0x40,0x00,0x00,0x00,0x00,0xE4,0xCC,0x96,0x04,0x00,0xFC,0x40,0x00,
  0x00,0x00,0x00,0xE4,0x58,0x00,0x00,0x00,0xFB,0x40,0x00,0x00,0x00,0x00,0xE4,0x57,
  0x00,0x00,0x00,0xEF,0x49,0x00,0x00,0x00,0x00,0xEE,0x4D,0x00,0x00,0x00,0xCA,0x72,
  0x00,0x00,0x00,0x18,0xFF,0x2B,0x00,0x00,0x00,0x68,0xE6,0x3D,0x07,0x23,0xB0,0xC8,
  0x01,0x00,0x00,0x00,0x00,0x6F,0xD9,0xF8,0xE9,0x9F,0x13,0x00,0x00,0x00,0x00,0x00,
  0x00,0x00,0x00,0x00,0x00,0x00,0x00,0x00,0x00,0x00,0x00,0x00,0x04,0xFF,0x48,0x00,
  0x00,0x00,0x00,0x00,0x00,0x00,0x13,0xE3,0x6A,0x00,0x00,0x00,0x00,0x00,0x00,0x00,
  0x3D,0xD3,0x01,0x00,0x00,0x00,0x00,0x00,0x00,0x00,0x00,0x00,0x00,0x00,0x00,0xA9,
  0xCC,0x01,0x00,0x00,0x00,0x27,0xFA,0x3E,0x18,0xF0,0x5A,0x00,0x00,0x00,0xB0,0x99,
  0x00,0x00,0x69,0xDF,0x07,0x00,0x3E,0xE5,0x0F,0x00,0x00,0x02,0xC7,0x7C,0x06,0xD0,
  0x50,0x00,0x00,0x00,0x00,0x2E,0xF7,0xC6,0xAB,0x00,0x00,0x00,0x00,0x00,0x00,0x8F,
  0xF3,0x18,0x00,0x00,0x00,0x00,0x00,0x00,0x60,0xDC,0x00,0x00,0x00,0x00,0x00,0x00,
  0x00,0x60,0xDC,0x00,0x00,0x00,0x00,0x00,0x00,0x00,0x60,0xDC,0x00,0x00,0x00,0x00,
  0x00,0x00,0x00,0x60,0xDC,0x00,0x00,0x00,0x00,0x00,0x00,0x00,0x01,0xD9,0x82,0x00,
  0x00,0x00,0x00,0x00,0x00,0x46,0xCC,0x04,0x00,0x00,0x00,0x00,0x00,0x00,0x00,0x00,
  0x00,0x00,0x00,0x00,0xA9,0xCC,0x01,0x00,0x00,0x00,0x27,0xFA,0x3E,0x18,0xF0,0x5A,
  0x00,0x00,0x00,0xB0,0x99,0x00,0x00,0x69,0xDF,0x07,0x00,0x3E,0xE5,0x0F,0x00,0x00,
  0x02,0xC7,0x7C,0x06,0xD0,0x50,0x00,0x00,0x00,0x00,0x2E,0xF7,0xC6,0xAB,0x00,0x00,
  0x00,0x00,0x00,0x00,0x8F,0xF3,0x18,0x00,0x00,0x00,0x00,0x00,0x00,0x60,0xDC,0x00,
  0x00,0x00,0x00,0x00,0x00,0x00,0x60,0xDC,0x00,0x00,0x00,0x00,0x00,0x00,0x00,0x60,
  0xDC,0x00,0x00,0x00,0x00,0x00,0x00,0x00,0x60,0xDC,0x00,0x00,0x00,0x00,0x00,0x00,
  0x00,0x00,0x00,0x00,0x00,0x00,0x00,0x00,0x00,0x00,0xF7,0xFF,0x7E,0x00,0x00,0x00,
  0x00,0x00,0x00,0x14,0xA4,0x00,0x00,0x00,0x00,0x00,0x00,0x00,0x00,0x00,0x00,0x00,
  0x00,0x00,0xA9,0xCC,0x01,0x00,0x00,0x00,0x27,0xFA,0x3E,0x18,0xF0,0x5A,0x00,0x00,
  0x00,0xB0,0x99,0x00,0x00,0x69,0xDF,0x07,0x00,0x3E,0xE5,0x0F,0x00,0x00,0x02,0xC7,
  0x7C,0x06,0xD0,0x50,0x00,0x00,0x00,0x00,0x2E,0xF7,0xC6,0xAB,0x00,0x00,0x00,0x00,
  0x00,0x00,0x8F,0xF3,0x18,0x00,0x00,0x00,0x00,0x00,0x00,0x60,0xDC,0x00,0x00,0x00,
  0x00,0x00,0x00,0x00,0x60,0xDC,0x00,0x00,0x00,0x00,0x00,0x00,0x00,0x60,0xDC,0x00,
  0x00,0x00,0x00,0x00,0x00,0x00,0x60,0xDC,0x00,0x00,0x00,0x00,0x00,0x00,0x3C,0xEB,
  0x81,0x60,0x84,0x00,0x00,0x00,0x00,0x9D,0x51,0x8E,0xE9,0x2C,0x00,0x00,0x00,0x00,
  0x00,0x00,0x00,0x00,0x00,0x00,0x00,0xA9,0xCC,0x01,0x00,0x00,0x00,0x27,0xFA,0x3E,
  0x18,0xF0,0x5A,0x00,0x00,0x00,0xB0,0x99,0x00,0x00,0x69,0xDF,0x07,0x00,0x3E,0xE5,
  0x0F,0x00,0x00,0x02,0xC7,0x7C,0x06,0xD0,0x50,0x00,0x00,0x00,0x00,0x2E,0xF7,0xC6,
  0xAB,0x00,0x00,0x00,0x00,0x00,0x00,0x8F,0xF3,0x18,0x00,0x00,0x00,0x00,0x00,0x00,
  0x60,0xDC,0x00,0x00,0x00,0x00,0x00,0x00,0x00,0x60,0xDC,0x00,0x00,0x00,0x00,0x00,
  0x00,0x00,0x60,0xDC,0x00,0x00,0x00,0x00,0x00,0x00,0x00,0x60,0xDC,0x00,0x00,0x00,
  0x00,0xA9,0xCC,0x01,0x00,0x00,0x00,0x27,0xFA,0x3E,0x18,0xF0,0x5A,0x00,0x00,0x00,
  0xB0,0x99,0x00,0x00,0x69,0xDF,0x07,0x00,0x3E,0xE5,0x0F,0x00,0x00,0x02,0xC7,0x7C,
  0x06,0xD0,0x50,0x00,0x00,0x00,0x00,0x2E,0xF7,0xC6,0xAB,0x00,0x00,0x00,0x00,0x00,
  0x00,0x8F,0xF3,0x18,0x00,0x00,0x00,0x00,0x00,0x00,0x60,0xDC,0x00,0x00,0x00,0x00,
  0x00,0x00,0x00,0x60,0xDC,0x00,0x00,0x00,0x00,0x00,0x00,0x00,0x60,0xDC,0x00,0x00,
  0x00,0x00,0x00,0x00,0x00,0x60,0xDC,0x00,0x00,0x00,0x00,0x00,0x00,0x00,0x00,0x00,
  0x00,0x00,0x00,0x00,0x00,0x00,0x00,0x68,0xE4,0x00,0x00,0x00,0x00,0x00,0x00,0xFF,
  0xFF,0xFF,0xFC,0xE9,0x98,0x0F,0x00,0x00,0x00,0xFF,0x3C,0x00,0x04,0x28,0xC0,0xBD,
  0x00,0x00,0x00,0xFF,0x3C,0x00,0x00,0x00,0x14,0xF5,0x45,0x00,0x00,0xFF,0x3C,0x00,
  0x00,0x00,0x00,0xB7,0x8D,0x04,0xFF,0xFF,0xFF,0xFF,0xCC,0x00,0x00,0x9A,0xAA,0x00,
  0x00,0xFF,0x3C,0x00,0x00,0x00,0x00,0x9D,0xA8,0x00,0x00,0xFF,0x3C,0x00,0x00,0x00,
  0x00,0xBC,0x89,0x00,0x00,0xFF,0x3C,0x00,0x00,0x00,0x16,0xF8,0x3F,0x00,0x00,0xFF,
  0x3C,0x00,0x04,0x2D,0xC5,0xB9,0x00,0x00,0x00,0xFF,0xFF,0xFF,0xFE,0xE9,0x91,0x0D,
  0x00,0x00,0x00,0x7B,0xE2,0x03,0x00,0x00,0x00,0x00,0x02,0xBC,0x54,0x00,0x00,0x00,
  0x00,0x00,0x00,0x00,0x00,0x00,0x00,0x5E,0xCF,0xF5,0xEC,0x8F,0x00,0x27,0xF1,0x34,
  0x05,0x32,0xF4,0x37,0x00,0x00,0x16,0x3F,0x6D,0xEE,0x4F,0x09,0xB0,0xF7,0xCB,0x97,
  0xE9,0x50,0x69,0xDA,0x0F,0x00,0x01,0xEC,0x50,0x6D,0xDE,0x1C,0x11,0x8E,0xFF,0x57,
  0x0A,0xAE,0xF4,0xE0,0x85,0xA8,0x85,0x00,0x00,0x00,0x6F,0xE0,0x0E,0x00,0x00,0x00,
  0x01,0xD6,0x3E,0x00,0x00,0x00,0x00,0x00,0x00,0x00,0x00,0x00,0x00,0x5E,0xCF,0xF5,
  0xEC,0x8F,0x00,0x27,0xF1,0x34,0x05,0x32,0xF4,0x37,0x00,0x00,0x16,0x3F,0x6D,0xEE,
  0x4F,0x09,0xB0,0xF7,0xCB,0x97,0xE9,0x50,0x69,0xDA,0x0F,0x00,0x01,0xEC,0x50,0x6D,
  0xDE,0x1C,0x11,0x8E,0xFF,0x57,0x0A,0xAE,0xF4,0xE0,0x85,0xA8,0x85,0x00,0x00,0x78,
  0xFA,0xC4,0x10,0x00,0x00,0x00,0x00,0xA4,0xDF,0x19,0x00,0x00,0x00,0x00,0x00,0x00,
  0x00,0x00,0x00,0x5E,0xCF,0xF5,0xEC,0x8F,0x00,0x27,0xF1,0x34,0x05,0x32,0xF4,0x37,
  0x00,0x00,0x16,0x3F,0x6D,0xEE,0x4F,0x09,0xB0,0xF7,0xCB,0x97,0xE9,0x50,0x69,0xDA,
  0x0F,0x00,0x01,0xEC,0x50,0x6D,0xDE,0x1C,0x11,0x8E,0xFF,0x57,0x0A,0xAE,0xF4,0xE0,
  0x85,0xA8,0x85,0x00,0x25,0xE5,0x99,0x45,0xA4,0x00,0x00,0x7D,0x6D,0x76,0xED,0x45,
  0x00,0x00,0x00,0x00,0x00,0x00,0x00,0x00,0x00,0x5E,0xCF,0xF5,0xEC,0x8F,0x00,0x27,
  0xF1,0x34,0x05,0x32,0xF4,0x37,0x00,0x00,0x16,0x3F,0x6D,0xEE,0x4F,0x09,0xB0,0xF7,
  0xCB,0x97,0xE9,0x50,0x69,0xDA,0x0F,0x00,0x01,0xEC,0x50,0x6D,0xDE,0x1C,0x11,0x8E,
  0xFF,0x57,0x0A,0xAE,0xF4,0xE0,0x85,0xA8,0x85,0x00,0x5E,0xCF,0xF5,0xEC,0x8F,0x00,
  0x27,0xF1,0x34,0x05,0x32,0xF4,0x37,0x00,0x00,0x16,0x3F,0x6D,0xEE,0x4F,0x09,0xB0,
  0xF7,0xCB,0x97,0xE9,0x50,0x69,0xDA,0x0F,0x00,0x01,0xEC,0x50,0x6D,0xDE,0x1C,0x11,
  0x8E,0xFF,0x57,0x0A,0xAE,0xF4,0xE0,0x85,0xA8,0x85,0x00,0x00,0x00,0x00,0x00,0x00,
  0x00,0x00,0x00,0x18,0xFF,0x34,0x00,0x00,0x00,0x0B,0xD6,0x17,0x6B,0x7D,0x00,0x00,
  0x00,0x74,0xF2,0xCB,0x16,0x00,0x00,0x00,0x00,0x00,0x00,0x00,0x00,0x00,0x5E,0xCF,
  0xF5,0xEC,0x8F,0x00,0x27,0xF1,0x34,0x05,0x32,0xF4,0x37,0x00,0x00,0x16,0x3F,0x6D,
  0xEE,0x4F,0x09,0xB0,0xF7,0xCB,0x97,0xE9,0x50,0x69,0xDA,0x0F,0x00,0x01,0xEC,0x50,
  0x6D,0xDE,0x1C,0x11,0x8E,0xFF,0x57,0x0A,0xAE,0xF4,0xE0,0x85,0xA8,0x85,0x00,0x00,
  0x93,0xCE,0x00,0x00,0x00,0x00,0x00,0x07,0xCE,0x3C,0x00,0x00,0x00,0x00,0x00,0x00,
  0x00,0x00,0x00,0x00,0x0B,0xD6,0x17,0x6B,0x7D,0x00,0x00,0x00,0x74,0xF2,0xCB,0x16,
  0x00,0x00,0x00,0x00,0x00,0x00,0x00,0x00,0x00,0x5E,0xCF,0xF5,0xEC,0x8F,0x00,0x27,
  0xF1,0x34,0x05,0x32,0xF4,0x37,0x00,0x00,0x16,0x3F,0x6D,0xEE,0x4F,0x09,0xB0,0xF7,
  0xCB,0x97,0xE9,0x50,0x69,0xDA,0x0F,0x00,0x01,0xEC,0x50,0x6D,0xDE,0x1C,0x11,0x8E,
  0xFF,0x57,0x0A,0xAE,0xF4,0xE0,0x85,0xA8,0x85,0x00,0x00,0x00,0x73,0xDF,0x0F,0x00,
  0x00,0x00,0x01,0xD8,0x38,0x00,0x00,0x00,0x00,0x00,0x00,0x00,0x00,0x00,0x00,0x0B,
  0xD6,0x17,0x6B,0x7D,0x00,0x00,0x00,0x74,0xF2,0xCB,0x16,0x00,0x00,0x00,0x00,0x00,
  0x00,0x00,0x00,0x00,0x5E,0xCF,0xF5,0xEC,0x8F,0x00,0x27,0xF1,0x34,0x05,0x32,0xF4,
  0x37,0x00,0x00,0x16,0x3F,0x6D,0xEE,0x4F,0x09,0xB0,0xF7,0xCB,0x97,0xE9,0x50,0x69,
  0xDA,0x0F,0x00,0x01,0xEC,0x50,0x6D,0xDE,0x1C,0x11,0x8E,0xFF,0x57,0x0A,0xAE,0xF4,
  0xE0,0x85,0xA8,0x85,0x00,0x00,0x00,0x00,0x00,0x00,0x00,0x00,0x00,0x79,0xFF,0xDC,
  0x12,0x00,0x00,0x00,0x00,0xA8,0x10,0x00,0x00,0x00,0x00,0x00,0x00,0x00,0x00,0x00,
  0x00,0x0B,0xD6,0x17,0x6B,0x7D,0x00,0x00,0x00,0x74,0xF2,0xCB,0x16,0x00,0x00,0x00,
  0x00,0x00,0x00,0x00,0x00,0x00,0x5E,0xCF,0xF5,0xEC,0x8F,0x00,0x27,0xF1,0x34,0x05,
  0x32,0xF4,0x37,0x00,0x00,0x16,0x3F,0x6D,0xEE,0x4F,0x09,0xB0,0xF7,0xCB,0x97,0xE9,
  0x50,0x69,0xDA,0x0F,0x00,0x01,0xEC,0x50,0x6D,0xDE,0x1C,0x11,0x8E,0xFF,0x57,0x0A,
  0xAE,0xF4,0xE0,0x85,0xA8,0x85,0x00,0x04,0xC6,0xC4,0x29,0xD9,0x00,0x00,0x3A,0xAD,
  0x48,0xE4,0x88,0x00,0x00,0x0B,0xD6,0x17,0x6B,0x7D,0x00,0x00,0x00,0x74,0xF2,0xCB,
  0x16,0x00,0x00,0x00,0x00,0x00,0x00,0x00,0x00,0x00,0x5E,0xCF,0xF5,0xEC,0x8F,0x00,
  0x27,0xF1,0x34,0x05,0x32,0xF4,0x37,0x00,0x00,0x16,0x3F,0x6D,0xEE,0x4F,0x09,0xB0,
  0xF7,0xCB,0x97,0xE9,0x50,0x69,0xDA,0x0F,0x00,0x01,0xEC,0x50,0x6D,0xDE,0x1C,0x11,
  0x8E,0xFF,0x57,0x0A,0xAE,0xF4,0xE0,0x85,0xA8,0x85,0x00,0x0B,0xD6,0x17,0x6B,0x7D,
  0x00,0x00,0x00,0x74,0xF2,0xCB,0x16,0x00,0x00,0x00,0x00,0x00,0x00,0x00,0x00,0x00,
  0x5E,0xCF,0xF5,0xEC,0x8F,0x00,0x27,0xF1,0x34,0x05,0x32,0xF4,0x37,0x00,0x00,0x16,
  0x3F,0x6D,0xEE,0x4F,0x09,0xB0,0xF7,0xCB,0x97,0xE9,0x50,0x69,0xDA,0x0F,0x00,0x01,
  0xEC,0x50,0x6D,0xDE,0x1C,0x11,0x8E,0xFF,0x57,0x0A,0xAE,0xF4,0xE0,0x85,0xA8,0x85,
  0x00,0x00,0x00,0x00,0x00,0x00,0x00,0x00,0x00,0x18,0xFF,0x34,0x00,0x00,0x00,0x00,
  0x69,0xFF,0x82,0x00,0x00,0x00,0x23,0xF1,0x5D,0xEE,0x3C,0x00,0x00,0x00,0x00,0x00,
  0x00,0x00,0x00,0x00,0x5E,0xCF,0xF5,0xEC,0x8F,0x00,0x27,0xF1,0x34,0x05,0x32,0xF4,
  0x37,0x00,0x00,0x16,0x3F,0x6D,0xEE,0x4F,0x09,0xB0,0xF7,0xCB,0x97,0xE9,0x50,0x69,
  0xDA,0x0F,0x00,0x01,0xEC,0x50,0x6D,0xDE,0x1C,0x11,0x8E,0xFF,0x57,0x0A,0xAE,0xF4,
  0xE0,0x85,0xA8,0x85,0x00,0x09,0xD4,0x82,0x00,0x00,0x00,0x00,0x00,0x2C,0xDF,0x07,
  0x00,0x00,0x00,0x00,0x00,0x00,0x00,0x00,0x00,0x00,0x00,0x69,0xFF,0x82,0x00,0x00,
  0x00,0x23,0xF1,0x5D,0xEE,0x3C,0x00,0x00,0x00,0x00,0x00,0x00,0x00,0x00,0x00,0x5E,
  0xCF,0xF5,0xEC,0x8F,0x00,0x27,0xF1,0x34,0x05,0x32,0xF4,0x37,0x00,0x00,0x16,0x3F,
  0x6D,0xEE,0x4F,0x09,0xB0,0xF7,0xCB,0x97,0xE9,0x50,0x69,0xDA,0x0F,0x00,0x01,0xEC,
  0x50,0x6D,0xDE,0x1C,0x11,0x8E,0xFF,0x57,0x0A,0xAE,0xF4,0xE0,0x85,0xA8,0x85,0x00,
  0x00,0x00,0x6F,0xE1,0x11,0x00,0x00,0x00,0x01,0xD5,0x3C,0x00,0x00,0x00,0x00,0x00,
  0x00,0x00,0x00,0x00,0x00,0x00,0x69,0xFF,0x82,0x00,0x00,0x00,0x23,0xF1,0x5D,0xEE,
  0x3C,0x00,0x00,0x00,0x00,0x00,0x00,0x00,0x00,0x00,0x5E,0xCF,0xF5,0xEC,0x8F,0x00,
  0x27,0xF1,0x34,0x05,0x32,0xF4,0x37,0x00,0x00,0x16,0x3F,0x6D,0xEE,0x4F,0x09,0xB0,
  0xF7,0xCB,0x97,0xE9,0x50,0x69,0xDA,0x0F,0x00,0x01,0xEC,0x50,0x6D,0xDE,0x1C,0x11,
  0x8E,0xFF,0x57,0x0A,0xAE,0xF4,0xE0,0x85,0xA8,0x85,0x00,0x00,0x00,0x00,0x00,0x00,
  0x00,0x00,0x00,0x99,0xFF,0xBF,0x04,0x00,0x00,0x00,0x00,0xB8,0x00,0x00,0x00,0x00,
  0x00,0x00,0x00,0x00,0x00,0x00,0x00,0x00,0x69,0xFF,0x82,0x00,0x00,0x00,0x23,0xF1,
  0x5D,0xEE,0x3C,0x00,0x00,0x00,0x00,0x00,0x00,0x00,0x00,0x00,0x5E,0xCF,0xF5,0xEC,
  0x8F,0x00,0x27,0xF1,0x34,0x05,0x32,0xF4,0x37,0x00,0x00,0x16,0x3F,0x6D,0xEE,0x4F,
  0x09,0xB0,0xF7,0xCB,0x97,0xE9,0x50,0x69,0xDA,0x0F,0x00,0x01,0xEC,0x50,0x6D,0xDE,
  0x1C,0x11,0x8E,0xFF,0x57,0x0A,0xAE,0xF4,0xE0,0x85,0xA8,0x85,0x00,0x23,0xE4,0x9B,
  0x48,0xA5,0x00,0x00,0x7A,0x70,0x76,0xEE,0x4E,0x00,0x00,0x00,0x69,0xFF,0x82,0x00,
  0x00,0x00,0x23,0xF1,0x5D,0xEE,0x3C,0x00,0x00,0x00,0x00,0x00,0x00,0x00,0x00,0x00,
  0x5E,0xCF,0xF5,0xEC,0x8F,0x00,0x27,0xF1,0x34,0x05,0x32,0xF4,0x37,0x00,0x00,0x16,
  0x3F,0x6D,0xEE,0x4F,0x09,0xB0,0xF7,0xCB,0x97,0xE9,0x50,0x69,0xDA,0x0F,0x00,0x01,
  0xEC,0x50,0x6D,0xDE,0x1C,0x11,0x8E,0xFF,0x57,0x0A,0xAE,0xF4,0xE0,0x85,0xA8,0x85,
  0x00,0x00,0x69,0xFF,0x82,0x00,0x00,0x00,0x23,0xF1,0x5D,0xEE,0x3C,0x00,0x00,0x00,
  0x00,0x00,0x00,0x00,0x00,0x00,0x5E,0xCF,0xF5,0xEC,0x8F,0x00,0x27,0xF1,0x34,0x05,
  0x32,0xF4,0x37,0x00,0x00,0x16,0x3F,0x6D,0xEE,0x4F,0x09,0xB0,0xF7,0xCB,0x97,0xE9,
  0x50,0x69,0xDA,0x0F,0x00,0x01,0xEC,0x50,0x6D,0xDE,0x1C,0x11,0x8E,0xFF,0x57,0x0A,
  0xAE,0xF4,0xE0,0x85,0xA8,0x85,0x00,0x00,0x00,0x00,0x00,0x00,0x00,0x00,0x00,0x18,
  0xFF,0x34,0x00,0x00,0x00,0x00,0xAA,0xB6,0x00,0x00,0x00,0x00,0x00,0x0F,0xDD,0x26,
  0x00,0x00,0x00,0x00,0x00,0x00,0x00,0x00,0x00,0x00,0x31,0xC2,0xF2,0xD1,0x47,0x00,
  0x11,0xEB,0x76,0x0D,0x4A,0xEF,0x24,0x60,0xD6,0x00,0x00,0x00,0x9F,0x84,0x7E,0xFF,
  0xFF,0xFF,0xFF,0xFF,0xA7,0x65,0xC4,0x00,0x00,0x00,0x00,0x00,0x16,0xEF,0x6A,0x0C,
  0x31,0xD9,0x69,0x00,0x37,0xC4,0xF4,0xE4,0x7E,0x01,0x00,0x00,0x00,0x6B,0xE2,0x10,
  0x00,0x00,0x00,0x00,0xD4,0x42,0x00,0x00,0x00,0x00,0x00,0x00,0x00,0x00,0x00,0x00,
  0x31,0xC2,0xF2,0xD1,0x47,0x00,0x11,0xEB,0x76,0x0D,0x4A,0xEF,0x24,0x60,0xD6,0x00,
  0x00,0x00,0x9F,0x84,0x7E,0xFF,0xFF,0xFF,0xFF,0xFF,0xA7,0x65,0xC4,0x00,0x00,0x00,
  0x00,0x00,0x16,0xEF,0x6A,0x0C,0x31,0xD9,0x69,0x00,0x37,0xC4,0xF4,0xE4,0x7E,0x01,
  0x00,0x00,0x88,0xFA,0xBD,0x09,0x00,0x00,0x00,0x00,0xB4,0xD9,0x10,0x00,0x00,0x00,
  0x00,0x00,0x00,0x00,0x00,0x00,0x31,0xC2,0xF2,0xD1,0x47,0x00,0x11,0xEB,0x76,0x0D,
  0x4A,0xEF,0x24,0x60,0xD6,0x00,0x00,0x00,0x9F,0x84,0x7E,0xFF,0xFF,0xFF,0xFF,0xFF,
  0xA7,0x65,0xC4,0x00,0x00,0x00,0x00,0x00,0x16,0xEF,0x6A,0x0C,0x31,0xD9,0x69,0x00,
  0x37,0xC4,0xF4,0xE4,0x7E,0x01,0x00,0x13,0xDA,0xAE,0x2D,0xC4,0x00,0x00,0x5D,0x8B,
  0x5F,0xEB,0x60,0x00,0x00,0x00,0x00,0x00,0x00,0x00,0x00,0x00,0x31,0xC2,0xF2,0xD1,
  0x47,0x00,0x11,0xEB,0x76,0x0D,0x4A,0xEF,0x24,0x60,0xD6,0x00,0x00,0x00,0x9F,0x84,
  0x7E,0xFF,0xFF,0xFF,0xFF,0xFF,0xA7,0x65,0xC4,0x00,0x00,0x00,0x00,0x00,0x16,0xEF,
  0x6A,0x0C,0x31,0xD9,0x69,0x00,0x37,0xC4,0xF4,0xE4,0x7E,0x01,0x00,0x31,0xC2,0xF2,
  0xD1,0x47,0x00,0x11,0xEB,0x76,0x0D,0x4A,0xEF,0x24,0x60,0xD6,0x00,0x00,0x00,0x9F,
  0x84,0x7E,0xFF,0xFF,0xFF,0xFF,0xFF,0xA7,0x65,0xC4,0x00,0x00,0x00,0x00,0x00,0x16,
  0xEF,0x6A,0x0C,0x31,0xD9,0x69,0x00,0x37,0xC4,0xF4,0xE4,0x7E,0x01,0x00,0x00,0x00,
  0x00,0x00,0x00,0x00,0x00,0x00,0x00,0xF8,0x54,0x00,0x00,0x00,0x00,0x65,0xFF,0x86,
  0x00,0x00,0x00,0x21,0xF0,0x5E,0xED,0x3F,0x00,0x00,0x00,0x00,0x00,0x00,0x00,0x00,
  0x00,0x31,0xC2,0xF2,0xD1,0x47,0x00,0x11,0xEB,0x76,0x0D,0x4A,0xEF,0x24,0x60,0xD6,
  0x00,0x00,0x00,0x9F,0x84,0x7E,0xFF,0xFF,0xFF,0xFF,0xFF,0xA7,0x65,0xC4,0x00,0x00,
  0x00,0x00,0x00,0x16,0xEF,0x6A,0x0C,0x31,0xD9,0x69,0x00,0x37,0xC4,0xF4,0xE4,0x7E,
  0x01,0x00,0x08,0xD2,0x86,0x00,0x00,0x00,0x00,0x00,0x29,0xE0,0x08,0x00,0x00,0x00,
  0x00,0x00,0x00,0x00,0x00,0x00,0x00,0x00,0x65,0xFF,0x86,0x00,0x00,0x00,0x21,0xF0,
  0x5E,0xED,0x3F,0x00,0x00,0x00,0x00,0x00,0x00,0x00,0x00,0x00,0x31,0xC2,0xF2,0xD1,
  0x47,0x00,0x11,0xEB,0x76,0x0D,0x4A,0xEF,0x24,0x60,0xD6,0x00,0x00,0x00,0x9F,0x84,
  0x7E,0xFF,0xFF,0xFF,0xFF,0xFF,0xA7,0x65,0xC4,0x00,0x00,0x00,0x00,0x00,0x16,0xEF,
  0x6A,0x0C,0x31,0xD9,0x69,0x00,0x37,0xC4,0xF4,0xE4,0x7E,0x01,0x00,0x00,0x00,0x6B,
  0xE3,0x12,0x00,0x00,0x00,0x00,0xD2,0x3F,0x00,0x00,0x00,0x00,0x00,0x00,0x00,0x00,
  0x00,0x00,0x00,0x65,0xFF,0x86,0x00,0x00,0x00,0x21,0xF0,0x5E,0xED,0x3F,0x00,0x00,
  0x00,0x00,0x00,0x00,0x00,0x00,0x00,0x31,0xC2,0xF2,0xD1,0x47,0x00,0x11,0xEB,0x76,
  0x0D,0x4A,0xEF,0x24,0x60,0xD6,0x00,0x00,0x00,0x9F,0x84,0x7E,0xFF,0xFF,0xFF,0xFF,
  0xFF,0xA7,0x65,0xC4,0x00,0x00,0x00,0x00,0x00,0x16,0xEF,0x6A,0x0C,0x31,0xD9,0x69,
  0x00,0x37,0xC4,0xF4,0xE4,0x7E,0x01,0x00,0x00,0x00,0x00,0x00,0x00,0x00,0x00,0x00,
  0x99,0xFF,0xBF,0x04,0x00,0x00,0x00,0x00,0xB8,0x00,0x00,0x00,0x00,0x00,0x00,0x00,
  0x00,0x00,0x00,0x00,0x00,0x65,0xFF,0x86,0x00,0x00,0x00,0x21,0xF0,0x5E,0xED,0x3F,
  0x00,0x00,0x00,0x00,0x00,0x00,0x00,0x00,0x00,0x31,0xC2,0xF2,0xD1,0x47,0x00,0x11,
  0xEB,0x76,0x0D,0x4A,0xEF,0x24,0x60,0xD6,0x00,0x00,0x00,0x9F,0x84,0x7E,0xFF,0xFF,
  0xFF,0xFF,0xFF,0xA7,0x65,0xC4,0x00,0x00,0x00,0x00,0x00,0x16,0xEF,0x6A,0x0C,0x31,
  0xD9,0x69,0x00,0x37,0xC4,0xF4,0xE4,0x7E,0x01,0x00,0x23,0xE4,0x9B,0x48,0xA5,0x00,
  0x00,0x7A,0x70,0x76,0xEE,0x4E,0x00,0x00,0x00,0x65,0xFF,0x86,0x00,0x00,0x00,0x21,
  0xF0,0x5E,0xED,0x3F,0x00,0x00,0x00,0x00,0x00,0x00,0x00,0x00,0x00,0x31,0xC2,0xF2,
  0xD1,0x47,0x00,0x11,0xEB,0x76,0x0D,0x4A,0xEF,0x24,0x60,0xD6,0x00,0x00,0x00,0x9F,
  0x84,0x7E,0xFF,0xFF,0xFF,0xFF,0xFF,0xA7,0x65,0xC4,0x00,0x00,0x00,0x00,0x00,0x16,
  0xEF,0x6A,0x0C,0x31,0xD9,0x69,0x00,0x37,0xC4,0xF4,0xE4,0x7E,0x01,0x00,0x00,0x65,
  0xFF,0x86,0x00,0x00,0x00,0x21,0xF0,0x5E,0xED,0x3F,0x00,0x00,0x00,0x00,0x00,0x00,
  0x00,0x00,0x00,0x31,0xC2,0xF2,0xD1,0x47,0x00,0x11,0xEB,0x76,0x0D,0x4A,0xEF,0x24,
  0x60,0xD6,0x00,0x00,0x00,0x9F,0x84,0x7E,0xFF,0xFF,0xFF,0xFF,0xFF,0xA7,0x65,0xC4,
  0x00,0x00,0x00,0x00,0x00,0x16,0xEF,0x6A,0x0C,0x31,0xD9,0x69,0x00,0x37,0xC4,0xF4,
  0xE4,0x7E,0x01,0x00,0x00,0x00,0x00,0x00,0x00,0x00,0x00,0x00,0x00,0xF8,0x54,0x00,
  0x00,0x6B,0xED,0x09,0x00,0x00,0xAD,0x64,0x00,0x00,0x00,0x00,0x00,0x00,0xC0,0x68,
  0x00,0x00,0xC0,0x68,0x00,0x00,0xC0,0x68,0x00,0x00,0xC0,0x68,0x00,0x00,0xC0,0x68,
  0x00,0x00,0xC0,0x68,0x00,0x00,0xC0,0x68,0x00,0x00,0x2B,0xFB,0x36,0x00,0x96,0x80,
  0x00,0x00,0x00,0x00,0x00,0x00,0xC0,0x68,0x00,0x00,0xC0,0x68,0x00,0x00,0xC0,0x68,
  0x00,0x00,0xC0,0x68,0x00,0x00,0xC0,0x68,0x00,0x00,0xC0,0x68,0x00,0x00,0xC0,0x68,
  0x00,0xBF,0xF5,0x93,0x00,0xEA,0xB2,0x00,0x00,0x00,0x24,0xFF,0x00,0x24,0xFF,0x00,
  0x24,0xFF,0x00,0x24,0xFF,0x00,0x24,0xFF,0x00,0x24,0xFF,0x00,0x24,0xFF,0x00,0x04,
  0xC5,0xC4,0x27,0xD7,0x39,0xAF,0x46,0xE4,0x81,0x00,0x00,0x00,0x00,0x00,0x00,0x00,
  0xC0,0x68,0x00,0x00,0x00,0xC0,0x68,0x00,0x00,0x00,0xC0,0x68,0x00,0x00,0x00,0xC0,
  0x68,0x00,0x00,0x00,0xC0,0x68,0x00,0x00,0x00,0xC0,0x68,0x00,0x00,0x00,0xC0,0x68,
  0x00,0x24,0xFF,0x00,0x24,0xFF,0x00,0x00,0x00,0x00,0x24,0xFF,0x00,0x24,0xFF,0x00,
  0x24,0xFF,0x00,0x24,0xFF,0x00,0x24,0xFF,0x00,0x24,0xFF,0x00,0x24,0xFF,0x00,0x00,
  0x00,0x00,0x34,0xFF,0x18,0x00,0x00,0xAA,0xB6,0x00,0x00,0x00,0x00,0x00,0x0F,0xDD,
  0x26,0x00,0x00,0x00,0x00,0x00,0x00,0x00,0x00,0x00,0x00,0x3C,0xC7,0xF4,0xD4,0x54,
  0x00,0x1F,0xF6,0x69,0x0D,0x4A,0xF4,0x3B,0x73,0xC5,0x00,0x00,0x00,0x95,0x9B,0x89,
  0xA4,0x00,0x00,0x00,0x74,0xB8,0x6B,0xC5,0x00,0x00,0x00,0x96,0xA2,0x19,0xF2,0x68,
  0x0C,0x48,0xF4,0x48,0x00,0x3C,0xC8,0xF5,0xD9,0x5F,0x00,0x00,0x00,0x00,0x6B,0xE2,
  0x10,0x00,0x00,0x00,0x00,0xD4,0x42,0x00,0x00,0x00,0x00,0x00,0x00,0x00,0x00,0x00,
  0x00,0x3C,0xC7,0xF4,0xD4,0x54,0x00,0x1F,0xF6,0x69,0x0D,0x4A,0xF4,0x3B,0x73,0xC5,
  0x00,0x00,0x00,0x95,0x9B,0x89,0xA4,0x00,0x00,0x00,0x74,0xB8,0x6B,0xC5,0x00,0x00,
  0x00,0x96,0xA2,0x19,0xF2,0x68,0x0C,0x48,0xF4,0x48,0x00,0x3C,0xC8,0xF5,0xD9,0x5F,
  0x00,0x00,0x00,0x88,0xFA,0xBD,0x09,0x00,0x00,0x00,0x00,0xB4,0xD9,0x10,0x00,0x00,
  0x00,0x00,0x00,0x00,0x00,0x00,0x00,0x3C,0xC7,0xF4,0xD4,0x54,0x00,0x1F,0xF6,0x69,
  0x0D,0x4A,0xF4,0x3B,0x73,0xC5,0x00,0x00,0x00,0x95,0x9B,0x89,0xA4,0x00,0x00,0x00,
  0x74,0xB8,0x6B,0xC5,0x00,0x00,0x00,0x96,0xA2,0x19,0xF2,0x68,0x0C,0x48,0xF4,0x48,
  0x00,0x3C,0xC8,0xF5,0xD9,0x5F,0x00,0x00,0x23,0xE4,0x9C,0x42,0xA8,0x00,0x00,0x79,
  0x71,0x74,0xED,0x48,0x00,0x00,0x00,0x00,0x00,0x00,0x00,0x00,0x00,0x3C,0xC7,0xF4,
  0xD4,0x54,0x00,0x1F,0xF6,0x69,0x0D,0x4A,0xF4,0x3B,0x73,0xC5,0x00,0x00,0x00,0x95,
  0x9B,0x89,0xA4,0x00,0x00,0x00,0x74,0xB8,0x6B,0xC5,0x00,0x00,0x00,0x96,0xA2,0x19,
  0xF2,0x68,0x0C,0x48,0xF4,0x48,0x00,0x3C,0xC8,0xF5,0xD9,0x5F,0x00,0x00,0x3C,0xC7,
  0xF4,0xD4,0x54,0x00,0x1F,0xF6,0x69,0x0D,0x4A,0xF4,0x3B,0x73,0xC5,0x00,0x00,0x00,
  0x95,0x9B,0x89,0xA4,0x00,0x00,0x00,0x74,0xB8,0x6B,0xC5,0x00,0x00,0x00,0x96,0xA2,
  0x19,0xF2,0x68,0x0C,0x48,0xF4,0x48,0x00,0x3C,0xC8,0xF5,0xD9,0x5F,0x00,0x00,0x00,
  0x00,0x00,0x00,0x00,0x00,0x00,0x00,0x1C,0xFF,0x30,0x00,0x00,0x00,0x00,0x65,0xFF,
  0x86,0x00,0x00,0x00,0x21,0xF0,0x5E,0xED,0x3F,0x00,0x00,0x00,0x00,0x00,0x00,0x00,
  0x00,0x00,0x3C,0xC7,0xF4,0xD4,0x54,0x00,0x1F,0xF6,0x69,0x0D,0x4A,0xF4,0x3B,0x73,
  0xC5,0x00,0x00,0x00,0x95,0x9B,0x89,0xA4,0x00,0x00,0x00,0x74,0xB8,0x6B,0xC5,0x00,
  0x00,0x00,0x96,0xA2,0x19,0xF2,0x68,0x0C,0x48,0xF4,0x48,0x00,0x3C,0xC8,0xF5,0xD9,
  0x5F,0x00,0x00,0x08,0xD2,0x86,0x00,0x00,0x00,0x00,0x00,0x29,0xE0,0x08,0x00,0x00,
  0x00,0x00,0x00,0x00,0x00,0x00,0x00,0x00,0x00,0x65,0xFF,0x86,0x00,0x00,0x00,0x21,
  0xF0,0x5E,0xED,0x3F,0x00,0x00,0x00,0x00,0x00,0x00,0x00,0x00,0x00,0x3C,0xC7,0xF4,
  0xD4,0x54,0x00,0x1F,0xF6,0x69,0x0D,0x4A,0xF4,0x3B,0x73,0xC5,0x00,0x00,0x00,0x95,
  0x9B,0x89,0xA4,0x00,0x00,0x00,0x74,0xB8,0x6B,0xC5,0x00,0x00,0x00,0x96,0xA2,0x19,
  0xF2,0x68,0x0C,0x48,0xF4,0x48,0x00,0x3C,0xC8,0xF5,0xD9,0x5F,0x00,0x00,0x00,0x00,
  0x6B,0xE3,0x12,0x00,0x00,0x00,0x00,0xD2,0x3F,0x00,0x00,0x00,0x00,0x00,0x00,0x00,
  0x00,0x00,0x00,0x00,0x65,0xFF,0x86,0x00,0x00,0x00,0x21,0xF0,0x5E,0xED,0x3F,0x00,
  0x00,0x00,0x00,0x00,0x00,0x00,0x00,0x00,0x3C,0xC7,0xF4,0xD4,0x54,0x00,0x1F,0xF6,
  0x69,0x0D,0x4A,0xF4,0x3B,0x73,0xC5,0x00,0x00,0x00,0x95,0x9B,0x89,0xA4,0x00,0x00,
  0x00,0x74,0xB8,0x6B,0xC5,0x00,0x00,0x00,0x96,0xA2,0x19,0xF2,0x68,0x0C,0x48,0xF4,
  0x48,0x00,0x3C,0xC8,0xF5,0xD9,0x5F,0x00,0x00,0x00,0x00,0x00,0x00,0x00,0x00,0x00,
  0x00,0x99,0xFF,0xBF,0x04,0x00,0x00,0x00,0x00,0xB8,0x00,0x00,0x00,0x00,0x00,0x00,
  0x00,0x00,0x00,0x00,0x00,0x00,0x65,0xFF,0x86,0x00,0x00,0x00,0x21,0xF0,0x5E,0xED,
  0x3F,0x00,0x00,0x00,0x00,0x00,0x00,0x00,0x00,0x00,0x3C,0xC7,0xF4,0xD4,0x54,0x00,
  0x1F,0xF6,0x69,0x0D,0x4A,0xF4,0x3B,0x73,0xC5,0x00,0x00,0x00,0x95,0x9B,0x89,0xA4,
  0x00,0x00,0x00,0x74,0xB8,0x6B,0xC5,0x00,0x00,0x00,0x96,0xA2,0x19,0xF2,0x68,0x0C,
  0x48,0xF4,0x48,0x00,0x3C,0xC8,0xF5,0xD9,0x5F,0x00,0x00,0x23,0xE4,0x9B,0x48,0xA5,
  0x00,0x00,0x7A,0x70,0x76,0xEE,0x4E,0x00,0x00,0x00,0x65,0xFF,0x86,0x00,0x00,0x00,
  0x21,0xF0,0x5E,0xED,0x3F,0x00,0x00,0x00,0x00,0x00,0x00,0x00,0x00,0x00,0x3C,0xC7,
  0xF4,0xD4,0x54,0x00,0x1F,0xF6,0x69,0x0D,0x4A,0xF4,0x3B,0x73,0xC5,0x00,0x00,0x00,
  0x95,0x9B,0x89,0xA4,0x00,0x00,0x00,0x74,0xB8,0x6B,0xC5,0x00,0x00,0x00,0x96,0xA2,
  0x19,0xF2,0x68,0x0C,0x48,0xF4,0x48,0x00,0x3C,0xC8,0xF5,0xD9,0x5F,0x00,0x00,0x00,
  0x65,0xFF,0x86,0x00,0x00,0x00,0x21,0xF0,0x5E,0xED,0x3F,0x00,0x00,0x00,0x00,0x00,
  0x00,0x00,0x00,0x00,0x3C,0xC7,0xF4,0xD4,0x54,0x00,0x1F,0xF6,0x69,0x0D,0x4A,0xF4,
  0x3B,0x73,0xC5,0x00,0x00,0x00,0x95,0x9B,0x89,0xA4,0x00,0x00,0x00,0x74,0xB8,0x6B,
  0xC5,0x00,0x00,0x00,0x96,0xA2,0x19,0xF2,0x68,0x0C,0x48,0xF4,0x48,0x00,0x3C,0xC8,
  0xF5,0xD9,0x5F,0x00,0x00,0x00,0x00,0x00,0x00,0x00,0x00,0x00,0x00,0x1C,0xFF,0x30,
  0x00,0x00,0x00,0x3C,0xC7,0xF5,0xD9,0x65,0x18,0xFF,0x1F,0x1F,0xF6,0x68,0x0D,0x49,
  0xF6,0x56,0x95,0x10,0x73,0xC6,0x00,0x00,0x00,0x96,0xDD,0x71,0x00,0x89,0xA4,0x00,
  0x00,0x00,0x74,0xB8,0x00,0x00,0x6A,0xC6,0x00,0x00,0x00,0x97,0x96,0x00,0x00,0x18,
  0xF1,0x67,0x0C,0x47,0xF3,0x38,0x00,0x00,0x00,0x3A,0xC9,0xF5,0xD7,0x56,0x00,0x00,
  0x00,0x00,0x00,0xAA,0xB6,0x00,0x00,0x00,0x00,0x00,0x00,0x00,0x0F,0xDD,0x26,0x00,
  0x00,0x00,0x00,0x00,0x00,0x00,0x00,0x00,0x00,0x00,0x00,0x00,0x00,0x3C,0xC7,0xF5,
  0xD9,0x65,0x18,0xFF,0x1F,0x1F,0xF6,0x68,0x0D,0x49,0xF6,0x56,0x95,0x10,0x73,0xC6,
  0x00,0x00,0x00,0x96,0xDD,0x71,0x00,0x89,0xA4,0x00,0x00,0x00,0x74,0xB8,0x00,0x00,
  0x6A,0xC6,0x00,0x00,0x00,0x97,0x96,0x00,0x00,0x18,0xF1,0x67,0x0C,0x47,0xF3,0x38,
  0x00,0x00,0x00,0x3A,0xC9,0xF5,0xD7,0x56,0x00,0x00,0x00,0x00,0x00,0x00,0x6B,0xE2,
  0x10,0x00,0x00,0x00,0x00,0x00,0x00,0xD4,0x42,0x00,0x00,0x00,0x00,0x00,0x00,0x00,
  0x00,0x00,0x00,0x00,0x00,0x00,0x00,0x3C,0xC7,0xF5,0xD9,0x65,0x18,0xFF,0x1F,0x1F,
  0xF6,0x68,0x0D,0x49,0xF6,0x56,0x95,0x10,0x73,0xC6,0x00,0x00,0x00,0x96,0xDD,0x71,
  0x00,0x89,0xA4,0x00,0x00,0x00,0x74,0xB8,0x00,0x00,0x6A,0xC6,0x00,0x00,0x00,0x97,
  0x96,0x00,0x00,0x18,0xF1,0x67,0x0C,0x47,0xF3,0x38,0x00,0x00,0x00,0x3A,0xC9,0xF5,
  0xD7,0x56,0x00,0x00,0x00,0x00,0x00,0x88,0xFA,0xBD,0x09,0x00,0x00,0x00,0x00,0x00,
  0x00,0xB4,0xD9,0x10,0x00,0x00,0x00,0x00,0x00,0x00,0x00,0x00,0x00,0x00,0x00,0x00,
  0x00,0x3C,0xC7,0xF5,0xD9,0x65,0x18,0xFF,0x1F,0x1F,0xF6,0x68,0x0D,0x49,0xF6,0x56,
  0x95,0x10,0x73,0xC6,0x00,0x00,0x00,0x96,0xDD,0x71,0x00,0x89,0xA4,0x00,0x00,0x00,
  0x74,0xB8,0x00,0x00,0x6A,0xC6,0x00,0x00,0x00,0x97,0x96,0x00,0x00,0x18,0xF1,0x67,
  0x0C,0x47,0xF3,0x38,0x00,0x00,0x00,0x3A,0xC9,0xF5,0xD7,0x56,0x00,0x00,0x00,0x00,
  0x23,0xE4,0x9C,0x42,0xA8,0x00,0x00,0x00,0x00,0x79,0x71,0x74,0xED,0x48,0x00,0x00,
  0x00,0x00,0x00,0x00,0x00,0x00,0x00,0x00,0x00,0x00,0x00,0x3C,0xC7,0xF5,0xD9,0x65,
  0x18,0xFF,0x1F,0x1F,0xF6,0x68,0x0D,0x49,0xF6,0x56,0x95,0x10,0x73,0xC6,0x00,0x00,
  0x00,0x96,0xDD,0x71,0x00,0x89,0xA4,0x00,0x00,0x00,0x74,0xB8,0x00,0x00,0x6A,0xC6,
  0x00,0x00,0x00,0x97,0x96,0x00,0x00,0x18,0xF1,0x67,0x0C,0x47,0xF3,0x38,0x00,0x00,
  0x00,0x3A,0xC9,0xF5,0xD7,0x56,0x00,0x00,0x00,0x00,0x3C,0xC7,0xF5,0xD9,0x65,0x18,
  0xFF,0x1F,0x1F,0xF6,0x68,0x0D,0x49,0xF6,0x56,0x95,0x10,0x73,0xC6,0x00,0x00,0x00,
  0x96,0xDD,0x71,0x00,0x89,0xA4,0x00,0x00,0x00,0x74,0xB8,0x00,0x00,0x6A,0xC6,0x00,
  0x00,0x00,0x97,0x96,0x00,0x00,0x18,0xF1,0x67,0x0C,0x47,0xF3,0x38,0x00,0x00,0x00,
  0x3A,0xC9,0xF5,0xD7,0x56,0x00,0x00,0x00,0x00,0x00,0x00,0x00,0x00,0x00,0x00,0x00,
  0x00,0x00,0x00,0x1C,0xFF,0x30,0x00,0x00,0x00,0x00,0x00,0x00,0x67,0xEF,0x0B,0x00,
  0x00,0x00,0x00,0x00,0xA9,0x68,0x00,0x00,0x00,0x00,0x00,0x00,0x00,0x00,0x00,0x2C,
  0xF8,0x00,0x00,0x00,0xD8,0x4C,0x2C,0xF8,0x00,0x00,0x00,0xD8,0x4C,0x2C,0xF8,0x00,
  0x00,0x00,0xD8,0x4C,0x2C,0xF8,0x00,0x00,0x00,0xD8,0x4C,0x2A,0xFC,0x01,0x00,0x00,
  0xEB,0x4C,0x0E,0xF7,0x66,0x0C,0x74,0xFD,0x4C,0x00,0x63,0xDE,0xF3,0x94,0xBB,0x4C,
  0x00,0x00,0x00,0x7F,0xD5,0x08,0x00,0x00,0x00,0x04,0xE0,0x32,0x00,0x00,0x00,0x00,
  0x00,0x00,0x00,0x00,0x00,0x2C,0xF8,0x00,0x00,0x00,0xD8,0x4C,0x2C,0xF8,0x00,0x00,
  0x00,0xD8,0x4C,0x2C,0xF8,0x00,0x00,0x00,0xD8,0x4C,0x2C,0xF8,0x00,0x00,0x00,0xD8,
  0x4C,0x2A,0xFC,0x01,0x00,0x00,0xEB,0x4C,0x0E,0xF7,0x66,0x0C,0x74,0xFD,0x4C,0x00,
  0x63,0xDE,0xF3,0x94,0xBB,0x4C,0x00,0x00,0x9F,0xF8,0xAE,0x01,0x00,0x00,0x00,0x00,
  0xCB,0xCC,0x04,0x00,0x00,0x00,0x00,0x00,0x00,0x00,0x00,0x2C,0xF8,0x00,0x00,0x00,
  0xD8,0x4C,0x2C,0xF8,0x00,0x00,0x00,0xD8,0x4C,0x2C,0xF8,0x00,0x00,0x00,0xD8,0x4C,
  0x2C,0xF8,0x00,0x00,0x00,0xD8,0x4C,0x2A,0xFC,0x01,0x00,0x00,0xEB,0x4C,0x0E,0xF7,
  0x66,0x0C,0x74,0xFD,0x4C,0x00,0x63,0xDE,0xF3,0x94,0xBB,0x4C,0x00,0x17,0xDD,0xA9,
  0x33,0xBC,0x00,0x00,0x65,0x84,0x65,0xEC,0x59,0x00,0x00,0x00,0x00,0x00,0x00,0x00,
  0x00,0x2C,0xF8,0x00,0x00,0x00,0xD8,0x4C,0x2C,0xF8,0x00,0x00,0x00,0xD8,0x4C,0x2C,
  0xF8,0x00,0x00,0x00,0xD8,0x4C,0x2C,0xF8,0x00,0x00,0x00,0xD8,0x4C,0x2A,0xFC,0x01,
  0x00,0x00,0xEB,0x4C,0x0E,0xF7,0x66,0x0C,0x74,0xFD,0x4C,0x00,0x63,0xDE,0xF3,0x94,
  0xBB,0x4C,0x2C,0xF8,0x00,0x00,0x00,0xD8,0x4C,0x2C,0xF8,0x00,0x00,0x00,0xD8,0x4C,
  0x2C,0xF8,0x00,0x00,0x00,0xD8,0x4C,0x2C,0xF8,0x00,0x00,0x00,0xD8,0x4C,0x2A,0xFC,
  0x01,0x00,0x00,0xEB,0x4C,0x0E,0xF7,0x66,0x0C,0x74,0xFD,0x4C,0x00,0x63,0xDE,0xF3,
  0x94,0xBB,0x4C,0x00,0x00,0x00,0x00,0x00,0x00,0x00,0x00,0x00,0x4C,0xFF,0x00,0x00,
  0x00,0x2C,0xF8,0x00,0x00,0x00,0xD8,0x4C,0xEC,0x4F,0x2C,0xF8,0x00,0x00,0x00,0xD8,
  0x4C,0x62,0x3C,0x2C,0xF8,0x00,0x00,0x00,0xD8,0x9A,0x75,0x01,0x2C,0xF8,0x00,0x00,
  0x00,0xD8,0x4C,0x00,0x00,0x2A,0xFC,0x00,0x00,0x00,0xEC,0x4C,0x00,0x00,0x0E,0xF7,
  0x65,0x0B,0x76,0xFD,0x4C,0x00,0x00,0x00,0x5C,0xDF,0xF3,0x94,0xBB,0x4C,0x00,0x00,
  0x00,0x00,0xAA,0xB6,0x00,0x00,0x00,0x00,0x00,0x00,0x00,0x0F,0xDD,0x26,0x00,0x00,
  0x00,0x00,0x00,0x00,0x00,0x00,0x00,0x00,0x00,0x00,0x00,0x2C,0xF8,0x00,0x00,0x00,
  0xD8,0x4C,0xEC,0x4F,0x2C,0xF8,0x00,0x00,0x00,0xD8,0x4C,0x62,0x3C,0x2C,0xF8,0x00,
  0x00,0x00,0xD8,0x9A,0x75,0x01,0x2C,0xF8,0x00,0x00,0x00,0xD8,0x4C,0x00,0x00,0x2A,
  0xFC,0x00,0x00,0x00,0xEC,0x4C,0x00,0x00,0x0E,0xF7,0x65,0x0B,0x76,0xFD,0x4C,0x00,
  0x00,0x00,0x5C,0xDF,0xF3,0x94,0xBB,0x4C,0x00,0x00,0x00,0x00,0x00,0x7F,0xD5,0x08,
  0x00,0x00,0x00,0x00,0x00,0x04,0xE0,0x32,0x00,0x00,0x00,0x00,0x00,0x00,0x00,0x00,
  0x00,0x00,0x00,0x00,0x00,0x2C,0xF8,0x00,0x00,0x00,0xD8,0x4C,0xEC,0x4F,0x2C,0xF8,
  0x00,0x00,0x00,0xD8,0x4C,0x62,0x3C,0x2C,0xF8,0x00,0x00,0x00,0xD8,0x9A,0x75,0x01,
  0x2C,0xF8,0x00,0x00,0x00,0xD8,0x4C,0x00,0x00,0x2A,0xFC,0x00,0x00,0x00,0xEC,0x4C,
  0x00,0x00,0x0E,0xF7,0x65,0x0B,0x76,0xFD,0x4C,0x00,0x00,0x00,0x5C,0xDF,0xF3,0x94,
  0xBB,0x4C,0x00,0x00,0x00,0x00,0x9F,0xF8,0xAE,0x01,0x00,0x00,0x00,0x00,0x00,0x00,
  0xCB,0xCC,0x04,0x00,0x00,0x00,0x00,0x00,0x00,0x00,0x00,0x00,0x00,0x00,0x00,0x2C,
  0xF8,0x00,0x00,0x00,0xD8,0x4C,0xEC,0x4F,0x2C,0xF8,0x00,0x00,0x00,0xD8,0x4C,0x62,
  0x3C,0x2C,0xF8,0x00,0x00,0x00,0xD8,0x9A,0x75,0x01,0x2C,0xF8,0x00,0x00,0x00,0xD8,
  0x4C,0x00,0x00,0x2A,0xFC,0x00,0x00,0x00,0xEC,0x4C,0x00,0x00,0x0E,0xF7,0x65,0x0B,
  0x76,0xFD,0x4C,0x00,0x00,0x00,0x5C,0xDF,0xF3,0x94,0xBB,0x4C,0x00,0x00,0x00,0x1E,
  0xE1,0xA1,0x3C,0xB0,0x00,0x00,0x00,0x00,0x71,0x78,0x6D,0xED,0x4F,0x00,0x00,0x00,
  0x00,0x00,0x00,0x00,0x00,0x00,0x00,0x00,0x00,0x2C,0xF8,0x00,0x00,0x00,0xD8,0x4C,
  0xEC,0x4F,0x2C,0xF8,0x00,0x00,0x00,0xD8,0x4C,0x62,0x3C,0x2C,0xF8,0x00,0x00,0x00,
  0xD8,0x9A,0x75,0x01,0x2C,0xF8,0x00,0x00,0x00,0xD8,0x4C,0x00,0x00,0x2A,0xFC,0x00,
  0x00,0x00,0xEC,0x4C,0x00,0x00,0x0E,0xF7,0x65,0x0B,0x76,0xFD,0x4C,0x00,0x00,0x00,
  0x5C,0xDF,0xF3,0x94,0xBB,0x4C,0x00,0x00,0x2C,0xF8,0x00,0x00,0x00,0xD8,0x4C,0xEC,
  0x4F,0x2C,0xF8,0x00,0x00,0x00,0xD8,0x4C,0x62,0x3C,0x2C,0xF8,0x00,0x00,0x00,0xD8,
  0x9A,0x75,0x01,0x2C,0xF8,0x00,0x00,0x00,0xD8,0x4C,0x00,0x00,0x2A,0xFC,0x00,0x00,
  0x00,0xEC,0x4C,0x00,0x00,0x0E,0xF7,0x65,0x0B,0x76,0xFD,0x4C,0x00,0x00,0x00,0x5C,
  0xDF,0xF3,0x94,0xBB,0x4C,0x00,0x00,0x00,0x00,0x00,0x00,0x00,0x00,0x00,0x00,0x00,
  0x00,0x00,0x4C,0xFF,0x00,0x00,0x00,0x00,0x00,0x00,0x0E,0xDC,0x76,0x00,0x00,0x00,
  0x00,0x00,0x34,0xDA,0x03,0x00,0x00,0x00,0x00,0x00,0x00,0x00,0x00,0x00,0x9F,0x9D,
  0x00,0x00,0x03,0xE9,0x35,0x45,0xF1,0x09,0x00,0x46,0xD9,0x00,0x03,0xE7,0x57,0x00,
  0x9F,0x7D,0x00,0x00,0x90,0xB4,0x07,0xEF,0x22,0x00,0x00,0x36,0xFA,0x63,0xC5,0x00,
  0x00,0x00,0x00,0xDB,0xF0,0x69,0x00,0x00,0x00,0x00,0x81,0xFA,0x13,0x00,0x00,0x00,
  0x00,0x58,0xB1,0x00,0x00,0x00,0x05,0x0E,0xBF,0x4F,0x00,0x00,0x00,0x39,0xF6,0xA2,
  0x00,0x00,0x00,0x00,0x00,0x00,0x00,0xB7,0xA6,0x00,0x00,0x00,0x00,0x23,0xE2,0x10,
  0x00,0x00,0x00,0x00,0x00,0x00,0x00,0x00,0x00,0x9F,0x9D,0x00,0x00,0x03,0xE9,0x35,
  0x45,0xF1,0x09,0x00,0x46,0xD9,0x00,0x03,0xE7,0x57,0x00,0x9F,0x7D,0x00,0x00,0x90,
  0xB4,0x07,0xEF,0x22,0x00,0x00,0x36,0xFA,0x63,0xC5,0x00,0x00,0x00,0x00,0xDB,0xF0,
  0x69,0x00,0x00,0x00,0x00,0x81,0xFA,0x13,0x00,0x00,0x00,0x00,0x58,0xB1,0x00,0x00,
  0x00,0x05,0x0E,0xBF,0x4F,0x00,0x00,0x00,0x39,0xF6,0xA2,0x00,0x00,0x00,0x00,0x00,
  0x00,0xD7,0xF2,0x7F,0x00,0x00,0x00,0x00,0x04,0xFD,0x9B,0x00,0x00,0x00,0x00,0x00,
  0x00,0x00,0x00,0x00,0x9F,0x9D,0x00,0x00,0x03,0xE9,0x35,0x45,0xF1,0x09,0x00,0x46,
  0xD9,0x00,0x03,0xE7,0x57,0x00,0x9F,0x7D,0x00,0x00,0x90,0xB4,0x07,0xEF,0x22,0x00,
  0x00,0x36,0xFA,0x63,0xC5,0x00,0x00,0x00,0x00,0xDB,0xF0,0x69,0x00,0x00,0x00,0x00,
  0x81,0xFA,0x13,0x00,0x00,0x00,0x00,0x58,0xB1,0x00,0x00,0x00,0x05,0x0E,0xBF,0x4F,
  0x00,0x00,0x00,0x39,0xF6,0xA2,0x00,0x00,0x00,0x00,0x00,0x4C,0xEC,0x72,0x72,0x70,
  0x00,0x00,0xB1,0x41,0x9D,0xE4,0x1F,0x00,0x00,0x00,0x00,0x00,0x00,0x00,0x00,0x9F,
  0x9D,0x00,0x00,0x03,0xE9,0x35,0x45,0xF1,0x09,0x00,0x46,0xD9,0x00,0x03,0xE7,0x57,
  0x00,0x9F,0x7D,0x00,0x00,0x90,0xB4,0x07,0xEF,0x22,0x00,0x00,0x36,0xFA,0x63,0xC5,
  0x00,0x00,0x00,0x00,0xDB,0xF0,0x69,0x00,0x00,0x00,0x00,0x81,0xFA,0x13,0x00,0x00,
  0x00,0x00,0x58,0xB1,0x00,0x00,0x00,0x05,0x0E,0xBF,0x4F,0x00,0x00,0x00,0x39,0xF6,
  0xA2,0x00,0x00,0x00,0x00,0x9F,0x9D,0x00,0x00,0x03,0xE9,0x35,0x45,0xF1,0x09,0x00,
  0x46,0xD9,0x00,0x03,0xE7,0x57,0x00,0x9F,0x7D,0x00,0x00,0x90,0xB4,0x07,0xEF,0x22,
  0x00,0x00,0x36,0xFA,0x63,0xC5,0x00,0x00,0x00,0x00,0xDB,0xF0,0x69,0x00,0x00,0x00,
  0x00,0x81,0xFA,0x13,0x00,0x00,0x00,0x00,0x58,0xB1,0x00,0x00,0x00,0x05,0x0E,0xBF,
  0x4F,0xA4,0xA8,0x00,0x39,0xF6,0xA2,0x00,0x00,0x00,0x00,0x00,0x00,0x00,0x00,0x00,
  0xD8,0x4C,0x00,0x00,0x00,0x0C,0xFF,0xFF,0xFF,0xFF,0x38,0x00,0x00,0x00,0x00,0x00,
  0xD8,0x4C,0x00,0x00,0x4F,0xD9,0xF5,0x92,0xDB,0x4C,0x00,0x22,0xF8,0x59,0x0E,0x7F,
  0xFF,0x4C,0x00,0x72,0xC3,0x00,0x00,0x02,0xE6,0x4C,0x00,0x8A,0xA7,0x00,0x00,0x00,
  0xC8,0x4C,0x00,0x6F,0xC8,0x00,0x00,0x01,0xE2,0x4C,0x00,0x1B,0xF4,0x65,0x0E,0x78,
  0xFF,0x4C,0x00,0x00,0x42,0xD4,0xF7,0xA6,0xC9,0x4C,0x00,
};
