// SINH TU ĐONG bởi tools/make_lvgl_images.py — ĐỪNG SỬA TAY.
// Nguồn: Interface/LVGL/assets/12.png  (320x240, không alpha)
#ifdef LV_LVGL_H_INCLUDE_SIMPLE
#include "lvgl.h"
#else
#include "lvgl/lvgl.h"
#endif

#ifndef LV_ATTRIBUTE_MEM_ALIGN
#define LV_ATTRIBUTE_MEM_ALIGN
#endif

const LV_ATTRIBUTE_MEM_ALIGN uint8_t img_bg_tech_map[] = {
    0x08, 0x64, 0x08, 0x64, 0x08, 0x64, 0x08, 0x64, 0x08, 0x64, 0x08, 0x64, 0x08, 0x64, 0x08, 0x64,
    0x08, 0x64, 0x08, 0x64, 0x08, 0x64, 0x08, 0x64, 0x08, 0x64, 0x08, 0x64, 0x08, 0x64, 0x08, 0x64,
    0x08, 0x64, 0x08, 0x64, 0x08, 0x64, 0x08, 0x64, 0x08, 0x64, 0x08, 0x64, 0x08, 0x64, 0x08, 0x64,
    0x08, 0x64, 0x08, 0x64, 0x08, 0x64, 0x08, 0x64, 0x08, 0x64, 0x08, 0x64, 0x08, 0x64, 0x08, 0x64,
    0x08, 0x64, 0x08, 0x64, 0x08, 0x64, 0x08, 0x64, 0x08, 0x64, 0x08, 0x64, 0x08, 0x64, 0x08, 0x64,
    0x08, 0x64, 0x08, 0x64, 0x08, 0x64, 0x08, 0x64, 0x08, 0x64, 0x08, 0x64, 0x08, 0x64, 0x08, 0x64,
    0x08, 0x64, 0x08, 0x64, 0x08, 0x64, 0x08, 0x64, 0x08, 0x64, 0x08, 0x64, 0x08, 0x64, 0x08, 0x64,
    0x08, 0x64, 0x08, 0x64, 0x08, 0x64, 0x08, 0x64, 0x08, 0x64, 0x08, 0x64, 0x08, 0x64, 0x08, 0x64,
    0x08, 0x64, 0x08, 0x64, 0x08, 0x64, 0x08, 0x64, 0x08, 0x64, 0x08, 0x64, 0x08, 0x64, 0x08, 0x64,
    0x08, 0x64, 0x08, 0x64, 0x08, 0x64, 0x08, 0x64, 0x08, 0x64, 0x08, 0x64, 0x08, 0x64, 0x08, 0x64,
    0x08, 0x64, 0x08, 0x64, 0x08, 0x64, 0x08, 0x64, 0x08, 0x64, 0x08, 0x64, 0x08, 0x64, 0x08, 0x64,
    0x08, 0x64, 0x08, 0x64, 0x08, 0x64, 0x08, 0x64, 0x08, 0x64, 0x08, 0x64, 0x08, 0x64, 0x08, 0x64,
    0x08, 0x64, 0x08, 0x64, 0x08, 0x64, 0x08, 0x64, 0x08, 0x64, 0x08, 0x64, 0x08, 0x64, 0x08, 0x64,
    0x08, 0x64, 0x08, 0x64, 0x08, 0x64, 0x08, 0x64, 0x08, 0x64, 0x08, 0x64, 0x08, 0x64, 0x08, 0x64,
    0x08, 0x64, 0x08, 0x64, 0x08, 0x64, 0x08, 0x64, 0x08, 0x64, 0x08, 0x64, 0x08, 0x64, 0x08, 0x64,
    0x08, 0x64, 0x08, 0x64, 0x08, 0x64, 0x08, 0x64, 0x08, 0x64, 0x08, 0x64, 0x08, 0x64, 0x08, 0x64,
    0x08, 0x64, 0x08, 0x64, 0x08, 0x64, 0x08, 0x64, 0x08, 0x64, 0x08, 0x64, 0x08, 0x64, 0x08, 0x64,
    0x08, 0x64, 0x08, 0x64, 0x08, 0x64, 0x08, 0x64, 0x08, 0x64, 0x08, 0x64, 0x08, 0x64, 0x08, 0x64,
    0x08, 0x64, 0x08, 0x64, 0x08, 0x64, 0x08, 0x64, 0x08, 0x64, 0x08, 0x64, 0x08, 0x64, 0x08, 0x64,
    0x08, 0x64, 0x08, 0x64, 0x08, 0x64, 0x08, 0x64, 0x08, 0x64, 0x08, 0x64, 0x08, 0x64, 0x08, 0x64,
    0x08, 0x64, 0x08, 0x64, 0x08, 0x64, 0x08, 0x64, 0x08, 0x64, 0x08, 0x64, 0x08, 0x64, 0x08, 0x64,
    0x08, 0x64, 0x08, 0x64, 0x08, 0x64, 0x08, 0x64, 0x08, 0x64, 0x08, 0x64, 0x08, 0x64, 0x08, 0x64,
    0x08, 0x64, 0x08, 0x64, 0x08, 0x64, 0x08, 0x64, 0x08, 0x64, 0x08, 0x64, 0x08, 0x64, 0x08, 0x64,
    0x08, 0x64, 0x08, 0x64, 0x08, 0x64, 0x08, 0x64, 0x08, 0x64, 0x08, 0x64, 0x08, 0x64, 0x08, 0x64,
    0x08, 0x64, 0x08, 0x64, 0x08, 0x64, 0x08, 0x64, 0x08, 0x64, 0x08, 0x64, 0x08, 0x64, 0x08, 0x64,
    0x08, 0x64, 0x08, 0x64, 0x08, 0x64, 0x08, 0x64, 0x08, 0x64, 0x08, 0x64, 0x08, 0x64, 0x08, 0x64,
    0x08, 0x64, 0x08, 0x64, 0x08, 0x64, 0x08, 0x64, 0x08, 0x64, 0x08, 0x64, 0x08, 0x64, 0x08, 0x64,
    0x08, 0x64, 0x08, 0x64, 0x08, 0x64, 0x08, 0x64, 0x08, 0x64, 0x08, 0x64, 0x08, 0x64, 0x08, 0x64,
    0x08, 0x64, 0x08, 0x64, 0x08, 0x64, 0x08, 0x64, 0x08, 0x64, 0x08, 0x64, 0x08, 0x64, 0x08, 0x64,
    0x08, 0x64, 0x08, 0x64, 0x08, 0x64, 0x08, 0x64, 0x08, 0x64, 0x08, 0x64, 0x08, 0x64, 0x08, 0x64,
    0x08, 0x64, 0x08, 0x64, 0x08, 0x64, 0x08, 0x64, 0x08, 0x64, 0x08, 0x64, 0x08, 0x64, 0x08, 0x64,
    0x08, 0x64, 0x08, 0x64, 0x08, 0x64, 0x08, 0x64, 0x08, 0x64, 0x08, 0x64, 0x08, 0x64, 0x08, 0x64,
    0x08, 0x64, 0x08, 0x64, 0x08, 0x64, 0x08, 0x64, 0x08, 0x64, 0x08, 0x64, 0x08, 0x64, 0x08, 0x64,
    0x08, 0x64, 0x08, 0x64, 0x08, 0x64, 0x08, 0x64, 0x08, 0x64, 0x08, 0x64, 0x08, 0x64, 0x08, 0x64,
    0x08, 0x64, 0x08, 0x64, 0x08, 0x64, 0x08, 0x64, 0x08, 0x64, 0x08, 0x64, 0x08, 0x64, 0x08, 0x64,
    0x08, 0x64, 0x08, 0x64, 0x08, 0x64, 0x08, 0x64, 0x08, 0x64, 0x08, 0x64, 0x08, 0x64, 0x08, 0x64,
    0x08, 0x64, 0x08, 0x64, 0x08, 0x64, 0x08, 0x64, 0x08, 0x64, 0x08, 0x64, 0x08, 0x64, 0x08, 0x64,
    0x08, 0x64, 0x08, 0x64, 0x08, 0x64, 0x08, 0x64, 0x08, 0x64, 0x08, 0x64, 0x08, 0x64, 0x08, 0x64,
    0x08, 0x64, 0x08, 0x64, 0x08, 0x64, 0x08, 0x64, 0x08, 0x64, 0x08, 0x64, 0x08, 0x64, 0x08, 0x64,
    0x08, 0x64, 0x08, 0x64, 0x08, 0x64, 0x08, 0x64, 0x08, 0x64, 0x08, 0x64, 0x00, 0x23, 0x18, 0xe6,
    0x08, 0x64, 0x08, 0x64, 0x08, 0x64, 0x08, 0x64, 0x08, 0x64, 0x08, 0x64, 0x08, 0x64, 0x08, 0x64,
    0x08, 0x64, 0x08, 0x64, 0x08, 0x64, 0x08, 0x64, 0x08, 0x64, 0x08, 0x64, 0x08, 0x64, 0x08, 0x64,
    0x08, 0x64, 0x08, 0x64, 0x08, 0x64, 0x08, 0x64, 0x08, 0x64, 0x08, 0x64, 0x08, 0x64, 0x08, 0x64,
    0x08, 0x64, 0x08, 0x64, 0x08, 0x64, 0x08, 0x64, 0x08, 0x64, 0x08, 0x64, 0x08, 0x64, 0x08, 0x64,
    0x08, 0x64, 0x08, 0x64, 0x08, 0x64, 0x08, 0x64, 0x08, 0x64, 0x08, 0x64, 0x08, 0x64, 0x08, 0x64,
    0x08, 0x64, 0x08, 0x64, 0x08, 0x64, 0x08, 0x64, 0x08, 0x64, 0x08, 0x64, 0x08, 0x64, 0x08, 0x64,
    0x08, 0x64, 0x08, 0x64, 0x08, 0x64, 0x08, 0x64, 0x08, 0x64, 0x08, 0x64, 0x08, 0x64, 0x08, 0x64,
    0x08, 0x64, 0x08, 0x64, 0x08, 0x64, 0x08, 0x64, 0x08, 0x64, 0x08, 0x64, 0x08, 0x64, 0x08, 0x64,
    0x08, 0x64, 0x08, 0x64, 0x08, 0x64, 0x08, 0x64, 0x08, 0x64, 0x08, 0x64, 0x08, 0x64, 0x08, 0x64,
    0x08, 0x64, 0x08, 0x64, 0x08, 0x64, 0x08, 0x64, 0x08, 0x64, 0x08, 0x64, 0x08, 0x64, 0x08, 0x64,
    0x08, 0x64, 0x08, 0x64, 0x08, 0x64, 0x08, 0x64, 0x08, 0x64, 0x08, 0x64, 0x08, 0x64, 0x08, 0x64,
    0x08, 0x64, 0x08, 0x64, 0x08, 0x64, 0x08, 0x64, 0x08, 0x64, 0x08, 0x64, 0x08, 0x64, 0x08, 0x64,
    0x08, 0x64, 0x08, 0x64, 0x08, 0x64, 0x08, 0x64, 0x08, 0x64, 0x08, 0x64, 0x08, 0x64, 0x08, 0x64,
    0x08, 0x64, 0x08, 0x64, 0x08, 0x64, 0x08, 0x64, 0x08, 0x64, 0x08, 0x64, 0x08, 0x64, 0x08, 0x64,
    0x08, 0x64, 0x08, 0x64, 0x08, 0x64, 0x08, 0x64, 0x08, 0x64, 0x08, 0x64, 0x08, 0x64, 0x08, 0x64,
    0x08, 0x64, 0x08, 0x64, 0x08, 0x64, 0x08, 0x64, 0x08, 0x64, 0x08, 0x64, 0x08, 0x64, 0x08, 0x64,
    0x08, 0x64, 0x08, 0x64, 0x08, 0x64, 0x08, 0x64, 0x08, 0x64, 0x08, 0x64, 0x08, 0x64, 0x08, 0x64,
    0x08, 0x64, 0x08, 0x64, 0x08, 0x64, 0x08, 0x64, 0x08, 0x64, 0x08, 0x64, 0x08, 0x64, 0x08, 0x64,
    0x08, 0x64, 0x08, 0x64, 0x08, 0x64, 0x08, 0x64, 0x08, 0x64, 0x08, 0x64, 0x08, 0x64, 0x08, 0x64,
    0x08, 0x64, 0x08, 0x64, 0x08, 0x64, 0x08, 0x64, 0x08, 0x64, 0x08, 0x64, 0x08, 0x64, 0x08, 0x64,
    0x08, 0x64, 0x08, 0x64, 0x08, 0x64, 0x08, 0x64, 0x08, 0x64, 0x08, 0x64, 0x08, 0x64, 0x08, 0x64,
    0x08, 0x64, 0x08, 0x64, 0x08, 0x64, 0x08, 0x64, 0x08, 0x64, 0x08, 0x64, 0x08, 0x64, 0x08, 0x64,
    0x08, 0x64, 0x08, 0x64, 0x08, 0x64, 0x08, 0x64, 0x08, 0x64, 0x08, 0x64, 0x08, 0x64, 0x08, 0x64,
    0x08, 0x64, 0x08, 0x64, 0x08, 0x64, 0x08, 0x64, 0x08, 0x64, 0x08, 0x64, 0x08, 0x64, 0x08, 0x64,
    0x08, 0x64, 0x08, 0x64, 0x08, 0x64, 0x08, 0x64, 0x08, 0x64, 0x08, 0x64, 0x08, 0x64, 0x08, 0x64,
    0x08, 0x64, 0x08, 0x64, 0x08, 0x64, 0x08, 0x64, 0x08, 0x64, 0x08, 0x64, 0x08, 0x64, 0x08, 0x64,
    0x08, 0x64, 0x08, 0x64, 0x08, 0x64, 0x08, 0x64, 0x08, 0x64, 0x08, 0x64, 0x08, 0x64, 0x08, 0x64,
    0x08, 0x64, 0x08, 0x64, 0x08, 0x64, 0x08, 0x64, 0x08, 0x64, 0x08, 0x64, 0x08, 0x64, 0x08, 0x64,
    0x08, 0x64, 0x08, 0x64, 0x08, 0x64, 0x08, 0x64, 0x08, 0x64, 0x08, 0x64, 0x08, 0x64, 0x08, 0x64,
    0x08, 0x64, 0x08, 0x64, 0x08, 0x64, 0x08, 0x64, 0x08, 0x64, 0x08, 0x64, 0x08, 0x64, 0x08, 0x64,
    0x08, 0x64, 0x08, 0x64, 0x08, 0x64, 0x08, 0x64, 0x08, 0x64, 0x08, 0x64, 0x08, 0x64, 0x08, 0x64,
    0x08, 0x64, 0x08, 0x64, 0x08, 0x64, 0x08, 0x64, 0x08, 0x64, 0x08, 0x64, 0x08, 0x64, 0x08, 0x64,
    0x08, 0x64, 0x08, 0x64, 0x08, 0x64, 0x08, 0x64, 0x08, 0x64, 0x08, 0x64, 0x08, 0x64, 0x08, 0x64,
    0x08, 0x64, 0x08, 0x64, 0x08, 0x64, 0x08, 0x64, 0x08, 0x64, 0x08, 0x64, 0x08, 0x64, 0x08, 0x64,
    0x08, 0x64, 0x08, 0x64, 0x08, 0x64, 0x08, 0x64, 0x08, 0x64, 0x08, 0x64, 0x08, 0x64, 0x08, 0x64,
    0x08, 0x64, 0x08, 0x64, 0x08, 0x64, 0x08, 0x64, 0x08, 0x64, 0x08, 0x64, 0x08, 0x64, 0x08, 0x64,
    0x08, 0x64, 0x08, 0x64, 0x08, 0x64, 0x08, 0x64, 0x08, 0x64, 0x08, 0x64, 0x08, 0x64, 0x08, 0x64,
    0x08, 0x64, 0x08, 0x64, 0x08, 0x64, 0x08, 0x64, 0x08, 0x64, 0x08, 0x64, 0x08, 0x64, 0x08, 0x64,
    0x08, 0x64, 0x08, 0x64, 0x08, 0x64, 0x08, 0x64, 0x08, 0x64, 0x08, 0x64, 0x08, 0x64, 0x08, 0x64,
    0x08, 0x64, 0x08, 0x64, 0x08, 0x64, 0x08, 0x64, 0x08, 0x64, 0x08, 0x64, 0x00, 0x23, 0x18, 0xe6,
    0x08, 0x64, 0x08, 0x64, 0x08, 0x64, 0x08, 0x64, 0x08, 0x64, 0x08, 0x64, 0x08, 0x64, 0x08, 0x64,
    0x08, 0x64, 0x08, 0x64, 0x08, 0x64, 0x08, 0x64, 0x08, 0x64, 0x08, 0x64, 0x08, 0x64, 0x08, 0x64,
    0x08, 0x64, 0x08, 0x64, 0x08, 0x64, 0x08, 0x64, 0x08, 0x64, 0x08, 0x64, 0x08, 0x64, 0x08, 0x64,
    0x08, 0x64, 0x08, 0x64, 0x08, 0x64, 0x08, 0x64, 0x08, 0x64, 0x08, 0x64, 0x08, 0x64, 0x08, 0x64,
    0x08, 0x64, 0x08, 0x64, 0x08, 0x64, 0x08, 0x64, 0x08, 0x64, 0x08, 0x64, 0x08, 0x64, 0x08, 0x64,
    0x08, 0x64, 0x08, 0x64, 0x08, 0x64, 0x08, 0x64, 0x08, 0x64, 0x08, 0x64, 0x08, 0x64, 0x08, 0x64,
    0x08, 0x64, 0x08, 0x64, 0x08, 0x64, 0x08, 0x64, 0x08, 0x64, 0x08, 0x64, 0x08, 0x64, 0x08, 0x64,
    0x08, 0x64, 0x08, 0x64, 0x08, 0x64, 0x08, 0x64, 0x08, 0x64, 0x08, 0x64, 0x08, 0x64, 0x08, 0x64,
    0x08, 0x64, 0x08, 0x64, 0x08, 0x64, 0x08, 0x64, 0x08, 0x64, 0x08, 0x64, 0x08, 0x64, 0x08, 0x64,
    0x08, 0x64, 0x08, 0x64, 0x08, 0x64, 0x08, 0x64, 0x08, 0x64, 0x08, 0x64, 0x08, 0x64, 0x08, 0x64,
    0x08, 0x64, 0x08, 0x64, 0x08, 0x64, 0x08, 0x64, 0x08, 0x64, 0x08, 0x64, 0x08, 0x64, 0x08, 0x64,
    0x08, 0x64, 0x08, 0x64, 0x08, 0x64, 0x08, 0x64, 0x08, 0x64, 0x08, 0x64, 0x08, 0x64, 0x08, 0x64,
    0x08, 0x64, 0x08, 0x64, 0x08, 0x64, 0x08, 0x64, 0x08, 0x64, 0x08, 0x64, 0x08, 0x64, 0x08, 0x64,
    0x08, 0x64, 0x08, 0x64, 0x08, 0x64, 0x08, 0x64, 0x08, 0x64, 0x08, 0x64, 0x08, 0x64, 0x08, 0x64,
    0x08, 0x64, 0x08, 0x64, 0x08, 0x64, 0x08, 0x64, 0x08, 0x64, 0x08, 0x64, 0x08, 0x64, 0x08, 0x64,
    0x08, 0x64, 0x08, 0x64, 0x08, 0x64, 0x08, 0x64, 0x08, 0x64, 0x08, 0x64, 0x08, 0x64, 0x08, 0x64,
    0x08, 0x64, 0x08, 0x64, 0x08, 0x64, 0x08, 0x64, 0x08, 0x64, 0x08, 0x64, 0x08, 0x64, 0x08, 0x64,
    0x08, 0x64, 0x08, 0x64, 0x08, 0x64, 0x08, 0x64, 0x08, 0x64, 0x08, 0x64, 0x08, 0x64, 0x08, 0x64,
    0x08, 0x64, 0x08, 0x64, 0x08, 0x64, 0x08, 0x64, 0x08, 0x64, 0x08, 0x64, 0x08, 0x64, 0x08, 0x64,
    0x08, 0x64, 0x08, 0x64, 0x08, 0x64, 0x08, 0x64, 0x08, 0x64, 0x08, 0x64, 0x08, 0x64, 0x08, 0x64,
    0x08, 0x64, 0x08, 0x64, 0x08, 0x64, 0x08, 0x64, 0x08, 0x64, 0x08, 0x64, 0x08, 0x64, 0x08, 0x64,
    0x08, 0x64, 0x08, 0x64, 0x08, 0x64, 0x08, 0x64, 0x08, 0x64, 0x08, 0x64, 0x08, 0x64, 0x08, 0x64,
    0x08, 0x64, 0x08, 0x64, 0x08, 0x64, 0x08, 0x64, 0x08, 0x64, 0x08, 0x64, 0x08, 0x64, 0x08, 0x64,
    0x08, 0x64, 0x08, 0x64, 0x08, 0x64, 0x08, 0x64, 0x08, 0x64, 0x08, 0x64, 0x08, 0x64, 0x08, 0x64,
    0x08, 0x64, 0x08, 0x64, 0x08, 0x64, 0x08, 0x64, 0x08, 0x64, 0x08, 0x64, 0x08, 0x64, 0x08, 0x64,
    0x08, 0x64, 0x08, 0x64, 0x08, 0x64, 0x08, 0x64, 0x08, 0x64, 0x08, 0x64, 0x08, 0x64, 0x08, 0x64,
    0x08, 0x64, 0x08, 0x64, 0x08, 0x64, 0x08, 0x64, 0x08, 0x64, 0x08, 0x64, 0x08, 0x64, 0x08, 0x64,
    0x08, 0x64, 0x08, 0x64, 0x08, 0x64, 0x08, 0x64, 0x08, 0x64, 0x08, 0x64, 0x08, 0x64, 0x08, 0x64,
    0x08, 0x64, 0x08, 0x64, 0x08, 0x64, 0x08, 0x64, 0x08, 0x64, 0x08, 0x64, 0x08, 0x64, 0x08, 0x64,
    0x08, 0x64, 0x08, 0x64, 0x08, 0x64, 0x08, 0x64, 0x08, 0x64, 0x08, 0x64, 0x08, 0x64, 0x08, 0x64,
    0x08, 0x64, 0x08, 0x64, 0x08, 0x64, 0x08, 0x64, 0x08, 0x64, 0x08, 0x64, 0x08, 0x64, 0x08, 0x64,
    0x08, 0x64, 0x08, 0x64, 0x08, 0x64, 0x08, 0x64, 0x08, 0x64, 0x08, 0x64, 0x08, 0x64, 0x08, 0x64,
    0x08, 0x64, 0x08, 0x64, 0x08, 0x64, 0x08, 0x64, 0x08, 0x64, 0x08, 0x64, 0x08, 0x64, 0x08, 0x64,
    0x08, 0x64, 0x08, 0x64, 0x08, 0x64, 0x08, 0x64, 0x08, 0x64, 0x08, 0x64, 0x08, 0x64, 0x08, 0x64,
    0x08, 0x64, 0x08, 0x64, 0x08, 0x64, 0x08, 0x64, 0x08, 0x64, 0x08, 0x64, 0x08, 0x64, 0x08, 0x64,
    0x08, 0x64, 0x08, 0x64, 0x08, 0x64, 0x08, 0x64, 0x08, 0x64, 0x08, 0x64, 0x08, 0x64, 0x08, 0x64,
    0x08, 0x64, 0x08, 0x64, 0x08, 0x64, 0x08, 0x64, 0x08, 0x64, 0x08, 0x64, 0x08, 0x64, 0x08, 0x64,
    0x08, 0x64, 0x08, 0x64, 0x08, 0x64, 0x08, 0x64, 0x08, 0x64, 0x08, 0x64, 0x08, 0x64, 0x08, 0x64,
    0x08, 0x64, 0x08, 0x64, 0x08, 0x64, 0x08, 0x64, 0x08, 0x64, 0x08, 0x64, 0x08, 0x64, 0x08, 0x64,
    0x08, 0x64, 0x08, 0x64, 0x08, 0x64, 0x08, 0x64, 0x08, 0x64, 0x08, 0x64, 0x00, 0x23, 0x18, 0xe6,
    0x08, 0x64, 0x08, 0x64, 0x08, 0x64, 0x08, 0x64, 0x08, 0x64, 0x08, 0x64, 0x08, 0x64, 0x08, 0x64,
    0x08, 0x64, 0x08, 0x64, 0x08, 0x64, 0x08, 0x64, 0x08, 0x64, 0x08, 0x64, 0x08, 0x64, 0x08, 0x64,
    0x08, 0x64, 0x08, 0x64, 0x08, 0x64, 0x08, 0x64, 0x08, 0x64, 0x08, 0x64, 0x08, 0x64, 0x08, 0x64,
    0x08, 0x64, 0x08, 0x64, 0x08, 0x64, 0x08, 0x64, 0x08, 0x64, 0x08, 0x64, 0x08, 0x64, 0x08, 0x64,
    0x08, 0x64, 0x08, 0x64, 0x08, 0x64, 0x08, 0x64, 0x08, 0x64, 0x08, 0x64, 0x08, 0x64, 0x08, 0x64,
    0x08, 0x64, 0x08, 0x64, 0x08, 0x64, 0x08, 0x64, 0x08, 0x64, 0x08, 0x64, 0x08, 0x64, 0x08, 0x64,
    0x08, 0x64, 0x08, 0x64, 0x08, 0x64, 0x08, 0x64, 0x08, 0x64, 0x08, 0x64, 0x08, 0x64, 0x08, 0x64,
    0x08, 0x64, 0x08, 0x64, 0x08, 0x64, 0x08, 0x64, 0x08, 0x64, 0x08, 0x64, 0x08, 0x64, 0x08, 0x64,
    0x08, 0x64, 0x08, 0x64, 0x08, 0x64, 0x08, 0x64, 0x08, 0x64, 0x08, 0x64, 0x08, 0x64, 0x08, 0x64,
    0x08, 0x64, 0x08, 0x64, 0x08, 0x64, 0x08, 0x64, 0x08, 0x64, 0x08, 0x64, 0x08, 0x64, 0x08, 0x64,
    0x08, 0x64, 0x08, 0x64, 0x08, 0x64, 0x08, 0x64, 0x08, 0x64, 0x08, 0x64, 0x08, 0x64, 0x08, 0x64,
    0x08, 0x64, 0x08, 0x64, 0x08, 0x64, 0x08, 0x64, 0x08, 0x64, 0x08, 0x64, 0x08, 0x64, 0x08, 0x64,
    0x08, 0x64, 0x08, 0x64, 0x08, 0x64, 0x08, 0x64, 0x08, 0x64, 0x08, 0x64, 0x08, 0x64, 0x08, 0x64,
    0x08, 0x64, 0x08, 0x64, 0x08, 0x64, 0x08, 0x64, 0x08, 0x64, 0x08, 0x64, 0x08, 0x64, 0x08, 0x64,
    0x08, 0x64, 0x08, 0x64, 0x08, 0x64, 0x08, 0x64, 0x08, 0x64, 0x08, 0x64, 0x08, 0x64, 0x08, 0x64,
    0x08, 0x64, 0x08, 0x64, 0x08, 0x64, 0x08, 0x64, 0x08, 0x64, 0x08, 0x64, 0x08, 0x64, 0x08, 0x64,
    0x08, 0x64, 0x08, 0x64, 0x08, 0x64, 0x08, 0x64, 0x08, 0x64, 0x08, 0x64, 0x08, 0x64, 0x08, 0x64,
    0x08, 0x64, 0x08, 0x64, 0x08, 0x64, 0x08, 0x64, 0x08, 0x64, 0x08, 0x64, 0x08, 0x64, 0x08, 0x64,
    0x08, 0x64, 0x08, 0x64, 0x08, 0x64, 0x08, 0x64, 0x08, 0x64, 0x08, 0x64, 0x08, 0x64, 0x08, 0x64,
    0x08, 0x64, 0x08, 0x64, 0x08, 0x64, 0x08, 0x64, 0x08, 0x64, 0x08, 0x64, 0x08, 0x64, 0x08, 0x64,
    0x08, 0x64, 0x08, 0x64, 0x08, 0x64, 0x08, 0x64, 0x08, 0x64, 0x08, 0x64, 0x08, 0x64, 0x08, 0x64,
    0x08, 0x64, 0x08, 0x64, 0x08, 0x64, 0x08, 0x64, 0x08, 0x64, 0x08, 0x64, 0x08, 0x64, 0x08, 0x64,
    0x08, 0x64, 0x08, 0x64, 0x08, 0x64, 0x08, 0x64, 0x08, 0x64, 0x08, 0x64, 0x08, 0x64, 0x08, 0x64,
    0x08, 0x64, 0x08, 0x64, 0x08, 0x64, 0x08, 0x64, 0x08, 0x64, 0x08, 0x64, 0x08, 0x64, 0x08, 0x64,
    0x08, 0x64, 0x08, 0x64, 0x08, 0x64, 0x08, 0x64, 0x08, 0x64, 0x08, 0x64, 0x08, 0x64, 0x08, 0x64,
    0x08, 0x64, 0x08, 0x64, 0x08, 0x64, 0x08, 0x64, 0x08, 0x64, 0x08, 0x64, 0x08, 0x64, 0x08, 0x64,
    0x08, 0x64, 0x08, 0x64, 0x08, 0x64, 0x08, 0x64, 0x08, 0x64, 0x08, 0x64, 0x08, 0x64, 0x08, 0x64,
    0x08, 0x64, 0x08, 0x64, 0x08, 0x64, 0x08, 0x64, 0x08, 0x64, 0x08, 0x64, 0x08, 0x64, 0x08, 0x64,
    0x08, 0x64, 0x08, 0x64, 0x08, 0x64, 0x08, 0x64, 0x08, 0x64, 0x08, 0x64, 0x08, 0x64, 0x08, 0x64,
    0x08, 0x64, 0x08, 0x64, 0x08, 0x64, 0x08, 0x64, 0x08, 0x64, 0x08, 0x64, 0x08, 0x64, 0x08, 0x64,
    0x08, 0x64, 0x08, 0x64, 0x08, 0x64, 0x08, 0x64, 0x08, 0x64, 0x08, 0x64, 0x08, 0x64, 0x08, 0x64,
    0x08, 0x64, 0x08, 0x64, 0x08, 0x64, 0x08, 0x64, 0x08, 0x64, 0x08, 0x64, 0x08, 0x64, 0x08, 0x64,
    0x08, 0x64, 0x08, 0x64, 0x08, 0x64, 0x08, 0x64, 0x08, 0x64, 0x08, 0x64, 0x08, 0x64, 0x08, 0x64,
    0x08, 0x64, 0x08, 0x64, 0x08, 0x64, 0x08, 0x64, 0x08, 0x64, 0x08, 0x64, 0x08, 0x64, 0x08, 0x64,
    0x08, 0x64, 0x08, 0x64, 0x08, 0x64, 0x08, 0x64, 0x08, 0x64, 0x08, 0x64, 0x08, 0x64, 0x08, 0x64,
    0x08, 0x64, 0x08, 0x64, 0x08, 0x64, 0x08, 0x64, 0x08, 0x64, 0x08, 0x64, 0x08, 0x64, 0x08, 0x64,
    0x08, 0x64, 0x08, 0x64, 0x08, 0x64, 0x08, 0x64, 0x08, 0x64, 0x08, 0x64, 0x08, 0x64, 0x08, 0x64,
    0x08, 0x64, 0x08, 0x64, 0x08, 0x64, 0x08, 0x64, 0x08, 0x64, 0x08, 0x64, 0x08, 0x64, 0x08, 0x64,
    0x08, 0x64, 0x08, 0x64, 0x08, 0x64, 0x08, 0x64, 0x08, 0x64, 0x08, 0x64, 0x08, 0x64, 0x08, 0x64,
    0x08, 0x64, 0x08, 0x64, 0x08, 0x64, 0x08, 0x64, 0x08, 0x64, 0x08, 0x64, 0x00, 0x23, 0x18, 0xe6,
    0x08, 0x64, 0x08, 0x64, 0x08, 0x64, 0x08, 0x64, 0x08, 0x64, 0x08, 0x64, 0x08, 0x64, 0x08, 0x64,
    0x08, 0x64, 0x08, 0x64, 0x08, 0x64, 0x08, 0x64, 0x08, 0x64, 0x08, 0x64, 0x08, 0x64, 0x08, 0x64,
    0x08, 0x64, 0x08, 0x64, 0x08, 0x64, 0x08, 0x64, 0x08, 0x64, 0x08, 0x64, 0x08, 0x64, 0x08, 0x64,
    0x08, 0x64, 0x08, 0x64, 0x08, 0x64, 0x08, 0x64, 0x08, 0x64, 0x08, 0x64, 0x08, 0x64, 0x08, 0x64,
    0x08, 0x64, 0x08, 0x64, 0x08, 0x64, 0x08, 0x64, 0x08, 0x64, 0x08, 0x64, 0x08, 0x64, 0x08, 0x64,
    0x08, 0x64, 0x08, 0x64, 0x08, 0x64, 0x08, 0x64, 0x08, 0x64, 0x08, 0x64, 0x08, 0x64, 0x08, 0x64,
    0x08, 0x64, 0x08, 0x64, 0x08, 0x64, 0x08, 0x64, 0x08, 0x64, 0x08, 0x64, 0x08, 0x64, 0x08, 0x64,
    0x08, 0x64, 0x08, 0x64, 0x08, 0x64, 0x08, 0x64, 0x08, 0x64, 0x08, 0x64, 0x08, 0x64, 0x08, 0x64,
    0x08, 0x64, 0x08, 0x64, 0x08, 0x64, 0x08, 0x64, 0x08, 0x64, 0x08, 0x64, 0x08, 0x64, 0x08, 0x64,
    0x08, 0x64, 0x08, 0x64, 0x08, 0x64, 0x08, 0x64, 0x08, 0x64, 0x08, 0x64, 0x08, 0x64, 0x08, 0x64,
    0x08, 0x64, 0x08, 0x64, 0x08, 0x64, 0x08, 0x64, 0x08, 0x64, 0x08, 0x64, 0x08, 0x64, 0x08, 0x64,
    0x08, 0x64, 0x08, 0x64, 0x08, 0x64, 0x08, 0x64, 0x08, 0x64, 0x08, 0x64, 0x08, 0x64, 0x08, 0x64,
    0x08, 0x64, 0x08, 0x64, 0x08, 0x64, 0x08, 0x64, 0x08, 0x64, 0x08, 0x64, 0x08, 0x64, 0x08, 0x64,
    0x08, 0x64, 0x08, 0x64, 0x08, 0x64, 0x08, 0x64, 0x08, 0x64, 0x08, 0x64, 0x08, 0x64, 0x08, 0x64,
    0x08, 0x64, 0x08, 0x64, 0x08, 0x64, 0x08, 0x64, 0x08, 0x64, 0x08, 0x64, 0x08, 0x64, 0x08, 0x64,
    0x08, 0x64, 0x08, 0x64, 0x08, 0x64, 0x08, 0x64, 0x08, 0x64, 0x08, 0x64, 0x08, 0x64, 0x08, 0x64,
    0x08, 0x64, 0x08, 0x64, 0x08, 0x64, 0x08, 0x64, 0x08, 0x64, 0x08, 0x64, 0x08, 0x64, 0x08, 0x64,
    0x08, 0x64, 0x08, 0x64, 0x08, 0x64, 0x08, 0x64, 0x08, 0x64, 0x08, 0x64, 0x08, 0x64, 0x08, 0x64,
    0x08, 0x64, 0x08, 0x64, 0x08, 0x64, 0x08, 0x64, 0x08, 0x64, 0x08, 0x64, 0x08, 0x64, 0x08, 0x64,
    0x08, 0x64, 0x08, 0x64, 0x08, 0x64, 0x08, 0x64, 0x08, 0x64, 0x08, 0x64, 0x08, 0x64, 0x08, 0x64,
    0x08, 0x64, 0x08, 0x64, 0x08, 0x64, 0x08, 0x64, 0x08, 0x64, 0x08, 0x64, 0x08, 0x64, 0x08, 0x64,
    0x08, 0x64, 0x08, 0x64, 0x08, 0x64, 0x08, 0x64, 0x08, 0x64, 0x08, 0x64, 0x08, 0x64, 0x08, 0x64,
    0x08, 0x64, 0x08, 0x64, 0x08, 0x64, 0x08, 0x64, 0x08, 0x64, 0x08, 0x64, 0x08, 0x64, 0x08, 0x64,
    0x08, 0x64, 0x08, 0x64, 0x08, 0x64, 0x08, 0x64, 0x08, 0x64, 0x08, 0x64, 0x08, 0x64, 0x08, 0x64,
    0x08, 0x64, 0x08, 0x64, 0x08, 0x64, 0x08, 0x64, 0x08, 0x64, 0x08, 0x64, 0x08, 0x64, 0x08, 0x64,
    0x08, 0x64, 0x08, 0x64, 0x08, 0x64, 0x08, 0x64, 0x08, 0x64, 0x08, 0x64, 0x08, 0x64, 0x08, 0x64,
    0x08, 0x64, 0x08, 0x64, 0x08, 0x64, 0x08, 0x64, 0x08, 0x64, 0x08, 0x64, 0x08, 0x64, 0x08, 0x64,
    0x08, 0x64, 0x08, 0x64, 0x08, 0x64, 0x08, 0x64, 0x08, 0x64, 0x08, 0x64, 0x08, 0x64, 0x08, 0x64,
    0x08, 0x64, 0x08, 0x64, 0x08, 0x64, 0x08, 0x64, 0x08, 0x64, 0x08, 0x64, 0x08, 0x64, 0x08, 0x64,
    0x08, 0x64, 0x08, 0x64, 0x08, 0x64, 0x08, 0x64, 0x08, 0x64, 0x08, 0x64, 0x08, 0x64, 0x08, 0x64,
    0x08, 0x64, 0x08, 0x64, 0x08, 0x64, 0x08, 0x64, 0x08, 0x64, 0x08, 0x64, 0x08, 0x64, 0x08, 0x64,
    0x08, 0x64, 0x08, 0x64, 0x08, 0x64, 0x08, 0x64, 0x08, 0x64, 0x08, 0x64, 0x08, 0x64, 0x08, 0x64,
    0x08, 0x64, 0x08, 0x64, 0x08, 0x64, 0x08, 0x64, 0x08, 0x64, 0x08, 0x64, 0x08, 0x64, 0x08, 0x64,
    0x08, 0x64, 0x08, 0x64, 0x08, 0x64, 0x08, 0x64, 0x08, 0x64, 0x08, 0x64, 0x08, 0x64, 0x08, 0x64,
    0x08, 0x64, 0x08, 0x64, 0x08, 0x64, 0x08, 0x64, 0x08, 0x64, 0x08, 0x64, 0x08, 0x64, 0x08, 0x64,
    0x08, 0x64, 0x08, 0x64, 0x08, 0x64, 0x08, 0x64, 0x08, 0x64, 0x08, 0x64, 0x08, 0x64, 0x08, 0x64,
    0x08, 0x64, 0x08, 0x64, 0x08, 0x64, 0x08, 0x64, 0x08, 0x64, 0x08, 0x64, 0x08, 0x64, 0x08, 0x64,
    0x08, 0x64, 0x08, 0x64, 0x08, 0x64, 0x08, 0x64, 0x08, 0x64, 0x08, 0x64, 0x08, 0x64, 0x08, 0x64,
    0x08, 0x64, 0x08, 0x64, 0x08, 0x64, 0x08, 0x64, 0x08, 0x64, 0x08, 0x64, 0x08, 0x64, 0x08, 0x64,
    0x08, 0x64, 0x08, 0x64, 0x08, 0x64, 0x08, 0x64, 0x08, 0x64, 0x08, 0x64, 0x00, 0x23, 0x18, 0xe6,
    0x08, 0x64, 0x08, 0x64, 0x08, 0x64, 0x08, 0x64, 0x08, 0x64, 0x08, 0x64, 0x08, 0x64, 0x08, 0x64,
    0x08, 0x64, 0x08, 0x64, 0x08, 0x64, 0x08, 0x64, 0x08, 0x64, 0x08, 0x64, 0x08, 0x64, 0x08, 0x64,
    0x08, 0x64, 0x08, 0x64, 0x08, 0x64, 0x08, 0x64, 0x08, 0x64, 0x08, 0x64, 0x08, 0x64, 0x08, 0x64,
    0x08, 0x64, 0x08, 0x64, 0x08, 0x64, 0x08, 0x64, 0x08, 0x64, 0x08, 0x64, 0x08, 0x64, 0x08, 0x64,
    0x08, 0x64, 0x08, 0x64, 0x08, 0x64, 0x08, 0x64, 0x08, 0x64, 0x08, 0x64, 0x08, 0x64, 0x08, 0x64,
    0x08, 0x64, 0x08, 0x64, 0x08, 0x64, 0x08, 0x64, 0x08, 0x64, 0x08, 0x64, 0x08, 0x64, 0x08, 0x64,
    0x08, 0x64, 0x08, 0x64, 0x08, 0x64, 0x08, 0x64, 0x08, 0x64, 0x08, 0x64, 0x08, 0x64, 0x08, 0x64,
    0x08, 0x64, 0x08, 0x64, 0x08, 0x64, 0x08, 0x64, 0x08, 0x64, 0x08, 0x64, 0x08, 0x64, 0x08, 0x64,
    0x08, 0x64, 0x08, 0x64, 0x08, 0x64, 0x08, 0x64, 0x08, 0x64, 0x08, 0x64, 0x08, 0x64, 0x08, 0x64,
    0x08, 0x64, 0x08, 0x64, 0x08, 0x64, 0x08, 0x64, 0x08, 0x64, 0x08, 0x64, 0x08, 0x64, 0x08, 0x64,
    0x08, 0x64, 0x08, 0x64, 0x08, 0x64, 0x08, 0x64, 0x08, 0x64, 0x08, 0x64, 0x08, 0x64, 0x08, 0x64,
    0x08, 0x64, 0x08, 0x64, 0x08, 0x64, 0x08, 0x64, 0x08, 0x64, 0x08, 0x64, 0x08, 0x64, 0x08, 0x64,
    0x08, 0x64, 0x08, 0x64, 0x08, 0x64, 0x08, 0x64, 0x08, 0x64, 0x08, 0x64, 0x08, 0x64, 0x08, 0x64,
    0x08, 0x64, 0x08, 0x64, 0x08, 0x64, 0x08, 0x64, 0x08, 0x64, 0x08, 0x64, 0x08, 0x64, 0x08, 0x64,
    0x08, 0x64, 0x08, 0x64, 0x08, 0x64, 0x08, 0x64, 0x08, 0x64, 0x08, 0x64, 0x08, 0x64, 0x08, 0x64,
    0x08, 0x64, 0x08, 0x64, 0x08, 0x64, 0x08, 0x64, 0x08, 0x64, 0x08, 0x64, 0x08, 0x64, 0x08, 0x64,
    0x08, 0x64, 0x08, 0x64, 0x08, 0x64, 0x08, 0x64, 0x08, 0x64, 0x08, 0x64, 0x08, 0x64, 0x08, 0x64,
    0x08, 0x64, 0x08, 0x64, 0x08, 0x64, 0x08, 0x64, 0x08, 0x64, 0x08, 0x64, 0x08, 0x64, 0x08, 0x64,
    0x08, 0x64, 0x08, 0x64, 0x08, 0x64, 0x08, 0x64, 0x08, 0x64, 0x08, 0x64, 0x08, 0x64, 0x08, 0x64,
    0x08, 0x64, 0x08, 0x64, 0x08, 0x64, 0x08, 0x64, 0x08, 0x64, 0x08, 0x64, 0x08, 0x64, 0x08, 0x64,
    0x08, 0x64, 0x08, 0x64, 0x08, 0x64, 0x08, 0x64, 0x08, 0x64, 0x08, 0x64, 0x08, 0x64, 0x08, 0x64,
    0x08, 0x64, 0x08, 0x64, 0x08, 0x64, 0x08, 0x64, 0x08, 0x64, 0x08, 0x64, 0x08, 0x64, 0x08, 0x64,
    0x08, 0x64, 0x08, 0x64, 0x08, 0x64, 0x08, 0x64, 0x08, 0x64, 0x08, 0x64, 0x08, 0x64, 0x08, 0x64,
    0x08, 0x64, 0x08, 0x64, 0x08, 0x64, 0x08, 0x64, 0x08, 0x64, 0x08, 0x64, 0x08, 0x64, 0x08, 0x64,
    0x08, 0x64, 0x08, 0x64, 0x08, 0x64, 0x08, 0x64, 0x08, 0x64, 0x08, 0x64, 0x08, 0x64, 0x08, 0x64,
    0x08, 0x64, 0x08, 0x64, 0x08, 0x64, 0x08, 0x64, 0x08, 0x64, 0x08, 0x64, 0x08, 0x64, 0x08, 0x64,
    0x08, 0x64, 0x08, 0x64, 0x08, 0x64, 0x08, 0x64, 0x08, 0x64, 0x08, 0x64, 0x08, 0x64, 0x08, 0x64,
    0x08, 0x64, 0x08, 0x64, 0x08, 0x64, 0x08, 0x64, 0x08, 0x64, 0x08, 0x64, 0x08, 0x64, 0x08, 0x64,
    0x08, 0x64, 0x08, 0x64, 0x08, 0x64, 0x08, 0x64, 0x08, 0x64, 0x08, 0x64, 0x08, 0x64, 0x08, 0x64,
    0x08, 0x64, 0x08, 0x64, 0x08, 0x64, 0x08, 0x64, 0x08, 0x64, 0x08, 0x64, 0x08, 0x64, 0x08, 0x64,
    0x08, 0x64, 0x08, 0x64, 0x08, 0x64, 0x08, 0x64, 0x08, 0x64, 0x08, 0x64, 0x08, 0x64, 0x08, 0x64,
    0x08, 0x64, 0x08, 0x64, 0x08, 0x64, 0x08, 0x64, 0x08, 0x64, 0x08, 0x64, 0x08, 0x64, 0x08, 0x64,
    0x08, 0x64, 0x08, 0x64, 0x08, 0x64, 0x08, 0x64, 0x08, 0x64, 0x08, 0x64, 0x08, 0x64, 0x08, 0x64,
    0x08, 0x64, 0x08, 0x64, 0x08, 0x64, 0x08, 0x64, 0x08, 0x64, 0x08, 0x64, 0x08, 0x64, 0x08, 0x64,
    0x08, 0x64, 0x08, 0x64, 0x08, 0x64, 0x08, 0x64, 0x08, 0x64, 0x08, 0x64, 0x08, 0x64, 0x08, 0x64,
    0x08, 0x64, 0x08, 0x64, 0x08, 0x64, 0x08, 0x64, 0x08, 0x64, 0x08, 0x64, 0x08, 0x64, 0x08, 0x64,
    0x08, 0x64, 0x08, 0x64, 0x08, 0x64, 0x08, 0x64, 0x08, 0x64, 0x08, 0x64, 0x08, 0x64, 0x08, 0x64,
    0x08, 0x64, 0x08, 0x64, 0x08, 0x64, 0x08, 0x64, 0x08, 0x64, 0x08, 0x64, 0x08, 0x64, 0x08, 0x64,
    0x08, 0x64, 0x08, 0x64, 0x08, 0x64, 0x08, 0x64, 0x08, 0x64, 0x08, 0x64, 0x08, 0x64, 0x08, 0x64,
    0x08, 0x64, 0x08, 0x64, 0x08, 0x64, 0x08, 0x64, 0x08, 0x64, 0x08, 0x64, 0x00, 0x23, 0x18, 0xe6,
    0x08, 0x64, 0x08, 0x64, 0x08, 0x64, 0x08, 0x64, 0x08, 0x64, 0x08, 0x64, 0x08, 0x64, 0x08, 0x64,
    0x08, 0x64, 0x08, 0x64, 0x08, 0x64, 0x08, 0x64, 0x08, 0x64, 0x08, 0x64, 0x08, 0x64, 0x08, 0x64,
    0x08, 0x64, 0x08, 0x64, 0x08, 0x64, 0x08, 0x64, 0x08, 0x64, 0x08, 0x64, 0x08, 0x64, 0x08, 0x64,
    0x08, 0x64, 0x08, 0x64, 0x08, 0x64, 0x08, 0x64, 0x08, 0x64, 0x08, 0x64, 0x08, 0x64, 0x08, 0x64,
    0x08, 0x64, 0x08, 0x64, 0x08, 0x64, 0x08, 0x64, 0x08, 0x64, 0x08, 0x64, 0x08, 0x64, 0x08, 0x64,
    0x08, 0x64, 0x08, 0x64, 0x08, 0x64, 0x08, 0x64, 0x08, 0x64, 0x08, 0x64, 0x08, 0x64, 0x08, 0x64,
    0x08, 0x64, 0x08, 0x64, 0x08, 0x64, 0x08, 0x64, 0x08, 0x64, 0x08, 0x64, 0x08, 0x64, 0x08, 0x64,
    0x08, 0x64, 0x08, 0x64, 0x08, 0x64, 0x08, 0x64, 0x08, 0x64, 0x08, 0x64, 0x08, 0x64, 0x08, 0x64,
    0x08, 0x64, 0x08, 0x64, 0x08, 0x64, 0x08, 0x64, 0x08, 0x64, 0x08, 0x64, 0x08, 0x64, 0x08, 0x64,
    0x08, 0x64, 0x08, 0x64, 0x08, 0x64, 0x08, 0x64, 0x08, 0x64, 0x08, 0x64, 0x08, 0x64, 0x08, 0x64,
    0x08, 0x64, 0x08, 0x64, 0x08, 0x64, 0x08, 0x64, 0x08, 0x64, 0x08, 0x64, 0x08, 0x64, 0x08, 0x64,
    0x08, 0x64, 0x08, 0x64, 0x08, 0x64, 0x08, 0x64, 0x08, 0x64, 0x08, 0x64, 0x08, 0x64, 0x08, 0x64,
    0x08, 0x64, 0x08, 0x64, 0x08, 0x64, 0x08, 0x64, 0x08, 0x64, 0x08, 0x64, 0x08, 0x64, 0x08, 0x64,
    0x08, 0x64, 0x08, 0x64, 0x08, 0x64, 0x08, 0x64, 0x08, 0x64, 0x08, 0x64, 0x08, 0x64, 0x08, 0x64,
    0x08, 0x64, 0x08, 0x64, 0x08, 0x64, 0x08, 0x64, 0x08, 0x64, 0x08, 0x64, 0x08, 0x64, 0x08, 0x64,
    0x08, 0x64, 0x08, 0x64, 0x08, 0x64, 0x08, 0x64, 0x08, 0x64, 0x08, 0x64, 0x08, 0x64, 0x08, 0x64,
    0x08, 0x64, 0x08, 0x64, 0x08, 0x64, 0x08, 0x64, 0x08, 0x64, 0x08, 0x64, 0x08, 0x64, 0x08, 0x64,
    0x08, 0x64, 0x08, 0x64, 0x08, 0x64, 0x08, 0x64, 0x08, 0x64, 0x08, 0x64, 0x08, 0x64, 0x08, 0x64,
    0x08, 0x64, 0x08, 0x64, 0x08, 0x64, 0x08, 0x64, 0x08, 0x64, 0x08, 0x64, 0x08, 0x64, 0x08, 0x64,
    0x08, 0x64, 0x08, 0x64, 0x08, 0x64, 0x08, 0x64, 0x08, 0x64, 0x08, 0x64, 0x08, 0x64, 0x08, 0x64,
    0x08, 0x64, 0x08, 0x64, 0x08, 0x64, 0x08, 0x64, 0x08, 0x64, 0x08, 0x64, 0x08, 0x64, 0x08, 0x64,
    0x08, 0x64, 0x08, 0x64, 0x08, 0x64, 0x08, 0x64, 0x08, 0x64, 0x08, 0x64, 0x08, 0x65, 0x08, 0x65,
    0x08, 0x65, 0x08, 0x65, 0x08, 0x65, 0x08, 0x65, 0x08, 0x65, 0x08, 0x65, 0x08, 0x65, 0x08, 0x65,
    0x08, 0x65, 0x08, 0x65, 0x08, 0x65, 0x08, 0x65, 0x08, 0x65, 0x08, 0x64, 0x08, 0x64, 0x08, 0x64,
    0x08, 0x64, 0x08, 0x64, 0x08, 0x64, 0x08, 0x64, 0x08, 0x64, 0x08, 0x64, 0x08, 0x64, 0x08, 0x64,
    0x08, 0x64, 0x08, 0x64, 0x08, 0x64, 0x08, 0x64, 0x08, 0x64, 0x08, 0x64, 0x08, 0x64, 0x08, 0x64,
    0x08, 0x64, 0x08, 0x64, 0x08, 0x64, 0x08, 0x64, 0x08, 0x64, 0x08, 0x64, 0x08, 0x64, 0x08, 0x64,
    0x08, 0x64, 0x08, 0x64, 0x08, 0x64, 0x08, 0x64, 0x08, 0x64, 0x08, 0x64, 0x08, 0x64, 0x08, 0x64,
    0x08, 0x64, 0x08, 0x64, 0x08, 0x64, 0x08, 0x64, 0x08, 0x64, 0x08, 0x64, 0x08, 0x64, 0x08, 0x64,
    0x08, 0x64, 0x08, 0x64, 0x08, 0x64, 0x08, 0x64, 0x08, 0x64, 0x08, 0x64, 0x08, 0x64, 0x08, 0x64,
    0x08, 0x64, 0x08, 0x64, 0x08, 0x64, 0x08, 0x64, 0x08, 0x64, 0x08, 0x64, 0x08, 0x64, 0x08, 0x64,
    0x08, 0x64, 0x08, 0x64, 0x08, 0x64, 0x08, 0x64, 0x08, 0x64, 0x08, 0x64, 0x08, 0x64, 0x08, 0x64,
    0x08, 0x64, 0x08, 0x64, 0x08, 0x64, 0x08, 0x64, 0x08, 0x64, 0x08, 0x64, 0x08, 0x64, 0x08, 0x64,
    0x08, 0x64, 0x08, 0x64, 0x08, 0x64, 0x08, 0x64, 0x08, 0x64, 0x08, 0x64, 0x08, 0x64, 0x08, 0x64,
    0x08, 0x64, 0x08, 0x64, 0x08, 0x64, 0x08, 0x64, 0x08, 0x64, 0x08, 0x64, 0x08, 0x64, 0x08, 0x64,
    0x08, 0x64, 0x08, 0x64, 0x08, 0x64, 0x08, 0x64, 0x08, 0x64, 0x08, 0x64, 0x08, 0x64, 0x08, 0x64,
    0x08, 0x64, 0x08, 0x64, 0x08, 0x64, 0x08, 0x64, 0x08, 0x64, 0x08, 0x64, 0x08, 0x64, 0x08, 0x64,
    0x08, 0x64, 0x08, 0x64, 0x08, 0x64, 0x08, 0x64, 0x08, 0x64, 0x08, 0x64, 0x08, 0x64, 0x08, 0x64,
    0x08, 0x64, 0x08, 0x64, 0x08, 0x64, 0x08, 0x64, 0x08, 0x64, 0x08, 0x64, 0x08, 0x64, 0x08, 0x64,
    0x08, 0x64, 0x08, 0x64, 0x08, 0x64, 0x08, 0x64, 0x08, 0x64, 0x08, 0x64, 0x00, 0x23, 0x18, 0xe6,
    0x08, 0x64, 0x08, 0x64, 0x08, 0x64, 0x08, 0x64, 0x08, 0x64, 0x08, 0x64, 0x08, 0x64, 0x08, 0x64,
    0x08, 0x64, 0x08, 0x64, 0x08, 0x64, 0x08, 0x64, 0x08, 0x64, 0x08, 0x64, 0x08, 0x64, 0x08, 0x64,
    0x08, 0x64, 0x08, 0x64, 0x08, 0x64, 0x08, 0x64, 0x08, 0x64, 0x08, 0x64, 0x08, 0x64, 0x08, 0x64,
    0x08, 0x64, 0x08, 0x64, 0x08, 0x64, 0x08, 0x64, 0x08, 0x64, 0x08, 0x64, 0x08, 0x64, 0x08, 0x64,
    0x08, 0x64, 0x08, 0x64, 0x08, 0x64, 0x08, 0x64, 0x08, 0x64, 0x08, 0x64, 0x08, 0x64, 0x08, 0x64,
    0x08, 0x64, 0x08, 0x64, 0x08, 0x64, 0x08, 0x64, 0x08, 0x64, 0x08, 0x64, 0x08, 0x64, 0x08, 0x64,
    0x08, 0x64, 0x08, 0x64, 0x08, 0x64, 0x08, 0x64, 0x08, 0x64, 0x08, 0x64, 0x08, 0x64, 0x08, 0x64,
    0x08, 0x64, 0x08, 0x64, 0x08, 0x64, 0x08, 0x64, 0x08, 0x64, 0x08, 0x64, 0x08, 0x64, 0x08, 0x64,
    0x08, 0x64, 0x08, 0x64, 0x08, 0x64, 0x08, 0x64, 0x08, 0x64, 0x08, 0x64, 0x08, 0x64, 0x08, 0x64,
    0x08, 0x64, 0x08, 0x64, 0x08, 0x64, 0x08, 0x64, 0x08, 0x64, 0x08, 0x64, 0x08, 0x64, 0x08, 0x64,
    0x08, 0x64, 0x08, 0x64, 0x08, 0x64, 0x08, 0x64, 0x08, 0x64, 0x08, 0x64, 0x08, 0x64, 0x08, 0x64,
    0x08, 0x64, 0x08, 0x64, 0x08, 0x64, 0x08, 0x64, 0x08, 0x64, 0x08, 0x64, 0x08, 0x64, 0x08, 0x64,
    0x08, 0x64, 0x08, 0x64, 0x08, 0x64, 0x08, 0x64, 0x08, 0x64, 0x08, 0x64, 0x08, 0x64, 0x08, 0x64,
    0x08, 0x64, 0x08, 0x64, 0x08, 0x64, 0x08, 0x64, 0x08, 0x64, 0x08, 0x64, 0x08, 0x64, 0x08, 0x64,
    0x08, 0x64, 0x08, 0x64, 0x08, 0x64, 0x08, 0x64, 0x08, 0x64, 0x08, 0x64, 0x08, 0x64, 0x08, 0x64,
    0x08, 0x64, 0x08, 0x64, 0x08, 0x64, 0x08, 0x64, 0x08, 0x64, 0x08, 0x64, 0x08, 0x64, 0x08, 0x64,
    0x08, 0x64, 0x08, 0x64, 0x08, 0x64, 0x08, 0x64, 0x08, 0x64, 0x08, 0x64, 0x08, 0x64, 0x08, 0x64,
    0x08, 0x64, 0x08, 0x64, 0x08, 0x64, 0x08, 0x64, 0x08, 0x64, 0x08, 0x64, 0x08, 0x64, 0x08, 0x64,
    0x08, 0x64, 0x08, 0x64, 0x08, 0x64, 0x08, 0x64, 0x08, 0x64, 0x08, 0x64, 0x08, 0x64, 0x08, 0x64,
    0x08, 0x64, 0x08, 0x64, 0x08, 0x64, 0x08, 0x64, 0x08, 0x64, 0x08, 0x64, 0x08, 0x64, 0x08, 0x64,
    0x08, 0x64, 0x08, 0x64, 0x08, 0x64, 0x08, 0x64, 0x08, 0x64, 0x08, 0x64, 0x08, 0x64, 0x08, 0x64,
    0x08, 0x64, 0x08, 0x64, 0x08, 0x64, 0x08, 0x64, 0x08, 0x64, 0x08, 0x64, 0x08, 0x65, 0x08, 0x65,
    0x08, 0x65, 0x08, 0x65, 0x08, 0x65, 0x08, 0x65, 0x08, 0x65, 0x08, 0x65, 0x08, 0x65, 0x08, 0x65,
    0x08, 0x65, 0x08, 0x65, 0x08, 0x65, 0x08, 0x65, 0x08, 0x65, 0x08, 0x65, 0x08, 0x64, 0x08, 0x64,
    0x08, 0x64, 0x08, 0x64, 0x08, 0x64, 0x08, 0x64, 0x08, 0x64, 0x08, 0x64, 0x08, 0x64, 0x08, 0x64,
    0x08, 0x64, 0x08, 0x64, 0x08, 0x64, 0x08, 0x64, 0x08, 0x64, 0x08, 0x64, 0x08, 0x64, 0x08, 0x64,
    0x08, 0x64, 0x08, 0x64, 0x08, 0x64, 0x08, 0x64, 0x08, 0x64, 0x08, 0x64, 0x08, 0x64, 0x08, 0x64,
    0x08, 0x64, 0x08, 0x64, 0x08, 0x64, 0x08, 0x64, 0x08, 0x64, 0x08, 0x64, 0x08, 0x64, 0x08, 0x64,
    0x08, 0x64, 0x08, 0x64, 0x08, 0x64, 0x08, 0x64, 0x08, 0x64, 0x08, 0x64, 0x08, 0x64, 0x08, 0x64,
    0x08, 0x64, 0x08, 0x64, 0x08, 0x64, 0x08, 0x64, 0x08, 0x64, 0x08, 0x64, 0x08, 0x64, 0x08, 0x64,
    0x08, 0x64, 0x08, 0x64, 0x08, 0x64, 0x08, 0x64, 0x08, 0x64, 0x08, 0x64, 0x08, 0x64, 0x08, 0x64,
    0x08, 0x64, 0x08, 0x64, 0x08, 0x64, 0x08, 0x64, 0x08, 0x64, 0x08, 0x64, 0x08, 0x64, 0x08, 0x64,
    0x08, 0x64, 0x08, 0x64, 0x08, 0x64, 0x08, 0x64, 0x08, 0x64, 0x08, 0x64, 0x08, 0x64, 0x08, 0x64,
    0x08, 0x64, 0x08, 0x64, 0x08, 0x64, 0x08, 0x64, 0x08, 0x64, 0x08, 0x64, 0x08, 0x64, 0x08, 0x64,
    0x08, 0x64, 0x08, 0x64, 0x08, 0x64, 0x08, 0x64, 0x08, 0x64, 0x08, 0x64, 0x08, 0x64, 0x08, 0x64,
    0x08, 0x64, 0x08, 0x64, 0x08, 0x64, 0x08, 0x64, 0x08, 0x64, 0x08, 0x64, 0x08, 0x64, 0x08, 0x64,
    0x08, 0x64, 0x08, 0x64, 0x08, 0x64, 0x08, 0x64, 0x08, 0x64, 0x08, 0x64, 0x08, 0x64, 0x08, 0x64,
    0x08, 0x64, 0x08, 0x64, 0x08, 0x64, 0x08, 0x64, 0x08, 0x64, 0x08, 0x64, 0x08, 0x64, 0x08, 0x64,
    0x08, 0x64, 0x08, 0x64, 0x08, 0x64, 0x08, 0x64, 0x08, 0x64, 0x08, 0x64, 0x08, 0x64, 0x08, 0x64,
    0x08, 0x64, 0x08, 0x64, 0x08, 0x64, 0x08, 0x64, 0x08, 0x64, 0x08, 0x64, 0x00, 0x23, 0x18, 0xe6,
    0x08, 0x64, 0x08, 0x64, 0x08, 0x64, 0x08, 0x64, 0x08, 0x64, 0x08, 0x64, 0x08, 0x64, 0x08, 0x64,
    0x08, 0x64, 0x08, 0x64, 0x08, 0x64, 0x08, 0x64, 0x08, 0x64, 0x08, 0x64, 0x08, 0x64, 0x08, 0x64,
    0x08, 0x64, 0x08, 0x64, 0x08, 0x64, 0x08, 0x64, 0x08, 0x64, 0x08, 0x64, 0x08, 0x64, 0x08, 0x64,
    0x08, 0x64, 0x08, 0x64, 0x08, 0x64, 0x08, 0x64, 0x08, 0x64, 0x08, 0x64, 0x08, 0x64, 0x08, 0x64,
    0x08, 0x64, 0x08, 0x64, 0x08, 0x64, 0x08, 0x64, 0x08, 0x64, 0x08, 0x64, 0x08, 0x64, 0x08, 0x64,
    0x08, 0x64, 0x08, 0x64, 0x08, 0x64, 0x08, 0x64, 0x08, 0x64, 0x08, 0x64, 0x08, 0x64, 0x08, 0x64,
    0x08, 0x64, 0x08, 0x64, 0x08, 0x64, 0x08, 0x64, 0x08, 0x64, 0x08, 0x64, 0x08, 0x64, 0x08, 0x64,
    0x08, 0x64, 0x08, 0x64, 0x08, 0x64, 0x08, 0x64, 0x08, 0x64, 0x08, 0x64, 0x08, 0x64, 0x08, 0x64,
    0x08, 0x64, 0x08, 0x64, 0x08, 0x64, 0x08, 0x64, 0x08, 0x64, 0x08, 0x64, 0x08, 0x64, 0x08, 0x64,
    0x08, 0x64, 0x08, 0x64, 0x08, 0x64, 0x08, 0x64, 0x08, 0x64, 0x08, 0x64, 0x08, 0x64, 0x08, 0x64,
    0x08, 0x64, 0x08, 0x64, 0x08, 0x64, 0x08, 0x64, 0x08, 0x64, 0x08, 0x64, 0x08, 0x64, 0x08, 0x64,
    0x08, 0x64, 0x08, 0x64, 0x08, 0x64, 0x08, 0x64, 0x08, 0x64, 0x08, 0x64, 0x08, 0x64, 0x08, 0x64,
    0x08, 0x64, 0x08, 0x64, 0x08, 0x64, 0x08, 0x64, 0x08, 0x64, 0x08, 0x64, 0x08, 0x64, 0x08, 0x64,
    0x08, 0x64, 0x08, 0x64, 0x08, 0x64, 0x08, 0x64, 0x08, 0x64, 0x08, 0x64, 0x08, 0x64, 0x08, 0x64,
    0x08, 0x64, 0x08, 0x64, 0x08, 0x64, 0x08, 0x64, 0x08, 0x64, 0x08, 0x64, 0x08, 0x64, 0x08, 0x64,
    0x08, 0x64, 0x08, 0x64, 0x08, 0x64, 0x08, 0x64, 0x08, 0x64, 0x08, 0x64, 0x08, 0x64, 0x08, 0x64,
    0x08, 0x64, 0x08, 0x64, 0x08, 0x64, 0x08, 0x64, 0x08, 0x64, 0x08, 0x64, 0x08, 0x64, 0x08, 0x64,
    0x08, 0x64, 0x08, 0x64, 0x08, 0x64, 0x08, 0x64, 0x08, 0x64, 0x08, 0x64, 0x08, 0x64, 0x08, 0x64,
    0x08, 0x64, 0x08, 0x64, 0x08, 0x64, 0x08, 0x64, 0x08, 0x64, 0x08, 0x64, 0x08, 0x64, 0x08, 0x64,
    0x08, 0x64, 0x08, 0x64, 0x08, 0x64, 0x08, 0x64, 0x08, 0x64, 0x08, 0x64, 0x08, 0x64, 0x08, 0x64,
    0x08, 0x64, 0x08, 0x64, 0x08, 0x64, 0x08, 0x64, 0x08, 0x64, 0x08, 0x64, 0x08, 0x64, 0x08, 0x64,
    0x08, 0x64, 0x08, 0x64, 0x08, 0x64, 0x08, 0x64, 0x08, 0x64, 0x08, 0x64, 0x08, 0x65, 0x08, 0x65,
    0x08, 0x65, 0x08, 0x65, 0x08, 0x65, 0x08, 0x65, 0x08, 0x65, 0x08, 0x65, 0x08, 0x65, 0x08, 0x65,
    0x08, 0x65, 0x08, 0x64, 0x08, 0x64, 0x08, 0x64, 0x08, 0x64, 0x08, 0x64, 0x08, 0x64, 0x08, 0x64,
    0x08, 0x64, 0x08, 0x64, 0x08, 0x64, 0x08, 0x64, 0x08, 0x64, 0x08, 0x64, 0x08, 0x64, 0x08, 0x64,
    0x08, 0x64, 0x08, 0x64, 0x08, 0x64, 0x08, 0x64, 0x08, 0x64, 0x08, 0x64, 0x08, 0x64, 0x08, 0x64,
    0x08, 0x64, 0x08, 0x64, 0x08, 0x64, 0x08, 0x64, 0x08, 0x64, 0x08, 0x64, 0x08, 0x64, 0x08, 0x64,
    0x08, 0x64, 0x08, 0x64, 0x08, 0x64, 0x08, 0x64, 0x08, 0x64, 0x08, 0x64, 0x08, 0x64, 0x08, 0x64,
    0x08, 0x64, 0x08, 0x64, 0x08, 0x64, 0x08, 0x64, 0x08, 0x64, 0x08, 0x64, 0x08, 0x64, 0x08, 0x64,
    0x08, 0x64, 0x08, 0x64, 0x08, 0x64, 0x08, 0x64, 0x08, 0x64, 0x08, 0x64, 0x08, 0x64, 0x08, 0x64,
    0x08, 0x64, 0x08, 0x64, 0x08, 0x64, 0x08, 0x64, 0x08, 0x64, 0x08, 0x64, 0x08, 0x64, 0x08, 0x64,
    0x08, 0x64, 0x08, 0x64, 0x08, 0x64, 0x08, 0x64, 0x08, 0x64, 0x08, 0x64, 0x08, 0x64, 0x08, 0x64,
    0x08, 0x64, 0x08, 0x64, 0x08, 0x64, 0x08, 0x64, 0x08, 0x64, 0x08, 0x64, 0x08, 0x64, 0x08, 0x64,
    0x08, 0x64, 0x08, 0x64, 0x08, 0x64, 0x08, 0x64, 0x08, 0x64, 0x08, 0x64, 0x08, 0x64, 0x08, 0x64,
    0x08, 0x64, 0x08, 0x64, 0x08, 0x64, 0x08, 0x64, 0x08, 0x64, 0x08, 0x64, 0x08, 0x64, 0x08, 0x64,
    0x08, 0x64, 0x08, 0x64, 0x08, 0x64, 0x08, 0x64, 0x08, 0x64, 0x08, 0x64, 0x08, 0x64, 0x08, 0x64,
    0x08, 0x64, 0x08, 0x64, 0x08, 0x64, 0x08, 0x64, 0x08, 0x64, 0x08, 0x64, 0x08, 0x64, 0x08, 0x64,
    0x08, 0x64, 0x08, 0x64, 0x08, 0x64, 0x08, 0x64, 0x08, 0x64, 0x08, 0x64, 0x08, 0x64, 0x08, 0x64,
    0x08, 0x64, 0x08, 0x64, 0x08, 0x64, 0x08, 0x64, 0x08, 0x64, 0x08, 0x64, 0x08, 0x64, 0x08, 0x64,
    0x08, 0x64, 0x08, 0x64, 0x08, 0x64, 0x08, 0x64, 0x08, 0x64, 0x08, 0x64, 0x00, 0x23, 0x18, 0xe6,
    0x08, 0x64, 0x08, 0x64, 0x08, 0x64, 0x08, 0x64, 0x08, 0x64, 0x08, 0x64, 0x08, 0x64, 0x08, 0x64,
    0x08, 0x64, 0x08, 0x64, 0x08, 0x64, 0x08, 0x64, 0x08, 0x64, 0x08, 0x64, 0x08, 0x64, 0x08, 0x64,
    0x08, 0x64, 0x08, 0x64, 0x08, 0x64, 0x08, 0x64, 0x08, 0x64, 0x08, 0x64, 0x08, 0x64, 0x08, 0x64,
    0x08, 0x64, 0x08, 0x64, 0x08, 0x64, 0x08, 0x64, 0x08, 0x64, 0x08, 0x64, 0x08, 0x64, 0x08, 0x64,
    0x08, 0x64, 0x08, 0x64, 0x08, 0x64, 0x08, 0x64, 0x08, 0x64, 0x08, 0x64, 0x08, 0x64, 0x08, 0x64,
    0x08, 0x64, 0x08, 0x64, 0x08, 0x64, 0x08, 0x64, 0x08, 0x64, 0x08, 0x64, 0x08, 0x64, 0x08, 0x64,
    0x08, 0x64, 0x08, 0x64, 0x08, 0x64, 0x08, 0x64, 0x08, 0x64, 0x08, 0x64, 0x08, 0x64, 0x08, 0x64,
    0x08, 0x64, 0x08, 0x64, 0x08, 0x64, 0x08, 0x64, 0x08, 0x64, 0x08, 0x64, 0x08, 0x64, 0x08, 0x64,
    0x08, 0x64, 0x08, 0x64, 0x08, 0x64, 0x08, 0x64, 0x08, 0x64, 0x08, 0x64, 0x08, 0x64, 0x08, 0x64,
    0x08, 0x64, 0x08, 0x64, 0x08, 0x64, 0x08, 0x64, 0x08, 0x64, 0x08, 0x64, 0x08, 0x64, 0x08, 0x64,
    0x08, 0x64, 0x08, 0x64, 0x08, 0x64, 0x08, 0x64, 0x08, 0x64, 0x08, 0x64, 0x08, 0x64, 0x08, 0x64,
    0x08, 0x64, 0x08, 0x64, 0x08, 0x64, 0x08, 0x64, 0x08, 0x64, 0x08, 0x64, 0x08, 0x64, 0x08, 0x64,
    0x08, 0x64, 0x08, 0x64, 0x08, 0x64, 0x08, 0x64, 0x08, 0x64, 0x08, 0x64, 0x08, 0x64, 0x08, 0x64,
    0x08, 0x64, 0x08, 0x64, 0x08, 0x64, 0x08, 0x64, 0x08, 0x64, 0x08, 0x64, 0x08, 0x64, 0x08, 0x64,
    0x08, 0x64, 0x08, 0x64, 0x08, 0x64, 0x08, 0x64, 0x08, 0x64, 0x08, 0x64, 0x08, 0x64, 0x08, 0x64,
    0x08, 0x64, 0x08, 0x64, 0x08, 0x64, 0x08, 0x64, 0x08, 0x64, 0x08, 0x64, 0x08, 0x64, 0x08, 0x64,
    0x08, 0x64, 0x08, 0x64, 0x08, 0x64, 0x08, 0x64, 0x08, 0x64, 0x08, 0x64, 0x08, 0x64, 0x08, 0x64,
    0x08, 0x64, 0x08, 0x64, 0x08, 0x64, 0x08, 0x64, 0x08, 0x64, 0x08, 0x64, 0x08, 0x64, 0x08, 0x64,
    0x08, 0x64, 0x08, 0x64, 0x08, 0x64, 0x08, 0x64, 0x08, 0x64, 0x08, 0x64, 0x08, 0x64, 0x08, 0x64,
    0x08, 0x64, 0x08, 0x64, 0x08, 0x64, 0x08, 0x64, 0x08, 0x64, 0x08, 0x64, 0x08, 0x64, 0x08, 0x64,
    0x08, 0x64, 0x08, 0x64, 0x08, 0x64, 0x08, 0x64, 0x08, 0x64, 0x08, 0x64, 0x08, 0x64, 0x08, 0x64,
    0x08, 0x64, 0x08, 0x64, 0x08, 0x64, 0x08, 0x64, 0x08, 0x64, 0x08, 0x64, 0x08, 0x65, 0x08, 0x65,
    0x08, 0x65, 0x08, 0x65, 0x08, 0x65, 0x08, 0x65, 0x08, 0x65, 0x08, 0x65, 0x08, 0x65, 0x08, 0x65,
    0x08, 0x65, 0x08, 0x65, 0x08, 0x65, 0x08, 0x65, 0x08, 0x65, 0x08, 0x65, 0x08, 0x65, 0x08, 0x64,
    0x08, 0x64, 0x08, 0x64, 0x08, 0x64, 0x08, 0x64, 0x08, 0x64, 0x08, 0x64, 0x08, 0x64, 0x08, 0x64,
    0x08, 0x64, 0x08, 0x64, 0x08, 0x64, 0x08, 0x64, 0x08, 0x64, 0x08, 0x64, 0x08, 0x64, 0x08, 0x64,
    0x08, 0x64, 0x08, 0x64, 0x08, 0x64, 0x08, 0x64, 0x08, 0x64, 0x08, 0x64, 0x08, 0x64, 0x08, 0x64,
    0x08, 0x64, 0x08, 0x64, 0x08, 0x64, 0x08, 0x64, 0x08, 0x64, 0x08, 0x64, 0x08, 0x64, 0x08, 0x64,
    0x08, 0x64, 0x08, 0x64, 0x08, 0x64, 0x08, 0x64, 0x08, 0x64, 0x08, 0x64, 0x08, 0x64, 0x08, 0x64,
    0x08, 0x64, 0x08, 0x64, 0x08, 0x64, 0x08, 0x64, 0x08, 0x64, 0x08, 0x64, 0x08, 0x64, 0x08, 0x64,
    0x08, 0x64, 0x08, 0x64, 0x08, 0x64, 0x08, 0x64, 0x08, 0x64, 0x08, 0x64, 0x08, 0x64, 0x08, 0x64,
    0x08, 0x64, 0x08, 0x64, 0x08, 0x64, 0x08, 0x64, 0x08, 0x64, 0x08, 0x64, 0x08, 0x64, 0x08, 0x64,
    0x08, 0x64, 0x08, 0x64, 0x08, 0x64, 0x08, 0x64, 0x08, 0x64, 0x08, 0x64, 0x08, 0x64, 0x08, 0x64,
    0x08, 0x64, 0x08, 0x64, 0x08, 0x64, 0x08, 0x64, 0x08, 0x64, 0x08, 0x64, 0x08, 0x64, 0x08, 0x64,
    0x08, 0x64, 0x08, 0x64, 0x08, 0x64, 0x08, 0x64, 0x08, 0x64, 0x08, 0x64, 0x08, 0x64, 0x08, 0x64,
    0x08, 0x64, 0x08, 0x64, 0x08, 0x64, 0x08, 0x64, 0x08, 0x64, 0x08, 0x64, 0x08, 0x64, 0x08, 0x64,
    0x08, 0x64, 0x08, 0x64, 0x08, 0x64, 0x08, 0x64, 0x08, 0x64, 0x08, 0x64, 0x08, 0x64, 0x08, 0x64,
    0x08, 0x64, 0x08, 0x64, 0x08, 0x64, 0x08, 0x64, 0x08, 0x64, 0x08, 0x64, 0x08, 0x64, 0x08, 0x64,
    0x08, 0x64, 0x08, 0x64, 0x08, 0x64, 0x08, 0x64, 0x08, 0x64, 0x08, 0x64, 0x08, 0x64, 0x08, 0x64,
    0x08, 0x64, 0x08, 0x64, 0x08, 0x64, 0x08, 0x64, 0x08, 0x64, 0x08, 0x64, 0x00, 0x23, 0x18, 0xe6,
    0x08, 0x64, 0x08, 0x64, 0x08, 0x64, 0x08, 0x64, 0x08, 0x64, 0x08, 0x64, 0x08, 0x64, 0x08, 0x64,
    0x08, 0x64, 0x08, 0x64, 0x08, 0x64, 0x08, 0x64, 0x08, 0x64, 0x08, 0x64, 0x08, 0x64, 0x08, 0x64,
    0x08, 0x64, 0x08, 0x64, 0x08, 0x64, 0x08, 0x64, 0x08, 0x64, 0x08, 0x64, 0x08, 0x64, 0x08, 0x64,
    0x08, 0x64, 0x08, 0x64, 0x08, 0x64, 0x08, 0x64, 0x08, 0x64, 0x08, 0x64, 0x08, 0x64, 0x08, 0x64,
    0x08, 0x64, 0x08, 0x64, 0x08, 0x64, 0x08, 0x64, 0x08, 0x64, 0x08, 0x64, 0x08, 0x64, 0x08, 0x64,
    0x08, 0x64, 0x08, 0x64, 0x08, 0x64, 0x08, 0x64, 0x08, 0x64, 0x08, 0x64, 0x08, 0x64, 0x08, 0x64,
    0x08, 0x64, 0x08, 0x64, 0x08, 0x64, 0x08, 0x64, 0x08, 0x64, 0x08, 0x64, 0x08, 0x64, 0x08, 0x64,
    0x08, 0x64, 0x08, 0x64, 0x08, 0x64, 0x08, 0x64, 0x08, 0x64, 0x08, 0x64, 0x08, 0x64, 0x08, 0x64,
    0x08, 0x64, 0x08, 0x64, 0x08, 0x64, 0x08, 0x64, 0x08, 0x64, 0x08, 0x64, 0x08, 0x64, 0x08, 0x64,
    0x08, 0x64, 0x08, 0x64, 0x08, 0x64, 0x08, 0x64, 0x08, 0x64, 0x08, 0x64, 0x08, 0x64, 0x08, 0x64,
    0x08, 0x64, 0x08, 0x64, 0x08, 0x64, 0x08, 0x64, 0x08, 0x64, 0x08, 0x64, 0x08, 0x64, 0x08, 0x64,
    0x08, 0x64, 0x08, 0x64, 0x08, 0x64, 0x08, 0x64, 0x08, 0x64, 0x08, 0x64, 0x08, 0x64, 0x08, 0x64,
    0x08, 0x64, 0x08, 0x64, 0x08, 0x64, 0x08, 0x64, 0x08, 0x64, 0x08, 0x64, 0x08, 0x64, 0x08, 0x64,
    0x08, 0x64, 0x08, 0x64, 0x08, 0x64, 0x08, 0x64, 0x08, 0x64, 0x08, 0x64, 0x08, 0x64, 0x08, 0x64,
    0x08, 0x64, 0x08, 0x64, 0x08, 0x64, 0x08, 0x64, 0x08, 0x64, 0x08, 0x64, 0x08, 0x64, 0x08, 0x64,
    0x08, 0x64, 0x08, 0x64, 0x08, 0x64, 0x08, 0x64, 0x08, 0x64, 0x08, 0x64, 0x08, 0x64, 0x08, 0x64,
    0x08, 0x64, 0x08, 0x64, 0x08, 0x64, 0x08, 0x64, 0x08, 0x64, 0x08, 0x64, 0x08, 0x64, 0x08, 0x64,
    0x08, 0x64, 0x08, 0x64, 0x08, 0x64, 0x08, 0x64, 0x08, 0x64, 0x08, 0x64, 0x08, 0x64, 0x08, 0x64,
    0x08, 0x64, 0x08, 0x64, 0x08, 0x64, 0x08, 0x64, 0x08, 0x64, 0x08, 0x64, 0x08, 0x64, 0x08, 0x64,
    0x08, 0x64, 0x08, 0x64, 0x08, 0x64, 0x08, 0x64, 0x08, 0x64, 0x08, 0x64, 0x08, 0x64, 0x08, 0x64,
    0x08, 0x64, 0x08, 0x64, 0x08, 0x64, 0x08, 0x64, 0x08, 0x64, 0x08, 0x64, 0x08, 0x64, 0x08, 0x64,
    0x08, 0x64, 0x08, 0x64, 0x08, 0x64, 0x08, 0x64, 0x08, 0x64, 0x08, 0x64, 0x08, 0x65, 0x08, 0x65,
    0x08, 0x65, 0x08, 0x65, 0x08, 0x65, 0x08, 0x65, 0x08, 0x65, 0x08, 0x65, 0x08, 0x65, 0x08, 0x65,
    0x08, 0x65, 0x08, 0x65, 0x08, 0x65, 0x08, 0x65, 0x08, 0x65, 0x08, 0x65, 0x08, 0x65, 0x08, 0x65,
    0x08, 0x65, 0x08, 0x65, 0x08, 0x65, 0x08, 0x65, 0x08, 0x65, 0x08, 0x65, 0x08, 0x65, 0x08, 0x65,
    0x08, 0x65, 0x08, 0x65, 0x08, 0x65, 0x08, 0x64, 0x08, 0x64, 0x08, 0x64, 0x08, 0x64, 0x08, 0x64,
    0x08, 0x64, 0x08, 0x64, 0x08, 0x64, 0x08, 0x64, 0x08, 0x64, 0x08, 0x64, 0x08, 0x64, 0x08, 0x64,
    0x08, 0x64, 0x08, 0x64, 0x08, 0x64, 0x08, 0x64, 0x08, 0x64, 0x08, 0x64, 0x08, 0x64, 0x08, 0x64,
    0x08, 0x64, 0x08, 0x64, 0x08, 0x64, 0x08, 0x64, 0x08, 0x64, 0x08, 0x64, 0x08, 0x64, 0x08, 0x64,
    0x08, 0x64, 0x08, 0x64, 0x08, 0x64, 0x08, 0x64, 0x08, 0x64, 0x08, 0x64, 0x08, 0x64, 0x08, 0x64,
    0x08, 0x64, 0x08, 0x64, 0x08, 0x64, 0x08, 0x64, 0x08, 0x64, 0x08, 0x64, 0x08, 0x64, 0x08, 0x64,
    0x08, 0x64, 0x08, 0x64, 0x08, 0x64, 0x08, 0x64, 0x08, 0x64, 0x08, 0x64, 0x08, 0x64, 0x08, 0x64,
    0x08, 0x64, 0x08, 0x64, 0x08, 0x64, 0x08, 0x64, 0x08, 0x64, 0x08, 0x64, 0x08, 0x64, 0x08, 0x64,
    0x08, 0x64, 0x08, 0x64, 0x08, 0x64, 0x08, 0x64, 0x08, 0x64, 0x08, 0x64, 0x08, 0x64, 0x08, 0x64,
    0x08, 0x64, 0x08, 0x64, 0x08, 0x64, 0x08, 0x64, 0x08, 0x64, 0x08, 0x64, 0x08, 0x64, 0x08, 0x64,
    0x08, 0x64, 0x08, 0x64, 0x08, 0x64, 0x08, 0x64, 0x08, 0x64, 0x08, 0x64, 0x08, 0x64, 0x08, 0x64,
    0x08, 0x64, 0x08, 0x64, 0x08, 0x64, 0x08, 0x64, 0x08, 0x64, 0x08, 0x64, 0x08, 0x64, 0x08, 0x64,
    0x08, 0x64, 0x08, 0x64, 0x08, 0x64, 0x08, 0x64, 0x08, 0x64, 0x08, 0x64, 0x08, 0x64, 0x08, 0x64,
    0x08, 0x64, 0x08, 0x64, 0x08, 0x64, 0x08, 0x64, 0x08, 0x64, 0x08, 0x64, 0x08, 0x64, 0x08, 0x64,
    0x08, 0x64, 0x08, 0x64, 0x08, 0x64, 0x08, 0x64, 0x08, 0x64, 0x08, 0x64, 0x00, 0x23, 0x18, 0xe6,
    0x08, 0x64, 0x08, 0x64, 0x08, 0x64, 0x08, 0x64, 0x08, 0x64, 0x08, 0x64, 0x08, 0x64, 0x08, 0x64,
    0x08, 0x64, 0x08, 0x64, 0x08, 0x64, 0x08, 0x64, 0x08, 0x64, 0x08, 0x64, 0x08, 0x64, 0x08, 0x64,
    0x08, 0x64, 0x08, 0x64, 0x08, 0x64, 0x08, 0x64, 0x08, 0x64, 0x08, 0x64, 0x08, 0x64, 0x08, 0x64,
    0x08, 0x64, 0x08, 0x64, 0x08, 0x64, 0x08, 0x64, 0x08, 0x64, 0x08, 0x64, 0x08, 0x64, 0x08, 0x64,
    0x08, 0x64, 0x08, 0x64, 0x08, 0x64, 0x08, 0x64, 0x08, 0x64, 0x08, 0x64, 0x08, 0x64, 0x08, 0x64,
    0x08, 0x64, 0x08, 0x64, 0x08, 0x64, 0x08, 0x64, 0x08, 0x64, 0x08, 0x64, 0x08, 0x64, 0x08, 0x64,
    0x08, 0x64, 0x08, 0x64, 0x08, 0x64, 0x08, 0x64, 0x08, 0x64, 0x08, 0x64, 0x08, 0x64, 0x08, 0x64,
    0x08, 0x64, 0x08, 0x64, 0x08, 0x64, 0x08, 0x64, 0x08, 0x64, 0x08, 0x64, 0x08, 0x64, 0x08, 0x64,
    0x08, 0x64, 0x08, 0x64, 0x08, 0x64, 0x08, 0x64, 0x08, 0x64, 0x08, 0x64, 0x08, 0x64, 0x08, 0x64,
    0x08, 0x64, 0x08, 0x64, 0x08, 0x64, 0x08, 0x64, 0x08, 0x64, 0x08, 0x64, 0x08, 0x64, 0x08, 0x64,
    0x08, 0x64, 0x08, 0x64, 0x08, 0x64, 0x08, 0x64, 0x08, 0x64, 0x08, 0x64, 0x08, 0x64, 0x08, 0x64,
    0x08, 0x64, 0x08, 0x64, 0x08, 0x64, 0x08, 0x64, 0x08, 0x64, 0x08, 0x64, 0x08, 0x64, 0x08, 0x64,
    0x08, 0x64, 0x08, 0x64, 0x08, 0x64, 0x08, 0x64, 0x08, 0x64, 0x08, 0x64, 0x08, 0x64, 0x08, 0x64,
    0x08, 0x64, 0x08, 0x64, 0x08, 0x64, 0x08, 0x64, 0x08, 0x64, 0x08, 0x64, 0x08, 0x64, 0x08, 0x64,
    0x08, 0x64, 0x08, 0x64, 0x08, 0x64, 0x08, 0x64, 0x08, 0x64, 0x08, 0x64, 0x08, 0x64, 0x08, 0x64,
    0x08, 0x64, 0x08, 0x64, 0x08, 0x64, 0x08, 0x64, 0x08, 0x64, 0x08, 0x64, 0x08, 0x64, 0x08, 0x64,
    0x08, 0x64, 0x08, 0x64, 0x08, 0x64, 0x08, 0x64, 0x08, 0x64, 0x08, 0x64, 0x08, 0x64, 0x08, 0x64,
    0x08, 0x64, 0x08, 0x64, 0x08, 0x64, 0x08, 0x64, 0x08, 0x64, 0x08, 0x64, 0x08, 0x64, 0x08, 0x64,
    0x08, 0x64, 0x08, 0x64, 0x08, 0x64, 0x08, 0x64, 0x08, 0x64, 0x08, 0x64, 0x08, 0x64, 0x08, 0x64,
    0x08, 0x64, 0x08, 0x64, 0x08, 0x64, 0x08, 0x64, 0x08, 0x64, 0x08, 0x64, 0x08, 0x64, 0x08, 0x64,
    0x08, 0x64, 0x08, 0x64, 0x08, 0x64, 0x08, 0x64, 0x08, 0x64, 0x08, 0x64, 0x08, 0x64, 0x08, 0x64,
    0x08, 0x64, 0x08, 0x64, 0x08, 0x64, 0x08, 0x64, 0x08, 0x64, 0x08, 0x64, 0x08, 0x65, 0x08, 0x65,
    0x08, 0x65, 0x08, 0x65, 0x08, 0x65, 0x08, 0x65, 0x08, 0x65, 0x08, 0x65, 0x08, 0x65, 0x08, 0x65,
    0x08, 0x85, 0x08, 0x85, 0x08, 0x85, 0x08, 0x85, 0x08, 0x85, 0x08, 0x85, 0x08, 0x85, 0x08, 0x85,
    0x08, 0x65, 0x08, 0x65, 0x08, 0x65, 0x08, 0x65, 0x08, 0x65, 0x08, 0x65, 0x08, 0x65, 0x08, 0x65,
    0x08, 0x65, 0x08, 0x65, 0x08, 0x65, 0x08, 0x64, 0x08, 0x64, 0x08, 0x64, 0x08, 0x64, 0x08, 0x64,
    0x08, 0x64, 0x08, 0x64, 0x08, 0x64, 0x08, 0x64, 0x08, 0x64, 0x08, 0x64, 0x08, 0x64, 0x08, 0x64,
    0x08, 0x64, 0x08, 0x64, 0x08, 0x64, 0x08, 0x64, 0x08, 0x64, 0x08, 0x64, 0x08, 0x64, 0x08, 0x64,
    0x08, 0x64, 0x08, 0x64, 0x08, 0x64, 0x08, 0x64, 0x08, 0x64, 0x08, 0x64, 0x08, 0x64, 0x08, 0x64,
    0x08, 0x64, 0x08, 0x64, 0x08, 0x64, 0x08, 0x64, 0x08, 0x64, 0x08, 0x64, 0x08, 0x64, 0x08, 0x64,
    0x08, 0x64, 0x08, 0x64, 0x08, 0x64, 0x08, 0x64, 0x08, 0x64, 0x08, 0x64, 0x08, 0x64, 0x08, 0x64,
    0x08, 0x64, 0x08, 0x64, 0x08, 0x64, 0x08, 0x64, 0x08, 0x64, 0x08, 0x64, 0x08, 0x64, 0x08, 0x64,
    0x08, 0x64, 0x08, 0x64, 0x08, 0x64, 0x08, 0x64, 0x08, 0x64, 0x08, 0x64, 0x08, 0x64, 0x08, 0x64,
    0x08, 0x64, 0x08, 0x64, 0x08, 0x64, 0x08, 0x64, 0x08, 0x64, 0x08, 0x64, 0x08, 0x64, 0x08, 0x64,
    0x08, 0x64, 0x08, 0x64, 0x08, 0x64, 0x08, 0x64, 0x08, 0x64, 0x08, 0x64, 0x08, 0x64, 0x08, 0x64,
    0x08, 0x64, 0x08, 0x64, 0x08, 0x64, 0x08, 0x64, 0x08, 0x64, 0x08, 0x64, 0x08, 0x64, 0x08, 0x64,
    0x08, 0x64, 0x08, 0x64, 0x08, 0x64, 0x08, 0x64, 0x08, 0x64, 0x08, 0x64, 0x08, 0x64, 0x08, 0x64,
    0x08, 0x64, 0x08, 0x64, 0x08, 0x64, 0x08, 0x64, 0x08, 0x64, 0x08, 0x64, 0x08, 0x64, 0x08, 0x64,
    0x08, 0x64, 0x08, 0x64, 0x08, 0x64, 0x08, 0x64, 0x08, 0x64, 0x08, 0x64, 0x08, 0x64, 0x08, 0x64,
    0x08, 0x64, 0x08, 0x64, 0x08, 0x64, 0x08, 0x64, 0x08, 0x64, 0x08, 0x64, 0x00, 0x23, 0x18, 0xe6,
    0x08, 0x64, 0x08, 0x64, 0x08, 0x64, 0x08, 0x64, 0x08, 0x64, 0x08, 0x64, 0x08, 0x64, 0x08, 0x64,
    0x08, 0x64, 0x08, 0x64, 0x08, 0x64, 0x08, 0x64, 0x08, 0x64, 0x08, 0x64, 0x08, 0x64, 0x08, 0x64,
    0x08, 0x64, 0x08, 0x64, 0x08, 0x64, 0x08, 0x64, 0x08, 0x64, 0x08, 0x64, 0x08, 0x64, 0x08, 0x64,
    0x08, 0x64, 0x08, 0x64, 0x08, 0x64, 0x08, 0x64, 0x08, 0x64, 0x08, 0x64, 0x08, 0x64, 0x08, 0x64,
    0x08, 0x64, 0x08, 0x64, 0x08, 0x64, 0x08, 0x64, 0x08, 0x64, 0x08, 0x64, 0x08, 0x64, 0x08, 0x64,
    0x08, 0x64, 0x08, 0x64, 0x08, 0x64, 0x08, 0x64, 0x08, 0x64, 0x08, 0x64, 0x08, 0x64, 0x08, 0x64,
    0x08, 0x64, 0x08, 0x64, 0x08, 0x64, 0x08, 0x64, 0x08, 0x64, 0x08, 0x64, 0x08, 0x64, 0x08, 0x64,
    0x08, 0x64, 0x08, 0x64, 0x08, 0x64, 0x08, 0x64, 0x08, 0x64, 0x08, 0x64, 0x08, 0x64, 0x08, 0x64,
    0x08, 0x64, 0x08, 0x64, 0x08, 0x64, 0x08, 0x64, 0x08, 0x64, 0x08, 0x64, 0x08, 0x64, 0x08, 0x64,
    0x08, 0x64, 0x08, 0x64, 0x08, 0x64, 0x08, 0x64, 0x08, 0x64, 0x08, 0x64, 0x08, 0x64, 0x08, 0x64,
    0x08, 0x64, 0x08, 0x64, 0x08, 0x64, 0x08, 0x64, 0x08, 0x64, 0x08, 0x64, 0x08, 0x64, 0x08, 0x64,
    0x08, 0x64, 0x08, 0x64, 0x08, 0x64, 0x08, 0x64, 0x08, 0x64, 0x08, 0x64, 0x08, 0x64, 0x08, 0x64,
    0x08, 0x64, 0x08, 0x64, 0x08, 0x64, 0x08, 0x64, 0x08, 0x64, 0x08, 0x64, 0x08, 0x64, 0x08, 0x64,
    0x08, 0x64, 0x08, 0x64, 0x08, 0x64, 0x08, 0x64, 0x08, 0x64, 0x08, 0x64, 0x08, 0x64, 0x08, 0x64,
    0x08, 0x64, 0x08, 0x64, 0x08, 0x64, 0x08, 0x64, 0x08, 0x64, 0x08, 0x64, 0x08, 0x64, 0x08, 0x64,
    0x08, 0x64, 0x08, 0x64, 0x08, 0x64, 0x08, 0x64, 0x08, 0x64, 0x08, 0x64, 0x08, 0x64, 0x08, 0x64,
    0x08, 0x64, 0x08, 0x64, 0x08, 0x64, 0x08, 0x64, 0x08, 0x64, 0x08, 0x64, 0x08, 0x64, 0x08, 0x64,
    0x08, 0x64, 0x08, 0x64, 0x08, 0x64, 0x08, 0x64, 0x08, 0x64, 0x08, 0x64, 0x08, 0x64, 0x08, 0x64,
    0x08, 0x64, 0x08, 0x64, 0x08, 0x64, 0x08, 0x64, 0x08, 0x64, 0x08, 0x64, 0x08, 0x64, 0x08, 0x64,
    0x08, 0x64, 0x08, 0x64, 0x08, 0x64, 0x08, 0x64, 0x08, 0x64, 0x08, 0x64, 0x08, 0x64, 0x08, 0x64,
    0x08, 0x64, 0x08, 0x64, 0x08, 0x64, 0x08, 0x64, 0x08, 0x64, 0x08, 0x64, 0x08, 0x64, 0x08, 0x64,
    0x08, 0x64, 0x08, 0x64, 0x08, 0x64, 0x08, 0x64, 0x08, 0x64, 0x08, 0x64, 0x08, 0x65, 0x08, 0x65,
    0x08, 0x65, 0x08, 0x65, 0x08, 0x65, 0x08, 0x65, 0x08, 0x65, 0x08, 0x65, 0x08, 0x65, 0x08, 0x65,
    0x08, 0x65, 0x08, 0x65, 0x08, 0x85, 0x08, 0x85, 0x08, 0x85, 0x08, 0x85, 0x08, 0x85, 0x08, 0x85,
    0x08, 0x85, 0x08, 0x85, 0x08, 0x85, 0x08, 0x65, 0x08, 0x65, 0x08, 0x65, 0x08, 0x65, 0x08, 0x65,
    0x08, 0x65, 0x08, 0x65, 0x08, 0x65, 0x00, 0x64, 0x00, 0x64, 0x08, 0x64, 0x08, 0x64, 0x08, 0x64,
    0x08, 0x64, 0x08, 0x64, 0x08, 0x64, 0x08, 0x64, 0x08, 0x64, 0x08, 0x64, 0x08, 0x64, 0x08, 0x64,
    0x08, 0x64, 0x08, 0x64, 0x08, 0x64, 0x08, 0x64, 0x08, 0x64, 0x08, 0x64, 0x08, 0x64, 0x08, 0x64,
    0x08, 0x64, 0x08, 0x64, 0x08, 0x64, 0x08, 0x64, 0x08, 0x64, 0x08, 0x64, 0x08, 0x64, 0x08, 0x64,
    0x08, 0x64, 0x08, 0x64, 0x08, 0x64, 0x08, 0x64, 0x08, 0x64, 0x08, 0x64, 0x08, 0x64, 0x08, 0x64,
    0x08, 0x64, 0x08, 0x64, 0x08, 0x64, 0x08, 0x64, 0x08, 0x64, 0x08, 0x64, 0x08, 0x64, 0x08, 0x64,
    0x08, 0x64, 0x08, 0x64, 0x08, 0x64, 0x08, 0x64, 0x08, 0x64, 0x08, 0x64, 0x08, 0x64, 0x08, 0x64,
    0x08, 0x64, 0x08, 0x64, 0x08, 0x64, 0x08, 0x64, 0x08, 0x64, 0x08, 0x64, 0x08, 0x64, 0x08, 0x64,
    0x08, 0x64, 0x08, 0x64, 0x08, 0x64, 0x08, 0x64, 0x08, 0x64, 0x08, 0x64, 0x08, 0x64, 0x08, 0x64,
    0x08, 0x64, 0x08, 0x64, 0x08, 0x64, 0x08, 0x64, 0x08, 0x64, 0x08, 0x64, 0x08, 0x64, 0x08, 0x64,
    0x08, 0x64, 0x08, 0x64, 0x08, 0x64, 0x08, 0x64, 0x08, 0x64, 0x08, 0x64, 0x08, 0x64, 0x08, 0x64,
    0x08, 0x64, 0x08, 0x64, 0x08, 0x64, 0x08, 0x64, 0x08, 0x64, 0x08, 0x64, 0x08, 0x64, 0x08, 0x64,
    0x08, 0x64, 0x08, 0x64, 0x08, 0x64, 0x08, 0x64, 0x08, 0x64, 0x08, 0x64, 0x08, 0x64, 0x08, 0x64,
    0x08, 0x64, 0x08, 0x64, 0x08, 0x64, 0x08, 0x64, 0x08, 0x64, 0x08, 0x64, 0x08, 0x64, 0x08, 0x64,
    0x08, 0x64, 0x08, 0x64, 0x08, 0x64, 0x08, 0x64, 0x08, 0x64, 0x08, 0x64, 0x00, 0x23, 0x18, 0xe6,
    0x08, 0x64, 0x08, 0x64, 0x08, 0x64, 0x08, 0x64, 0x08, 0x64, 0x08, 0x64, 0x08, 0x64, 0x08, 0x64,
    0x08, 0x64, 0x08, 0x64, 0x08, 0x64, 0x08, 0x64, 0x08, 0x64, 0x08, 0x64, 0x08, 0x64, 0x08, 0x64,
    0x08, 0x64, 0x08, 0x64, 0x08, 0x64, 0x08, 0x64, 0x08, 0x64, 0x08, 0x64, 0x08, 0x64, 0x08, 0x64,
    0x08, 0x64, 0x08, 0x64, 0x08, 0x64, 0x08, 0x64, 0x08, 0x64, 0x08, 0x64, 0x08, 0x64, 0x08, 0x64,
    0x08, 0x64, 0x08, 0x64, 0x08, 0x64, 0x08, 0x64, 0x08, 0x64, 0x08, 0x64, 0x08, 0x64, 0x08, 0x64,
    0x08, 0x64, 0x08, 0x64, 0x08, 0x64, 0x08, 0x64, 0x08, 0x64, 0x08, 0x64, 0x08, 0x64, 0x08, 0x64,
    0x08, 0x64, 0x08, 0x64, 0x08, 0x64, 0x08, 0x64, 0x08, 0x64, 0x08, 0x64, 0x08, 0x64, 0x08, 0x64,
    0x08, 0x64, 0x08, 0x64, 0x08, 0x64, 0x08, 0x64, 0x08, 0x64, 0x08, 0x64, 0x08, 0x64, 0x08, 0x64,
    0x08, 0x64, 0x08, 0x64, 0x08, 0x64, 0x08, 0x64, 0x08, 0x64, 0x08, 0x64, 0x08, 0x64, 0x08, 0x64,
    0x08, 0x64, 0x08, 0x64, 0x08, 0x64, 0x08, 0x64, 0x08, 0x64, 0x08, 0x64, 0x08, 0x64, 0x08, 0x64,
    0x08, 0x64, 0x08, 0x64, 0x08, 0x64, 0x08, 0x64, 0x08, 0x64, 0x08, 0x64, 0x08, 0x64, 0x08, 0x64,
    0x08, 0x64, 0x08, 0x64, 0x08, 0x64, 0x08, 0x64, 0x08, 0x64, 0x08, 0x64, 0x08, 0x64, 0x08, 0x64,
    0x08, 0x64, 0x08, 0x64, 0x08, 0x64, 0x08, 0x64, 0x08, 0x64, 0x08, 0x64, 0x08, 0x64, 0x08, 0x64,
    0x08, 0x64, 0x08, 0x64, 0x08, 0x64, 0x08, 0x64, 0x08, 0x64, 0x08, 0x64, 0x08, 0x64, 0x08, 0x64,
    0x08, 0x64, 0x08, 0x64, 0x08, 0x64, 0x08, 0x64, 0x08, 0x64, 0x08, 0x64, 0x08, 0x64, 0x08, 0x64,
    0x08, 0x64, 0x08, 0x64, 0x08, 0x64, 0x08, 0x64, 0x08, 0x64, 0x08, 0x64, 0x08, 0x64, 0x08, 0x64,
    0x08, 0x64, 0x08, 0x64, 0x08, 0x64, 0x08, 0x64, 0x08, 0x64, 0x08, 0x64, 0x08, 0x64, 0x08, 0x64,
    0x08, 0x64, 0x08, 0x64, 0x08, 0x64, 0x08, 0x64, 0x08, 0x64, 0x08, 0x64, 0x08, 0x64, 0x08, 0x64,
    0x08, 0x64, 0x08, 0x64, 0x08, 0x64, 0x08, 0x64, 0x08, 0x64, 0x08, 0x64, 0x08, 0x64, 0x08, 0x64,
    0x08, 0x64, 0x08, 0x64, 0x08, 0x64, 0x08, 0x64, 0x08, 0x64, 0x08, 0x64, 0x08, 0x64, 0x08, 0x64,
    0x08, 0x64, 0x08, 0x64, 0x08, 0x64, 0x08, 0x64, 0x08, 0x64, 0x08, 0x64, 0x08, 0x64, 0x08, 0x64,
    0x08, 0x64, 0x08, 0x64, 0x08, 0x64, 0x08, 0x64, 0x08, 0x64, 0x08, 0x64, 0x08, 0x65, 0x08, 0x65,
    0x08, 0x65, 0x08, 0x65, 0x08, 0x65, 0x08, 0x85, 0x08, 0x85, 0x08, 0x85, 0x08, 0x65, 0x08, 0x65,
    0x08, 0x65, 0x08, 0x85, 0x08, 0x85, 0x08, 0x85, 0x08, 0x85, 0x08, 0x85, 0x08, 0x85, 0x08, 0x85,
    0x08, 0x85, 0x08, 0x85, 0x08, 0x85, 0x08, 0x85, 0x08, 0x65, 0x08, 0x65, 0x08, 0x65, 0x08, 0x65,
    0x08, 0x65, 0x08, 0x65, 0x08, 0x65, 0x00, 0x64, 0x00, 0x64, 0x00, 0x64, 0x08, 0x64, 0x08, 0x64,
    0x08, 0x64, 0x08, 0x64, 0x08, 0x64, 0x08, 0x64, 0x08, 0x64, 0x08, 0x64, 0x08, 0x64, 0x08, 0x64,
    0x08, 0x64, 0x08, 0x64, 0x08, 0x64, 0x08, 0x64, 0x08, 0x64, 0x08, 0x64, 0x08, 0x64, 0x08, 0x64,
    0x08, 0x64, 0x08, 0x64, 0x08, 0x64, 0x08, 0x64, 0x08, 0x64, 0x08, 0x64, 0x08, 0x64, 0x08, 0x64,
    0x08, 0x64, 0x08, 0x64, 0x08, 0x64, 0x08, 0x64, 0x08, 0x64, 0x08, 0x64, 0x08, 0x64, 0x08, 0x64,
    0x08, 0x64, 0x08, 0x64, 0x08, 0x64, 0x08, 0x64, 0x08, 0x64, 0x08, 0x64, 0x08, 0x64, 0x08, 0x64,
    0x08, 0x64, 0x08, 0x64, 0x08, 0x64, 0x08, 0x64, 0x08, 0x64, 0x08, 0x64, 0x08, 0x64, 0x08, 0x64,
    0x08, 0x64, 0x08, 0x64, 0x08, 0x64, 0x08, 0x64, 0x08, 0x64, 0x08, 0x64, 0x08, 0x64, 0x08, 0x64,
    0x08, 0x64, 0x08, 0x64, 0x08, 0x64, 0x08, 0x64, 0x08, 0x64, 0x08, 0x64, 0x08, 0x64, 0x08, 0x64,
    0x08, 0x64, 0x08, 0x64, 0x08, 0x64, 0x08, 0x64, 0x08, 0x64, 0x08, 0x64, 0x08, 0x64, 0x08, 0x64,
    0x08, 0x64, 0x08, 0x64, 0x08, 0x64, 0x08, 0x64, 0x08, 0x64, 0x08, 0x64, 0x08, 0x64, 0x08, 0x64,
    0x08, 0x64, 0x08, 0x64, 0x08, 0x64, 0x08, 0x64, 0x08, 0x64, 0x08, 0x64, 0x08, 0x64, 0x08, 0x64,
    0x08, 0x64, 0x08, 0x64, 0x08, 0x64, 0x08, 0x64, 0x08, 0x64, 0x08, 0x64, 0x08, 0x64, 0x08, 0x64,
    0x08, 0x64, 0x08, 0x64, 0x08, 0x64, 0x08, 0x64, 0x08, 0x64, 0x08, 0x64, 0x08, 0x64, 0x08, 0x64,
    0x08, 0x64, 0x08, 0x64, 0x08, 0x64, 0x08, 0x64, 0x08, 0x64, 0x08, 0x64, 0x00, 0x23, 0x18, 0xe6,
    0x08, 0x64, 0x08, 0x64, 0x08, 0x64, 0x08, 0x64, 0x08, 0x64, 0x08, 0x64, 0x08, 0x64, 0x08, 0x64,
    0x08, 0x64, 0x08, 0x64, 0x08, 0x64, 0x08, 0x64, 0x08, 0x64, 0x08, 0x64, 0x08, 0x64, 0x08, 0x64,
    0x08, 0x64, 0x08, 0x64, 0x08, 0x64, 0x08, 0x64, 0x08, 0x64, 0x08, 0x64, 0x08, 0x64, 0x08, 0x64,
    0x08, 0x64, 0x08, 0x64, 0x08, 0x64, 0x08, 0x64, 0x08, 0x64, 0x08, 0x64, 0x08, 0x64, 0x08, 0x64,
    0x08, 0x64, 0x08, 0x64, 0x08, 0x64, 0x08, 0x64, 0x08, 0x64, 0x08, 0x64, 0x08, 0x64, 0x08, 0x64,
    0x08, 0x64, 0x08, 0x64, 0x08, 0x64, 0x08, 0x64, 0x08, 0x64, 0x08, 0x64, 0x08, 0x64, 0x08, 0x64,
    0x08, 0x64, 0x08, 0x64, 0x08, 0x64, 0x08, 0x64, 0x08, 0x64, 0x08, 0x64, 0x08, 0x64, 0x08, 0x64,
    0x08, 0x64, 0x08, 0x64, 0x08, 0x64, 0x08, 0x64, 0x08, 0x64, 0x08, 0x64, 0x08, 0x64, 0x08, 0x64,
    0x08, 0x64, 0x08, 0x64, 0x08, 0x64, 0x08, 0x64, 0x08, 0x64, 0x08, 0x64, 0x08, 0x64, 0x08, 0x64,
    0x08, 0x64, 0x08, 0x64, 0x08, 0x64, 0x08, 0x64, 0x08, 0x64, 0x08, 0x64, 0x08, 0x64, 0x08, 0x64,
    0x08, 0x64, 0x08, 0x64, 0x08, 0x64, 0x08, 0x64, 0x08, 0x64, 0x08, 0x64, 0x08, 0x64, 0x08, 0x64,
    0x08, 0x64, 0x08, 0x64, 0x08, 0x64, 0x08, 0x64, 0x08, 0x64, 0x08, 0x64, 0x08, 0x64, 0x08, 0x64,
    0x08, 0x64, 0x08, 0x64, 0x08, 0x64, 0x08, 0x64, 0x08, 0x64, 0x08, 0x64, 0x08, 0x64, 0x08, 0x64,
    0x08, 0x64, 0x08, 0x64, 0x08, 0x64, 0x08, 0x64, 0x08, 0x64, 0x08, 0x64, 0x08, 0x64, 0x08, 0x64,
    0x08, 0x64, 0x08, 0x64, 0x08, 0x64, 0x08, 0x64, 0x08, 0x64, 0x08, 0x64, 0x08, 0x64, 0x08, 0x64,
    0x08, 0x64, 0x08, 0x64, 0x08, 0x64, 0x08, 0x64, 0x08, 0x64, 0x08, 0x64, 0x08, 0x64, 0x08, 0x64,
    0x08, 0x64, 0x08, 0x64, 0x08, 0x64, 0x08, 0x64, 0x08, 0x64, 0x08, 0x64, 0x08, 0x64, 0x08, 0x64,
    0x08, 0x64, 0x08, 0x64, 0x08, 0x64, 0x08, 0x64, 0x08, 0x64, 0x08, 0x64, 0x08, 0x64, 0x08, 0x64,
    0x08, 0x64, 0x08, 0x64, 0x08, 0x64, 0x08, 0x64, 0x08, 0x64, 0x08, 0x64, 0x08, 0x64, 0x08, 0x64,
    0x08, 0x64, 0x08, 0x64, 0x08, 0x64, 0x08, 0x64, 0x08, 0x64, 0x08, 0x64, 0x08, 0x64, 0x08, 0x64,
    0x08, 0x64, 0x08, 0x64, 0x08, 0x64, 0x08, 0x64, 0x08, 0x64, 0x08, 0x64, 0x08, 0x64, 0x08, 0x64,
    0x08, 0x64, 0x08, 0x64, 0x08, 0x64, 0x08, 0x64, 0x08, 0x64, 0x08, 0x64, 0x08, 0x65, 0x08, 0x65,
    0x08, 0x65, 0x08, 0x65, 0x08, 0x65, 0x08, 0x85, 0x08, 0x85, 0x08, 0x85, 0x08, 0x85, 0x08, 0x85,
    0x08, 0x85, 0x08, 0x85, 0x08, 0x85, 0x08, 0x86, 0x08, 0x86, 0x08, 0x86, 0x08, 0xa5, 0x08, 0xa5,
    0x08, 0x85, 0x08, 0x85, 0x08, 0x85, 0x08, 0x85, 0x08, 0x65, 0x08, 0x65, 0x08, 0x65, 0x08, 0x65,
    0x08, 0x65, 0x08, 0x65, 0x08, 0x65, 0x00, 0x64, 0x00, 0x64, 0x00, 0x64, 0x08, 0x64, 0x08, 0x64,
    0x08, 0x64, 0x08, 0x64, 0x08, 0x64, 0x08, 0x64, 0x08, 0x64, 0x08, 0x64, 0x08, 0x64, 0x08, 0x64,
    0x08, 0x64, 0x08, 0x64, 0x08, 0x64, 0x08, 0x64, 0x08, 0x64, 0x08, 0x64, 0x08, 0x64, 0x08, 0x64,
    0x08, 0x64, 0x08, 0x64, 0x08, 0x64, 0x08, 0x64, 0x08, 0x64, 0x08, 0x64, 0x08, 0x64, 0x08, 0x64,
    0x08, 0x64, 0x08, 0x64, 0x08, 0x64, 0x08, 0x64, 0x08, 0x64, 0x08, 0x64, 0x08, 0x64, 0x08, 0x64,
    0x08, 0x64, 0x08, 0x64, 0x08, 0x64, 0x08, 0x64, 0x08, 0x64, 0x08, 0x64, 0x08, 0x64, 0x08, 0x64,
    0x08, 0x64, 0x08, 0x64, 0x08, 0x64, 0x08, 0x64, 0x08, 0x64, 0x08, 0x64, 0x08, 0x64, 0x08, 0x64,
    0x08, 0x64, 0x08, 0x64, 0x08, 0x64, 0x08, 0x64, 0x08, 0x64, 0x08, 0x64, 0x08, 0x64, 0x08, 0x64,
    0x08, 0x64, 0x08, 0x64, 0x08, 0x64, 0x08, 0x64, 0x08, 0x64, 0x08, 0x64, 0x08, 0x64, 0x08, 0x64,
    0x08, 0x64, 0x08, 0x64, 0x08, 0x64, 0x08, 0x64, 0x08, 0x64, 0x08, 0x64, 0x08, 0x64, 0x08, 0x64,
    0x08, 0x64, 0x08, 0x64, 0x08, 0x64, 0x08, 0x64, 0x08, 0x64, 0x08, 0x64, 0x08, 0x64, 0x08, 0x64,
    0x08, 0x64, 0x08, 0x64, 0x08, 0x64, 0x08, 0x64, 0x08, 0x64, 0x08, 0x64, 0x08, 0x64, 0x08, 0x64,
    0x08, 0x64, 0x08, 0x64, 0x08, 0x64, 0x08, 0x64, 0x08, 0x64, 0x08, 0x64, 0x08, 0x64, 0x08, 0x64,
    0x08, 0x64, 0x08, 0x64, 0x08, 0x64, 0x08, 0x64, 0x08, 0x64, 0x08, 0x64, 0x08, 0x64, 0x08, 0x64,
    0x08, 0x64, 0x08, 0x64, 0x08, 0x64, 0x08, 0x64, 0x08, 0x64, 0x08, 0x64, 0x00, 0x23, 0x18, 0xe6,
    0x08, 0x64, 0x08, 0x64, 0x08, 0x64, 0x08, 0x64, 0x08, 0x64, 0x08, 0x64, 0x08, 0x64, 0x08, 0x64,
    0x08, 0x64, 0x08, 0x64, 0x08, 0x64, 0x08, 0x64, 0x08, 0x64, 0x08, 0x64, 0x08, 0x64, 0x08, 0x64,
    0x08, 0x64, 0x08, 0x64, 0x08, 0x64, 0x08, 0x64, 0x08, 0x64, 0x08, 0x64, 0x08, 0x64, 0x08, 0x64,
    0x08, 0x64, 0x08, 0x64, 0x08, 0x64, 0x08, 0x64, 0x08, 0x64, 0x08, 0x64, 0x08, 0x64, 0x08, 0x64,
    0x08, 0x64, 0x08, 0x64, 0x08, 0x64, 0x08, 0x64, 0x08, 0x64, 0x08, 0x64, 0x08, 0x64, 0x08, 0x64,
    0x08, 0x64, 0x08, 0x64, 0x08, 0x64, 0x08, 0x64, 0x08, 0x64, 0x08, 0x64, 0x08, 0x64, 0x08, 0x64,
    0x08, 0x64, 0x08, 0x64, 0x08, 0x64, 0x08, 0x64, 0x08, 0x64, 0x08, 0x64, 0x08, 0x64, 0x08, 0x64,
    0x08, 0x64, 0x08, 0x64, 0x08, 0x64, 0x08, 0x64, 0x08, 0x64, 0x08, 0x64, 0x08, 0x64, 0x08, 0x64,
    0x08, 0x64, 0x08, 0x64, 0x08, 0x64, 0x08, 0x64, 0x08, 0x64, 0x08, 0x64, 0x08, 0x64, 0x08, 0x64,
    0x08, 0x64, 0x08, 0x64, 0x08, 0x64, 0x08, 0x64, 0x08, 0x64, 0x08, 0x64, 0x08, 0x64, 0x08, 0x64,
    0x08, 0x64, 0x08, 0x64, 0x08, 0x64, 0x08, 0x64, 0x08, 0x64, 0x08, 0x64, 0x08, 0x64, 0x08, 0x64,
    0x08, 0x64, 0x08, 0x64, 0x08, 0x64, 0x08, 0x64, 0x08, 0x64, 0x08, 0x64, 0x08, 0x64, 0x08, 0x64,
    0x08, 0x64, 0x08, 0x64, 0x08, 0x64, 0x08, 0x64, 0x08, 0x64, 0x08, 0x64, 0x08, 0x64, 0x08, 0x64,
    0x08, 0x64, 0x08, 0x64, 0x08, 0x64, 0x08, 0x64, 0x08, 0x64, 0x08, 0x64, 0x08, 0x64, 0x08, 0x64,
    0x08, 0x64, 0x08, 0x64, 0x08, 0x64, 0x08, 0x64, 0x08, 0x64, 0x08, 0x64, 0x08, 0x64, 0x08, 0x64,
    0x08, 0x64, 0x08, 0x64, 0x08, 0x64, 0x08, 0x64, 0x08, 0x64, 0x08, 0x64, 0x08, 0x64, 0x08, 0x64,
    0x08, 0x64, 0x08, 0x64, 0x08, 0x64, 0x08, 0x64, 0x08, 0x64, 0x08, 0x64, 0x08, 0x64, 0x08, 0x64,
    0x08, 0x64, 0x08, 0x64, 0x08, 0x64, 0x08, 0x64, 0x08, 0x64, 0x08, 0x64, 0x08, 0x64, 0x08, 0x64,
    0x08, 0x64, 0x08, 0x64, 0x08, 0x64, 0x08, 0x64, 0x08, 0x64, 0x08, 0x64, 0x08, 0x64, 0x08, 0x64,
    0x08, 0x64, 0x08, 0x64, 0x08, 0x64, 0x08, 0x64, 0x08, 0x64, 0x08, 0x64, 0x08, 0x64, 0x08, 0x64,
    0x08, 0x64, 0x08, 0x64, 0x08, 0x64, 0x08, 0x64, 0x08, 0x64, 0x08, 0x64, 0x08, 0x64, 0x08, 0x64,
    0x08, 0x64, 0x08, 0x64, 0x08, 0x64, 0x08, 0x64, 0x08, 0x64, 0x08, 0x64, 0x00, 0x65, 0x08, 0x65,
    0x08, 0x65, 0x08, 0x85, 0x08, 0x85, 0x08, 0x85, 0x08, 0x85, 0x08, 0x85, 0x08, 0x85, 0x08, 0x85,
    0x08, 0x86, 0x08, 0xa6, 0x08, 0xa6, 0x08, 0xa6, 0x08, 0xc6, 0x08, 0xc6, 0x08, 0xa6, 0x08, 0x86,
    0x08, 0x85, 0x08, 0x85, 0x08, 0x85, 0x08, 0x85, 0x08, 0x85, 0x08, 0x65, 0x00, 0x65, 0x00, 0x65,
    0x00, 0x65, 0x00, 0x65, 0x08, 0x65, 0x08, 0x65, 0x08, 0x65, 0x08, 0x45, 0x08, 0x65, 0x08, 0x64,
    0x08, 0x65, 0x08, 0x64, 0x08, 0x65, 0x08, 0x64, 0x08, 0x65, 0x08, 0x64, 0x08, 0x65, 0x08, 0x64,
    0x08, 0x65, 0x08, 0x64, 0x08, 0x65, 0x08, 0x64, 0x08, 0x65, 0x08, 0x64, 0x08, 0x65, 0x08, 0x64,
    0x08, 0x65, 0x08, 0x64, 0x08, 0x65, 0x08, 0x64, 0x08, 0x65, 0x08, 0x64, 0x08, 0x65, 0x08, 0x64,
    0x08, 0x65, 0x08, 0x64, 0x08, 0x65, 0x08, 0x64, 0x08, 0x65, 0x08, 0x64, 0x08, 0x65, 0x08, 0x64,
    0x08, 0x65, 0x08, 0x64, 0x08, 0x65, 0x08, 0x64, 0x08, 0x65, 0x08, 0x64, 0x08, 0x65, 0x08, 0x64,
    0x08, 0x65, 0x08, 0x64, 0x08, 0x65, 0x08, 0x64, 0x08, 0x65, 0x08, 0x64, 0x08, 0x64, 0x08, 0x64,
    0x08, 0x64, 0x08, 0x64, 0x08, 0x64, 0x08, 0x64, 0x08, 0x64, 0x08, 0x64, 0x08, 0x64, 0x08, 0x64,
    0x08, 0x64, 0x08, 0x64, 0x08, 0x64, 0x08, 0x64, 0x08, 0x64, 0x08, 0x64, 0x08, 0x64, 0x08, 0x64,
    0x08, 0x64, 0x08, 0x64, 0x08, 0x64, 0x08, 0x64, 0x08, 0x64, 0x08, 0x64, 0x08, 0x64, 0x08, 0x64,
    0x08, 0x64, 0x08, 0x64, 0x08, 0x64, 0x08, 0x64, 0x08, 0x64, 0x08, 0x64, 0x08, 0x64, 0x08, 0x64,
    0x08, 0x64, 0x08, 0x64, 0x08, 0x64, 0x08, 0x64, 0x08, 0x64, 0x08, 0x64, 0x08, 0x64, 0x08, 0x64,
    0x08, 0x64, 0x08, 0x64, 0x08, 0x64, 0x08, 0x64, 0x08, 0x64, 0x08, 0x64, 0x08, 0x64, 0x08, 0x64,
    0x08, 0x64, 0x08, 0x64, 0x08, 0x64, 0x08, 0x64, 0x08, 0x64, 0x08, 0x64, 0x08, 0x64, 0x08, 0x64,
    0x08, 0x64, 0x08, 0x64, 0x08, 0x64, 0x08, 0x64, 0x08, 0x64, 0x08, 0x64, 0x00, 0x23, 0x18, 0xe6,
    0x08, 0x64, 0x08, 0x64, 0x08, 0x64, 0x08, 0x64, 0x08, 0x64, 0x08, 0x64, 0x08, 0x64, 0x08, 0x64,
    0x08, 0x64, 0x08, 0x64, 0x08, 0x64, 0x08, 0x64, 0x08, 0x64, 0x08, 0x64, 0x08, 0x64, 0x08, 0x64,
    0x08, 0x64, 0x08, 0x64, 0x08, 0x64, 0x08, 0x64, 0x08, 0x64, 0x08, 0x64, 0x08, 0x64, 0x08, 0x64,
    0x08, 0x64, 0x08, 0x64, 0x08, 0x64, 0x08, 0x64, 0x08, 0x64, 0x08, 0x64, 0x08, 0x64, 0x08, 0x64,
    0x08, 0x64, 0x08, 0x64, 0x08, 0x64, 0x08, 0x64, 0x08, 0x64, 0x08, 0x64, 0x08, 0x64, 0x08, 0x64,
    0x08, 0x64, 0x08, 0x64, 0x08, 0x64, 0x08, 0x64, 0x08, 0x64, 0x08, 0x64, 0x08, 0x64, 0x08, 0x64,
    0x08, 0x64, 0x08, 0x64, 0x08, 0x64, 0x08, 0x64, 0x08, 0x64, 0x08, 0x64, 0x08, 0x64, 0x08, 0x64,
    0x08, 0x64, 0x08, 0x64, 0x08, 0x64, 0x08, 0x64, 0x08, 0x64, 0x08, 0x64, 0x08, 0x64, 0x08, 0x64,
    0x08, 0x64, 0x08, 0x64, 0x08, 0x64, 0x08, 0x64, 0x08, 0x64, 0x08, 0x64, 0x08, 0x64, 0x08, 0x64,
    0x08, 0x64, 0x08, 0x64, 0x08, 0x64, 0x08, 0x64, 0x08, 0x64, 0x08, 0x64, 0x08, 0x64, 0x08, 0x64,
    0x08, 0x64, 0x08, 0x64, 0x08, 0x64, 0x08, 0x64, 0x08, 0x64, 0x08, 0x64, 0x08, 0x64, 0x08, 0x64,
    0x08, 0x64, 0x08, 0x64, 0x08, 0x64, 0x08, 0x64, 0x08, 0x64, 0x08, 0x64, 0x08, 0x64, 0x08, 0x65,
    0x08, 0x65, 0x08, 0x65, 0x08, 0x65, 0x08, 0x65, 0x08, 0x65, 0x08, 0x65, 0x08, 0x65, 0x08, 0x65,
    0x08, 0x65, 0x08, 0x65, 0x08, 0x65, 0x08, 0x65, 0x08, 0x65, 0x08, 0x65, 0x08, 0x65, 0x08, 0x65,
    0x08, 0x65, 0x08, 0x65, 0x08, 0x65, 0x08, 0x65, 0x08, 0x65, 0x08, 0x65, 0x08, 0x65, 0x08, 0x65,
    0x08, 0x65, 0x08, 0x65, 0x08, 0x65, 0x08, 0x65, 0x08, 0x65, 0x08, 0x65, 0x08, 0x65, 0x08, 0x65,
    0x08, 0x65, 0x08, 0x65, 0x08, 0x65, 0x08, 0x65, 0x08, 0x65, 0x08, 0x65, 0x08, 0x65, 0x08, 0x65,
    0x08, 0x65, 0x08, 0x65, 0x08, 0x65, 0x08, 0x65, 0x08, 0x65, 0x08, 0x65, 0x08, 0x65, 0x08, 0x65,
    0x08, 0x65, 0x08, 0x65, 0x08, 0x65, 0x08, 0x65, 0x08, 0x65, 0x08, 0x65, 0x08, 0x65, 0x08, 0x65,
    0x08, 0x65, 0x08, 0x65, 0x08, 0x65, 0x08, 0x65, 0x08, 0x65, 0x08, 0x65, 0x08, 0x65, 0x08, 0x65,
    0x08, 0x65, 0x08, 0x65, 0x08, 0x65, 0x08, 0x65, 0x08, 0x65, 0x08, 0x65, 0x08, 0x65, 0x08, 0x65,
    0x08, 0x65, 0x08, 0x65, 0x08, 0x65, 0x08, 0x65, 0x08, 0x65, 0x08, 0x65, 0x00, 0x84, 0x00, 0x84,
    0x08, 0xa5, 0x08, 0xc6, 0x08, 0x85, 0x00, 0x44, 0x08, 0x65, 0x10, 0xc6, 0x10, 0xc6, 0x08, 0xa6,
    0x00, 0x65, 0x00, 0xa6, 0x11, 0x48, 0x00, 0xa5, 0x09, 0x07, 0x00, 0xc6, 0x08, 0xa6, 0x08, 0x65,
    0x10, 0xe7, 0x00, 0x44, 0x10, 0xe7, 0x10, 0xa6, 0x00, 0x64, 0x00, 0xa5, 0x00, 0x85, 0x00, 0x85,
    0x00, 0x85, 0x00, 0x65, 0x00, 0x65, 0x08, 0x65, 0x08, 0x45, 0x08, 0x45, 0x08, 0x45, 0x08, 0x65,
    0x08, 0x45, 0x08, 0x65, 0x08, 0x45, 0x08, 0x65, 0x08, 0x45, 0x08, 0x65, 0x08, 0x45, 0x08, 0x65,
    0x08, 0x45, 0x08, 0x65, 0x08, 0x45, 0x08, 0x65, 0x08, 0x45, 0x08, 0x65, 0x08, 0x65, 0x08, 0x65,
    0x08, 0x65, 0x08, 0x65, 0x08, 0x65, 0x08, 0x65, 0x08, 0x65, 0x08, 0x65, 0x08, 0x65, 0x08, 0x65,
    0x08, 0x65, 0x08, 0x65, 0x08, 0x65, 0x08, 0x65, 0x08, 0x65, 0x08, 0x65, 0x08, 0x65, 0x08, 0x65,
    0x08, 0x65, 0x08, 0x65, 0x08, 0x65, 0x08, 0x65, 0x08, 0x65, 0x08, 0x65, 0x08, 0x65, 0x08, 0x65,
    0x08, 0x65, 0x08, 0x65, 0x08, 0x65, 0x08, 0x65, 0x08, 0x65, 0x08, 0x65, 0x08, 0x64, 0x08, 0x64,
    0x08, 0x64, 0x08, 0x64, 0x08, 0x64, 0x08, 0x64, 0x08, 0x64, 0x08, 0x64, 0x08, 0x64, 0x08, 0x64,
    0x08, 0x64, 0x08, 0x64, 0x08, 0x64, 0x08, 0x64, 0x08, 0x64, 0x08, 0x64, 0x08, 0x64, 0x08, 0x64,
    0x08, 0x64, 0x08, 0x64, 0x08, 0x64, 0x08, 0x64, 0x08, 0x64, 0x08, 0x64, 0x08, 0x64, 0x08, 0x64,
    0x08, 0x64, 0x08, 0x64, 0x08, 0x64, 0x08, 0x64, 0x08, 0x64, 0x08, 0x64, 0x08, 0x64, 0x08, 0x64,
    0x08, 0x64, 0x08, 0x64, 0x08, 0x64, 0x08, 0x64, 0x08, 0x64, 0x08, 0x64, 0x08, 0x64, 0x08, 0x64,
    0x08, 0x64, 0x08, 0x64, 0x08, 0x64, 0x08, 0x64, 0x08, 0x64, 0x08, 0x64, 0x08, 0x64, 0x08, 0x64,
    0x08, 0x64, 0x08, 0x64, 0x08, 0x64, 0x08, 0x64, 0x08, 0x64, 0x08, 0x64, 0x08, 0x64, 0x08, 0x64,
    0x08, 0x64, 0x08, 0x64, 0x08, 0x64, 0x08, 0x64, 0x08, 0x64, 0x08, 0x64, 0x00, 0x23, 0x18, 0xe6,
    0x08, 0x64, 0x08, 0x64, 0x08, 0x64, 0x08, 0x64, 0x08, 0x64, 0x08, 0x64, 0x08, 0x64, 0x08, 0x64,
    0x08, 0x64, 0x08, 0x64, 0x08, 0x64, 0x08, 0x64, 0x08, 0x64, 0x08, 0x64, 0x08, 0x64, 0x08, 0x64,
    0x08, 0x64, 0x08, 0x64, 0x08, 0x64, 0x08, 0x64, 0x08, 0x64, 0x08, 0x64, 0x08, 0x64, 0x08, 0x64,
    0x08, 0x64, 0x08, 0x64, 0x08, 0x64, 0x08, 0x64, 0x08, 0x64, 0x08, 0x64, 0x08, 0x64, 0x08, 0x64,
    0x08, 0x64, 0x08, 0x64, 0x08, 0x64, 0x08, 0x64, 0x08, 0x64, 0x08, 0x64, 0x08, 0x64, 0x08, 0x64,
    0x08, 0x64, 0x08, 0x64, 0x08, 0x64, 0x08, 0x64, 0x08, 0x64, 0x08, 0x64, 0x08, 0x64, 0x08, 0x64,
    0x08, 0x64, 0x08, 0x64, 0x08, 0x64, 0x08, 0x64, 0x08, 0x64, 0x08, 0x64, 0x08, 0x64, 0x08, 0x64,
    0x08, 0x64, 0x08, 0x64, 0x08, 0x64, 0x08, 0x64, 0x08, 0x64, 0x08, 0x64, 0x08, 0x64, 0x08, 0x64,
    0x08, 0x64, 0x08, 0x64, 0x08, 0x64, 0x08, 0x64, 0x08, 0x64, 0x08, 0x64, 0x08, 0x64, 0x08, 0x64,
    0x08, 0x64, 0x08, 0x64, 0x08, 0x64, 0x08, 0x64, 0x08, 0x64, 0x08, 0x64, 0x08, 0x64, 0x08, 0x64,
    0x08, 0x64, 0x08, 0x64, 0x08, 0x64, 0x08, 0x64, 0x08, 0x64, 0x08, 0x64, 0x08, 0x64, 0x08, 0x64,
    0x08, 0x64, 0x08, 0x64, 0x08, 0x64, 0x08, 0x64, 0x08, 0x64, 0x08, 0x64, 0x08, 0x65, 0x08, 0x65,
    0x08, 0x65, 0x08, 0x65, 0x08, 0x65, 0x08, 0x65, 0x08, 0x65, 0x08, 0x65, 0x08, 0x65, 0x08, 0x65,
    0x08, 0x65, 0x08, 0x65, 0x08, 0x65, 0x08, 0x65, 0x08, 0x65, 0x08, 0x65, 0x08, 0x65, 0x08, 0x65,
    0x08, 0x65, 0x08, 0x65, 0x08, 0x65, 0x08, 0x65, 0x08, 0x65, 0x08, 0x65, 0x08, 0x65, 0x08, 0x65,
    0x08, 0x65, 0x08, 0x65, 0x08, 0x65, 0x08, 0x65, 0x08, 0x65, 0x08, 0x65, 0x08, 0x65, 0x08, 0x65,
    0x08, 0x65, 0x08, 0x65, 0x08, 0x65, 0x08, 0x65, 0x08, 0x65, 0x08, 0x65, 0x08, 0x65, 0x08, 0x65,
    0x08, 0x65, 0x08, 0x65, 0x08, 0x65, 0x08, 0x65, 0x08, 0x65, 0x08, 0x65, 0x08, 0x65, 0x08, 0x65,
    0x08, 0x65, 0x08, 0x65, 0x08, 0x65, 0x08, 0x65, 0x08, 0x65, 0x08, 0x65, 0x08, 0x65, 0x08, 0x65,
    0x08, 0x65, 0x08, 0x65, 0x08, 0x65, 0x08, 0x65, 0x08, 0x65, 0x08, 0x65, 0x08, 0x65, 0x08, 0x65,
    0x08, 0x65, 0x08, 0x65, 0x08, 0x65, 0x08, 0x65, 0x08, 0x65, 0x08, 0x65, 0x08, 0x65, 0x08, 0x65,
    0x08, 0x65, 0x08, 0x65, 0x08, 0x65, 0x08, 0x65, 0x08, 0x65, 0x08, 0x65, 0x08, 0xc5, 0x00, 0xa5,
    0x00, 0x84, 0x00, 0x85, 0x08, 0xa6, 0x08, 0xa6, 0x08, 0x86, 0x08, 0x86, 0x10, 0xe7, 0x00, 0x86,
    0x11, 0x28, 0x11, 0x28, 0x00, 0xa6, 0x19, 0xaa, 0x00, 0xc6, 0x09, 0x07, 0x08, 0xe7, 0x21, 0x89,
    0x10, 0xc7, 0x00, 0x65, 0x00, 0x03, 0x00, 0x03, 0x19, 0x27, 0x00, 0x84, 0x00, 0x85, 0x00, 0xa5,
    0x00, 0x85, 0x00, 0x65, 0x08, 0x65, 0x08, 0x45, 0x08, 0x45, 0x10, 0x45, 0x08, 0x45, 0x08, 0x65,
    0x08, 0x45, 0x08, 0x65, 0x08, 0x45, 0x08, 0x65, 0x08, 0x45, 0x08, 0x65, 0x08, 0x45, 0x08, 0x65,
    0x08, 0x45, 0x08, 0x65, 0x08, 0x45, 0x08, 0x65, 0x08, 0x45, 0x08, 0x65, 0x08, 0x65, 0x08, 0x65,
    0x08, 0x65, 0x08, 0x65, 0x08, 0x65, 0x08, 0x65, 0x08, 0x65, 0x08, 0x65, 0x08, 0x65, 0x08, 0x65,
    0x08, 0x65, 0x08, 0x65, 0x08, 0x65, 0x08, 0x65, 0x08, 0x65, 0x08, 0x65, 0x08, 0x65, 0x08, 0x65,
    0x08, 0x65, 0x08, 0x65, 0x08, 0x65, 0x08, 0x65, 0x08, 0x65, 0x08, 0x65, 0x08, 0x65, 0x08, 0x65,
    0x08, 0x65, 0x08, 0x65, 0x08, 0x65, 0x08, 0x65, 0x08, 0x65, 0x08, 0x65, 0x08, 0x64, 0x08, 0x64,
    0x08, 0x64, 0x08, 0x64, 0x08, 0x64, 0x08, 0x64, 0x08, 0x64, 0x08, 0x64, 0x08, 0x64, 0x08, 0x64,
    0x08, 0x64, 0x08, 0x64, 0x08, 0x64, 0x08, 0x64, 0x08, 0x64, 0x08, 0x64, 0x08, 0x64, 0x08, 0x64,
    0x08, 0x64, 0x08, 0x64, 0x08, 0x64, 0x08, 0x64, 0x08, 0x64, 0x08, 0x64, 0x08, 0x64, 0x08, 0x64,
    0x08, 0x64, 0x08, 0x64, 0x08, 0x64, 0x08, 0x64, 0x08, 0x64, 0x08, 0x64, 0x08, 0x64, 0x08, 0x64,
    0x08, 0x64, 0x08, 0x64, 0x08, 0x64, 0x08, 0x64, 0x08, 0x64, 0x08, 0x64, 0x08, 0x64, 0x08, 0x64,
    0x08, 0x64, 0x08, 0x64, 0x08, 0x64, 0x08, 0x64, 0x08, 0x64, 0x08, 0x64, 0x08, 0x64, 0x08, 0x64,
    0x08, 0x64, 0x08, 0x64, 0x08, 0x64, 0x08, 0x64, 0x08, 0x64, 0x08, 0x64, 0x08, 0x64, 0x08, 0x64,
    0x08, 0x64, 0x08, 0x64, 0x08, 0x64, 0x08, 0x64, 0x08, 0x64, 0x08, 0x64, 0x00, 0x23, 0x18, 0xe6,
    0x08, 0x64, 0x08, 0x64, 0x08, 0x64, 0x08, 0x64, 0x08, 0x64, 0x08, 0x64, 0x08, 0x64, 0x08, 0x64,
    0x08, 0x64, 0x08, 0x64, 0x08, 0x64, 0x08, 0x64, 0x08, 0x64, 0x08, 0x64, 0x08, 0x64, 0x08, 0x64,
    0x08, 0x64, 0x08, 0x64, 0x08, 0x64, 0x08, 0x64, 0x08, 0x64, 0x08, 0x64, 0x08, 0x64, 0x08, 0x64,
    0x08, 0x64, 0x08, 0x64, 0x08, 0x64, 0x08, 0x64, 0x08, 0x64, 0x08, 0x64, 0x08, 0x64, 0x08, 0x64,
    0x08, 0x64, 0x08, 0x64, 0x08, 0x64, 0x08, 0x64, 0x08, 0x64, 0x08, 0x64, 0x08, 0x64, 0x08, 0x64,
    0x08, 0x64, 0x08, 0x64, 0x08, 0x64, 0x08, 0x64, 0x08, 0x64, 0x08, 0x64, 0x08, 0x64, 0x08, 0x64,
    0x08, 0x64, 0x08, 0x64, 0x08, 0x64, 0x08, 0x64, 0x08, 0x64, 0x08, 0x64, 0x08, 0x64, 0x08, 0x64,
    0x08, 0x64, 0x08, 0x64, 0x08, 0x64, 0x08, 0x64, 0x08, 0x64, 0x08, 0x64, 0x08, 0x64, 0x08, 0x64,
    0x08, 0x64, 0x08, 0x64, 0x08, 0x64, 0x08, 0x64, 0x08, 0x64, 0x08, 0x64, 0x08, 0x64, 0x08, 0x64,
    0x08, 0x64, 0x08, 0x64, 0x08, 0x64, 0x08, 0x64, 0x08, 0x64, 0x08, 0x64, 0x08, 0x64, 0x08, 0x64,
    0x08, 0x64, 0x08, 0x64, 0x08, 0x64, 0x08, 0x64, 0x08, 0x64, 0x08, 0x64, 0x08, 0x64, 0x08, 0x64,
    0x08, 0x64, 0x08, 0x64, 0x08, 0x64, 0x08, 0x64, 0x08, 0x64, 0x08, 0x64, 0x08, 0x65, 0x08, 0x65,
    0x08, 0x65, 0x08, 0x65, 0x08, 0x65, 0x08, 0x65, 0x08, 0x65, 0x08, 0x65, 0x08, 0x65, 0x08, 0x65,
    0x08, 0x65, 0x08, 0x65, 0x08, 0x65, 0x08, 0x65, 0x08, 0x65, 0x08, 0x65, 0x08, 0x65, 0x08, 0x65,
    0x08, 0x65, 0x08, 0x65, 0x08, 0x65, 0x08, 0x65, 0x08, 0x65, 0x08, 0x65, 0x08, 0x65, 0x08, 0x65,
    0x08, 0x65, 0x08, 0x65, 0x08, 0x65, 0x08, 0x65, 0x08, 0x65, 0x08, 0x65, 0x08, 0x65, 0x08, 0x65,
    0x08, 0x65, 0x08, 0x65, 0x08, 0x65, 0x08, 0x65, 0x08, 0x65, 0x08, 0x65, 0x08, 0x65, 0x08, 0x65,
    0x08, 0x65, 0x08, 0x65, 0x08, 0x65, 0x08, 0x65, 0x08, 0x65, 0x08, 0x65, 0x08, 0x65, 0x08, 0x65,
    0x08, 0x65, 0x08, 0x65, 0x08, 0x65, 0x08, 0x65, 0x08, 0x65, 0x08, 0x65, 0x08, 0x65, 0x08, 0x65,
    0x08, 0x65, 0x08, 0x65, 0x08, 0x65, 0x08, 0x65, 0x08, 0x65, 0x08, 0x65, 0x08, 0x65, 0x08, 0x65,
    0x08, 0x65, 0x08, 0x65, 0x08, 0x65, 0x08, 0x65, 0x08, 0x65, 0x08, 0x65, 0x08, 0x65, 0x08, 0x65,
    0x08, 0x65, 0x08, 0x65, 0x08, 0x65, 0x08, 0x65, 0x08, 0x65, 0x08, 0x65, 0x10, 0xa5, 0x08, 0x84,
    0x00, 0x64, 0x00, 0x64, 0x08, 0x85, 0x08, 0xc6, 0x08, 0xc6, 0x00, 0x86, 0x10, 0xe8, 0x08, 0xe7,
    0x00, 0xa6, 0x09, 0x08, 0x00, 0x24, 0x00, 0xa6, 0x08, 0xc7, 0x00, 0xa6, 0x11, 0x48, 0x00, 0xa6,
    0x00, 0x65, 0x10, 0xe7, 0x19, 0x48, 0x10, 0xe7, 0x00, 0x64, 0x10, 0xc6, 0x00, 0x85, 0x00, 0x85,
    0x00, 0x85, 0x00, 0x85, 0x08, 0x65, 0x08, 0x65, 0x08, 0x45, 0x08, 0x45, 0x08, 0x45, 0x08, 0x64,
    0x08, 0x65, 0x08, 0x64, 0x08, 0x65, 0x08, 0x64, 0x08, 0x65, 0x08, 0x64, 0x08, 0x65, 0x08, 0x64,
    0x08, 0x65, 0x08, 0x64, 0x08, 0x65, 0x08, 0x64, 0x08, 0x65, 0x08, 0x64, 0x08, 0x65, 0x08, 0x64,
    0x08, 0x65, 0x08, 0x64, 0x08, 0x65, 0x08, 0x64, 0x08, 0x65, 0x08, 0x64, 0x08, 0x65, 0x08, 0x64,
    0x08, 0x65, 0x08, 0x64, 0x08, 0x65, 0x08, 0x64, 0x08, 0x65, 0x08, 0x64, 0x08, 0x65, 0x08, 0x64,
    0x08, 0x65, 0x08, 0x64, 0x08, 0x65, 0x08, 0x64, 0x08, 0x65, 0x08, 0x64, 0x08, 0x65, 0x08, 0x64,
    0x08, 0x65, 0x08, 0x64, 0x08, 0x65, 0x08, 0x64, 0x08, 0x65, 0x08, 0x64, 0x08, 0x64, 0x08, 0x64,
    0x08, 0x64, 0x08, 0x64, 0x08, 0x64, 0x08, 0x64, 0x08, 0x64, 0x08, 0x64, 0x08, 0x64, 0x08, 0x64,
    0x08, 0x64, 0x08, 0x64, 0x08, 0x64, 0x08, 0x64, 0x08, 0x64, 0x08, 0x64, 0x08, 0x64, 0x08, 0x64,
    0x08, 0x64, 0x08, 0x64, 0x08, 0x64, 0x08, 0x64, 0x08, 0x64, 0x08, 0x64, 0x08, 0x64, 0x08, 0x64,
    0x08, 0x64, 0x08, 0x64, 0x08, 0x64, 0x08, 0x64, 0x08, 0x64, 0x08, 0x64, 0x08, 0x64, 0x08, 0x64,
    0x08, 0x64, 0x08, 0x64, 0x08, 0x64, 0x08, 0x64, 0x08, 0x64, 0x08, 0x64, 0x08, 0x64, 0x08, 0x64,
    0x08, 0x64, 0x08, 0x64, 0x08, 0x64, 0x08, 0x64, 0x08, 0x64, 0x08, 0x64, 0x08, 0x64, 0x08, 0x64,
    0x08, 0x64, 0x08, 0x64, 0x08, 0x64, 0x08, 0x64, 0x08, 0x64, 0x08, 0x64, 0x08, 0x64, 0x08, 0x64,
    0x08, 0x64, 0x08, 0x64, 0x08, 0x64, 0x08, 0x64, 0x08, 0x64, 0x08, 0x64, 0x00, 0x23, 0x18, 0xe6,
    0x08, 0x64, 0x08, 0x64, 0x08, 0x64, 0x08, 0x64, 0x08, 0x64, 0x08, 0x64, 0x08, 0x64, 0x08, 0x64,
    0x08, 0x64, 0x08, 0x64, 0x08, 0x64, 0x08, 0x64, 0x08, 0x64, 0x08, 0x64, 0x08, 0x64, 0x08, 0x64,
    0x08, 0x64, 0x08, 0x64, 0x08, 0x64, 0x08, 0x64, 0x08, 0x64, 0x08, 0x64, 0x08, 0x64, 0x08, 0x64,
    0x08, 0x64, 0x08, 0x64, 0x08, 0x64, 0x08, 0x64, 0x08, 0x64, 0x08, 0x64, 0x08, 0x64, 0x08, 0x64,
    0x08, 0x64, 0x08, 0x64, 0x08, 0x64, 0x08, 0x64, 0x08, 0x64, 0x08, 0x64, 0x08, 0x64, 0x08, 0x64,
    0x08, 0x64, 0x08, 0x64, 0x08, 0x64, 0x08, 0x64, 0x08, 0x64, 0x08, 0x64, 0x08, 0x64, 0x08, 0x64,
    0x08, 0x64, 0x08, 0x64, 0x08, 0x64, 0x08, 0x64, 0x08, 0x64, 0x08, 0x64, 0x08, 0x64, 0x08, 0x64,
    0x08, 0x64, 0x08, 0x64, 0x08, 0x64, 0x08, 0x64, 0x08, 0x64, 0x08, 0x64, 0x08, 0x64, 0x08, 0x64,
    0x08, 0x64, 0x08, 0x64, 0x08, 0x64, 0x08, 0x64, 0x08, 0x64, 0x08, 0x64, 0x08, 0x64, 0x08, 0x64,
    0x08, 0x64, 0x08, 0x64, 0x08, 0x64, 0x08, 0x64, 0x08, 0x64, 0x08, 0x64, 0x08, 0x64, 0x08, 0x64,
    0x08, 0x64, 0x08, 0x64, 0x08, 0x64, 0x08, 0x64, 0x08, 0x64, 0x08, 0x64, 0x08, 0x64, 0x08, 0x64,
    0x08, 0x64, 0x08, 0x64, 0x08, 0x64, 0x08, 0x64, 0x08, 0x64, 0x08, 0x64, 0x08, 0x65, 0x08, 0x65,
    0x08, 0x65, 0x08, 0x65, 0x08, 0x65, 0x08, 0x65, 0x08, 0x65, 0x08, 0x65, 0x08, 0x65, 0x08, 0x65,
    0x08, 0x65, 0x08, 0x65, 0x08, 0x65, 0x08, 0x65, 0x08, 0x65, 0x08, 0x65, 0x08, 0x65, 0x08, 0x65,
    0x08, 0x65, 0x08, 0x65, 0x08, 0x65, 0x08, 0x65, 0x08, 0x65, 0x08, 0x65, 0x08, 0x65, 0x08, 0x65,
    0x08, 0x65, 0x08, 0x65, 0x08, 0x65, 0x08, 0x65, 0x08, 0x65, 0x08, 0x65, 0x08, 0x65, 0x08, 0x65,
    0x08, 0x65, 0x08, 0x65, 0x08, 0x65, 0x08, 0x65, 0x08, 0x65, 0x08, 0x65, 0x08, 0x65, 0x08, 0x65,
    0x08, 0x65, 0x08, 0x65, 0x08, 0x65, 0x08, 0x65, 0x08, 0x65, 0x08, 0x65, 0x08, 0x65, 0x08, 0x65,
    0x08, 0x65, 0x08, 0x65, 0x08, 0x65, 0x08, 0x65, 0x08, 0x65, 0x08, 0x65, 0x08, 0x65, 0x08, 0x65,
    0x08, 0x65, 0x08, 0x65, 0x08, 0x65, 0x08, 0x65, 0x08, 0x65, 0x08, 0x65, 0x08, 0x65, 0x08, 0x65,
    0x08, 0x65, 0x08, 0x65, 0x08, 0x65, 0x08, 0x65, 0x08, 0x65, 0x08, 0x65, 0x08, 0x65, 0x08, 0x65,
    0x08, 0x65, 0x08, 0x65, 0x08, 0x65, 0x08, 0x65, 0x08, 0x65, 0x08, 0x65, 0x08, 0x44, 0x08, 0x65,
    0x08, 0x85, 0x08, 0x65, 0x00, 0x85, 0x08, 0xa6, 0x08, 0xe7, 0x08, 0xe7, 0x08, 0xe8, 0x00, 0xc7,
    0x00, 0xa6, 0x19, 0x8a, 0x4a, 0xf0, 0x3a, 0x8e, 0x4b, 0x10, 0x32, 0x2d, 0x11, 0x69, 0x00, 0x65,
    0x19, 0x69, 0x08, 0xe7, 0x00, 0x44, 0x18, 0xe7, 0x10, 0xe7, 0x00, 0x24, 0x08, 0x85, 0x08, 0x85,
    0x00, 0x85, 0x00, 0x85, 0x08, 0x65, 0x08, 0x65, 0x08, 0x45, 0x08, 0x45, 0x08, 0x65, 0x08, 0x64,
    0x08, 0x64, 0x08, 0x64, 0x08, 0x64, 0x08, 0x64, 0x08, 0x64, 0x08, 0x64, 0x08, 0x64, 0x08, 0x64,
    0x08, 0x64, 0x08, 0x64, 0x08, 0x64, 0x08, 0x64, 0x08, 0x64, 0x08, 0x64, 0x08, 0x64, 0x08, 0x64,
    0x08, 0x64, 0x08, 0x64, 0x08, 0x64, 0x08, 0x64, 0x08, 0x64, 0x08, 0x64, 0x08, 0x64, 0x08, 0x64,
    0x08, 0x64, 0x08, 0x64, 0x08, 0x64, 0x08, 0x64, 0x08, 0x64, 0x08, 0x64, 0x08, 0x64, 0x08, 0x64,
    0x08, 0x64, 0x08, 0x64, 0x08, 0x64, 0x08, 0x64, 0x08, 0x64, 0x08, 0x64, 0x08, 0x64, 0x08, 0x64,
    0x08, 0x64, 0x08, 0x64, 0x08, 0x64, 0x08, 0x64, 0x08, 0x64, 0x08, 0x64, 0x08, 0x64, 0x08, 0x64,
    0x08, 0x64, 0x08, 0x64, 0x08, 0x64, 0x08, 0x64, 0x08, 0x64, 0x08, 0x64, 0x08, 0x64, 0x08, 0x64,
    0x08, 0x64, 0x08, 0x64, 0x08, 0x64, 0x08, 0x64, 0x08, 0x64, 0x08, 0x64, 0x08, 0x64, 0x08, 0x64,
    0x08, 0x64, 0x08, 0x64, 0x08, 0x64, 0x08, 0x64, 0x08, 0x64, 0x08, 0x64, 0x08, 0x64, 0x08, 0x64,
    0x08, 0x64, 0x08, 0x64, 0x08, 0x64, 0x08, 0x64, 0x08, 0x64, 0x08, 0x64, 0x08, 0x64, 0x08, 0x64,
    0x08, 0x64, 0x08, 0x64, 0x08, 0x64, 0x08, 0x64, 0x08, 0x64, 0x08, 0x64, 0x08, 0x64, 0x08, 0x64,
    0x08, 0x64, 0x08, 0x64, 0x08, 0x64, 0x08, 0x64, 0x08, 0x64, 0x08, 0x64, 0x08, 0x64, 0x08, 0x64,
    0x08, 0x64, 0x08, 0x64, 0x08, 0x64, 0x08, 0x64, 0x08, 0x64, 0x08, 0x64, 0x08, 0x64, 0x08, 0x64,
    0x08, 0x64, 0x08, 0x64, 0x08, 0x64, 0x08, 0x64, 0x08, 0x64, 0x08, 0x64, 0x00, 0x23, 0x18, 0xe6,
    0x08, 0x64, 0x08, 0x64, 0x08, 0x64, 0x08, 0x64, 0x08, 0x64, 0x08, 0x64, 0x08, 0x64, 0x08, 0x64,
    0x08, 0x64, 0x08, 0x64, 0x08, 0x64, 0x08, 0x64, 0x08, 0x64, 0x08, 0x64, 0x08, 0x64, 0x08, 0x64,
    0x08, 0x64, 0x08, 0x64, 0x08, 0x64, 0x08, 0x64, 0x08, 0x64, 0x08, 0x64, 0x08, 0x64, 0x08, 0x64,
    0x08, 0x64, 0x08, 0x64, 0x08, 0x64, 0x08, 0x64, 0x08, 0x64, 0x08, 0x64, 0x08, 0x64, 0x08, 0x64,
    0x08, 0x64, 0x08, 0x64, 0x08, 0x64, 0x08, 0x64, 0x08, 0x64, 0x08, 0x64, 0x08, 0x64, 0x08, 0x64,
    0x08, 0x64, 0x08, 0x64, 0x08, 0x64, 0x08, 0x64, 0x08, 0x64, 0x08, 0x64, 0x08, 0x64, 0x08, 0x64,
    0x08, 0x64, 0x08, 0x64, 0x08, 0x64, 0x08, 0x64, 0x08, 0x64, 0x08, 0x64, 0x08, 0x64, 0x08, 0x64,
    0x08, 0x64, 0x08, 0x64, 0x08, 0x64, 0x08, 0x64, 0x08, 0x64, 0x08, 0x64, 0x08, 0x64, 0x08, 0x64,
    0x08, 0x64, 0x08, 0x64, 0x08, 0x64, 0x08, 0x64, 0x08, 0x64, 0x08, 0x64, 0x08, 0x64, 0x08, 0x64,
    0x08, 0x64, 0x08, 0x64, 0x08, 0x64, 0x08, 0x64, 0x08, 0x64, 0x08, 0x64, 0x08, 0x64, 0x08, 0x64,
    0x08, 0x64, 0x08, 0x64, 0x08, 0x64, 0x08, 0x64, 0x08, 0x64, 0x08, 0x64, 0x08, 0x64, 0x08, 0x64,
    0x08, 0x64, 0x08, 0x64, 0x08, 0x64, 0x08, 0x64, 0x08, 0x64, 0x08, 0x64, 0x08, 0x65, 0x08, 0x65,
    0x08, 0x65, 0x08, 0x65, 0x08, 0x65, 0x08, 0x65, 0x08, 0x65, 0x08, 0x65, 0x08, 0x65, 0x08, 0x65,
    0x08, 0x65, 0x08, 0x65, 0x08, 0x65, 0x08, 0x65, 0x08, 0x65, 0x08, 0x65, 0x08, 0x65, 0x08, 0x65,
    0x08, 0x65, 0x08, 0x65, 0x08, 0x65, 0x08, 0x65, 0x08, 0x65, 0x08, 0x65, 0x08, 0x65, 0x08, 0x65,
    0x08, 0x65, 0x08, 0x65, 0x08, 0x65, 0x08, 0x65, 0x08, 0x65, 0x08, 0x65, 0x08, 0x65, 0x08, 0x65,
    0x08, 0x65, 0x08, 0x65, 0x08, 0x65, 0x08, 0x65, 0x08, 0x65, 0x08, 0x65, 0x08, 0x65, 0x08, 0x65,
    0x08, 0x65, 0x08, 0x65, 0x08, 0x65, 0x08, 0x65, 0x08, 0x65, 0x08, 0x65, 0x08, 0x65, 0x08, 0x65,
    0x08, 0x65, 0x08, 0x65, 0x08, 0x65, 0x08, 0x65, 0x08, 0x65, 0x08, 0x65, 0x08, 0x65, 0x08, 0x65,
    0x08, 0x65, 0x08, 0x65, 0x08, 0x65, 0x08, 0x65, 0x08, 0x65, 0x08, 0x65, 0x08, 0x65, 0x08, 0x65,
    0x08, 0x65, 0x08, 0x65, 0x08, 0x65, 0x08, 0x65, 0x08, 0x65, 0x08, 0x65, 0x08, 0x65, 0x08, 0x65,
    0x08, 0x65, 0x08, 0x65, 0x08, 0x65, 0x08, 0x65, 0x08, 0x65, 0x08, 0x65, 0x08, 0x44, 0x10, 0x65,
    0x10, 0xa6, 0x10, 0xa6, 0x08, 0xa6, 0x08, 0xc7, 0x08, 0xe7, 0x09, 0x08, 0x00, 0xa7, 0x19, 0xab,
    0x4b, 0x52, 0x43, 0x10, 0x63, 0xd4, 0x5b, 0x93, 0x42, 0xd0, 0x5b, 0x92, 0x5b, 0xf3, 0x3a, 0xef,
    0x00, 0xc6, 0x00, 0x45, 0x29, 0xaa, 0x08, 0xa6, 0x10, 0xc6, 0x08, 0x65, 0x08, 0x85, 0x08, 0x85,
    0x08, 0x85, 0x08, 0x85, 0x08, 0x65, 0x08, 0x65, 0x08, 0x65, 0x08, 0x65, 0x08, 0x64, 0x08, 0x64,
    0x08, 0x64, 0x08, 0x64, 0x08, 0x64, 0x08, 0x64, 0x08, 0x64, 0x08, 0x64, 0x08, 0x64, 0x08, 0x64,
    0x08, 0x64, 0x08, 0x64, 0x08, 0x64, 0x08, 0x64, 0x08, 0x64, 0x08, 0x64, 0x08, 0x64, 0x08, 0x64,
    0x08, 0x64, 0x08, 0x64, 0x08, 0x64, 0x08, 0x64, 0x08, 0x64, 0x08, 0x64, 0x08, 0x64, 0x08, 0x64,
    0x08, 0x64, 0x08, 0x64, 0x08, 0x64, 0x08, 0x64, 0x08, 0x64, 0x08, 0x64, 0x08, 0x64, 0x08, 0x64,
    0x08, 0x64, 0x08, 0x64, 0x08, 0x64, 0x08, 0x64, 0x08, 0x64, 0x08, 0x64, 0x08, 0x64, 0x08, 0x64,
    0x08, 0x64, 0x08, 0x64, 0x08, 0x64, 0x08, 0x64, 0x08, 0x64, 0x08, 0x64, 0x08, 0x64, 0x08, 0x64,
    0x08, 0x64, 0x08, 0x64, 0x08, 0x64, 0x08, 0x64, 0x08, 0x64, 0x08, 0x64, 0x08, 0x64, 0x08, 0x64,
    0x08, 0x64, 0x08, 0x64, 0x08, 0x64, 0x08, 0x64, 0x08, 0x64, 0x08, 0x64, 0x08, 0x64, 0x08, 0x64,
    0x08, 0x64, 0x08, 0x64, 0x08, 0x64, 0x08, 0x64, 0x08, 0x64, 0x08, 0x64, 0x08, 0x64, 0x08, 0x64,
    0x08, 0x64, 0x08, 0x64, 0x08, 0x64, 0x08, 0x64, 0x08, 0x64, 0x08, 0x64, 0x08, 0x64, 0x08, 0x64,
    0x08, 0x64, 0x08, 0x64, 0x08, 0x64, 0x08, 0x64, 0x08, 0x64, 0x08, 0x64, 0x08, 0x64, 0x08, 0x64,
    0x08, 0x64, 0x08, 0x64, 0x08, 0x64, 0x08, 0x64, 0x08, 0x64, 0x08, 0x64, 0x08, 0x64, 0x08, 0x64,
    0x08, 0x64, 0x08, 0x64, 0x08, 0x64, 0x08, 0x64, 0x08, 0x64, 0x08, 0x64, 0x08, 0x64, 0x08, 0x64,
    0x08, 0x64, 0x08, 0x64, 0x08, 0x64, 0x08, 0x64, 0x08, 0x64, 0x08, 0x64, 0x00, 0x23, 0x18, 0xe6,
    0x08, 0x64, 0x08, 0x64, 0x08, 0x64, 0x08, 0x64, 0x08, 0x64, 0x08, 0x64, 0x08, 0x64, 0x08, 0x64,
    0x08, 0x64, 0x08, 0x64, 0x08, 0x64, 0x08, 0x64, 0x08, 0x64, 0x08, 0x64, 0x08, 0x64, 0x08, 0x64,
    0x08, 0x64, 0x08, 0x64, 0x08, 0x64, 0x08, 0x64, 0x08, 0x64, 0x08, 0x64, 0x08, 0x64, 0x08, 0x64,
    0x08, 0x64, 0x08, 0x64, 0x08, 0x64, 0x08, 0x64, 0x08, 0x64, 0x08, 0x64, 0x08, 0x64, 0x08, 0x64,
    0x08, 0x64, 0x08, 0x64, 0x08, 0x64, 0x08, 0x64, 0x08, 0x64, 0x08, 0x64, 0x08, 0x64, 0x08, 0x64,
    0x08, 0x64, 0x08, 0x64, 0x08, 0x64, 0x08, 0x64, 0x08, 0x64, 0x08, 0x64, 0x08, 0x64, 0x08, 0x64,
    0x08, 0x64, 0x08, 0x64, 0x08, 0x64, 0x08, 0x64, 0x08, 0x64, 0x08, 0x64, 0x08, 0x64, 0x08, 0x64,
    0x08, 0x64, 0x08, 0x64, 0x08, 0x64, 0x08, 0x64, 0x08, 0x64, 0x08, 0x64, 0x08, 0x64, 0x08, 0x64,
    0x08, 0x64, 0x08, 0x64, 0x08, 0x64, 0x08, 0x64, 0x08, 0x64, 0x08, 0x64, 0x08, 0x64, 0x08, 0x64,
    0x08, 0x64, 0x08, 0x64, 0x08, 0x64, 0x08, 0x64, 0x08, 0x64, 0x08, 0x64, 0x08, 0x64, 0x08, 0x64,
    0x08, 0x64, 0x08, 0x64, 0x08, 0x64, 0x08, 0x64, 0x08, 0x64, 0x08, 0x64, 0x08, 0x64, 0x08, 0x64,
    0x08, 0x64, 0x08, 0x64, 0x08, 0x64, 0x08, 0x64, 0x08, 0x64, 0x08, 0x64, 0x08, 0x65, 0x08, 0x65,
    0x08, 0x65, 0x08, 0x65, 0x08, 0x65, 0x08, 0x65, 0x08, 0x65, 0x08, 0x65, 0x08, 0x65, 0x08, 0x65,
    0x08, 0x65, 0x08, 0x65, 0x08, 0x65, 0x08, 0x65, 0x08, 0x65, 0x08, 0x65, 0x08, 0x65, 0x08, 0x65,
    0x08, 0x65, 0x08, 0x65, 0x08, 0x65, 0x08, 0x65, 0x08, 0x65, 0x08, 0x65, 0x08, 0x65, 0x08, 0x65,
    0x08, 0x65, 0x08, 0x65, 0x08, 0x65, 0x08, 0x65, 0x08, 0x65, 0x08, 0x65, 0x08, 0x65, 0x08, 0x65,
    0x08, 0x65, 0x08, 0x65, 0x08, 0x65, 0x08, 0x65, 0x08, 0x65, 0x08, 0x65, 0x08, 0x65, 0x08, 0x65,
    0x08, 0x65, 0x08, 0x65, 0x08, 0x65, 0x08, 0x65, 0x08, 0x65, 0x08, 0x65, 0x08, 0x65, 0x08, 0x65,
    0x08, 0x65, 0x08, 0x65, 0x08, 0x65, 0x08, 0x65, 0x08, 0x65, 0x08, 0x65, 0x08, 0x65, 0x08, 0x65,
    0x08, 0x65, 0x08, 0x65, 0x08, 0x65, 0x08, 0x65, 0x08, 0x65, 0x08, 0x65, 0x08, 0x65, 0x08, 0x65,
    0x08, 0x65, 0x08, 0x65, 0x08, 0x65, 0x08, 0x65, 0x08, 0x65, 0x08, 0x65, 0x08, 0x65, 0x08, 0x65,
    0x08, 0x65, 0x08, 0x65, 0x08, 0x65, 0x08, 0x65, 0x08, 0x65, 0x08, 0x65, 0x10, 0x85, 0x10, 0x45,
    0x08, 0x65, 0x08, 0x86, 0x08, 0xc7, 0x08, 0xc7, 0x00, 0xc7, 0x00, 0xe8, 0x19, 0xab, 0x53, 0x93,
    0x4b, 0x93, 0x22, 0x4e, 0x01, 0x09, 0x01, 0x09, 0x00, 0xa8, 0x11, 0xcc, 0x1a, 0x2c, 0x64, 0x75,
    0x53, 0xb2, 0x01, 0x08, 0x08, 0xe7, 0x08, 0xa6, 0x10, 0xc7, 0x19, 0x08, 0x08, 0x86, 0x08, 0xa6,
    0x08, 0x85, 0x08, 0x85, 0x08, 0x85, 0x08, 0x65, 0x08, 0x65, 0x08, 0x65, 0x08, 0x65, 0x08, 0x65,
    0x08, 0x65, 0x08, 0x65, 0x08, 0x65, 0x08, 0x65, 0x08, 0x65, 0x08, 0x65, 0x08, 0x65, 0x08, 0x65,
    0x08, 0x65, 0x08, 0x65, 0x08, 0x65, 0x08, 0x65, 0x08, 0x65, 0x08, 0x65, 0x08, 0x65, 0x08, 0x65,
    0x08, 0x65, 0x08, 0x65, 0x08, 0x65, 0x08, 0x65, 0x08, 0x65, 0x08, 0x65, 0x08, 0x65, 0x08, 0x65,
    0x08, 0x65, 0x08, 0x65, 0x08, 0x65, 0x08, 0x65, 0x08, 0x65, 0x08, 0x65, 0x08, 0x65, 0x08, 0x65,
    0x08, 0x65, 0x08, 0x65, 0x08, 0x65, 0x08, 0x65, 0x08, 0x65, 0x08, 0x65, 0x08, 0x65, 0x08, 0x65,
    0x08, 0x65, 0x08, 0x65, 0x08, 0x65, 0x08, 0x65, 0x08, 0x65, 0x08, 0x65, 0x08, 0x65, 0x08, 0x64,
    0x08, 0x64, 0x08, 0x64, 0x08, 0x64, 0x08, 0x64, 0x08, 0x64, 0x08, 0x64, 0x08, 0x64, 0x08, 0x64,
    0x08, 0x64, 0x08, 0x64, 0x08, 0x64, 0x08, 0x64, 0x08, 0x64, 0x08, 0x64, 0x08, 0x64, 0x08, 0x64,
    0x08, 0x64, 0x08, 0x64, 0x08, 0x64, 0x08, 0x64, 0x08, 0x64, 0x08, 0x64, 0x08, 0x64, 0x08, 0x64,
    0x08, 0x64, 0x08, 0x64, 0x08, 0x64, 0x08, 0x64, 0x08, 0x64, 0x08, 0x64, 0x08, 0x64, 0x08, 0x64,
    0x08, 0x64, 0x08, 0x64, 0x08, 0x64, 0x08, 0x64, 0x08, 0x64, 0x08, 0x64, 0x08, 0x64, 0x08, 0x64,
    0x08, 0x64, 0x08, 0x64, 0x08, 0x64, 0x08, 0x64, 0x08, 0x64, 0x08, 0x64, 0x08, 0x64, 0x08, 0x64,
    0x08, 0x64, 0x08, 0x64, 0x08, 0x64, 0x08, 0x64, 0x08, 0x64, 0x08, 0x64, 0x08, 0x64, 0x08, 0x64,
    0x08, 0x64, 0x08, 0x64, 0x08, 0x64, 0x08, 0x64, 0x08, 0x64, 0x08, 0x64, 0x00, 0x23, 0x18, 0xe6,
    0x08, 0x64, 0x08, 0x64, 0x08, 0x64, 0x08, 0x64, 0x08, 0x64, 0x08, 0x64, 0x08, 0x64, 0x08, 0x64,
    0x08, 0x64, 0x08, 0x64, 0x08, 0x64, 0x08, 0x64, 0x08, 0x64, 0x08, 0x64, 0x08, 0x64, 0x08, 0x64,
    0x08, 0x64, 0x08, 0x64, 0x08, 0x64, 0x08, 0x64, 0x08, 0x64, 0x08, 0x64, 0x08, 0x64, 0x08, 0x64,
    0x08, 0x64, 0x08, 0x64, 0x08, 0x64, 0x08, 0x64, 0x08, 0x64, 0x08, 0x64, 0x08, 0x64, 0x08, 0x64,
    0x08, 0x64, 0x08, 0x64, 0x08, 0x64, 0x08, 0x64, 0x08, 0x64, 0x08, 0x64, 0x08, 0x64, 0x08, 0x64,
    0x08, 0x64, 0x08, 0x64, 0x08, 0x64, 0x08, 0x64, 0x08, 0x64, 0x08, 0x64, 0x08, 0x64, 0x08, 0x64,
    0x08, 0x64, 0x08, 0x64, 0x08, 0x64, 0x08, 0x64, 0x08, 0x64, 0x08, 0x64, 0x08, 0x64, 0x08, 0x64,
    0x08, 0x64, 0x08, 0x64, 0x08, 0x64, 0x08, 0x64, 0x08, 0x64, 0x08, 0x64, 0x08, 0x64, 0x08, 0x64,
    0x08, 0x64, 0x08, 0x64, 0x08, 0x64, 0x08, 0x64, 0x08, 0x64, 0x08, 0x64, 0x08, 0x64, 0x08, 0x64,
    0x08, 0x64, 0x08, 0x64, 0x08, 0x64, 0x08, 0x64, 0x08, 0x64, 0x08, 0x64, 0x08, 0x64, 0x08, 0x64,
    0x08, 0x64, 0x08, 0x64, 0x08, 0x64, 0x08, 0x64, 0x08, 0x64, 0x08, 0x64, 0x08, 0x64, 0x08, 0x64,
    0x08, 0x64, 0x08, 0x64, 0x08, 0x64, 0x08, 0x64, 0x08, 0x64, 0x08, 0x64, 0x08, 0x65, 0x08, 0x65,
    0x08, 0x65, 0x08, 0x65, 0x08, 0x65, 0x08, 0x65, 0x08, 0x65, 0x08, 0x65, 0x08, 0x65, 0x08, 0x65,
    0x08, 0x65, 0x08, 0x65, 0x08, 0x65, 0x08, 0x65, 0x08, 0x65, 0x08, 0x65, 0x08, 0x65, 0x08, 0x65,
    0x08, 0x65, 0x08, 0x65, 0x08, 0x65, 0x08, 0x65, 0x08, 0x65, 0x08, 0x65, 0x08, 0x65, 0x08, 0x65,
    0x08, 0x65, 0x08, 0x65, 0x08, 0x65, 0x08, 0x65, 0x08, 0x65, 0x08, 0x65, 0x08, 0x65, 0x08, 0x65,
    0x08, 0x65, 0x08, 0x65, 0x08, 0x65, 0x08, 0x65, 0x08, 0x65, 0x08, 0x65, 0x08, 0x65, 0x08, 0x65,
    0x08, 0x65, 0x08, 0x65, 0x08, 0x65, 0x08, 0x65, 0x08, 0x65, 0x08, 0x65, 0x08, 0x65, 0x08, 0x65,
    0x08, 0x65, 0x08, 0x65, 0x08, 0x65, 0x08, 0x65, 0x08, 0x65, 0x08, 0x65, 0x08, 0x65, 0x08, 0x65,
    0x08, 0x65, 0x08, 0x65, 0x08, 0x65, 0x08, 0x65, 0x08, 0x65, 0x08, 0x65, 0x08, 0x65, 0x08, 0x65,
    0x08, 0x65, 0x08, 0x65, 0x08, 0x65, 0x08, 0x65, 0x08, 0x65, 0x08, 0x65, 0x08, 0x65, 0x08, 0x65,
    0x08, 0x65, 0x08, 0x65, 0x08, 0x65, 0x08, 0x65, 0x08, 0x65, 0x08, 0x65, 0x10, 0x86, 0x08, 0x45,
    0x00, 0x45, 0x08, 0xa6, 0x08, 0xc7, 0x08, 0xa7, 0x08, 0xc8, 0x09, 0x49, 0x53, 0x93, 0x3b, 0x52,
    0x01, 0x4a, 0x01, 0x8b, 0x01, 0xcc, 0x0a, 0x6e, 0x1a, 0xcf, 0x01, 0xec, 0x02, 0x0c, 0x01, 0x28,
    0x43, 0x72, 0x53, 0xb3, 0x00, 0x86, 0x08, 0xc7, 0x10, 0xc7, 0x00, 0x86, 0x08, 0xa6, 0x08, 0xa6,
    0x08, 0xa6, 0x00, 0x85, 0x00, 0x85, 0x00, 0x85, 0x00, 0x65, 0x08, 0x65, 0x08, 0x65, 0x08, 0x65,
    0x08, 0x65, 0x08, 0x65, 0x08, 0x65, 0x08, 0x65, 0x08, 0x65, 0x08, 0x65, 0x08, 0x65, 0x08, 0x65,
    0x08, 0x65, 0x08, 0x65, 0x08, 0x65, 0x08, 0x65, 0x08, 0x65, 0x08, 0x65, 0x08, 0x65, 0x08, 0x65,
    0x08, 0x65, 0x08, 0x65, 0x08, 0x65, 0x08, 0x65, 0x08, 0x65, 0x08, 0x65, 0x08, 0x65, 0x08, 0x65,
    0x08, 0x65, 0x08, 0x65, 0x08, 0x65, 0x08, 0x65, 0x08, 0x65, 0x08, 0x65, 0x08, 0x65, 0x08, 0x65,
    0x08, 0x65, 0x08, 0x65, 0x08, 0x65, 0x08, 0x65, 0x08, 0x65, 0x08, 0x65, 0x08, 0x65, 0x08, 0x65,
    0x08, 0x65, 0x08, 0x65, 0x08, 0x65, 0x08, 0x65, 0x08, 0x65, 0x08, 0x65, 0x08, 0x65, 0x08, 0x65,
    0x08, 0x65, 0x08, 0x65, 0x08, 0x65, 0x08, 0x65, 0x08, 0x65, 0x08, 0x65, 0x08, 0x65, 0x08, 0x65,
    0x08, 0x64, 0x08, 0x64, 0x08, 0x64, 0x08, 0x64, 0x08, 0x64, 0x08, 0x64, 0x08, 0x64, 0x08, 0x64,
    0x08, 0x64, 0x08, 0x64, 0x08, 0x64, 0x08, 0x64, 0x08, 0x64, 0x08, 0x64, 0x08, 0x64, 0x08, 0x64,
    0x08, 0x64, 0x08, 0x64, 0x08, 0x64, 0x08, 0x64, 0x08, 0x64, 0x08, 0x64, 0x08, 0x64, 0x08, 0x64,
    0x08, 0x64, 0x08, 0x64, 0x08, 0x64, 0x08, 0x64, 0x08, 0x64, 0x08, 0x64, 0x08, 0x64, 0x08, 0x64,
    0x08, 0x64, 0x08, 0x64, 0x08, 0x64, 0x08, 0x64, 0x08, 0x64, 0x08, 0x64, 0x08, 0x64, 0x08, 0x64,
    0x08, 0x64, 0x08, 0x64, 0x08, 0x64, 0x08, 0x64, 0x08, 0x64, 0x08, 0x64, 0x08, 0x64, 0x08, 0x64,
    0x08, 0x64, 0x08, 0x64, 0x08, 0x64, 0x08, 0x64, 0x08, 0x64, 0x08, 0x64, 0x00, 0x23, 0x18, 0xe6,
    0x08, 0x64, 0x08, 0x64, 0x08, 0x64, 0x08, 0x64, 0x08, 0x64, 0x08, 0x64, 0x08, 0x64, 0x08, 0x64,
    0x08, 0x64, 0x08, 0x64, 0x08, 0x64, 0x08, 0x64, 0x08, 0x64, 0x08, 0x64, 0x08, 0x64, 0x08, 0x64,
    0x08, 0x64, 0x08, 0x64, 0x08, 0x64, 0x08, 0x64, 0x08, 0x64, 0x08, 0x64, 0x08, 0x64, 0x08, 0x64,
    0x08, 0x64, 0x08, 0x64, 0x08, 0x64, 0x08, 0x64, 0x08, 0x64, 0x08, 0x64, 0x08, 0x64, 0x08, 0x64,
    0x08, 0x64, 0x08, 0x64, 0x08, 0x64, 0x08, 0x64, 0x08, 0x64, 0x08, 0x64, 0x08, 0x64, 0x08, 0x64,
    0x08, 0x64, 0x08, 0x64, 0x08, 0x64, 0x08, 0x64, 0x08, 0x64, 0x08, 0x64, 0x08, 0x64, 0x08, 0x64,
    0x08, 0x64, 0x08, 0x64, 0x08, 0x64, 0x08, 0x64, 0x08, 0x64, 0x08, 0x64, 0x08, 0x64, 0x08, 0x64,
    0x08, 0x64, 0x08, 0x64, 0x08, 0x64, 0x08, 0x64, 0x08, 0x64, 0x08, 0x64, 0x08, 0x64, 0x08, 0x64,
    0x08, 0x64, 0x08, 0x64, 0x08, 0x64, 0x08, 0x64, 0x08, 0x64, 0x08, 0x64, 0x08, 0x64, 0x08, 0x64,
    0x08, 0x64, 0x08, 0x64, 0x08, 0x64, 0x08, 0x64, 0x08, 0x64, 0x08, 0x64, 0x08, 0x64, 0x08, 0x64,
    0x08, 0x64, 0x08, 0x64, 0x08, 0x64, 0x08, 0x64, 0x08, 0x64, 0x08, 0x64, 0x08, 0x64, 0x08, 0x64,
    0x08, 0x64, 0x08, 0x64, 0x08, 0x64, 0x08, 0x64, 0x08, 0x64, 0x08, 0x64, 0x08, 0x65, 0x08, 0x65,
    0x08, 0x65, 0x08, 0x65, 0x08, 0x65, 0x08, 0x65, 0x08, 0x65, 0x08, 0x65, 0x08, 0x65, 0x08, 0x65,
    0x08, 0x65, 0x08, 0x65, 0x08, 0x65, 0x08, 0x65, 0x08, 0x65, 0x08, 0x65, 0x08, 0x65, 0x08, 0x65,
    0x08, 0x65, 0x08, 0x65, 0x08, 0x65, 0x08, 0x65, 0x08, 0x65, 0x08, 0x65, 0x08, 0x65, 0x08, 0x65,
    0x08, 0x65, 0x08, 0x65, 0x08, 0x65, 0x08, 0x65, 0x08, 0x65, 0x08, 0x65, 0x08, 0x65, 0x08, 0x65,
    0x08, 0x65, 0x08, 0x65, 0x08, 0x65, 0x08, 0x65, 0x08, 0x65, 0x08, 0x65, 0x08, 0x65, 0x08, 0x65,
    0x08, 0x65, 0x08, 0x65, 0x08, 0x65, 0x08, 0x65, 0x08, 0x65, 0x08, 0x65, 0x08, 0x65, 0x08, 0x65,
    0x08, 0x65, 0x08, 0x65, 0x08, 0x65, 0x08, 0x65, 0x08, 0x65, 0x08, 0x65, 0x08, 0x65, 0x08, 0x65,
    0x08, 0x65, 0x08, 0x65, 0x08, 0x65, 0x08, 0x65, 0x08, 0x65, 0x08, 0x65, 0x08, 0x65, 0x08, 0x65,
    0x08, 0x65, 0x08, 0x65, 0x08, 0x65, 0x08, 0x65, 0x08, 0x65, 0x08, 0x65, 0x08, 0x65, 0x08, 0x65,
    0x08, 0x65, 0x08, 0x65, 0x08, 0x65, 0x08, 0x65, 0x08, 0x65, 0x08, 0x65, 0x08, 0x85, 0x08, 0x65,
    0x08, 0xa6, 0x10, 0xe7, 0x08, 0xc7, 0x00, 0x87, 0x11, 0x29, 0x22, 0x0d, 0x53, 0xd4, 0x01, 0x2a,
    0x01, 0xec, 0x2b, 0x92, 0x5d, 0x7a, 0x76, 0x7d, 0x66, 0x5c, 0x4d, 0x38, 0x02, 0x6d, 0x02, 0x2d,
    0x0a, 0x0c, 0x54, 0x14, 0x19, 0xcc, 0x09, 0x09, 0x08, 0xa7, 0x10, 0xe8, 0x08, 0xa7, 0x08, 0xa7,
    0x00, 0xa6, 0x00, 0xa6, 0x00, 0x86, 0x00, 0x86, 0x00, 0x86, 0x00, 0x86, 0x08, 0x65, 0x08, 0x45,
    0x08, 0x45, 0x08, 0x45, 0x08, 0x45, 0x08, 0x45, 0x08, 0x45, 0x08, 0x45, 0x08, 0x45, 0x08, 0x45,
    0x08, 0x45, 0x08, 0x45, 0x08, 0x45, 0x08, 0x45, 0x08, 0x45, 0x08, 0x45, 0x08, 0x45, 0x08, 0x45,
    0x08, 0x45, 0x08, 0x45, 0x08, 0x45, 0x08, 0x45, 0x08, 0x45, 0x08, 0x45, 0x08, 0x45, 0x08, 0x45,
    0x08, 0x45, 0x08, 0x45, 0x08, 0x45, 0x08, 0x45, 0x08, 0x45, 0x08, 0x45, 0x08, 0x45, 0x08, 0x45,
    0x08, 0x45, 0x08, 0x45, 0x08, 0x45, 0x08, 0x45, 0x08, 0x45, 0x08, 0x45, 0x08, 0x45, 0x08, 0x45,
    0x08, 0x45, 0x08, 0x45, 0x08, 0x45, 0x08, 0x45, 0x08, 0x45, 0x08, 0x45, 0x08, 0x65, 0x08, 0x65,
    0x08, 0x65, 0x08, 0x65, 0x08, 0x65, 0x08, 0x65, 0x08, 0x65, 0x08, 0x65, 0x08, 0x65, 0x08, 0x65,
    0x08, 0x64, 0x08, 0x64, 0x08, 0x64, 0x08, 0x64, 0x08, 0x64, 0x08, 0x64, 0x08, 0x64, 0x08, 0x64,
    0x08, 0x64, 0x08, 0x64, 0x08, 0x64, 0x08, 0x64, 0x08, 0x64, 0x08, 0x64, 0x08, 0x64, 0x08, 0x64,
    0x08, 0x64, 0x08, 0x64, 0x08, 0x64, 0x08, 0x64, 0x08, 0x64, 0x08, 0x64, 0x08, 0x64, 0x08, 0x64,
    0x08, 0x64, 0x08, 0x64, 0x08, 0x64, 0x08, 0x64, 0x08, 0x64, 0x08, 0x64, 0x08, 0x64, 0x08, 0x64,
    0x08, 0x64, 0x08, 0x64, 0x08, 0x64, 0x08, 0x64, 0x08, 0x64, 0x08, 0x64, 0x08, 0x64, 0x08, 0x64,
    0x08, 0x64, 0x08, 0x64, 0x08, 0x64, 0x08, 0x64, 0x08, 0x64, 0x08, 0x64, 0x08, 0x64, 0x08, 0x64,
    0x08, 0x64, 0x08, 0x64, 0x08, 0x64, 0x08, 0x64, 0x08, 0x64, 0x08, 0x64, 0x00, 0x23, 0x18, 0xe6,
    0x08, 0x64, 0x08, 0x64, 0x08, 0x64, 0x08, 0x64, 0x08, 0x64, 0x08, 0x64, 0x08, 0x64, 0x08, 0x64,
    0x08, 0x64, 0x08, 0x64, 0x08, 0x64, 0x08, 0x64, 0x08, 0x64, 0x08, 0x64, 0x08, 0x64, 0x08, 0x64,
    0x08, 0x64, 0x08, 0x64, 0x08, 0x64, 0x08, 0x64, 0x08, 0x64, 0x08, 0x64, 0x08, 0x64, 0x08, 0x64,
    0x08, 0x64, 0x08, 0x64, 0x08, 0x64, 0x08, 0x64, 0x08, 0x64, 0x08, 0x64, 0x08, 0x64, 0x08, 0x64,
    0x08, 0x64, 0x08, 0x64, 0x08, 0x64, 0x08, 0x64, 0x08, 0x64, 0x08, 0x64, 0x08, 0x64, 0x08, 0x64,
    0x08, 0x64, 0x08, 0x64, 0x08, 0x64, 0x08, 0x64, 0x08, 0x64, 0x08, 0x64, 0x08, 0x64, 0x08, 0x64,
    0x08, 0x64, 0x08, 0x64, 0x08, 0x64, 0x08, 0x64, 0x08, 0x64, 0x08, 0x64, 0x08, 0x64, 0x08, 0x64,
    0x08, 0x64, 0x08, 0x64, 0x08, 0x64, 0x08, 0x64, 0x08, 0x64, 0x08, 0x64, 0x08, 0x64, 0x08, 0x64,
    0x08, 0x64, 0x08, 0x64, 0x08, 0x64, 0x08, 0x64, 0x08, 0x64, 0x08, 0x64, 0x08, 0x64, 0x08, 0x64,
    0x08, 0x64, 0x08, 0x64, 0x08, 0x64, 0x08, 0x64, 0x08, 0x64, 0x08, 0x64, 0x08, 0x64, 0x08, 0x64,
    0x08, 0x64, 0x08, 0x64, 0x08, 0x64, 0x08, 0x64, 0x08, 0x64, 0x08, 0x64, 0x08, 0x64, 0x08, 0x64,
    0x08, 0x64, 0x08, 0x64, 0x08, 0x64, 0x08, 0x64, 0x08, 0x64, 0x08, 0x64, 0x08, 0x65, 0x08, 0x65,
    0x08, 0x65, 0x08, 0x65, 0x08, 0x65, 0x08, 0x65, 0x08, 0x65, 0x08, 0x65, 0x08, 0x65, 0x08, 0x65,
    0x08, 0x65, 0x08, 0x65, 0x08, 0x65, 0x08, 0x65, 0x08, 0x65, 0x08, 0x65, 0x08, 0x65, 0x08, 0x65,
    0x08, 0x65, 0x08, 0x65, 0x08, 0x65, 0x08, 0x65, 0x08, 0x65, 0x08, 0x65, 0x08, 0x65, 0x08, 0x65,
    0x08, 0x65, 0x08, 0x65, 0x08, 0x65, 0x08, 0x65, 0x08, 0x65, 0x08, 0x65, 0x08, 0x65, 0x08, 0x65,
    0x08, 0x65, 0x08, 0x65, 0x08, 0x65, 0x08, 0x65, 0x08, 0x65, 0x08, 0x65, 0x08, 0x65, 0x08, 0x65,
    0x08, 0x65, 0x08, 0x65, 0x08, 0x65, 0x08, 0x65, 0x08, 0x65, 0x08, 0x65, 0x08, 0x65, 0x08, 0x65,
    0x08, 0x65, 0x08, 0x65, 0x08, 0x65, 0x08, 0x65, 0x08, 0x65, 0x08, 0x65, 0x08, 0x65, 0x08, 0x65,
    0x08, 0x65, 0x08, 0x65, 0x08, 0x65, 0x08, 0x65, 0x08, 0x65, 0x08, 0x65, 0x08, 0x65, 0x08, 0x65,
    0x08, 0x65, 0x08, 0x65, 0x08, 0x65, 0x08, 0x65, 0x08, 0x65, 0x08, 0x65, 0x08, 0x65, 0x08, 0x65,
    0x08, 0x65, 0x08, 0x65, 0x08, 0x65, 0x08, 0x65, 0x08, 0x85, 0x08, 0x85, 0x00, 0x85, 0x00, 0x85,
    0x08, 0xa6, 0x00, 0xa6, 0x11, 0x08, 0x08, 0xa7, 0x00, 0xa8, 0x5b, 0x93, 0x2a, 0x6f, 0x01, 0x6a,
    0x23, 0x31, 0x76, 0x5d, 0x6e, 0x9d, 0x7f, 0x9f, 0x5e, 0xdd, 0x77, 0x5f, 0x5d, 0xfb, 0x01, 0xec,
    0x01, 0xcc, 0x33, 0x32, 0x43, 0x32, 0x00, 0xc8, 0x08, 0xe9, 0x00, 0x87, 0x00, 0x86, 0x00, 0x66,
    0x00, 0x66, 0x00, 0x66, 0x00, 0x66, 0x00, 0x66, 0x00, 0x66, 0x00, 0x66, 0x00, 0x46, 0x00, 0x46,
    0x00, 0x46, 0x00, 0x46, 0x00, 0x46, 0x00, 0x46, 0x00, 0x46, 0x00, 0x46, 0x00, 0x46, 0x00, 0x46,
    0x00, 0x46, 0x00, 0x46, 0x00, 0x46, 0x00, 0x46, 0x00, 0x46, 0x00, 0x46, 0x08, 0x46, 0x08, 0x46,
    0x08, 0x46, 0x08, 0x46, 0x08, 0x46, 0x08, 0x46, 0x08, 0x46, 0x08, 0x46, 0x08, 0x46, 0x08, 0x46,
    0x08, 0x46, 0x08, 0x46, 0x08, 0x46, 0x08, 0x46, 0x08, 0x46, 0x08, 0x46, 0x08, 0x46, 0x08, 0x46,
    0x08, 0x46, 0x08, 0x46, 0x08, 0x46, 0x08, 0x46, 0x08, 0x46, 0x08, 0x46, 0x08, 0x46, 0x08, 0x46,
    0x08, 0x46, 0x08, 0x46, 0x08, 0x46, 0x08, 0x46, 0x08, 0x46, 0x08, 0x45, 0x00, 0x25, 0x10, 0xa6,
    0x00, 0x04, 0x00, 0x04, 0x08, 0x44, 0x10, 0x85, 0x00, 0x04, 0x10, 0x85, 0x08, 0x65, 0x08, 0x65,
    0x08, 0x64, 0x08, 0x64, 0x08, 0x64, 0x08, 0x64, 0x08, 0x64, 0x08, 0x64, 0x08, 0x64, 0x08, 0x64,
    0x08, 0x64, 0x08, 0x64, 0x08, 0x64, 0x08, 0x64, 0x08, 0x64, 0x08, 0x64, 0x08, 0x64, 0x08, 0x64,
    0x08, 0x64, 0x08, 0x64, 0x08, 0x64, 0x08, 0x64, 0x08, 0x64, 0x08, 0x64, 0x08, 0x64, 0x08, 0x64,
    0x08, 0x64, 0x08, 0x64, 0x08, 0x64, 0x08, 0x64, 0x08, 0x64, 0x08, 0x64, 0x08, 0x64, 0x08, 0x64,
    0x08, 0x64, 0x08, 0x64, 0x08, 0x64, 0x08, 0x64, 0x08, 0x64, 0x08, 0x64, 0x08, 0x64, 0x08, 0x64,
    0x08, 0x64, 0x08, 0x64, 0x08, 0x64, 0x08, 0x64, 0x08, 0x64, 0x08, 0x64, 0x08, 0x64, 0x08, 0x64,
    0x08, 0x64, 0x08, 0x64, 0x08, 0x64, 0x08, 0x64, 0x08, 0x64, 0x08, 0x64, 0x00, 0x23, 0x18, 0xe6,
    0x08, 0x64, 0x08, 0x64, 0x08, 0x64, 0x08, 0x64, 0x08, 0x64, 0x08, 0x64, 0x08, 0x64, 0x08, 0x64,
    0x08, 0x64, 0x08, 0x64, 0x08, 0x64, 0x08, 0x64, 0x08, 0x64, 0x08, 0x64, 0x08, 0x64, 0x08, 0x64,
    0x08, 0x64, 0x08, 0x64, 0x08, 0x64, 0x08, 0x64, 0x08, 0x64, 0x08, 0x64, 0x08, 0x64, 0x08, 0x64,
    0x08, 0x64, 0x08, 0x64, 0x08, 0x64, 0x08, 0x64, 0x08, 0x64, 0x08, 0x64, 0x08, 0x64, 0x08, 0x64,
    0x08, 0x64, 0x08, 0x64, 0x08, 0x64, 0x08, 0x64, 0x08, 0x64, 0x08, 0x64, 0x08, 0x64, 0x08, 0x64,
    0x08, 0x64, 0x08, 0x64, 0x08, 0x64, 0x08, 0x64, 0x08, 0x64, 0x08, 0x64, 0x08, 0x64, 0x08, 0x64,
    0x08, 0x64, 0x08, 0x64, 0x08, 0x64, 0x08, 0x64, 0x08, 0x64, 0x08, 0x64, 0x08, 0x64, 0x08, 0x64,
    0x08, 0x64, 0x08, 0x64, 0x08, 0x64, 0x08, 0x64, 0x08, 0x64, 0x08, 0x64, 0x08, 0x64, 0x08, 0x64,
    0x08, 0x64, 0x08, 0x64, 0x08, 0x64, 0x08, 0x64, 0x08, 0x64, 0x08, 0x64, 0x08, 0x64, 0x08, 0x64,
    0x08, 0x64, 0x08, 0x64, 0x08, 0x64, 0x08, 0x64, 0x08, 0x64, 0x08, 0x64, 0x08, 0x64, 0x08, 0x64,
    0x08, 0x64, 0x08, 0x64, 0x08, 0x64, 0x08, 0x64, 0x08, 0x64, 0x08, 0x64, 0x08, 0x64, 0x08, 0x64,
    0x08, 0x64, 0x08, 0x64, 0x08, 0x64, 0x08, 0x64, 0x08, 0x64, 0x08, 0x64, 0x08, 0x65, 0x08, 0x65,
    0x08, 0x65, 0x08, 0x65, 0x08, 0x65, 0x08, 0x65, 0x08, 0x65, 0x08, 0x65, 0x08, 0x65, 0x08, 0x65,
    0x08, 0x65, 0x08, 0x65, 0x08, 0x65, 0x08, 0x65, 0x08, 0x65, 0x08, 0x65, 0x08, 0x65, 0x08, 0x65,
    0x08, 0x65, 0x08, 0x65, 0x08, 0x65, 0x08, 0x65, 0x08, 0x65, 0x08, 0x65, 0x08, 0x65, 0x08, 0x65,
    0x08, 0x65, 0x08, 0x65, 0x08, 0x65, 0x08, 0x65, 0x08, 0x65, 0x08, 0x65, 0x08, 0x65, 0x08, 0x65,
    0x08, 0x65, 0x08, 0x65, 0x08, 0x65, 0x08, 0x65, 0x08, 0x65, 0x08, 0x65, 0x08, 0x65, 0x08, 0x65,
    0x08, 0x65, 0x08, 0x65, 0x08, 0x65, 0x08, 0x65, 0x08, 0x65, 0x08, 0x65, 0x08, 0x65, 0x08, 0x65,
    0x08, 0x65, 0x08, 0x65, 0x08, 0x65, 0x08, 0x65, 0x08, 0x65, 0x08, 0x65, 0x08, 0x65, 0x08, 0x65,
    0x08, 0x65, 0x08, 0x65, 0x08, 0x65, 0x08, 0x65, 0x08, 0x65, 0x08, 0x65, 0x08, 0x65, 0x08, 0x65,
    0x08, 0x65, 0x08, 0x65, 0x08, 0x65, 0x08, 0x65, 0x08, 0x65, 0x08, 0x65, 0x08, 0x65, 0x08, 0x65,
    0x08, 0x65, 0x08, 0x65, 0x08, 0x65, 0x08, 0x65, 0x08, 0x85, 0x08, 0x85, 0x00, 0xa5, 0x00, 0xa5,
    0x08, 0xe7, 0x00, 0xa6, 0x11, 0x08, 0x10, 0xe8, 0x11, 0x2a, 0x63, 0xf5, 0x09, 0x8b, 0x01, 0x4a,
    0x44, 0x76, 0x6e, 0x7d, 0x6e, 0xfe, 0x5f, 0x1e, 0x57, 0x5f, 0x67, 0x7f, 0x6e, 0x9e, 0x3c, 0x56,
    0x12, 0xb0, 0x22, 0xd0, 0x33, 0x11, 0x19, 0xac, 0x19, 0x8c, 0x11, 0x09, 0x11, 0x29, 0x11, 0x09,
    0x09, 0x09, 0x08, 0xe8, 0x08, 0xc8, 0x00, 0xc7, 0x00, 0xc7, 0x08, 0xa7, 0x10, 0xa7, 0x10, 0xa7,
    0x10, 0xa7, 0x10, 0xa7, 0x10, 0xa7, 0x10, 0xa7, 0x10, 0xa7, 0x10, 0xa7, 0x10, 0xa7, 0x10, 0xa7,
    0x10, 0xa7, 0x10, 0xa7, 0x10, 0xa7, 0x10, 0xa7, 0x10, 0xa7, 0x10, 0xa7, 0x10, 0x87, 0x10, 0x87,
    0x10, 0x87, 0x10, 0x87, 0x10, 0x87, 0x10, 0x87, 0x10, 0x87, 0x10, 0x87, 0x10, 0xa7, 0x10, 0xa7,
    0x10, 0xa7, 0x10, 0xa7, 0x10, 0xa7, 0x10, 0xa7, 0x10, 0xa7, 0x10, 0xa7, 0x10, 0x87, 0x10, 0x87,
    0x10, 0x87, 0x10, 0x87, 0x10, 0x87, 0x10, 0x87, 0x10, 0x87, 0x10, 0x87, 0x10, 0xa7, 0x10, 0xa7,
    0x10, 0xa7, 0x10, 0xa7, 0x10, 0xa7, 0x10, 0xa7, 0x10, 0xa7, 0x10, 0xa7, 0x18, 0xc7, 0x08, 0x65,
    0x10, 0xa6, 0x18, 0xc7, 0x08, 0x65, 0x08, 0x44, 0x08, 0x85, 0x08, 0x65, 0x08, 0x44, 0x08, 0x44,
    0x08, 0x64, 0x08, 0x64, 0x08, 0x64, 0x08, 0x64, 0x08, 0x64, 0x08, 0x64, 0x08, 0x64, 0x08, 0x64,
    0x08, 0x64, 0x08, 0x64, 0x08, 0x64, 0x08, 0x64, 0x08, 0x64, 0x08, 0x64, 0x08, 0x64, 0x08, 0x64,
    0x08, 0x64, 0x08, 0x64, 0x08, 0x64, 0x08, 0x64, 0x08, 0x64, 0x08, 0x64, 0x08, 0x64, 0x08, 0x64,
    0x08, 0x64, 0x08, 0x64, 0x08, 0x64, 0x08, 0x64, 0x08, 0x64, 0x08, 0x64, 0x08, 0x64, 0x08, 0x64,
    0x08, 0x64, 0x08, 0x64, 0x08, 0x64, 0x08, 0x64, 0x08, 0x64, 0x08, 0x64, 0x08, 0x64, 0x08, 0x64,
    0x08, 0x64, 0x08, 0x64, 0x08, 0x64, 0x08, 0x64, 0x08, 0x64, 0x08, 0x64, 0x08, 0x64, 0x08, 0x64,
    0x08, 0x64, 0x08, 0x64, 0x08, 0x64, 0x08, 0x64, 0x08, 0x64, 0x08, 0x64, 0x00, 0x23, 0x18, 0xe6,
    0x08, 0x64, 0x08, 0x64, 0x08, 0x64, 0x08, 0x64, 0x08, 0x64, 0x08, 0x64, 0x08, 0x64, 0x08, 0x64,
    0x08, 0x64, 0x08, 0x64, 0x08, 0x64, 0x08, 0x64, 0x08, 0x64, 0x08, 0x64, 0x08, 0x64, 0x08, 0x64,
    0x08, 0x64, 0x08, 0x64, 0x08, 0x64, 0x08, 0x64, 0x08, 0x64, 0x08, 0x64, 0x08, 0x64, 0x08, 0x64,
    0x08, 0x64, 0x08, 0x64, 0x08, 0x64, 0x08, 0x64, 0x08, 0x64, 0x08, 0x64, 0x08, 0x64, 0x08, 0x64,
    0x08, 0x64, 0x08, 0x64, 0x08, 0x64, 0x08, 0x64, 0x08, 0x64, 0x08, 0x64, 0x08, 0x64, 0x08, 0x64,
    0x08, 0x64, 0x08, 0x64, 0x08, 0x64, 0x08, 0x64, 0x08, 0x64, 0x08, 0x64, 0x08, 0x64, 0x08, 0x64,
    0x08, 0x64, 0x08, 0x64, 0x08, 0x64, 0x08, 0x64, 0x08, 0x64, 0x08, 0x64, 0x08, 0x64, 0x08, 0x64,
    0x08, 0x64, 0x08, 0x64, 0x08, 0x64, 0x08, 0x64, 0x08, 0x64, 0x08, 0x64, 0x08, 0x64, 0x08, 0x64,
    0x08, 0x64, 0x08, 0x64, 0x08, 0x64, 0x08, 0x64, 0x08, 0x64, 0x08, 0x64, 0x08, 0x64, 0x08, 0x64,
    0x08, 0x64, 0x08, 0x64, 0x08, 0x64, 0x08, 0x64, 0x08, 0x64, 0x08, 0x64, 0x08, 0x65, 0x08, 0x65,
    0x08, 0x65, 0x08, 0x65, 0x08, 0x65, 0x08, 0x65, 0x08, 0x65, 0x08, 0x65, 0x08, 0x65, 0x08, 0x65,
    0x08, 0x65, 0x08, 0x65, 0x08, 0x65, 0x08, 0x65, 0x08, 0x65, 0x08, 0x65, 0x08, 0x65, 0x08, 0x65,
    0x08, 0x65, 0x08, 0x65, 0x08, 0x65, 0x08, 0x65, 0x08, 0x65, 0x08, 0x65, 0x08, 0x65, 0x08, 0x65,
    0x08, 0x65, 0x08, 0x65, 0x08, 0x65, 0x08, 0x65, 0x08, 0x65, 0x08, 0x65, 0x08, 0x65, 0x08, 0x65,
    0x08, 0x65, 0x08, 0x65, 0x08, 0x65, 0x08, 0x65, 0x08, 0x65, 0x08, 0x65, 0x08, 0x65, 0x08, 0x65,
    0x08, 0x65, 0x08, 0x65, 0x08, 0x65, 0x08, 0x65, 0x08, 0x65, 0x08, 0x65, 0x08, 0x65, 0x08, 0x65,
    0x08, 0x65, 0x08, 0x65, 0x08, 0x65, 0x08, 0x65, 0x08, 0x65, 0x08, 0x65, 0x08, 0x65, 0x08, 0x65,
    0x08, 0x65, 0x08, 0x65, 0x08, 0x65, 0x08, 0x65, 0x08, 0x65, 0x08, 0x65, 0x08, 0x65, 0x08, 0x65,
    0x08, 0x65, 0x08, 0x65, 0x08, 0x65, 0x08, 0x65, 0x08, 0x65, 0x08, 0x65, 0x08, 0x65, 0x08, 0x65,
    0x08, 0x65, 0x08, 0x65, 0x08, 0x65, 0x08, 0x65, 0x08, 0x65, 0x08, 0x65, 0x08, 0x65, 0x08, 0x65,
    0x08, 0x65, 0x08, 0x65, 0x08, 0x65, 0x08, 0x65, 0x08, 0x65, 0x08, 0x65, 0x08, 0x65, 0x08, 0x65,
    0x08, 0x65, 0x08, 0x65, 0x08, 0x65, 0x08, 0x65, 0x08, 0x85, 0x08, 0x85, 0x00, 0xc6, 0x00, 0xe6,
    0x08, 0xe7, 0x00, 0xa6, 0x08, 0xc7, 0x08, 0xe8, 0x19, 0x4a, 0x63, 0xf5, 0x1a, 0x0d, 0x0a, 0x0d,
    0x5d, 0x59, 0x76, 0xbe, 0x6f, 0x3f, 0x56, 0xfe, 0x57, 0x7f, 0x5f, 0x3e, 0x6e, 0x7e, 0x6d, 0xbb,
    0x54, 0x97, 0x5c, 0x97, 0x74, 0xd9, 0x32, 0xb0, 0x42, 0xd1, 0x4a, 0xf1, 0x3a, 0x4e, 0x32, 0x4e,
    0x32, 0x2d, 0x32, 0x0d, 0x29, 0xec, 0x29, 0xcc, 0x29, 0xcc, 0x29, 0xab, 0x29, 0x6b, 0x29, 0x6b,
    0x29, 0x6b, 0x29, 0x6b, 0x29, 0x6b, 0x29, 0x6b, 0x29, 0x6b, 0x29, 0x6b, 0x29, 0x6b, 0x29, 0x6b,
    0x29, 0x6b, 0x29, 0x6b, 0x29, 0x6b, 0x29, 0x6b, 0x29, 0x6b, 0x29, 0x6b, 0x31, 0x6b, 0x31, 0x6b,
    0x31, 0x6b, 0x31, 0x6b, 0x31, 0x6b, 0x31, 0x6b, 0x31, 0x6b, 0x31, 0x6b, 0x29, 0x6b, 0x29, 0x6b,
    0x29, 0x6b, 0x29, 0x6b, 0x29, 0x6b, 0x29, 0x6b, 0x29, 0x6b, 0x29, 0x6b, 0x31, 0x6b, 0x31, 0x6b,
    0x31, 0x6b, 0x31, 0x6b, 0x31, 0x6b, 0x31, 0x6b, 0x31, 0x6b, 0x31, 0x6b, 0x29, 0x6b, 0x29, 0x6b,
    0x29, 0x6b, 0x29, 0x6b, 0x29, 0x6b, 0x29, 0x6b, 0x29, 0x6b, 0x29, 0x6a, 0x31, 0xab, 0x21, 0x28,
    0x31, 0x8a, 0x29, 0x49, 0x21, 0x28, 0x08, 0x45, 0x08, 0x65, 0x00, 0x44, 0x08, 0x44, 0x08, 0x44,
    0x08, 0x44, 0x08, 0x44, 0x08, 0x44, 0x08, 0x64, 0x08, 0x64, 0x08, 0x64, 0x08, 0x64, 0x08, 0x64,
    0x08, 0x64, 0x08, 0x64, 0x08, 0x64, 0x08, 0x64, 0x08, 0x64, 0x08, 0x64, 0x08, 0x64, 0x08, 0x64,
    0x08, 0x64, 0x08, 0x64, 0x08, 0x64, 0x08, 0x64, 0x08, 0x64, 0x08, 0x64, 0x08, 0x64, 0x08, 0x64,
    0x08, 0x64, 0x08, 0x64, 0x08, 0x64, 0x08, 0x64, 0x08, 0x64, 0x08, 0x64, 0x08, 0x64, 0x08, 0x64,
    0x08, 0x64, 0x08, 0x64, 0x08, 0x64, 0x08, 0x64, 0x08, 0x64, 0x08, 0x64, 0x08, 0x64, 0x08, 0x64,
    0x08, 0x64, 0x08, 0x64, 0x08, 0x64, 0x08, 0x64, 0x08, 0x64, 0x08, 0x64, 0x08, 0x64, 0x08, 0x64,
    0x08, 0x64, 0x08, 0x64, 0x08, 0x64, 0x08, 0x64, 0x08, 0x64, 0x08, 0x64, 0x00, 0x23, 0x18, 0xe6,
    0x08, 0x64, 0x08, 0x64, 0x08, 0x64, 0x08, 0x64, 0x08, 0x64, 0x08, 0x64, 0x08, 0x64, 0x08, 0x64,
    0x08, 0x64, 0x08, 0x64, 0x08, 0x64, 0x08, 0x64, 0x08, 0x64, 0x08, 0x64, 0x08, 0x64, 0x08, 0x64,
    0x08, 0x64, 0x08, 0x64, 0x08, 0x64, 0x08, 0x64, 0x08, 0x64, 0x08, 0x64, 0x08, 0x64, 0x08, 0x64,
    0x08, 0x64, 0x08, 0x64, 0x08, 0x64, 0x08, 0x64, 0x08, 0x64, 0x08, 0x64, 0x08, 0x64, 0x08, 0x64,
    0x08, 0x64, 0x08, 0x64, 0x08, 0x64, 0x08, 0x64, 0x08, 0x64, 0x08, 0x64, 0x08, 0x64, 0x08, 0x64,
    0x08, 0x64, 0x08, 0x64, 0x08, 0x64, 0x08, 0x64, 0x08, 0x64, 0x08, 0x64, 0x08, 0x64, 0x08, 0x64,
    0x08, 0x64, 0x08, 0x64, 0x08, 0x64, 0x08, 0x64, 0x08, 0x64, 0x08, 0x64, 0x08, 0x64, 0x08, 0x64,
    0x08, 0x64, 0x08, 0x64, 0x08, 0x64, 0x08, 0x64, 0x08, 0x64, 0x08, 0x64, 0x08, 0x64, 0x08, 0x64,
    0x08, 0x64, 0x08, 0x64, 0x08, 0x64, 0x08, 0x64, 0x08, 0x64, 0x08, 0x64, 0x08, 0x64, 0x08, 0x64,
    0x08, 0x64, 0x08, 0x64, 0x08, 0x64, 0x08, 0x64, 0x08, 0x64, 0x08, 0x64, 0x08, 0x65, 0x08, 0x65,
    0x08, 0x65, 0x08, 0x65, 0x08, 0x65, 0x08, 0x65, 0x08, 0x65, 0x08, 0x65, 0x08, 0x65, 0x08, 0x65,
    0x08, 0x65, 0x08, 0x65, 0x08, 0x65, 0x08, 0x65, 0x08, 0x65, 0x08, 0x65, 0x08, 0x65, 0x08, 0x65,
    0x08, 0x65, 0x08, 0x65, 0x08, 0x65, 0x08, 0x65, 0x08, 0x65, 0x08, 0x65, 0x08, 0x65, 0x08, 0x65,
    0x08, 0x65, 0x08, 0x65, 0x08, 0x65, 0x08, 0x65, 0x08, 0x65, 0x08, 0x65, 0x08, 0x65, 0x08, 0x65,
    0x08, 0x65, 0x08, 0x65, 0x08, 0x65, 0x08, 0x65, 0x08, 0x65, 0x08, 0x65, 0x08, 0x65, 0x08, 0x65,
    0x08, 0x65, 0x08, 0x65, 0x08, 0x65, 0x08, 0x65, 0x08, 0x65, 0x08, 0x65, 0x08, 0x65, 0x08, 0x65,
    0x08, 0x65, 0x08, 0x65, 0x08, 0x65, 0x08, 0x65, 0x08, 0x65, 0x08, 0x65, 0x08, 0x65, 0x08, 0x65,
    0x08, 0x65, 0x08, 0x65, 0x08, 0x65, 0x08, 0x65, 0x08, 0x65, 0x08, 0x65, 0x08, 0x65, 0x08, 0x65,
    0x08, 0x65, 0x08, 0x65, 0x08, 0x65, 0x08, 0x65, 0x08, 0x65, 0x08, 0x65, 0x08, 0x65, 0x08, 0x65,
    0x08, 0x65, 0x08, 0x65, 0x08, 0x65, 0x08, 0x65, 0x08, 0x65, 0x08, 0x65, 0x08, 0x65, 0x08, 0x65,
    0x08, 0x65, 0x08, 0x65, 0x08, 0x65, 0x08, 0x65, 0x08, 0x65, 0x08, 0x65, 0x08, 0x65, 0x08, 0x65,
    0x08, 0x65, 0x08, 0x65, 0x08, 0x65, 0x08, 0x65, 0x08, 0x85, 0x08, 0x85, 0x00, 0xa5, 0x00, 0xc6,
    0x00, 0xc6, 0x00, 0xa6, 0x08, 0xc7, 0x08, 0xa7, 0x19, 0x4a, 0x5b, 0xb4, 0x09, 0x8b, 0x01, 0x6a,
    0x3c, 0x34, 0x76, 0x9d, 0x6e, 0xdd, 0x67, 0x1e, 0x5f, 0x5f, 0x67, 0x3f, 0x7e, 0xff, 0x1b, 0x11,
    0x01, 0x6b, 0x1a, 0x8f, 0x53, 0xb4, 0x00, 0xc8, 0x11, 0x4a, 0x08, 0xe8, 0x00, 0xa7, 0x00, 0x87,
    0x00, 0x87, 0x00, 0x66, 0x00, 0x66, 0x00, 0x46, 0x00, 0x46, 0x00, 0x26, 0x08, 0x46, 0x08, 0x46,
    0x08, 0x46, 0x08, 0x46, 0x08, 0x46, 0x08, 0x46, 0x08, 0x46, 0x08, 0x46, 0x08, 0x46, 0x08, 0x46,
    0x08, 0x46, 0x08, 0x46, 0x08, 0x46, 0x08, 0x46, 0x08, 0x46, 0x08, 0x46, 0x08, 0x46, 0x08, 0x46,
    0x08, 0x46, 0x08, 0x46, 0x08, 0x46, 0x08, 0x46, 0x08, 0x46, 0x08, 0x46, 0x08, 0x46, 0x08, 0x46,
    0x08, 0x46, 0x08, 0x46, 0x08, 0x46, 0x08, 0x46, 0x08, 0x46, 0x08, 0x46, 0x08, 0x46, 0x08, 0x46,
    0x08, 0x46, 0x08, 0x46, 0x08, 0x46, 0x08, 0x46, 0x08, 0x46, 0x08, 0x46, 0x08, 0x46, 0x08, 0x46,
    0x08, 0x46, 0x08, 0x46, 0x08, 0x46, 0x08, 0x46, 0x08, 0x46, 0x08, 0x46, 0x08, 0x45, 0x18, 0xc7,
    0x10, 0x86, 0x08, 0x65, 0x29, 0x69, 0x18, 0xc7, 0x00, 0x24, 0x10, 0x86, 0x08, 0x65, 0x08, 0x65,
    0x08, 0x64, 0x08, 0x44, 0x08, 0x44, 0x08, 0x64, 0x08, 0x64, 0x08, 0x64, 0x08, 0x64, 0x08, 0x64,
    0x08, 0x64, 0x08, 0x64, 0x08, 0x64, 0x08, 0x64, 0x08, 0x64, 0x08, 0x64, 0x08, 0x64, 0x08, 0x64,
    0x08, 0x64, 0x08, 0x64, 0x08, 0x64, 0x08, 0x64, 0x08, 0x64, 0x08, 0x64, 0x08, 0x64, 0x08, 0x64,
    0x08, 0x64, 0x08, 0x64, 0x08, 0x64, 0x08, 0x64, 0x08, 0x64, 0x08, 0x64, 0x08, 0x64, 0x08, 0x64,
    0x08, 0x64, 0x08, 0x64, 0x08, 0x64, 0x08, 0x64, 0x08, 0x64, 0x08, 0x64, 0x08, 0x64, 0x08, 0x64,
    0x08, 0x64, 0x08, 0x64, 0x08, 0x64, 0x08, 0x64, 0x08, 0x64, 0x08, 0x64, 0x08, 0x64, 0x08, 0x64,
    0x08, 0x64, 0x08, 0x64, 0x08, 0x64, 0x08, 0x64, 0x08, 0x64, 0x08, 0x64, 0x00, 0x23, 0x18, 0xe6,
    0x08, 0x64, 0x08, 0x64, 0x08, 0x64, 0x08, 0x64, 0x08, 0x64, 0x08, 0x64, 0x08, 0x64, 0x08, 0x64,
    0x08, 0x64, 0x08, 0x64, 0x08, 0x64, 0x08, 0x64, 0x08, 0x64, 0x08, 0x64, 0x08, 0x64, 0x08, 0x64,
    0x08, 0x64, 0x08, 0x64, 0x08, 0x64, 0x08, 0x64, 0x08, 0x64, 0x08, 0x64, 0x08, 0x64, 0x08, 0x64,
    0x08, 0x64, 0x08, 0x64, 0x08, 0x64, 0x08, 0x64, 0x08, 0x64, 0x08, 0x64, 0x08, 0x64, 0x08, 0x64,
    0x08, 0x64, 0x08, 0x64, 0x08, 0x64, 0x08, 0x64, 0x08, 0x64, 0x08, 0x64, 0x08, 0x64, 0x08, 0x64,
    0x08, 0x64, 0x08, 0x64, 0x08, 0x64, 0x08, 0x64, 0x08, 0x64, 0x08, 0x64, 0x08, 0x64, 0x08, 0x64,
    0x08, 0x64, 0x08, 0x64, 0x08, 0x64, 0x08, 0x64, 0x08, 0x64, 0x08, 0x64, 0x08, 0x64, 0x08, 0x64,
    0x08, 0x64, 0x08, 0x64, 0x08, 0x64, 0x08, 0x64, 0x08, 0x64, 0x08, 0x64, 0x08, 0x64, 0x08, 0x64,
    0x08, 0x64, 0x08, 0x64, 0x08, 0x64, 0x08, 0x64, 0x08, 0x64, 0x08, 0x64, 0x08, 0x64, 0x08, 0x64,
    0x08, 0x64, 0x08, 0x64, 0x08, 0x64, 0x08, 0x64, 0x08, 0x64, 0x08, 0x64, 0x08, 0x65, 0x08, 0x65,
    0x08, 0x65, 0x08, 0x65, 0x08, 0x65, 0x08, 0x65, 0x08, 0x65, 0x08, 0x65, 0x08, 0x65, 0x08, 0x65,
    0x08, 0x65, 0x08, 0x65, 0x08, 0x65, 0x08, 0x65, 0x08, 0x65, 0x08, 0x65, 0x08, 0x65, 0x08, 0x65,
    0x08, 0x65, 0x08, 0x65, 0x08, 0x65, 0x08, 0x65, 0x08, 0x65, 0x08, 0x65, 0x08, 0x65, 0x08, 0x65,
    0x08, 0x65, 0x08, 0x65, 0x08, 0x65, 0x08, 0x65, 0x08, 0x65, 0x08, 0x65, 0x08, 0x65, 0x08, 0x65,
    0x08, 0x65, 0x08, 0x65, 0x08, 0x65, 0x08, 0x65, 0x08, 0x65, 0x08, 0x65, 0x08, 0x65, 0x08, 0x65,
    0x08, 0x65, 0x08, 0x65, 0x08, 0x65, 0x08, 0x65, 0x08, 0x65, 0x08, 0x65, 0x08, 0x65, 0x08, 0x65,
    0x08, 0x65, 0x08, 0x65, 0x08, 0x65, 0x08, 0x65, 0x08, 0x65, 0x08, 0x65, 0x08, 0x65, 0x08, 0x65,
    0x08, 0x65, 0x08, 0x65, 0x08, 0x65, 0x08, 0x65, 0x08, 0x65, 0x08, 0x65, 0x08, 0x65, 0x08, 0x65,
    0x08, 0x65, 0x08, 0x65, 0x08, 0x65, 0x08, 0x65, 0x08, 0x65, 0x08, 0x65, 0x08, 0x65, 0x08, 0x65,
    0x08, 0x65, 0x08, 0x65, 0x08, 0x65, 0x08, 0x65, 0x08, 0x65, 0x08, 0x65, 0x08, 0x65, 0x08, 0x65,
    0x08, 0x65, 0x08, 0x65, 0x08, 0x65, 0x08, 0x65, 0x08, 0x65, 0x08, 0x65, 0x08, 0x65, 0x08, 0x65,
    0x08, 0x65, 0x08, 0x65, 0x08, 0x65, 0x08, 0x85, 0x08, 0x85, 0x08, 0x85, 0x00, 0x85, 0x00, 0x85,
    0x00, 0x85, 0x08, 0xc7, 0x11, 0x08, 0x00, 0xa7, 0x11, 0x4a, 0x4b, 0x52, 0x2a, 0xaf, 0x01, 0xab,
    0x23, 0x10, 0x65, 0xba, 0x7e, 0xbe, 0x76, 0xfe, 0x66, 0xdd, 0x6e, 0xbd, 0x5d, 0x59, 0x01, 0xcb,
    0x01, 0xcc, 0x5c, 0x35, 0x43, 0x31, 0x00, 0x87, 0x09, 0x29, 0x00, 0x86, 0x08, 0xc8, 0x08, 0xc7,
    0x08, 0xa7, 0x08, 0xa7, 0x08, 0x87, 0x08, 0x87, 0x08, 0x87, 0x10, 0x66, 0x08, 0x46, 0x08, 0x66,
    0x08, 0x66, 0x08, 0x66, 0x08, 0x66, 0x08, 0x66, 0x08, 0x66, 0x08, 0x66, 0x08, 0x66, 0x08, 0x66,
    0x08, 0x66, 0x08, 0x66, 0x08, 0x66, 0x08, 0x66, 0x08, 0x66, 0x08, 0x46, 0x08, 0x46, 0x08, 0x46,
    0x08, 0x46, 0x08, 0x46, 0x08, 0x46, 0x08, 0x46, 0x08, 0x46, 0x08, 0x46, 0x08, 0x46, 0x08, 0x46,
    0x08, 0x46, 0x08, 0x46, 0x08, 0x46, 0x08, 0x46, 0x08, 0x46, 0x08, 0x46, 0x08, 0x46, 0x08, 0x46,
    0x08, 0x46, 0x08, 0x46, 0x08, 0x46, 0x08, 0x46, 0x08, 0x46, 0x08, 0x46, 0x08, 0x46, 0x08, 0x46,
    0x08, 0x46, 0x08, 0x46, 0x08, 0x46, 0x08, 0x46, 0x08, 0x46, 0x08, 0x46, 0x00, 0x04, 0x10, 0x86,
    0x00, 0x04, 0x00, 0x04, 0x21, 0x08, 0x29, 0x69, 0x08, 0x65, 0x08, 0x65, 0x08, 0x65, 0x08, 0x65,
    0x08, 0x64, 0x08, 0x64, 0x08, 0x64, 0x08, 0x64, 0x08, 0x64, 0x08, 0x64, 0x08, 0x64, 0x08, 0x64,
    0x08, 0x64, 0x08, 0x64, 0x08, 0x64, 0x08, 0x64, 0x08, 0x64, 0x08, 0x64, 0x08, 0x64, 0x08, 0x64,
    0x08, 0x64, 0x08, 0x64, 0x08, 0x64, 0x08, 0x64, 0x08, 0x64, 0x08, 0x64, 0x08, 0x64, 0x08, 0x64,
    0x08, 0x64, 0x08, 0x64, 0x08, 0x64, 0x08, 0x64, 0x08, 0x64, 0x08, 0x64, 0x08, 0x64, 0x08, 0x64,
    0x08, 0x64, 0x08, 0x64, 0x08, 0x64, 0x08, 0x64, 0x08, 0x64, 0x08, 0x64, 0x08, 0x64, 0x08, 0x64,
    0x08, 0x64, 0x08, 0x64, 0x08, 0x64, 0x08, 0x64, 0x08, 0x64, 0x08, 0x64, 0x08, 0x64, 0x08, 0x64,
    0x08, 0x64, 0x08, 0x64, 0x08, 0x64, 0x08, 0x64, 0x08, 0x64, 0x08, 0x64, 0x00, 0x23, 0x18, 0xe6,
    0x08, 0x64, 0x08, 0x64, 0x08, 0x64, 0x08, 0x64, 0x08, 0x64, 0x08, 0x64, 0x08, 0x64, 0x08, 0x64,
    0x08, 0x64, 0x08, 0x64, 0x08, 0x64, 0x08, 0x64, 0x08, 0x64, 0x08, 0x64, 0x08, 0x64, 0x08, 0x64,
    0x08, 0x64, 0x08, 0x64, 0x08, 0x64, 0x08, 0x64, 0x08, 0x64, 0x08, 0x64, 0x08, 0x64, 0x08, 0x64,
    0x08, 0x64, 0x08, 0x64, 0x08, 0x64, 0x08, 0x64, 0x08, 0x64, 0x08, 0x64, 0x08, 0x64, 0x08, 0x64,
    0x08, 0x64, 0x08, 0x64, 0x08, 0x64, 0x08, 0x64, 0x08, 0x64, 0x08, 0x64, 0x08, 0x64, 0x08, 0x64,
    0x08, 0x64, 0x08, 0x64, 0x08, 0x64, 0x08, 0x64, 0x08, 0x64, 0x08, 0x64, 0x08, 0x64, 0x08, 0x64,
    0x08, 0x64, 0x08, 0x64, 0x08, 0x64, 0x08, 0x64, 0x08, 0x64, 0x08, 0x64, 0x08, 0x64, 0x08, 0x64,
    0x08, 0x64, 0x08, 0x64, 0x08, 0x64, 0x08, 0x64, 0x08, 0x64, 0x08, 0x64, 0x08, 0x64, 0x08, 0x64,
    0x08, 0x64, 0x08, 0x64, 0x08, 0x64, 0x08, 0x64, 0x08, 0x64, 0x08, 0x64, 0x08, 0x64, 0x08, 0x64,
    0x08, 0x64, 0x08, 0x64, 0x08, 0x64, 0x08, 0x64, 0x08, 0x64, 0x08, 0x64, 0x08, 0x65, 0x08, 0x65,
    0x08, 0x65, 0x08, 0x65, 0x08, 0x65, 0x08, 0x65, 0x08, 0x65, 0x08, 0x65, 0x08, 0x65, 0x08, 0x65,
    0x08, 0x65, 0x08, 0x65, 0x08, 0x65, 0x08, 0x65, 0x08, 0x65, 0x08, 0x65, 0x08, 0x65, 0x08, 0x65,
    0x08, 0x65, 0x08, 0x65, 0x08, 0x65, 0x08, 0x65, 0x08, 0x65, 0x08, 0x65, 0x08, 0x65, 0x08, 0x65,
    0x08, 0x65, 0x08, 0x65, 0x08, 0x65, 0x08, 0x65, 0x08, 0x65, 0x08, 0x65, 0x08, 0x65, 0x08, 0x65,
    0x08, 0x65, 0x08, 0x65, 0x08, 0x65, 0x08, 0x65, 0x08, 0x65, 0x08, 0x65, 0x08, 0x65, 0x08, 0x65,
    0x08, 0x65, 0x08, 0x65, 0x08, 0x65, 0x08, 0x65, 0x08, 0x65, 0x08, 0x65, 0x08, 0x65, 0x08, 0x65,
    0x08, 0x65, 0x08, 0x65, 0x08, 0x65, 0x08, 0x65, 0x08, 0x65, 0x08, 0x65, 0x08, 0x65, 0x08, 0x65,
    0x08, 0x65, 0x08, 0x65, 0x08, 0x65, 0x08, 0x65, 0x08, 0x65, 0x08, 0x65, 0x08, 0x65, 0x08, 0x65,
    0x08, 0x65, 0x08, 0x65, 0x08, 0x65, 0x08, 0x65, 0x08, 0x65, 0x08, 0x65, 0x08, 0x65, 0x08, 0x65,
    0x08, 0x65, 0x08, 0x65, 0x08, 0x65, 0x08, 0x65, 0x08, 0x65, 0x08, 0x65, 0x08, 0x65, 0x08, 0x65,
    0x08, 0x65, 0x08, 0x65, 0x08, 0x65, 0x08, 0x65, 0x08, 0x65, 0x08, 0x65, 0x08, 0x65, 0x08, 0x65,
    0x08, 0x65, 0x08, 0x65, 0x08, 0x65, 0x08, 0x85, 0x08, 0x85, 0x08, 0x85, 0x08, 0x86, 0x08, 0x85,
    0x00, 0x65, 0x08, 0xc7, 0x11, 0x08, 0x00, 0x86, 0x00, 0xe8, 0x22, 0x2d, 0x53, 0xb3, 0x01, 0xab,
    0x01, 0x69, 0x12, 0xaf, 0x65, 0x59, 0x65, 0xba, 0x5d, 0xba, 0x54, 0xf7, 0x0a, 0x6d, 0x01, 0x29,
    0x11, 0xec, 0x53, 0xb3, 0x09, 0x29, 0x09, 0x08, 0x19, 0x6a, 0x08, 0xc7, 0x00, 0xa6, 0x00, 0xa6,
    0x08, 0x86, 0x08, 0x66, 0x08, 0x66, 0x08, 0x46, 0x08, 0x26, 0x08, 0x46, 0x08, 0x66, 0x08, 0x66,
    0x08, 0x66, 0x08, 0x66, 0x08, 0x66, 0x08, 0x66, 0x08, 0x66, 0x08, 0x66, 0x08, 0x66, 0x08, 0x66,
    0x08, 0x66, 0x08, 0x66, 0x08, 0x66, 0x08, 0x66, 0x08, 0x66, 0x08, 0x66, 0x08, 0x66, 0x08, 0x66,
    0x08, 0x66, 0x08, 0x66, 0x08, 0x66, 0x08, 0x66, 0x08, 0x66, 0x08, 0x66, 0x08, 0x66, 0x08, 0x66,
    0x08, 0x66, 0x08, 0x66, 0x08, 0x66, 0x08, 0x66, 0x08, 0x66, 0x08, 0x66, 0x08, 0x66, 0x08, 0x66,
    0x08, 0x66, 0x08, 0x66, 0x08, 0x66, 0x08, 0x66, 0x08, 0x66, 0x08, 0x66, 0x08, 0x66, 0x08, 0x66,
    0x08, 0x66, 0x08, 0x66, 0x08, 0x66, 0x08, 0x66, 0x08, 0x66, 0x08, 0x66, 0x18, 0xc7, 0x10, 0xa7,
    0x08, 0x65, 0x10, 0xa7, 0x08, 0x45, 0x29, 0x49, 0x21, 0x08, 0x00, 0x03, 0x08, 0x65, 0x08, 0x65,
    0x08, 0x65, 0x08, 0x65, 0x08, 0x64, 0x08, 0x64, 0x08, 0x64, 0x08, 0x44, 0x08, 0x64, 0x08, 0x64,
    0x08, 0x64, 0x08, 0x64, 0x08, 0x64, 0x08, 0x64, 0x08, 0x64, 0x08, 0x64, 0x08, 0x64, 0x08, 0x64,
    0x08, 0x64, 0x08, 0x64, 0x08, 0x64, 0x08, 0x64, 0x08, 0x64, 0x08, 0x64, 0x08, 0x64, 0x08, 0x64,
    0x08, 0x64, 0x08, 0x64, 0x08, 0x64, 0x08, 0x64, 0x08, 0x64, 0x08, 0x64, 0x08, 0x64, 0x08, 0x64,
    0x08, 0x64, 0x08, 0x64, 0x08, 0x64, 0x08, 0x64, 0x08, 0x64, 0x08, 0x64, 0x08, 0x64, 0x08, 0x64,
    0x08, 0x64, 0x08, 0x64, 0x08, 0x64, 0x08, 0x64, 0x08, 0x64, 0x08, 0x64, 0x08, 0x64, 0x08, 0x64,
    0x08, 0x64, 0x08, 0x64, 0x08, 0x64, 0x08, 0x64, 0x08, 0x64, 0x08, 0x64, 0x00, 0x23, 0x18, 0xe6,
    0x08, 0x64, 0x08, 0x64, 0x08, 0x64, 0x08, 0x64, 0x08, 0x64, 0x08, 0x64, 0x08, 0x64, 0x08, 0x64,
    0x08, 0x64, 0x08, 0x64, 0x08, 0x64, 0x08, 0x64, 0x08, 0x64, 0x08, 0x64, 0x08, 0x64, 0x08, 0x64,
    0x08, 0x64, 0x08, 0x64, 0x08, 0x64, 0x08, 0x64, 0x08, 0x64, 0x08, 0x64, 0x08, 0x64, 0x08, 0x64,
    0x08, 0x64, 0x08, 0x64, 0x08, 0x64, 0x08, 0x64, 0x08, 0x64, 0x08, 0x64, 0x08, 0x64, 0x08, 0x64,
    0x08, 0x64, 0x08, 0x64, 0x08, 0x64, 0x08, 0x64, 0x08, 0x64, 0x08, 0x64, 0x08, 0x64, 0x08, 0x64,
    0x08, 0x64, 0x08, 0x64, 0x08, 0x64, 0x08, 0x64, 0x08, 0x64, 0x08, 0x64, 0x08, 0x64, 0x08, 0x64,
    0x08, 0x64, 0x08, 0x64, 0x08, 0x64, 0x08, 0x64, 0x08, 0x64, 0x08, 0x64, 0x08, 0x64, 0x08, 0x64,
    0x08, 0x64, 0x08, 0x64, 0x08, 0x64, 0x08, 0x64, 0x08, 0x64, 0x08, 0x64, 0x08, 0x64, 0x08, 0x64,
    0x08, 0x64, 0x08, 0x64, 0x08, 0x64, 0x08, 0x64, 0x08, 0x64, 0x08, 0x64, 0x08, 0x64, 0x08, 0x64,
    0x08, 0x64, 0x08, 0x64, 0x08, 0x64, 0x08, 0x64, 0x08, 0x64, 0x08, 0x64, 0x08, 0x65, 0x08, 0x65,
    0x08, 0x65, 0x08, 0x65, 0x08, 0x65, 0x08, 0x65, 0x08, 0x65, 0x08, 0x65, 0x08, 0x65, 0x08, 0x65,
    0x08, 0x65, 0x08, 0x65, 0x08, 0x65, 0x08, 0x65, 0x08, 0x65, 0x08, 0x65, 0x08, 0x65, 0x08, 0x65,
    0x08, 0x65, 0x08, 0x65, 0x08, 0x65, 0x08, 0x65, 0x08, 0x65, 0x08, 0x65, 0x08, 0x65, 0x08, 0x65,
    0x08, 0x65, 0x08, 0x65, 0x08, 0x65, 0x08, 0x65, 0x08, 0x65, 0x08, 0x65, 0x08, 0x65, 0x08, 0x65,
    0x08, 0x65, 0x08, 0x65, 0x08, 0x65, 0x08, 0x65, 0x08, 0x65, 0x08, 0x65, 0x08, 0x65, 0x08, 0x65,
    0x08, 0x65, 0x08, 0x65, 0x08, 0x65, 0x08, 0x65, 0x08, 0x65, 0x08, 0x65, 0x08, 0x65, 0x08, 0x65,
    0x08, 0x65, 0x08, 0x65, 0x08, 0x65, 0x08, 0x65, 0x08, 0x65, 0x08, 0x65, 0x08, 0x65, 0x08, 0x65,
    0x08, 0x65, 0x08, 0x65, 0x08, 0x65, 0x08, 0x65, 0x08, 0x65, 0x08, 0x65, 0x08, 0x65, 0x08, 0x65,
    0x08, 0x65, 0x08, 0x65, 0x08, 0x65, 0x08, 0x65, 0x08, 0x65, 0x08, 0x65, 0x08, 0x65, 0x08, 0x65,
    0x08, 0x65, 0x08, 0x65, 0x08, 0x65, 0x08, 0x65, 0x08, 0x65, 0x08, 0x65, 0x08, 0x65, 0x08, 0x65,
    0x08, 0x65, 0x08, 0x65, 0x08, 0x65, 0x08, 0x65, 0x08, 0x65, 0x08, 0x65, 0x08, 0x65, 0x08, 0x65,
    0x08, 0x65, 0x08, 0x65, 0x08, 0x65, 0x08, 0x85, 0x08, 0x85, 0x08, 0x85, 0x10, 0x86, 0x10, 0xa6,
    0x08, 0x65, 0x08, 0x86, 0x08, 0xc7, 0x00, 0x86, 0x00, 0xa6, 0x01, 0x08, 0x53, 0xf3, 0x33, 0x31,
    0x01, 0xab, 0x01, 0x08, 0x09, 0xec, 0x0a, 0x0c, 0x01, 0x8a, 0x01, 0x08, 0x01, 0x08, 0x22, 0x8e,
    0x5c, 0x14, 0x4b, 0x71, 0x00, 0xc7, 0x08, 0xc7, 0x08, 0xc7, 0x08, 0xa6, 0x08, 0xc6, 0x08, 0xa6,
    0x08, 0xa6, 0x08, 0x86, 0x10, 0x66, 0x10, 0x46, 0x10, 0x45, 0x10, 0x45, 0x08, 0x45, 0x00, 0x45,
    0x00, 0x45, 0x00, 0x45, 0x00, 0x45, 0x00, 0x45, 0x00, 0x45, 0x00, 0x45, 0x00, 0x45, 0x00, 0x45,
    0x00, 0x45, 0x00, 0x45, 0x00, 0x45, 0x00, 0x45, 0x00, 0x45, 0x00, 0x45, 0x08, 0x65, 0x08, 0x65,
    0x08, 0x65, 0x08, 0x65, 0x08, 0x65, 0x08, 0x65, 0x08, 0x65, 0x08, 0x65, 0x08, 0x45, 0x08, 0x45,
    0x08, 0x45, 0x08, 0x45, 0x08, 0x45, 0x08, 0x45, 0x08, 0x45, 0x08, 0x45, 0x08, 0x65, 0x08, 0x65,
    0x08, 0x65, 0x08, 0x65, 0x08, 0x65, 0x08, 0x65, 0x08, 0x65, 0x08, 0x65, 0x08, 0x45, 0x08, 0x45,
    0x08, 0x45, 0x08, 0x45, 0x08, 0x45, 0x08, 0x45, 0x08, 0x45, 0x08, 0x45, 0x08, 0x66, 0x00, 0x04,
    0x08, 0x45, 0x10, 0x86, 0x00, 0x04, 0x18, 0xe7, 0x31, 0x8a, 0x10, 0x86, 0x08, 0x45, 0x08, 0x44,
    0x08, 0x64, 0x08, 0x65, 0x08, 0x65, 0x08, 0x64, 0x08, 0x64, 0x08, 0x44, 0x08, 0x64, 0x08, 0x64,
    0x08, 0x64, 0x08, 0x64, 0x08, 0x64, 0x08, 0x64, 0x08, 0x64, 0x08, 0x64, 0x08, 0x64, 0x08, 0x64,
    0x08, 0x64, 0x08, 0x64, 0x08, 0x64, 0x08, 0x64, 0x08, 0x64, 0x08, 0x64, 0x08, 0x64, 0x08, 0x64,
    0x08, 0x64, 0x08, 0x64, 0x08, 0x64, 0x08, 0x64, 0x08, 0x64, 0x08, 0x64, 0x08, 0x64, 0x08, 0x64,
    0x08, 0x64, 0x08, 0x64, 0x08, 0x64, 0x08, 0x64, 0x08, 0x64, 0x08, 0x64, 0x08, 0x64, 0x08, 0x64,
    0x08, 0x64, 0x08, 0x64, 0x08, 0x64, 0x08, 0x64, 0x08, 0x64, 0x08, 0x64, 0x08, 0x64, 0x08, 0x64,
    0x08, 0x64, 0x08, 0x64, 0x08, 0x64, 0x08, 0x64, 0x08, 0x64, 0x08, 0x64, 0x00, 0x23, 0x18, 0xe6,
    0x08, 0x64, 0x08, 0x64, 0x08, 0x64, 0x08, 0x64, 0x08, 0x64, 0x08, 0x64, 0x08, 0x64, 0x08, 0x64,
    0x08, 0x64, 0x08, 0x64, 0x08, 0x64, 0x08, 0x64, 0x08, 0x64, 0x08, 0x64, 0x08, 0x64, 0x08, 0x64,
    0x08, 0x64, 0x08, 0x64, 0x08, 0x64, 0x08, 0x64, 0x08, 0x64, 0x08, 0x64, 0x08, 0x64, 0x08, 0x64,
    0x08, 0x64, 0x08, 0x64, 0x08, 0x64, 0x08, 0x64, 0x08, 0x64, 0x08, 0x64, 0x08, 0x64, 0x08, 0x64,
    0x08, 0x64, 0x08, 0x64, 0x08, 0x64, 0x08, 0x64, 0x08, 0x64, 0x08, 0x64, 0x08, 0x64, 0x08, 0x64,
    0x08, 0x64, 0x08, 0x64, 0x08, 0x64, 0x08, 0x64, 0x08, 0x64, 0x08, 0x64, 0x08, 0x64, 0x08, 0x64,
    0x08, 0x64, 0x08, 0x64, 0x08, 0x64, 0x08, 0x64, 0x08, 0x64, 0x08, 0x64, 0x08, 0x64, 0x08, 0x64,
    0x08, 0x64, 0x08, 0x64, 0x08, 0x64, 0x08, 0x64, 0x08, 0x64, 0x08, 0x64, 0x08, 0x64, 0x08, 0x64,
    0x08, 0x64, 0x08, 0x64, 0x08, 0x64, 0x08, 0x64, 0x08, 0x64, 0x08, 0x64, 0x08, 0x64, 0x08, 0x64,
    0x08, 0x64, 0x08, 0x64, 0x08, 0x64, 0x08, 0x64, 0x08, 0x64, 0x08, 0x64, 0x08, 0x65, 0x08, 0x65,
    0x08, 0x65, 0x08, 0x65, 0x08, 0x65, 0x08, 0x65, 0x08, 0x65, 0x08, 0x65, 0x08, 0x65, 0x08, 0x65,
    0x08, 0x65, 0x08, 0x65, 0x08, 0x65, 0x08, 0x65, 0x08, 0x65, 0x08, 0x65, 0x08, 0x65, 0x08, 0x65,
    0x08, 0x65, 0x08, 0x65, 0x08, 0x65, 0x08, 0x65, 0x08, 0x65, 0x08, 0x65, 0x08, 0x65, 0x08, 0x65,
    0x08, 0x65, 0x08, 0x65, 0x08, 0x65, 0x08, 0x65, 0x08, 0x65, 0x08, 0x65, 0x08, 0x65, 0x08, 0x65,
    0x08, 0x65, 0x08, 0x65, 0x08, 0x65, 0x08, 0x65, 0x08, 0x65, 0x08, 0x65, 0x08, 0x65, 0x08, 0x65,
    0x08, 0x65, 0x08, 0x65, 0x08, 0x65, 0x08, 0x65, 0x08, 0x65, 0x08, 0x65, 0x08, 0x65, 0x08, 0x65,
    0x08, 0x65, 0x08, 0x65, 0x08, 0x65, 0x08, 0x65, 0x08, 0x65, 0x08, 0x65, 0x08, 0x65, 0x08, 0x65,
    0x08, 0x65, 0x08, 0x65, 0x08, 0x65, 0x08, 0x65, 0x08, 0x65, 0x08, 0x65, 0x08, 0x65, 0x08, 0x65,
    0x08, 0x65, 0x08, 0x65, 0x08, 0x65, 0x08, 0x65, 0x08, 0x65, 0x08, 0x65, 0x08, 0x65, 0x08, 0x65,
    0x08, 0x65, 0x08, 0x65, 0x08, 0x65, 0x08, 0x65, 0x08, 0x65, 0x08, 0x65, 0x08, 0x65, 0x08, 0x65,
    0x08, 0x65, 0x08, 0x65, 0x08, 0x65, 0x08, 0x65, 0x08, 0x65, 0x08, 0x65, 0x08, 0x65, 0x08, 0x65,
    0x08, 0x65, 0x08, 0x65, 0x08, 0x65, 0x08, 0x85, 0x08, 0x85, 0x08, 0x65, 0x08, 0x44, 0x18, 0xa6,
    0x08, 0x65, 0x08, 0x65, 0x08, 0xc7, 0x09, 0x07, 0x01, 0x08, 0x00, 0xe7, 0x01, 0x28, 0x53, 0xf4,
    0x4b, 0xd3, 0x2a, 0xaf, 0x01, 0x09, 0x01, 0x4a, 0x01, 0x09, 0x11, 0xcc, 0x43, 0x51, 0x4b, 0x92,
    0x43, 0x51, 0x00, 0x86, 0x11, 0x28, 0x11, 0x28, 0x08, 0xa6, 0x10, 0xc6, 0x08, 0xa5, 0x08, 0x85,
    0x08, 0x85, 0x08, 0x65, 0x08, 0x65, 0x10, 0x45, 0x10, 0x45, 0x10, 0x45, 0x08, 0x65, 0x08, 0x65,
    0x08, 0x65, 0x08, 0x65, 0x08, 0x65, 0x08, 0x65, 0x08, 0x65, 0x08, 0x65, 0x08, 0x65, 0x08, 0x65,
    0x08, 0x65, 0x08, 0x65, 0x08, 0x65, 0x08, 0x65, 0x08, 0x65, 0x08, 0x65, 0x08, 0x65, 0x08, 0x65,
    0x08, 0x65, 0x08, 0x65, 0x08, 0x65, 0x08, 0x65, 0x08, 0x65, 0x08, 0x65, 0x08, 0x65, 0x08, 0x65,
    0x08, 0x65, 0x08, 0x65, 0x08, 0x65, 0x08, 0x65, 0x08, 0x65, 0x08, 0x65, 0x08, 0x65, 0x08, 0x65,
    0x08, 0x65, 0x08, 0x65, 0x08, 0x65, 0x08, 0x65, 0x08, 0x65, 0x08, 0x65, 0x08, 0x65, 0x08, 0x65,
    0x08, 0x65, 0x08, 0x65, 0x08, 0x65, 0x08, 0x65, 0x08, 0x65, 0x08, 0x65, 0x08, 0x65, 0x08, 0x45,
    0x10, 0xa6, 0x00, 0x25, 0x08, 0x45, 0x08, 0x66, 0x29, 0x49, 0x21, 0x48, 0x00, 0x24, 0x00, 0x24,
    0x08, 0x44, 0x08, 0x65, 0x08, 0x85, 0x08, 0x65, 0x08, 0x64, 0x08, 0x44, 0x08, 0x64, 0x08, 0x64,
    0x08, 0x64, 0x08, 0x64, 0x08, 0x64, 0x08, 0x64, 0x08, 0x64, 0x08, 0x64, 0x08, 0x64, 0x08, 0x64,
    0x08, 0x64, 0x08, 0x64, 0x08, 0x64, 0x08, 0x64, 0x08, 0x64, 0x08, 0x64, 0x08, 0x64, 0x08, 0x64,
    0x08, 0x64, 0x08, 0x64, 0x08, 0x64, 0x08, 0x64, 0x08, 0x64, 0x08, 0x64, 0x08, 0x64, 0x08, 0x64,
    0x08, 0x64, 0x08, 0x64, 0x08, 0x64, 0x08, 0x64, 0x08, 0x64, 0x08, 0x64, 0x08, 0x64, 0x08, 0x64,
    0x08, 0x64, 0x08, 0x64, 0x08, 0x64, 0x08, 0x64, 0x08, 0x64, 0x08, 0x64, 0x08, 0x64, 0x08, 0x64,
    0x08, 0x64, 0x08, 0x64, 0x08, 0x64, 0x08, 0x64, 0x08, 0x64, 0x08, 0x64, 0x00, 0x23, 0x18, 0xe6,
    0x08, 0x64, 0x08, 0x64, 0x08, 0x64, 0x08, 0x64, 0x08, 0x64, 0x08, 0x64, 0x08, 0x64, 0x08, 0x64,
    0x08, 0x64, 0x08, 0x64, 0x08, 0x64, 0x08, 0x64, 0x08, 0x64, 0x08, 0x64, 0x08, 0x64, 0x08, 0x64,
    0x08, 0x64, 0x08, 0x64, 0x08, 0x64, 0x08, 0x64, 0x08, 0x64, 0x08, 0x64, 0x08, 0x64, 0x08, 0x64,
    0x08, 0x64, 0x08, 0x64, 0x08, 0x64, 0x08, 0x64, 0x08, 0x64, 0x08, 0x64, 0x08, 0x65, 0x08, 0x65,
    0x08, 0x65, 0x08, 0x65, 0x08, 0x65, 0x08, 0x65, 0x08, 0x65, 0x08, 0x65, 0x08, 0x65, 0x08, 0x65,
    0x08, 0x65, 0x08, 0x65, 0x08, 0x65, 0x08, 0x65, 0x08, 0x65, 0x08, 0x65, 0x08, 0x65, 0x08, 0x65,
    0x08, 0x65, 0x08, 0x65, 0x08, 0x65, 0x08, 0x65, 0x08, 0x65, 0x08, 0x65, 0x08, 0x65, 0x08, 0x65,
    0x08, 0x65, 0x08, 0x65, 0x08, 0x65, 0x08, 0x65, 0x08, 0x65, 0x08, 0x65, 0x08, 0x65, 0x08, 0x65,
    0x08, 0x65, 0x08, 0x65, 0x08, 0x65, 0x08, 0x65, 0x08, 0x65, 0x08, 0x65, 0x08, 0x65, 0x08, 0x65,
    0x08, 0x65, 0x08, 0x65, 0x08, 0x65, 0x08, 0x65, 0x08, 0x65, 0x08, 0x65, 0x08, 0x65, 0x08, 0x65,
    0x08, 0x65, 0x08, 0x65, 0x08, 0x65, 0x08, 0x65, 0x08, 0x65, 0x08, 0x65, 0x08, 0x65, 0x08, 0x65,
    0x08, 0x65, 0x08, 0x65, 0x08, 0x65, 0x08, 0x65, 0x08, 0x65, 0x08, 0x65, 0x08, 0x65, 0x08, 0x65,
    0x08, 0x65, 0x08, 0x65, 0x08, 0x65, 0x08, 0x65, 0x08, 0x65, 0x08, 0x65, 0x08, 0x65, 0x08, 0x65,
    0x08, 0x65, 0x08, 0x65, 0x08, 0x65, 0x08, 0x65, 0x08, 0x65, 0x08, 0x65, 0x08, 0x65, 0x08, 0x65,
    0x08, 0x65, 0x08, 0x65, 0x08, 0x65, 0x08, 0x65, 0x08, 0x65, 0x08, 0x65, 0x08, 0x65, 0x08, 0x65,
    0x08, 0x65, 0x08, 0x65, 0x08, 0x65, 0x08, 0x65, 0x08, 0x65, 0x08, 0x65, 0x08, 0x65, 0x08, 0x65,
    0x08, 0x65, 0x08, 0x65, 0x08, 0x65, 0x08, 0x65, 0x08, 0x65, 0x08, 0x65, 0x08, 0x65, 0x08, 0x65,
    0x08, 0x65, 0x08, 0x65, 0x08, 0x65, 0x08, 0x65, 0x08, 0x65, 0x08, 0x65, 0x08, 0x65, 0x08, 0x65,
    0x08, 0x65, 0x08, 0x65, 0x08, 0x65, 0x08, 0x65, 0x08, 0x65, 0x08, 0x65, 0x08, 0x65, 0x08, 0x65,
    0x08, 0x65, 0x08, 0x65, 0x08, 0x65, 0x08, 0x65, 0x08, 0x65, 0x08, 0x65, 0x08, 0x65, 0x08, 0x65,
    0x08, 0x65, 0x08, 0x65, 0x08, 0x65, 0x08, 0x65, 0x08, 0x65, 0x08, 0x65, 0x08, 0x64, 0x08, 0x64,
    0x08, 0x64, 0x08, 0x64, 0x08, 0x65, 0x08, 0x65, 0x08, 0x65, 0x08, 0x85, 0x08, 0x65, 0x08, 0x84,
    0x08, 0x85, 0x08, 0xa6, 0x08, 0xc6, 0x00, 0xc6, 0x00, 0xe7, 0x01, 0x07, 0x00, 0xe7, 0x11, 0xab,
    0x3a, 0xf0, 0x53, 0xf4, 0x53, 0xd4, 0x43, 0x52, 0x43, 0x72, 0x5b, 0xf5, 0x5b, 0xd4, 0x2a, 0x4d,
    0x00, 0xe8, 0x00, 0xc7, 0x11, 0x08, 0x10, 0xe7, 0x08, 0xa6, 0x08, 0xa6, 0x08, 0xa5, 0x08, 0x85,
    0x08, 0x85, 0x08, 0x65, 0x08, 0x65, 0x08, 0x65, 0x08, 0x65, 0x08, 0x65, 0x08, 0x65, 0x08, 0x65,
    0x08, 0x65, 0x08, 0x65, 0x08, 0x65, 0x08, 0x65, 0x08, 0x65, 0x08, 0x65, 0x08, 0x65, 0x08, 0x65,
    0x08, 0x65, 0x08, 0x65, 0x08, 0x65, 0x08, 0x65, 0x08, 0x65, 0x08, 0x65, 0x08, 0x65, 0x08, 0x65,
    0x08, 0x65, 0x08, 0x65, 0x08, 0x65, 0x08, 0x65, 0x08, 0x65, 0x08, 0x65, 0x08, 0x65, 0x08, 0x65,
    0x08, 0x65, 0x08, 0x65, 0x08, 0x65, 0x08, 0x65, 0x08, 0x65, 0x08, 0x65, 0x08, 0x64, 0x08, 0x64,
    0x08, 0x64, 0x08, 0x64, 0x08, 0x64, 0x08, 0x64, 0x08, 0x64, 0x08, 0x64, 0x08, 0x64, 0x08, 0x64,
    0x08, 0x64, 0x08, 0x64, 0x08, 0x64, 0x08, 0x64, 0x08, 0x64, 0x08, 0x64, 0x08, 0x65, 0x08, 0x44,
    0x08, 0x45, 0x10, 0x86, 0x08, 0x65, 0x08, 0x45, 0x10, 0xa7, 0x29, 0x69, 0x18, 0xe7, 0x00, 0x25,
    0x00, 0x44, 0x10, 0x86, 0x08, 0x65, 0x08, 0x44, 0x08, 0x85, 0x08, 0x65, 0x08, 0x64, 0x08, 0x64,
    0x08, 0x64, 0x08, 0x64, 0x08, 0x64, 0x08, 0x64, 0x08, 0x64, 0x08, 0x64, 0x08, 0x64, 0x08, 0x64,
    0x08, 0x64, 0x08, 0x64, 0x08, 0x64, 0x08, 0x64, 0x08, 0x64, 0x08, 0x64, 0x08, 0x64, 0x08, 0x64,
    0x08, 0x64, 0x08, 0x64, 0x08, 0x64, 0x08, 0x64, 0x08, 0x64, 0x08, 0x64, 0x08, 0x64, 0x08, 0x64,
    0x08, 0x64, 0x08, 0x64, 0x08, 0x64, 0x08, 0x64, 0x08, 0x64, 0x08, 0x64, 0x08, 0x64, 0x08, 0x64,
    0x08, 0x64, 0x08, 0x64, 0x08, 0x64, 0x08, 0x64, 0x08, 0x64, 0x08, 0x64, 0x08, 0x64, 0x08, 0x64,
    0x08, 0x64, 0x08, 0x64, 0x08, 0x64, 0x08, 0x64, 0x08, 0x64, 0x08, 0x64, 0x00, 0x43, 0x18, 0xe6,
    0x08, 0x64, 0x08, 0x64, 0x08, 0x64, 0x08, 0x64, 0x08, 0x64, 0x08, 0x64, 0x08, 0x64, 0x08, 0x64,
    0x08, 0x64, 0x08, 0x64, 0x08, 0x64, 0x08, 0x64, 0x08, 0x64, 0x08, 0x64, 0x08, 0x64, 0x08, 0x64,
    0x08, 0x64, 0x08, 0x64, 0x08, 0x64, 0x08, 0x64, 0x08, 0x64, 0x08, 0x64, 0x08, 0x64, 0x08, 0x64,
    0x08, 0x64, 0x08, 0x64, 0x08, 0x64, 0x08, 0x64, 0x08, 0x64, 0x08, 0x64, 0x08, 0x65, 0x08, 0x65,
    0x08, 0x65, 0x08, 0x65, 0x08, 0x65, 0x08, 0x65, 0x08, 0x65, 0x08, 0x65, 0x08, 0x65, 0x08, 0x65,
    0x08, 0x65, 0x08, 0x65, 0x08, 0x65, 0x08, 0x65, 0x08, 0x65, 0x08, 0x65, 0x08, 0x65, 0x08, 0x65,
    0x08, 0x65, 0x08, 0x65, 0x08, 0x65, 0x08, 0x65, 0x08, 0x65, 0x08, 0x65, 0x08, 0x65, 0x08, 0x65,
    0x08, 0x65, 0x08, 0x65, 0x08, 0x65, 0x08, 0x65, 0x08, 0x65, 0x08, 0x65, 0x08, 0x65, 0x08, 0x65,
    0x08, 0x65, 0x08, 0x65, 0x08, 0x65, 0x08, 0x65, 0x08, 0x65, 0x08, 0x65, 0x08, 0x65, 0x08, 0x65,
    0x08, 0x65, 0x08, 0x65, 0x08, 0x65, 0x08, 0x65, 0x08, 0x65, 0x08, 0x65, 0x08, 0x65, 0x08, 0x65,
    0x08, 0x65, 0x08, 0x65, 0x08, 0x65, 0x08, 0x65, 0x08, 0x65, 0x08, 0x65, 0x08, 0x65, 0x08, 0x65,
    0x08, 0x65, 0x08, 0x65, 0x08, 0x65, 0x08, 0x65, 0x08, 0x65, 0x08, 0x65, 0x08, 0x65, 0x08, 0x65,
    0x08, 0x65, 0x08, 0x65, 0x08, 0x65, 0x08, 0x65, 0x08, 0x65, 0x08, 0x65, 0x08, 0x65, 0x08, 0x65,
    0x08, 0x65, 0x08, 0x65, 0x08, 0x65, 0x08, 0x65, 0x08, 0x65, 0x08, 0x65, 0x08, 0x65, 0x08, 0x65,
    0x08, 0x65, 0x08, 0x65, 0x08, 0x65, 0x08, 0x65, 0x08, 0x65, 0x08, 0x65, 0x08, 0x65, 0x08, 0x65,
    0x08, 0x65, 0x08, 0x65, 0x08, 0x65, 0x08, 0x65, 0x08, 0x65, 0x08, 0x65, 0x08, 0x65, 0x08, 0x65,
    0x08, 0x65, 0x08, 0x65, 0x08, 0x65, 0x08, 0x65, 0x08, 0x65, 0x08, 0x65, 0x08, 0x65, 0x08, 0x65,
    0x08, 0x65, 0x08, 0x65, 0x08, 0x65, 0x08, 0x65, 0x08, 0x65, 0x08, 0x65, 0x08, 0x65, 0x08, 0x65,
    0x08, 0x65, 0x08, 0x65, 0x08, 0x65, 0x08, 0x65, 0x08, 0x65, 0x08, 0x65, 0x08, 0x65, 0x08, 0x65,
    0x08, 0x65, 0x08, 0x65, 0x08, 0x65, 0x08, 0x65, 0x08, 0x65, 0x08, 0x65, 0x08, 0x65, 0x08, 0x65,
    0x08, 0x65, 0x08, 0x65, 0x08, 0x65, 0x08, 0x65, 0x08, 0x65, 0x08, 0x65, 0x08, 0x64, 0x08, 0x64,
    0x08, 0x64, 0x08, 0x65, 0x08, 0x65, 0x08, 0x65, 0x08, 0x65, 0x08, 0x85, 0x08, 0x84, 0x08, 0x84,
    0x08, 0xa5, 0x08, 0xa5, 0x08, 0xa6, 0x08, 0xc6, 0x08, 0xc6, 0x08, 0xe7, 0x09, 0x08, 0x00, 0x86,
    0x00, 0x66, 0x09, 0x6a, 0x2a, 0x6e, 0x32, 0xd0, 0x2a, 0xaf, 0x2a, 0x6e, 0x00, 0xc8, 0x00, 0x66,
    0x00, 0x66, 0x00, 0xc7, 0x10, 0xe8, 0x08, 0xc7, 0x08, 0xa6, 0x10, 0xc6, 0x08, 0x85, 0x08, 0x85,
    0x08, 0x85, 0x08, 0x85, 0x08, 0x65, 0x08, 0x64, 0x08, 0x64, 0x08, 0x64, 0x08, 0x65, 0x08, 0x65,
    0x08, 0x65, 0x08, 0x65, 0x08, 0x65, 0x08, 0x65, 0x08, 0x65, 0x08, 0x65, 0x08, 0x65, 0x08, 0x65,
    0x08, 0x65, 0x08, 0x65, 0x08, 0x65, 0x08, 0x65, 0x08, 0x65, 0x08, 0x65, 0x08, 0x65, 0x08, 0x65,
    0x08, 0x65, 0x08, 0x65, 0x08, 0x65, 0x08, 0x65, 0x08, 0x65, 0x08, 0x65, 0x08, 0x65, 0x08, 0x65,
    0x08, 0x65, 0x08, 0x65, 0x08, 0x65, 0x08, 0x65, 0x08, 0x65, 0x08, 0x65, 0x08, 0x64, 0x08, 0x64,
    0x08, 0x64, 0x08, 0x64, 0x08, 0x64, 0x08, 0x64, 0x08, 0x64, 0x08, 0x64, 0x08, 0x64, 0x08, 0x64,
    0x08, 0x64, 0x08, 0x64, 0x08, 0x64, 0x08, 0x64, 0x08, 0x64, 0x08, 0x64, 0x08, 0x65, 0x08, 0x44,
    0x08, 0x65, 0x08, 0x65, 0x08, 0x45, 0x00, 0x25, 0x08, 0x66, 0x18, 0xc7, 0x21, 0x29, 0x10, 0x86,
    0x00, 0x24, 0x10, 0x86, 0x08, 0x65, 0x08, 0x65, 0x08, 0x44, 0x08, 0x64, 0x08, 0x64, 0x08, 0x64,
    0x08, 0x64, 0x08, 0x64, 0x08, 0x64, 0x08, 0x64, 0x08, 0x64, 0x08, 0x64, 0x08, 0x64, 0x08, 0x64,
    0x08, 0x64, 0x08, 0x64, 0x08, 0x64, 0x08, 0x64, 0x08, 0x64, 0x08, 0x64, 0x08, 0x64, 0x08, 0x64,
    0x08, 0x64, 0x08, 0x64, 0x08, 0x64, 0x08, 0x64, 0x08, 0x64, 0x08, 0x64, 0x08, 0x64, 0x08, 0x64,
    0x08, 0x64, 0x08, 0x64, 0x08, 0x64, 0x08, 0x64, 0x08, 0x64, 0x08, 0x64, 0x08, 0x64, 0x08, 0x64,
    0x08, 0x64, 0x08, 0x64, 0x08, 0x64, 0x08, 0x64, 0x08, 0x64, 0x08, 0x64, 0x08, 0x64, 0x08, 0x64,
    0x08, 0x64, 0x08, 0x64, 0x08, 0x64, 0x08, 0x64, 0x08, 0x64, 0x08, 0x64, 0x00, 0x43, 0x18, 0xe6,
    0x08, 0x64, 0x08, 0x64, 0x08, 0x64, 0x08, 0x64, 0x08, 0x64, 0x08, 0x64, 0x08, 0x64, 0x08, 0x64,
    0x08, 0x64, 0x08, 0x64, 0x08, 0x64, 0x08, 0x64, 0x08, 0x64, 0x08, 0x64, 0x08, 0x64, 0x08, 0x64,
    0x08, 0x64, 0x08, 0x64, 0x08, 0x64, 0x08, 0x64, 0x08, 0x64, 0x08, 0x64, 0x08, 0x64, 0x08, 0x64,
    0x08, 0x64, 0x08, 0x64, 0x08, 0x64, 0x08, 0x64, 0x08, 0x64, 0x08, 0x64, 0x08, 0x65, 0x08, 0x65,
    0x08, 0x65, 0x08, 0x65, 0x08, 0x65, 0x08, 0x65, 0x08, 0x65, 0x08, 0x65, 0x08, 0x65, 0x08, 0x65,
    0x08, 0x65, 0x08, 0x65, 0x08, 0x65, 0x08, 0x65, 0x08, 0x65, 0x08, 0x65, 0x08, 0x65, 0x08, 0x65,
    0x08, 0x65, 0x08, 0x65, 0x08, 0x65, 0x08, 0x65, 0x08, 0x65, 0x08, 0x65, 0x08, 0x65, 0x08, 0x65,
    0x08, 0x65, 0x08, 0x65, 0x08, 0x65, 0x08, 0x65, 0x08, 0x65, 0x08, 0x65, 0x08, 0x65, 0x08, 0x65,
    0x08, 0x65, 0x08, 0x65, 0x08, 0x65, 0x08, 0x65, 0x08, 0x65, 0x08, 0x65, 0x08, 0x65, 0x08, 0x65,
    0x08, 0x65, 0x08, 0x65, 0x08, 0x65, 0x08, 0x65, 0x08, 0x65, 0x08, 0x65, 0x08, 0x65, 0x08, 0x65,
    0x08, 0x65, 0x08, 0x65, 0x08, 0x65, 0x08, 0x65, 0x08, 0x65, 0x08, 0x65, 0x08, 0x65, 0x08, 0x65,
    0x08, 0x65, 0x08, 0x65, 0x08, 0x65, 0x08, 0x65, 0x08, 0x65, 0x08, 0x65, 0x08, 0x65, 0x08, 0x65,
    0x08, 0x65, 0x08, 0x65, 0x08, 0x65, 0x08, 0x65, 0x08, 0x65, 0x08, 0x65, 0x08, 0x65, 0x08, 0x65,
    0x08, 0x65, 0x08, 0x65, 0x08, 0x65, 0x08, 0x65, 0x08, 0x65, 0x08, 0x65, 0x08, 0x65, 0x08, 0x65,
    0x08, 0x65, 0x08, 0x65, 0x08, 0x65, 0x08, 0x65, 0x08, 0x65, 0x08, 0x65, 0x08, 0x65, 0x08, 0x65,
    0x08, 0x65, 0x08, 0x65, 0x08, 0x65, 0x08, 0x65, 0x08, 0x65, 0x08, 0x65, 0x08, 0x65, 0x08, 0x65,
    0x08, 0x65, 0x08, 0x65, 0x08, 0x65, 0x08, 0x65, 0x08, 0x65, 0x08, 0x65, 0x08, 0x65, 0x08, 0x65,
    0x08, 0x65, 0x08, 0x65, 0x08, 0x65, 0x08, 0x65, 0x08, 0x65, 0x08, 0x65, 0x08, 0x65, 0x08, 0x65,
    0x08, 0x65, 0x08, 0x65, 0x08, 0x65, 0x08, 0x65, 0x08, 0x65, 0x08, 0x65, 0x08, 0x65, 0x08, 0x65,
    0x08, 0x65, 0x08, 0x65, 0x08, 0x65, 0x08, 0x65, 0x08, 0x65, 0x08, 0x65, 0x08, 0x65, 0x08, 0x65,
    0x08, 0x65, 0x08, 0x65, 0x08, 0x65, 0x08, 0x65, 0x08, 0x65, 0x08, 0x65, 0x08, 0x65, 0x08, 0x65,
    0x08, 0x64, 0x08, 0x65, 0x08, 0x65, 0x08, 0x65, 0x08, 0x65, 0x08, 0x85, 0x08, 0x84, 0x08, 0x85,
    0x08, 0x85, 0x08, 0xa5, 0x08, 0x85, 0x08, 0xa6, 0x08, 0xc6, 0x08, 0xc7, 0x11, 0x28, 0x11, 0x28,
    0x09, 0x29, 0x01, 0x08, 0x00, 0xc7, 0x00, 0x87, 0x00, 0x87, 0x00, 0xa7, 0x00, 0xe8, 0x08, 0xe7,
    0x09, 0x08, 0x11, 0x08, 0x08, 0xe7, 0x08, 0xa6, 0x08, 0x85, 0x08, 0xa5, 0x08, 0x85, 0x08, 0x85,
    0x08, 0x84, 0x08, 0x84, 0x08, 0x64, 0x08, 0x64, 0x08, 0x64, 0x08, 0x64, 0x08, 0x64, 0x08, 0x64,
    0x08, 0x64, 0x08, 0x64, 0x08, 0x64, 0x08, 0x64, 0x08, 0x64, 0x08, 0x64, 0x08, 0x64, 0x08, 0x64,
    0x08, 0x64, 0x08, 0x64, 0x08, 0x64, 0x08, 0x64, 0x08, 0x64, 0x08, 0x64, 0x08, 0x65, 0x08, 0x65,
    0x08, 0x65, 0x08, 0x65, 0x08, 0x65, 0x08, 0x65, 0x08, 0x65, 0x08, 0x65, 0x08, 0x65, 0x08, 0x65,
    0x08, 0x65, 0x08, 0x65, 0x08, 0x65, 0x08, 0x65, 0x08, 0x65, 0x08, 0x65, 0x08, 0x65, 0x08, 0x65,
    0x08, 0x65, 0x08, 0x65, 0x08, 0x65, 0x08, 0x65, 0x08, 0x65, 0x08, 0x65, 0x08, 0x64, 0x08, 0x64,
    0x08, 0x64, 0x08, 0x64, 0x08, 0x64, 0x08, 0x64, 0x08, 0x64, 0x08, 0x64, 0x08, 0x44, 0x08, 0x65,
    0x08, 0x65, 0x08, 0x65, 0x08, 0x45, 0x00, 0x25, 0x08, 0x45, 0x08, 0x45, 0x21, 0x29, 0x18, 0xe7,
    0x00, 0x25, 0x08, 0x65, 0x08, 0x65, 0x10, 0x85, 0x00, 0x23, 0x08, 0x44, 0x08, 0x64, 0x08, 0x64,
    0x08, 0x64, 0x08, 0x64, 0x08, 0x64, 0x08, 0x64, 0x08, 0x64, 0x08, 0x64, 0x08, 0x64, 0x08, 0x64,
    0x08, 0x64, 0x08, 0x64, 0x08, 0x64, 0x08, 0x64, 0x08, 0x64, 0x08, 0x64, 0x08, 0x64, 0x08, 0x64,
    0x08, 0x64, 0x08, 0x64, 0x08, 0x64, 0x08, 0x64, 0x08, 0x64, 0x08, 0x64, 0x08, 0x64, 0x08, 0x64,
    0x08, 0x64, 0x08, 0x64, 0x08, 0x64, 0x08, 0x64, 0x08, 0x64, 0x08, 0x64, 0x08, 0x64, 0x08, 0x64,
    0x08, 0x64, 0x08, 0x64, 0x08, 0x64, 0x08, 0x64, 0x08, 0x64, 0x08, 0x64, 0x08, 0x64, 0x08, 0x64,
    0x08, 0x64, 0x08, 0x64, 0x08, 0x64, 0x08, 0x64, 0x08, 0x64, 0x08, 0x64, 0x00, 0x43, 0x18, 0xe6,
    0x08, 0x64, 0x08, 0x64, 0x08, 0x64, 0x08, 0x64, 0x08, 0x64, 0x08, 0x64, 0x08, 0x64, 0x08, 0x64,
    0x08, 0x64, 0x08, 0x64, 0x08, 0x64, 0x08, 0x64, 0x08, 0x64, 0x08, 0x64, 0x08, 0x64, 0x08, 0x64,
    0x08, 0x64, 0x08, 0x64, 0x08, 0x64, 0x08, 0x64, 0x08, 0x64, 0x08, 0x64, 0x08, 0x64, 0x08, 0x64,
    0x08, 0x64, 0x08, 0x64, 0x08, 0x64, 0x08, 0x64, 0x08, 0x64, 0x08, 0x64, 0x08, 0x65, 0x08, 0x65,
    0x08, 0x65, 0x08, 0x65, 0x08, 0x65, 0x08, 0x65, 0x08, 0x65, 0x08, 0x65, 0x08, 0x65, 0x08, 0x65,
    0x08, 0x65, 0x08, 0x65, 0x08, 0x65, 0x08, 0x65, 0x08, 0x65, 0x08, 0x65, 0x08, 0x65, 0x08, 0x65,
    0x08, 0x65, 0x08, 0x65, 0x08, 0x65, 0x08, 0x65, 0x08, 0x65, 0x08, 0x65, 0x08, 0x65, 0x08, 0x65,
    0x08, 0x65, 0x08, 0x65, 0x08, 0x65, 0x08, 0x65, 0x08, 0x65, 0x08, 0x65, 0x08, 0x65, 0x08, 0x65,
    0x08, 0x65, 0x08, 0x65, 0x08, 0x65, 0x08, 0x65, 0x08, 0x65, 0x08, 0x65, 0x08, 0x65, 0x08, 0x65,
    0x08, 0x65, 0x08, 0x65, 0x08, 0x65, 0x08, 0x65, 0x08, 0x65, 0x08, 0x65, 0x08, 0x65, 0x08, 0x65,
    0x08, 0x65, 0x08, 0x65, 0x08, 0x65, 0x08, 0x65, 0x08, 0x65, 0x08, 0x65, 0x08, 0x65, 0x08, 0x65,
    0x08, 0x65, 0x08, 0x65, 0x08, 0x65, 0x08, 0x65, 0x08, 0x65, 0x08, 0x65, 0x08, 0x65, 0x08, 0x65,
    0x08, 0x65, 0x08, 0x65, 0x08, 0x65, 0x08, 0x65, 0x08, 0x65, 0x08, 0x65, 0x08, 0x65, 0x08, 0x65,
    0x08, 0x65, 0x08, 0x65, 0x08, 0x65, 0x08, 0x65, 0x08, 0x65, 0x08, 0x65, 0x08, 0x65, 0x08, 0x65,
    0x08, 0x65, 0x08, 0x65, 0x08, 0x65, 0x08, 0x65, 0x08, 0x65, 0x08, 0x65, 0x08, 0x65, 0x08, 0x65,
    0x08, 0x65, 0x08, 0x65, 0x08, 0x65, 0x08, 0x65, 0x08, 0x65, 0x08, 0x65, 0x08, 0x65, 0x08, 0x65,
    0x08, 0x65, 0x08, 0x65, 0x08, 0x65, 0x08, 0x65, 0x08, 0x65, 0x08, 0x65, 0x08, 0x65, 0x08, 0x65,
    0x08, 0x65, 0x08, 0x65, 0x08, 0x65, 0x08, 0x65, 0x08, 0x65, 0x08, 0x65, 0x08, 0x65, 0x08, 0x65,
    0x08, 0x65, 0x08, 0x65, 0x08, 0x65, 0x08, 0x65, 0x08, 0x65, 0x08, 0x65, 0x08, 0x65, 0x08, 0x65,
    0x08, 0x65, 0x08, 0x65, 0x08, 0x65, 0x08, 0x65, 0x08, 0x65, 0x08, 0x65, 0x08, 0x65, 0x08, 0x65,
    0x08, 0x65, 0x08, 0x65, 0x08, 0x65, 0x08, 0x65, 0x08, 0x65, 0x08, 0x65, 0x08, 0x65, 0x08, 0x65,
    0x08, 0x65, 0x08, 0x65, 0x08, 0x65, 0x08, 0x65, 0x08, 0x65, 0x08, 0x65, 0x08, 0x85, 0x08, 0x85,
    0x08, 0x85, 0x08, 0x85, 0x08, 0x85, 0x08, 0x85, 0x08, 0xa6, 0x08, 0xa6, 0x00, 0x45, 0x00, 0x86,
    0x08, 0xe8, 0x09, 0x08, 0x00, 0xe8, 0x08, 0xe8, 0x09, 0x09, 0x09, 0x29, 0x11, 0x28, 0x11, 0x08,
    0x08, 0xe7, 0x08, 0xc6, 0x08, 0xa6, 0x08, 0xa6, 0x08, 0xa5, 0x08, 0x85, 0x08, 0x85, 0x08, 0x85,
    0x08, 0x84, 0x08, 0x84, 0x08, 0x64, 0x08, 0x64, 0x08, 0x64, 0x08, 0x64, 0x08, 0x64, 0x08, 0x64,
    0x08, 0x64, 0x08, 0x64, 0x08, 0x64, 0x08, 0x64, 0x08, 0x64, 0x08, 0x64, 0x08, 0x64, 0x08, 0x64,
    0x08, 0x64, 0x08, 0x64, 0x08, 0x64, 0x08, 0x64, 0x08, 0x64, 0x08, 0x64, 0x08, 0x64, 0x08, 0x64,
    0x08, 0x64, 0x08, 0x64, 0x08, 0x64, 0x08, 0x64, 0x08, 0x64, 0x08, 0x64, 0x08, 0x64, 0x08, 0x64,
    0x08, 0x64, 0x08, 0x64, 0x08, 0x64, 0x08, 0x64, 0x08, 0x64, 0x08, 0x64, 0x08, 0x65, 0x08, 0x65,
    0x08, 0x65, 0x08, 0x65, 0x08, 0x65, 0x08, 0x65, 0x08, 0x65, 0x08, 0x64, 0x08, 0x65, 0x08, 0x64,
    0x08, 0x64, 0x08, 0x64, 0x08, 0x64, 0x08, 0x64, 0x08, 0x64, 0x08, 0x64, 0x00, 0x44, 0x08, 0x65,
    0x08, 0x65, 0x08, 0x45, 0x08, 0x45, 0x08, 0x65, 0x08, 0x66, 0x08, 0x45, 0x18, 0xc7, 0x21, 0x08,
    0x10, 0xa6, 0x00, 0x24, 0x08, 0x65, 0x08, 0x65, 0x08, 0x44, 0x08, 0x64, 0x08, 0x64, 0x08, 0x64,
    0x08, 0x64, 0x08, 0x64, 0x08, 0x64, 0x08, 0x64, 0x08, 0x64, 0x08, 0x64, 0x08, 0x64, 0x08, 0x64,
    0x08, 0x64, 0x08, 0x64, 0x08, 0x64, 0x08, 0x64, 0x08, 0x64, 0x08, 0x64, 0x08, 0x64, 0x08, 0x64,
    0x08, 0x64, 0x08, 0x64, 0x08, 0x64, 0x08, 0x64, 0x08, 0x64, 0x08, 0x64, 0x08, 0x64, 0x08, 0x64,
    0x08, 0x64, 0x08, 0x64, 0x08, 0x64, 0x08, 0x64, 0x08, 0x64, 0x08, 0x64, 0x08, 0x64, 0x08, 0x64,
    0x08, 0x64, 0x08, 0x64, 0x08, 0x64, 0x08, 0x64, 0x08, 0x64, 0x08, 0x64, 0x08, 0x64, 0x08, 0x64,
    0x08, 0x64, 0x08, 0x64, 0x08, 0x64, 0x08, 0x64, 0x08, 0x64, 0x08, 0x64, 0x00, 0x43, 0x18, 0xe6,
    0x08, 0x64, 0x08, 0x64, 0x08, 0x64, 0x08, 0x64, 0x08, 0x64, 0x08, 0x64, 0x08, 0x64, 0x08, 0x64,
    0x08, 0x64, 0x08, 0x64, 0x08, 0x64, 0x08, 0x64, 0x08, 0x64, 0x08, 0x64, 0x08, 0x64, 0x08, 0x64,
    0x08, 0x64, 0x08, 0x64, 0x08, 0x64, 0x08, 0x64, 0x08, 0x64, 0x08, 0x64, 0x08, 0x64, 0x08, 0x64,
    0x08, 0x64, 0x08, 0x64, 0x08, 0x64, 0x08, 0x64, 0x08, 0x64, 0x08, 0x64, 0x08, 0x65, 0x08, 0x65,
    0x08, 0x65, 0x08, 0x65, 0x08, 0x65, 0x08, 0x65, 0x08, 0x65, 0x08, 0x65, 0x08, 0x65, 0x08, 0x65,
    0x08, 0x65, 0x08, 0x65, 0x08, 0x65, 0x08, 0x65, 0x08, 0x65, 0x08, 0x65, 0x08, 0x65, 0x08, 0x65,
    0x08, 0x65, 0x08, 0x65, 0x08, 0x65, 0x08, 0x65, 0x08, 0x65, 0x08, 0x65, 0x08, 0x65, 0x08, 0x65,
    0x08, 0x65, 0x08, 0x65, 0x08, 0x65, 0x08, 0x65, 0x08, 0x65, 0x08, 0x65, 0x08, 0x65, 0x08, 0x65,
    0x08, 0x65, 0x08, 0x65, 0x08, 0x65, 0x08, 0x65, 0x08, 0x65, 0x08, 0x65, 0x08, 0x65, 0x08, 0x65,
    0x08, 0x65, 0x08, 0x65, 0x08, 0x65, 0x08, 0x65, 0x08, 0x65, 0x08, 0x65, 0x08, 0x65, 0x08, 0x65,
    0x08, 0x65, 0x08, 0x65, 0x08, 0x65, 0x08, 0x65, 0x08, 0x65, 0x08, 0x65, 0x08, 0x65, 0x08, 0x65,
    0x08, 0x65, 0x08, 0x65, 0x08, 0x65, 0x08, 0x65, 0x08, 0x65, 0x08, 0x65, 0x08, 0x65, 0x08, 0x65,
    0x08, 0x65, 0x08, 0x65, 0x08, 0x65, 0x08, 0x65, 0x08, 0x65, 0x08, 0x65, 0x08, 0x65, 0x08, 0x65,
    0x08, 0x65, 0x08, 0x65, 0x08, 0x65, 0x08, 0x65, 0x08, 0x65, 0x08, 0x65, 0x08, 0x65, 0x08, 0x65,
    0x08, 0x65, 0x08, 0x65, 0x08, 0x65, 0x08, 0x65, 0x08, 0x65, 0x08, 0x65, 0x08, 0x65, 0x08, 0x65,
    0x08, 0x65, 0x08, 0x65, 0x08, 0x65, 0x08, 0x65, 0x08, 0x65, 0x08, 0x65, 0x08, 0x65, 0x08, 0x65,
    0x08, 0x65, 0x08, 0x65, 0x08, 0x65, 0x08, 0x65, 0x08, 0x65, 0x08, 0x65, 0x08, 0x65, 0x08, 0x65,
    0x08, 0x65, 0x08, 0x65, 0x08, 0x65, 0x08, 0x65, 0x08, 0x65, 0x08, 0x65, 0x08, 0x65, 0x08, 0x65,
    0x08, 0x65, 0x08, 0x65, 0x08, 0x65, 0x08, 0x65, 0x08, 0x65, 0x08, 0x65, 0x08, 0x65, 0x08, 0x65,
    0x08, 0x65, 0x08, 0x65, 0x08, 0x65, 0x08, 0x65, 0x08, 0x65, 0x08, 0x65, 0x08, 0x65, 0x08, 0x65,
    0x08, 0x65, 0x08, 0x65, 0x08, 0x65, 0x08, 0x65, 0x08, 0x65, 0x08, 0x65, 0x08, 0x65, 0x08, 0x65,
    0x08, 0x65, 0x08, 0x65, 0x08, 0x65, 0x08, 0x65, 0x08, 0x65, 0x08, 0x65, 0x08, 0x65, 0x08, 0x65,
    0x10, 0x85, 0x08, 0x85, 0x08, 0x65, 0x08, 0x85, 0x08, 0x86, 0x08, 0xa6, 0x10, 0xe7, 0x10, 0xe7,
    0x08, 0xc7, 0x08, 0xa7, 0x08, 0xc7, 0x08, 0xe8, 0x08, 0xe8, 0x08, 0xc7, 0x00, 0x85, 0x00, 0xa6,
    0x00, 0xa6, 0x08, 0xa5, 0x08, 0xa6, 0x08, 0xc6, 0x08, 0xa5, 0x00, 0x64, 0x08, 0x85, 0x08, 0x84,
    0x08, 0x84, 0x08, 0x84, 0x08, 0x84, 0x08, 0x84, 0x08, 0x84, 0x08, 0x84, 0x08, 0x64, 0x08, 0x64,
    0x08, 0x64, 0x08, 0x64, 0x08, 0x64, 0x08, 0x64, 0x08, 0x64, 0x08, 0x64, 0x08, 0x64, 0x08, 0x64,
    0x08, 0x64, 0x08, 0x64, 0x08, 0x64, 0x08, 0x64, 0x08, 0x64, 0x08, 0x64, 0x08, 0x64, 0x08, 0x64,
    0x08, 0x64, 0x08, 0x64, 0x08, 0x64, 0x08, 0x64, 0x08, 0x64, 0x08, 0x64, 0x08, 0x64, 0x08, 0x64,
    0x08, 0x64, 0x08, 0x64, 0x08, 0x64, 0x08, 0x64, 0x08, 0x64, 0x08, 0x64, 0x08, 0x65, 0x08, 0x65,
    0x08, 0x65, 0x08, 0x65, 0x08, 0x65, 0x08, 0x65, 0x08, 0x65, 0x08, 0x65, 0x08, 0x65, 0x08, 0x65,
    0x08, 0x65, 0x08, 0x64, 0x08, 0x64, 0x08, 0x64, 0x08, 0x64, 0x08, 0x64, 0x08, 0x44, 0x08, 0x65,
    0x08, 0x65, 0x00, 0x44, 0x08, 0x45, 0x08, 0x85, 0x10, 0x86, 0x08, 0x45, 0x08, 0x65, 0x21, 0x08,
    0x29, 0x69, 0x00, 0x03, 0x08, 0x65, 0x00, 0x04, 0x08, 0x65, 0x08, 0x65, 0x08, 0x64, 0x08, 0x64,
    0x08, 0x64, 0x08, 0x64, 0x08, 0x64, 0x08, 0x64, 0x08, 0x64, 0x08, 0x64, 0x08, 0x64, 0x08, 0x64,
    0x08, 0x64, 0x08, 0x64, 0x08, 0x64, 0x08, 0x64, 0x08, 0x64, 0x08, 0x64, 0x08, 0x64, 0x08, 0x64,
    0x08, 0x64, 0x08, 0x64, 0x08, 0x64, 0x08, 0x64, 0x08, 0x64, 0x08, 0x64, 0x08, 0x64, 0x08, 0x64,
    0x08, 0x64, 0x08, 0x64, 0x08, 0x64, 0x08, 0x64, 0x08, 0x64, 0x08, 0x64, 0x08, 0x64, 0x08, 0x64,
    0x08, 0x64, 0x08, 0x64, 0x08, 0x64, 0x08, 0x64, 0x08, 0x64, 0x08, 0x64, 0x08, 0x64, 0x08, 0x64,
    0x08, 0x64, 0x08, 0x64, 0x08, 0x64, 0x08, 0x64, 0x08, 0x64, 0x08, 0x64, 0x00, 0x43, 0x18, 0xe6,
    0x08, 0x64, 0x08, 0x64, 0x08, 0x64, 0x08, 0x64, 0x08, 0x64, 0x08, 0x64, 0x08, 0x64, 0x08, 0x64,
    0x08, 0x64, 0x08, 0x64, 0x08, 0x64, 0x08, 0x64, 0x08, 0x64, 0x08, 0x64, 0x08, 0x64, 0x08, 0x64,
    0x08, 0x64, 0x08, 0x64, 0x08, 0x64, 0x08, 0x64, 0x08, 0x64, 0x08, 0x64, 0x08, 0x64, 0x08, 0x64,
    0x08, 0x64, 0x08, 0x64, 0x08, 0x64, 0x08, 0x64, 0x08, 0x64, 0x08, 0x64, 0x08, 0x65, 0x08, 0x65,
    0x08, 0x65, 0x08, 0x65, 0x08, 0x65, 0x08, 0x65, 0x08, 0x65, 0x08, 0x65, 0x08, 0x65, 0x08, 0x65,
    0x08, 0x65, 0x08, 0x65, 0x08, 0x65, 0x08, 0x65, 0x08, 0x65, 0x08, 0x65, 0x08, 0x65, 0x08, 0x65,
    0x08, 0x65, 0x08, 0x65, 0x08, 0x65, 0x08, 0x65, 0x08, 0x65, 0x08, 0x65, 0x08, 0x65, 0x08, 0x65,
    0x08, 0x65, 0x08, 0x65, 0x08, 0x65, 0x08, 0x65, 0x08, 0x65, 0x08, 0x65, 0x08, 0x65, 0x08, 0x65,
    0x08, 0x65, 0x08, 0x65, 0x08, 0x65, 0x08, 0x65, 0x08, 0x65, 0x08, 0x65, 0x08, 0x65, 0x08, 0x65,
    0x08, 0x65, 0x08, 0x65, 0x08, 0x65, 0x08, 0x65, 0x08, 0x65, 0x08, 0x65, 0x08, 0x65, 0x08, 0x65,
    0x08, 0x65, 0x08, 0x65, 0x08, 0x65, 0x08, 0x65, 0x08, 0x65, 0x08, 0x65, 0x08, 0x65, 0x08, 0x65,
    0x08, 0x65, 0x08, 0x65, 0x08, 0x65, 0x08, 0x65, 0x08, 0x65, 0x08, 0x65, 0x08, 0x65, 0x08, 0x65,
    0x08, 0x65, 0x08, 0x65, 0x08, 0x65, 0x08, 0x65, 0x08, 0x65, 0x08, 0x65, 0x08, 0x65, 0x08, 0x65,
    0x08, 0x65, 0x08, 0x65, 0x08, 0x65, 0x08, 0x65, 0x08, 0x65, 0x08, 0x65, 0x08, 0x65, 0x08, 0x65,
    0x08, 0x65, 0x08, 0x65, 0x08, 0x65, 0x08, 0x65, 0x08, 0x65, 0x08, 0x65, 0x08, 0x65, 0x08, 0x65,
    0x08, 0x65, 0x08, 0x65, 0x08, 0x65, 0x08, 0x65, 0x08, 0x65, 0x08, 0x65, 0x08, 0x65, 0x08, 0x65,
    0x08, 0x65, 0x08, 0x65, 0x08, 0x65, 0x08, 0x65, 0x08, 0x65, 0x08, 0x65, 0x08, 0x65, 0x08, 0x65,
    0x08, 0x65, 0x08, 0x65, 0x08, 0x65, 0x08, 0x65, 0x08, 0x65, 0x08, 0x65, 0x08, 0x65, 0x08, 0x65,
    0x08, 0x65, 0x08, 0x65, 0x08, 0x65, 0x08, 0x65, 0x08, 0x65, 0x08, 0x65, 0x08, 0x65, 0x08, 0x65,
    0x08, 0x65, 0x08, 0x65, 0x08, 0x65, 0x08, 0x65, 0x08, 0x65, 0x08, 0x65, 0x08, 0x65, 0x08, 0x65,
    0x08, 0x65, 0x08, 0x65, 0x08, 0x65, 0x08, 0x65, 0x08, 0x65, 0x08, 0x65, 0x08, 0x65, 0x08, 0x65,
    0x08, 0x65, 0x08, 0x65, 0x08, 0x65, 0x08, 0x65, 0x08, 0x65, 0x08, 0x65, 0x08, 0x64, 0x08, 0x65,
    0x08, 0x65, 0x08, 0x65, 0x08, 0x65, 0x08, 0x65, 0x08, 0x85, 0x08, 0x86, 0x00, 0x65, 0x08, 0xa6,
    0x10, 0xc7, 0x08, 0xa6, 0x00, 0x66, 0x00, 0x66, 0x08, 0xa7, 0x10, 0xe7, 0x08, 0xa6, 0x08, 0xc6,
    0x10, 0xe7, 0x10, 0xc6, 0x08, 0x85, 0x00, 0x85, 0x08, 0x84, 0x08, 0x85, 0x08, 0x85, 0x08, 0x85,
    0x08, 0x85, 0x08, 0x84, 0x08, 0x65, 0x08, 0x65, 0x00, 0x85, 0x00, 0x85, 0x08, 0x65, 0x08, 0x65,
    0x08, 0x65, 0x08, 0x65, 0x08, 0x65, 0x08, 0x65, 0x08, 0x65, 0x08, 0x65, 0x08, 0x65, 0x08, 0x65,
    0x08, 0x65, 0x08, 0x65, 0x08, 0x65, 0x08, 0x65, 0x08, 0x65, 0x08, 0x65, 0x08, 0x64, 0x08, 0x64,
    0x08, 0x64, 0x08, 0x64, 0x08, 0x64, 0x08, 0x64, 0x08, 0x64, 0x08, 0x64, 0x08, 0x64, 0x08, 0x64,
    0x08, 0x64, 0x08, 0x64, 0x08, 0x64, 0x08, 0x64, 0x08, 0x64, 0x08, 0x65, 0x08, 0x45, 0x08, 0x45,
    0x08, 0x45, 0x08, 0x45, 0x08, 0x45, 0x08, 0x45, 0x08, 0x45, 0x08, 0x45, 0x08, 0x65, 0x08, 0x65,
    0x08, 0x65, 0x08, 0x65, 0x08, 0x65, 0x08, 0x64, 0x08, 0x64, 0x08, 0x64, 0x08, 0x65, 0x08, 0x85,
    0x08, 0x65, 0x08, 0x44, 0x00, 0x44, 0x08, 0x65, 0x08, 0x65, 0x08, 0x45, 0x00, 0x25, 0x18, 0xe8,
    0x31, 0x8a, 0x08, 0x45, 0x08, 0x65, 0x00, 0x03, 0x08, 0x65, 0x08, 0x45, 0x08, 0x65, 0x08, 0x64,
    0x08, 0x64, 0x08, 0x64, 0x08, 0x64, 0x08, 0x64, 0x08, 0x64, 0x08, 0x64, 0x08, 0x64, 0x08, 0x64,
    0x08, 0x64, 0x08, 0x64, 0x08, 0x64, 0x08, 0x64, 0x08, 0x64, 0x08, 0x64, 0x08, 0x64, 0x08, 0x64,
    0x08, 0x64, 0x08, 0x64, 0x08, 0x64, 0x08, 0x64, 0x08, 0x64, 0x08, 0x64, 0x08, 0x64, 0x08, 0x64,
    0x08, 0x64, 0x08, 0x64, 0x08, 0x64, 0x08, 0x64, 0x08, 0x64, 0x08, 0x64, 0x08, 0x64, 0x08, 0x64,
    0x08, 0x64, 0x08, 0x64, 0x08, 0x64, 0x08, 0x64, 0x08, 0x64, 0x08, 0x64, 0x08, 0x64, 0x08, 0x64,
    0x08, 0x64, 0x08, 0x64, 0x08, 0x64, 0x08, 0x64, 0x08, 0x64, 0x08, 0x64, 0x00, 0x43, 0x18, 0xe6,
    0x08, 0x64, 0x08, 0x64, 0x08, 0x64, 0x08, 0x64, 0x08, 0x64, 0x08, 0x64, 0x08, 0x64, 0x08, 0x64,
    0x08, 0x64, 0x08, 0x64, 0x08, 0x64, 0x08, 0x64, 0x08, 0x64, 0x08, 0x64, 0x08, 0x64, 0x08, 0x64,
    0x08, 0x64, 0x08, 0x64, 0x08, 0x64, 0x08, 0x64, 0x08, 0x64, 0x08, 0x64, 0x08, 0x64, 0x08, 0x64,
    0x08, 0x64, 0x08, 0x64, 0x08, 0x64, 0x08, 0x64, 0x08, 0x64, 0x08, 0x64, 0x08, 0x65, 0x08, 0x65,
    0x08, 0x65, 0x08, 0x65, 0x08, 0x65, 0x08, 0x65, 0x08, 0x65, 0x08, 0x65, 0x08, 0x65, 0x08, 0x65,
    0x08, 0x65, 0x08, 0x65, 0x08, 0x65, 0x08, 0x65, 0x08, 0x65, 0x08, 0x65, 0x08, 0x65, 0x08, 0x65,
    0x08, 0x65, 0x08, 0x65, 0x08, 0x65, 0x08, 0x65, 0x08, 0x65, 0x08, 0x65, 0x08, 0x65, 0x08, 0x65,
    0x08, 0x65, 0x08, 0x65, 0x08, 0x65, 0x08, 0x65, 0x08, 0x65, 0x08, 0x65, 0x08, 0x65, 0x08, 0x65,
    0x08, 0x65, 0x08, 0x65, 0x08, 0x65, 0x08, 0x65, 0x08, 0x65, 0x08, 0x65, 0x08, 0x65, 0x08, 0x65,
    0x08, 0x65, 0x08, 0x65, 0x08, 0x65, 0x08, 0x65, 0x08, 0x65, 0x08, 0x65, 0x08, 0x65, 0x08, 0x65,
    0x08, 0x65, 0x08, 0x65, 0x08, 0x65, 0x08, 0x65, 0x08, 0x65, 0x08, 0x65, 0x08, 0x65, 0x08, 0x65,
    0x08, 0x65, 0x08, 0x65, 0x08, 0x65, 0x08, 0x65, 0x08, 0x65, 0x08, 0x65, 0x08, 0x65, 0x08, 0x65,
    0x08, 0x65, 0x08, 0x65, 0x08, 0x65, 0x08, 0x65, 0x08, 0x65, 0x08, 0x65, 0x08, 0x65, 0x08, 0x65,
    0x08, 0x65, 0x08, 0x65, 0x08, 0x65, 0x08, 0x65, 0x08, 0x65, 0x08, 0x65, 0x08, 0x65, 0x08, 0x65,
    0x08, 0x65, 0x08, 0x65, 0x08, 0x65, 0x08, 0x65, 0x08, 0x65, 0x08, 0x65, 0x08, 0x65, 0x08, 0x65,
    0x08, 0x65, 0x08, 0x65, 0x08, 0x65, 0x08, 0x65, 0x08, 0x65, 0x08, 0x65, 0x08, 0x65, 0x08, 0x65,
    0x08, 0x65, 0x08, 0x65, 0x08, 0x65, 0x08, 0x65, 0x08, 0x65, 0x08, 0x65, 0x08, 0x65, 0x08, 0x65,
    0x08, 0x65, 0x08, 0x65, 0x08, 0x65, 0x08, 0x65, 0x08, 0x65, 0x08, 0x65, 0x08, 0x65, 0x08, 0x65,
    0x08, 0x65, 0x08, 0x65, 0x08, 0x65, 0x08, 0x65, 0x08, 0x65, 0x08, 0x65, 0x08, 0x65, 0x08, 0x65,
    0x08, 0x65, 0x08, 0x65, 0x08, 0x65, 0x08, 0x65, 0x08, 0x65, 0x08, 0x65, 0x08, 0x65, 0x08, 0x65,
    0x08, 0x65, 0x08, 0x65, 0x08, 0x65, 0x08, 0x65, 0x08, 0x65, 0x08, 0x65, 0x08, 0x65, 0x08, 0x65,
    0x08, 0x65, 0x08, 0x65, 0x08, 0x65, 0x08, 0x65, 0x08, 0x65, 0x08, 0x65, 0x08, 0x65, 0x08, 0x65,
    0x08, 0x65, 0x08, 0x65, 0x08, 0x65, 0x08, 0x65, 0x08, 0x85, 0x08, 0x86, 0x10, 0xa6, 0x08, 0x86,
    0x08, 0x85, 0x08, 0xa6, 0x10, 0xc6, 0x08, 0xa6, 0x00, 0x65, 0x00, 0x24, 0x00, 0x85, 0x08, 0x85,
    0x08, 0x85, 0x08, 0x65, 0x00, 0x44, 0x00, 0x44, 0x08, 0x85, 0x10, 0xc6, 0x08, 0x85, 0x08, 0x85,
    0x08, 0x65, 0x00, 0x85, 0x00, 0x65, 0x00, 0x65, 0x00, 0x65, 0x00, 0x85, 0x08, 0x65, 0x08, 0x65,
    0x08, 0x65, 0x08, 0x65, 0x08, 0x65, 0x08, 0x65, 0x08, 0x65, 0x08, 0x65, 0x08, 0x65, 0x08, 0x65,
    0x08, 0x65, 0x08, 0x65, 0x08, 0x65, 0x08, 0x65, 0x08, 0x65, 0x08, 0x65, 0x08, 0x65, 0x08, 0x65,
    0x08, 0x65, 0x08, 0x65, 0x08, 0x65, 0x08, 0x65, 0x08, 0x65, 0x08, 0x65, 0x08, 0x65, 0x08, 0x65,
    0x08, 0x65, 0x08, 0x65, 0x08, 0x65, 0x08, 0x65, 0x08, 0x65, 0x08, 0x65, 0x08, 0x65, 0x08, 0x46,
    0x08, 0x46, 0x08, 0x45, 0x08, 0x45, 0x08, 0x45, 0x08, 0x45, 0x08, 0x65, 0x08, 0x65, 0x08, 0x65,
    0x08, 0x65, 0x08, 0x65, 0x08, 0x65, 0x08, 0x65, 0x08, 0x65, 0x08, 0x65, 0x08, 0x65, 0x08, 0x65,
    0x08, 0x85, 0x08, 0x65, 0x08, 0x45, 0x08, 0x45, 0x08, 0x45, 0x08, 0x45, 0x08, 0x45, 0x10, 0xa6,
    0x21, 0x08, 0x21, 0x08, 0x08, 0x85, 0x08, 0x45, 0x08, 0x45, 0x08, 0x65, 0x08, 0x65, 0x08, 0x64,
    0x08, 0x64, 0x08, 0x64, 0x08, 0x64, 0x08, 0x64, 0x08, 0x64, 0x08, 0x64, 0x08, 0x64, 0x08, 0x64,
    0x08, 0x64, 0x08, 0x64, 0x08, 0x64, 0x08, 0x64, 0x08, 0x64, 0x08, 0x64, 0x08, 0x64, 0x08, 0x64,
    0x08, 0x64, 0x08, 0x64, 0x08, 0x64, 0x08, 0x64, 0x08, 0x64, 0x08, 0x64, 0x08, 0x64, 0x08, 0x64,
    0x08, 0x64, 0x08, 0x64, 0x08, 0x64, 0x08, 0x64, 0x08, 0x64, 0x08, 0x64, 0x08, 0x64, 0x08, 0x64,
    0x08, 0x64, 0x08, 0x64, 0x08, 0x64, 0x08, 0x64, 0x08, 0x64, 0x08, 0x64, 0x08, 0x64, 0x08, 0x64,
    0x08, 0x64, 0x08, 0x64, 0x08, 0x64, 0x08, 0x64, 0x08, 0x64, 0x08, 0x64, 0x00, 0x43, 0x18, 0xe6,
    0x08, 0x64, 0x08, 0x64, 0x08, 0x64, 0x08, 0x64, 0x08, 0x64, 0x08, 0x64, 0x08, 0x64, 0x08, 0x64,
    0x08, 0x64, 0x08, 0x64, 0x08, 0x64, 0x08, 0x64, 0x08, 0x64, 0x08, 0x64, 0x08, 0x64, 0x08, 0x64,
    0x08, 0x64, 0x08, 0x64, 0x08, 0x64, 0x08, 0x64, 0x08, 0x64, 0x08, 0x64, 0x08, 0x64, 0x08, 0x64,
    0x08, 0x64, 0x08, 0x64, 0x08, 0x64, 0x08, 0x64, 0x08, 0x64, 0x08, 0x64, 0x08, 0x65, 0x08, 0x65,
    0x08, 0x65, 0x08, 0x65, 0x08, 0x65, 0x08, 0x65, 0x08, 0x65, 0x08, 0x65, 0x08, 0x65, 0x08, 0x65,
    0x08, 0x65, 0x08, 0x65, 0x08, 0x65, 0x08, 0x65, 0x08, 0x65, 0x08, 0x65, 0x08, 0x65, 0x08, 0x65,
    0x08, 0x65, 0x08, 0x65, 0x08, 0x65, 0x08, 0x65, 0x08, 0x65, 0x08, 0x65, 0x08, 0x65, 0x08, 0x65,
    0x08, 0x65, 0x08, 0x65, 0x08, 0x65, 0x08, 0x65, 0x08, 0x65, 0x08, 0x65, 0x08, 0x65, 0x08, 0x65,
    0x08, 0x65, 0x08, 0x65, 0x08, 0x65, 0x08, 0x65, 0x08, 0x65, 0x08, 0x65, 0x08, 0x65, 0x08, 0x65,
    0x08, 0x65, 0x08, 0x65, 0x08, 0x65, 0x08, 0x65, 0x08, 0x65, 0x08, 0x65, 0x08, 0x65, 0x08, 0x65,
    0x08, 0x65, 0x08, 0x65, 0x08, 0x65, 0x08, 0x65, 0x08, 0x65, 0x08, 0x65, 0x08, 0x65, 0x08, 0x65,
    0x08, 0x65, 0x08, 0x65, 0x08, 0x65, 0x08, 0x65, 0x08, 0x65, 0x08, 0x65, 0x08, 0x65, 0x08, 0x65,
    0x08, 0x65, 0x08, 0x65, 0x08, 0x65, 0x08, 0x65, 0x08, 0x65, 0x08, 0x65, 0x08, 0x65, 0x08, 0x65,
    0x08, 0x65, 0x08, 0x65, 0x08, 0x65, 0x08, 0x65, 0x08, 0x65, 0x08, 0x65, 0x08, 0x65, 0x08, 0x65,
    0x08, 0x65, 0x08, 0x65, 0x08, 0x65, 0x08, 0x65, 0x08, 0x65, 0x08, 0x65, 0x08, 0x65, 0x08, 0x65,
    0x08, 0x65, 0x08, 0x65, 0x08, 0x65, 0x08, 0x65, 0x08, 0x65, 0x08, 0x65, 0x08, 0x65, 0x08, 0x65,
    0x08, 0x65, 0x08, 0x65, 0x08, 0x65, 0x08, 0x65, 0x08, 0x65, 0x08, 0x65, 0x08, 0x65, 0x08, 0x65,
    0x08, 0x65, 0x08, 0x65, 0x08, 0x65, 0x08, 0x65, 0x08, 0x65, 0x08, 0x65, 0x08, 0x65, 0x08, 0x65,
    0x08, 0x65, 0x08, 0x65, 0x08, 0x65, 0x08, 0x65, 0x08, 0x65, 0x08, 0x65, 0x08, 0x65, 0x08, 0x65,
    0x08, 0x65, 0x08, 0x65, 0x08, 0x65, 0x08, 0x65, 0x08, 0x65, 0x08, 0x65, 0x08, 0x65, 0x08, 0x65,
    0x08, 0x65, 0x08, 0x65, 0x08, 0x65, 0x08, 0x65, 0x08, 0x65, 0x08, 0x65, 0x08, 0x65, 0x08, 0x65,
    0x08, 0x65, 0x08, 0x65, 0x08, 0x65, 0x08, 0x65, 0x08, 0x65, 0x08, 0x65, 0x08, 0x64, 0x08, 0x65,
    0x08, 0x65, 0x08, 0x65, 0x08, 0x65, 0x08, 0x85, 0x08, 0x85, 0x08, 0xa5, 0x08, 0x86, 0x08, 0x85,
    0x08, 0x86, 0x10, 0xc6, 0x10, 0xa6, 0x08, 0x85, 0x10, 0xa6, 0x10, 0xe7, 0x10, 0xa6, 0x08, 0x86,
    0x08, 0x65, 0x08, 0x86, 0x08, 0xa6, 0x08, 0x65, 0x00, 0x65, 0x00, 0x65, 0x08, 0x65, 0x08, 0x65,
    0x00, 0x65, 0x00, 0x65, 0x00, 0x65, 0x00, 0x66, 0x00, 0x66, 0x00, 0x86, 0x08, 0x66, 0x08, 0x66,
    0x08, 0x66, 0x08, 0x66, 0x08, 0x66, 0x08, 0x66, 0x08, 0x66, 0x08, 0x66, 0x08, 0x66, 0x08, 0x66,
    0x08, 0x66, 0x08, 0x66, 0x08, 0x66, 0x08, 0x66, 0x08, 0x66, 0x08, 0x66, 0x08, 0x65, 0x08, 0x65,
    0x08, 0x65, 0x08, 0x65, 0x08, 0x65, 0x08, 0x65, 0x08, 0x65, 0x08, 0x65, 0x08, 0x65, 0x08, 0x65,
    0x08, 0x65, 0x08, 0x65, 0x08, 0x65, 0x08, 0x65, 0x08, 0x65, 0x08, 0x65, 0x08, 0x66, 0x08, 0x46,
    0x08, 0x66, 0x08, 0x66, 0x08, 0x66, 0x08, 0x66, 0x08, 0x66, 0x08, 0x65, 0x08, 0x65, 0x08, 0x65,
    0x08, 0x65, 0x08, 0x65, 0x08, 0x65, 0x08, 0x65, 0x08, 0x65, 0x08, 0x65, 0x08, 0x44, 0x08, 0x65,
    0x10, 0x85, 0x10, 0x86, 0x08, 0x85, 0x08, 0x65, 0x08, 0x65, 0x08, 0x85, 0x08, 0x65, 0x08, 0x45,
    0x08, 0x65, 0x31, 0xaa, 0x10, 0xa6, 0x10, 0xa6, 0x00, 0x44, 0x10, 0x86, 0x08, 0x65, 0x08, 0x64,
    0x08, 0x64, 0x08, 0x64, 0x08, 0x64, 0x08, 0x64, 0x08, 0x64, 0x08, 0x64, 0x08, 0x64, 0x08, 0x64,
    0x08, 0x64, 0x08, 0x64, 0x08, 0x64, 0x08, 0x64, 0x08, 0x64, 0x08, 0x64, 0x08, 0x64, 0x08, 0x64,
    0x08, 0x64, 0x08, 0x64, 0x08, 0x64, 0x08, 0x64, 0x08, 0x64, 0x08, 0x64, 0x08, 0x64, 0x08, 0x64,
    0x08, 0x64, 0x08, 0x64, 0x08, 0x64, 0x08, 0x64, 0x08, 0x64, 0x08, 0x64, 0x08, 0x64, 0x08, 0x64,
    0x08, 0x64, 0x08, 0x64, 0x08, 0x64, 0x08, 0x64, 0x08, 0x64, 0x08, 0x64, 0x08, 0x64, 0x08, 0x64,
    0x08, 0x64, 0x08, 0x64, 0x08, 0x64, 0x08, 0x64, 0x08, 0x64, 0x08, 0x64, 0x00, 0x43, 0x18, 0xe6,
    0x08, 0x64, 0x08, 0x64, 0x08, 0x64, 0x08, 0x64, 0x08, 0x64, 0x08, 0x64, 0x08, 0x64, 0x08, 0x64,
    0x08, 0x64, 0x08, 0x64, 0x08, 0x64, 0x08, 0x64, 0x08, 0x64, 0x08, 0x64, 0x08, 0x64, 0x08, 0x64,
    0x08, 0x64, 0x08, 0x64, 0x08, 0x64, 0x08, 0x64, 0x08, 0x64, 0x08, 0x64, 0x08, 0x64, 0x08, 0x64,
    0x08, 0x64, 0x08, 0x64, 0x08, 0x64, 0x08, 0x64, 0x08, 0x64, 0x08, 0x64, 0x08, 0x65, 0x08, 0x65,
    0x08, 0x65, 0x08, 0x65, 0x08, 0x65, 0x08, 0x65, 0x08, 0x65, 0x08, 0x65, 0x08, 0x65, 0x08, 0x65,
    0x08, 0x65, 0x08, 0x65, 0x08, 0x65, 0x08, 0x65, 0x08, 0x65, 0x08, 0x65, 0x08, 0x65, 0x08, 0x65,
    0x08, 0x65, 0x08, 0x65, 0x08, 0x65, 0x08, 0x65, 0x08, 0x65, 0x08, 0x65, 0x08, 0x65, 0x08, 0x65,
    0x08, 0x65, 0x08, 0x65, 0x08, 0x65, 0x08, 0x65, 0x08, 0x65, 0x08, 0x65, 0x08, 0x65, 0x08, 0x65,
    0x08, 0x65, 0x08, 0x65, 0x08, 0x65, 0x08, 0x65, 0x08, 0x65, 0x08, 0x65, 0x08, 0x65, 0x08, 0x65,
    0x08, 0x65, 0x08, 0x65, 0x08, 0x65, 0x08, 0x65, 0x08, 0x65, 0x08, 0x65, 0x08, 0x65, 0x08, 0x65,
    0x08, 0x65, 0x08, 0x65, 0x08, 0x65, 0x08, 0x65, 0x08, 0x65, 0x08, 0x65, 0x08, 0x65, 0x08, 0x65,
    0x08, 0x65, 0x08, 0x65, 0x08, 0x65, 0x08, 0x65, 0x08, 0x65, 0x08, 0x65, 0x08, 0x65, 0x08, 0x65,
    0x08, 0x65, 0x08, 0x65, 0x08, 0x65, 0x08, 0x65, 0x08, 0x65, 0x08, 0x65, 0x08, 0x65, 0x08, 0x65,
    0x08, 0x65, 0x08, 0x65, 0x08, 0x65, 0x08, 0x65, 0x08, 0x65, 0x08, 0x65, 0x08, 0x65, 0x08, 0x65,
    0x08, 0x65, 0x08, 0x65, 0x08, 0x65, 0x08, 0x65, 0x08, 0x65, 0x08, 0x65, 0x08, 0x65, 0x08, 0x65,
    0x08, 0x65, 0x08, 0x65, 0x08, 0x65, 0x08, 0x65, 0x08, 0x65, 0x08, 0x65, 0x08, 0x65, 0x08, 0x65,
    0x08, 0x65, 0x08, 0x65, 0x08, 0x65, 0x08, 0x65, 0x08, 0x65, 0x08, 0x65, 0x08, 0x65, 0x08, 0x65,
    0x08, 0x65, 0x08, 0x65, 0x08, 0x65, 0x08, 0x65, 0x08, 0x65, 0x08, 0x65, 0x08, 0x65, 0x08, 0x65,
    0x08, 0x65, 0x08, 0x65, 0x08, 0x65, 0x08, 0x65, 0x08, 0x65, 0x08, 0x65, 0x08, 0x65, 0x08, 0x65,
    0x08, 0x65, 0x08, 0x65, 0x08, 0x65, 0x08, 0x65, 0x08, 0x65, 0x08, 0x65, 0x08, 0x65, 0x08, 0x65,
    0x08, 0x65, 0x08, 0x65, 0x08, 0x65, 0x08, 0x65, 0x08, 0x65, 0x08, 0x65, 0x08, 0x65, 0x08, 0x65,
    0x08, 0x65, 0x08, 0x65, 0x08, 0x65, 0x08, 0x65, 0x08, 0x65, 0x08, 0x65, 0x08, 0x65, 0x08, 0x65,
    0x08, 0x65, 0x08, 0x65, 0x08, 0x65, 0x08, 0x65, 0x08, 0x65, 0x08, 0x65, 0x08, 0x85, 0x08, 0x85,
    0x08, 0x85, 0x08, 0x85, 0x08, 0x85, 0x08, 0x85, 0x08, 0x85, 0x08, 0x85, 0x08, 0xa6, 0x00, 0x45,
    0x10, 0x86, 0x00, 0x45, 0x00, 0x46, 0x08, 0x66, 0x00, 0x04, 0x08, 0x66, 0x00, 0x45, 0x00, 0x45,
    0x00, 0x45, 0x00, 0x45, 0x00, 0x45, 0x00, 0x45, 0x00, 0x45, 0x00, 0x45, 0x00, 0x45, 0x00, 0x45,
    0x00, 0x45, 0x00, 0x45, 0x00, 0x45, 0x00, 0x45, 0x00, 0x45, 0x00, 0x45, 0x00, 0x45, 0x00, 0x45,
    0x00, 0x45, 0x00, 0x45, 0x00, 0x45, 0x00, 0x45, 0x00, 0x45, 0x00, 0x45, 0x00, 0x45, 0x00, 0x45,
    0x00, 0x45, 0x00, 0x45, 0x00, 0x45, 0x00, 0x45, 0x00, 0x45, 0x00, 0x45, 0x00, 0x45, 0x00, 0x45,
    0x00, 0x45, 0x00, 0x45, 0x00, 0x45, 0x00, 0x45, 0x00, 0x45, 0x00, 0x45, 0x00, 0x25, 0x00, 0x25,
    0x00, 0x25, 0x00, 0x25, 0x00, 0x25, 0x00, 0x45, 0x00, 0x45, 0x00, 0x45, 0x08, 0x65, 0x08, 0x65,
    0x08, 0x86, 0x00, 0x04, 0x08, 0x85, 0x08, 0x65, 0x10, 0xa6, 0x08, 0x86, 0x08, 0x65, 0x08, 0x65,
    0x08, 0x65, 0x08, 0x65, 0x08, 0x65, 0x08, 0x65, 0x08, 0x65, 0x08, 0x65, 0x10, 0x86, 0x00, 0x03,
    0x08, 0x65, 0x29, 0x69, 0x29, 0x49, 0x00, 0x04, 0x10, 0x86, 0x08, 0x45, 0x08, 0x85, 0x08, 0x64,
    0x08, 0x64, 0x08, 0x64, 0x08, 0x64, 0x00, 0x44, 0x08, 0x44, 0x08, 0x85, 0x08, 0x64, 0x08, 0x64,
    0x08, 0x64, 0x08, 0x64, 0x08, 0x64, 0x08, 0x64, 0x08, 0x64, 0x08, 0x64, 0x08, 0x64, 0x08, 0x64,
    0x08, 0x64, 0x08, 0x64, 0x08, 0x64, 0x08, 0x64, 0x08, 0x64, 0x08, 0x64, 0x08, 0x64, 0x08, 0x64,
    0x08, 0x64, 0x08, 0x64, 0x08, 0x64, 0x08, 0x64, 0x08, 0x64, 0x08, 0x64, 0x08, 0x64, 0x08, 0x64,
    0x08, 0x64, 0x08, 0x64, 0x08, 0x64, 0x08, 0x64, 0x08, 0x64, 0x08, 0x64, 0x08, 0x64, 0x08, 0x64,
    0x08, 0x64, 0x08, 0x64, 0x08, 0x64, 0x08, 0x64, 0x08, 0x64, 0x08, 0x64, 0x00, 0x43, 0x18, 0xe6,
    0x08, 0x64, 0x08, 0x64, 0x08, 0x64, 0x08, 0x64, 0x08, 0x64, 0x08, 0x64, 0x08, 0x64, 0x08, 0x64,
    0x08, 0x64, 0x08, 0x64, 0x08, 0x64, 0x08, 0x64, 0x08, 0x64, 0x08, 0x64, 0x08, 0x64, 0x08, 0x64,
    0x08, 0x64, 0x08, 0x64, 0x08, 0x64, 0x08, 0x64, 0x08, 0x64, 0x08, 0x64, 0x08, 0x64, 0x08, 0x64,
    0x08, 0x64, 0x08, 0x64, 0x08, 0x64, 0x08, 0x64, 0x08, 0x64, 0x08, 0x64, 0x08, 0x65, 0x08, 0x65,
    0x08, 0x65, 0x08, 0x65, 0x08, 0x65, 0x08, 0x65, 0x08, 0x65, 0x08, 0x65, 0x08, 0x65, 0x08, 0x65,
    0x08, 0x65, 0x08, 0x65, 0x08, 0x65, 0x08, 0x65, 0x08, 0x65, 0x08, 0x65, 0x08, 0x65, 0x08, 0x65,
    0x08, 0x65, 0x08, 0x65, 0x08, 0x65, 0x08, 0x65, 0x08, 0x65, 0x08, 0x65, 0x08, 0x65, 0x08, 0x65,
    0x08, 0x65, 0x08, 0x65, 0x08, 0x65, 0x08, 0x65, 0x08, 0x65, 0x08, 0x65, 0x08, 0x65, 0x08, 0x65,
    0x08, 0x65, 0x08, 0x65, 0x08, 0x65, 0x08, 0x65, 0x08, 0x65, 0x08, 0x65, 0x08, 0x65, 0x08, 0x65,
    0x08, 0x65, 0x08, 0x65, 0x08, 0x65, 0x08, 0x65, 0x08, 0x65, 0x08, 0x65, 0x08, 0x65, 0x08, 0x65,
    0x08, 0x65, 0x08, 0x65, 0x08, 0x65, 0x08, 0x65, 0x08, 0x65, 0x08, 0x65, 0x08, 0x65, 0x08, 0x65,
    0x08, 0x65, 0x08, 0x65, 0x08, 0x65, 0x08, 0x65, 0x08, 0x65, 0x08, 0x65, 0x08, 0x65, 0x08, 0x65,
    0x08, 0x65, 0x08, 0x65, 0x08, 0x65, 0x08, 0x65, 0x08, 0x65, 0x08, 0x65, 0x08, 0x65, 0x08, 0x65,
    0x08, 0x65, 0x08, 0x65, 0x08, 0x65, 0x08, 0x65, 0x08, 0x65, 0x08, 0x65, 0x08, 0x65, 0x08, 0x65,
    0x08, 0x65, 0x08, 0x65, 0x08, 0x65, 0x08, 0x65, 0x08, 0x65, 0x08, 0x65, 0x08, 0x65, 0x08, 0x65,
    0x08, 0x65, 0x08, 0x65, 0x08, 0x65, 0x08, 0x65, 0x08, 0x65, 0x08, 0x65, 0x08, 0x65, 0x08, 0x65,
    0x08, 0x65, 0x08, 0x65, 0x08, 0x65, 0x08, 0x65, 0x08, 0x65, 0x08, 0x65, 0x08, 0x65, 0x08, 0x65,
    0x08, 0x65, 0x08, 0x65, 0x08, 0x65, 0x08, 0x65, 0x08, 0x65, 0x08, 0x65, 0x08, 0x65, 0x08, 0x65,
    0x08, 0x65, 0x08, 0x65, 0x08, 0x65, 0x08, 0x65, 0x08, 0x65, 0x08, 0x65, 0x08, 0x65, 0x08, 0x65,
    0x08, 0x65, 0x08, 0x65, 0x08, 0x65, 0x08, 0x65, 0x08, 0x65, 0x08, 0x65, 0x08, 0x65, 0x08, 0x65,
    0x08, 0x65, 0x08, 0x65, 0x08, 0x65, 0x08, 0x65, 0x08, 0x65, 0x08, 0x65, 0x08, 0x65, 0x08, 0x65,
    0x08, 0x65, 0x08, 0x65, 0x08, 0x65, 0x08, 0x65, 0x08, 0x65, 0x08, 0x65, 0x08, 0x65, 0x00, 0x85,
    0x00, 0x85, 0x00, 0x85, 0x00, 0x85, 0x00, 0x85, 0x00, 0x85, 0x00, 0x85, 0x08, 0x85, 0x08, 0x85,
    0x08, 0x85, 0x08, 0x85, 0x08, 0x85, 0x08, 0x85, 0x08, 0x85, 0x08, 0x85, 0x08, 0x66, 0x08, 0x66,
    0x10, 0xa7, 0x10, 0xa7, 0x00, 0x05, 0x00, 0x46, 0x21, 0x29, 0x21, 0x4a, 0x29, 0x8b, 0x29, 0x8b,
    0x29, 0x8b, 0x29, 0x8b, 0x29, 0x8b, 0x29, 0x8b, 0x29, 0x8b, 0x29, 0x8b, 0x29, 0x8b, 0x29, 0x8b,
    0x29, 0x8b, 0x29, 0x8b, 0x29, 0x8b, 0x29, 0x8b, 0x29, 0x8b, 0x29, 0x8b, 0x29, 0x8b, 0x29, 0x8b,
    0x29, 0x8b, 0x29, 0x8b, 0x29, 0x8b, 0x29, 0x8b, 0x29, 0x8b, 0x29, 0x8b, 0x29, 0x8b, 0x29, 0x8b,
    0x29, 0x8b, 0x29, 0x8b, 0x29, 0x8b, 0x29, 0x8b, 0x29, 0x8b, 0x29, 0x8b, 0x29, 0x8b, 0x29, 0x8b,
    0x29, 0x8b, 0x29, 0x8b, 0x29, 0x8b, 0x29, 0x8b, 0x29, 0x8b, 0x29, 0x8b, 0x29, 0x8b, 0x29, 0x8a,
    0x29, 0x8a, 0x29, 0x8a, 0x29, 0x8a, 0x29, 0x8a, 0x29, 0x8a, 0x29, 0x8a, 0x29, 0x8a, 0x29, 0x49,
    0x31, 0xaa, 0x21, 0x28, 0x00, 0x24, 0x10, 0xc6, 0x00, 0x04, 0x00, 0x04, 0x08, 0x65, 0x08, 0x65,
    0x08, 0x65, 0x08, 0x65, 0x08, 0x65, 0x08, 0x65, 0x08, 0x65, 0x08, 0x65, 0x00, 0x24, 0x10, 0xa6,
    0x08, 0x45, 0x08, 0x85, 0x29, 0x6a, 0x21, 0x08, 0x00, 0x04, 0x10, 0x86, 0x08, 0x65, 0x08, 0x44,
    0x00, 0x44, 0x08, 0x44, 0x08, 0x64, 0x08, 0x64, 0x08, 0x64, 0x08, 0x64, 0x08, 0x64, 0x08, 0x64,
    0x08, 0x64, 0x08, 0x64, 0x08, 0x64, 0x08, 0x64, 0x08, 0x64, 0x08, 0x64, 0x08, 0x64, 0x08, 0x64,
    0x08, 0x64, 0x08, 0x64, 0x08, 0x64, 0x08, 0x64, 0x08, 0x64, 0x08, 0x64, 0x08, 0x64, 0x08, 0x64,
    0x08, 0x64, 0x08, 0x64, 0x08, 0x64, 0x08, 0x64, 0x08, 0x64, 0x08, 0x64, 0x08, 0x64, 0x08, 0x64,
    0x08, 0x64, 0x08, 0x64, 0x08, 0x64, 0x08, 0x64, 0x08, 0x64, 0x08, 0x64, 0x08, 0x64, 0x08, 0x64,
    0x08, 0x64, 0x08, 0x64, 0x08, 0x64, 0x08, 0x64, 0x08, 0x64, 0x08, 0x64, 0x00, 0x43, 0x18, 0xe6,
    0x08, 0x64, 0x08, 0x64, 0x08, 0x64, 0x08, 0x64, 0x08, 0x64, 0x08, 0x64, 0x08, 0x64, 0x08, 0x64,
    0x08, 0x64, 0x08, 0x64, 0x08, 0x64, 0x08, 0x64, 0x08, 0x64, 0x08, 0x64, 0x08, 0x64, 0x08, 0x64,
    0x08, 0x64, 0x08, 0x64, 0x08, 0x64, 0x08, 0x64, 0x08, 0x64, 0x08, 0x64, 0x08, 0x64, 0x08, 0x64,
    0x08, 0x64, 0x08, 0x64, 0x08, 0x64, 0x08, 0x64, 0x08, 0x64, 0x08, 0x64, 0x08, 0x65, 0x08, 0x65,
    0x08, 0x65, 0x08, 0x65, 0x08, 0x65, 0x08, 0x65, 0x08, 0x65, 0x08, 0x65, 0x08, 0x65, 0x08, 0x65,
    0x08, 0x65, 0x08, 0x65, 0x08, 0x65, 0x08, 0x65, 0x08, 0x65, 0x08, 0x65, 0x08, 0x65, 0x08, 0x65,
    0x08, 0x65, 0x08, 0x65, 0x08, 0x65, 0x08, 0x65, 0x08, 0x65, 0x08, 0x65, 0x08, 0x65, 0x08, 0x65,
    0x08, 0x65, 0x08, 0x65, 0x08, 0x65, 0x08, 0x65, 0x08, 0x65, 0x08, 0x65, 0x08, 0x65, 0x08, 0x65,
    0x08, 0x65, 0x08, 0x65, 0x08, 0x65, 0x08, 0x65, 0x08, 0x65, 0x08, 0x65, 0x08, 0x65, 0x08, 0x65,
    0x08, 0x65, 0x08, 0x65, 0x08, 0x65, 0x08, 0x65, 0x08, 0x65, 0x08, 0x65, 0x08, 0x65, 0x08, 0x65,
    0x08, 0x65, 0x08, 0x65, 0x08, 0x65, 0x08, 0x65, 0x08, 0x65, 0x08, 0x65, 0x08, 0x65, 0x08, 0x65,
    0x08, 0x65, 0x08, 0x65, 0x08, 0x65, 0x08, 0x65, 0x08, 0x65, 0x08, 0x65, 0x08, 0x65, 0x08, 0x65,
    0x08, 0x65, 0x08, 0x65, 0x08, 0x65, 0x08, 0x65, 0x08, 0x65, 0x08, 0x65, 0x08, 0x65, 0x08, 0x65,
    0x08, 0x65, 0x08, 0x65, 0x08, 0x65, 0x08, 0x65, 0x08, 0x65, 0x08, 0x65, 0x08, 0x65, 0x08, 0x65,
    0x08, 0x65, 0x08, 0x65, 0x08, 0x65, 0x08, 0x65, 0x08, 0x65, 0x08, 0x65, 0x08, 0x65, 0x08, 0x65,
    0x08, 0x65, 0x08, 0x65, 0x08, 0x65, 0x08, 0x65, 0x08, 0x65, 0x08, 0x65, 0x08, 0x65, 0x08, 0x65,
    0x08, 0x65, 0x08, 0x65, 0x08, 0x65, 0x08, 0x65, 0x08, 0x65, 0x08, 0x65, 0x08, 0x65, 0x08, 0x65,
    0x08, 0x65, 0x08, 0x65, 0x08, 0x65, 0x08, 0x65, 0x08, 0x65, 0x08, 0x65, 0x08, 0x65, 0x08, 0x65,
    0x08, 0x65, 0x08, 0x65, 0x08, 0x65, 0x08, 0x65, 0x08, 0x65, 0x08, 0x65, 0x08, 0x65, 0x08, 0x65,
    0x08, 0x65, 0x08, 0x65, 0x08, 0x65, 0x08, 0x65, 0x08, 0x65, 0x08, 0x65, 0x08, 0x65, 0x08, 0x65,
    0x08, 0x65, 0x08, 0x65, 0x08, 0x65, 0x08, 0x65, 0x08, 0x65, 0x08, 0x65, 0x08, 0x65, 0x08, 0x65,
    0x08, 0x65, 0x08, 0x65, 0x08, 0x65, 0x08, 0x65, 0x08, 0x65, 0x08, 0x65, 0x00, 0x85, 0x00, 0x85,
    0x00, 0x85, 0x00, 0x85, 0x00, 0x85, 0x00, 0x85, 0x00, 0x85, 0x00, 0x85, 0x00, 0x85, 0x00, 0x85,
    0x00, 0x85, 0x00, 0x85, 0x00, 0x85, 0x08, 0x85, 0x08, 0x85, 0x08, 0x85, 0x08, 0x65, 0x08, 0x66,
    0x08, 0x66, 0x10, 0xa7, 0x00, 0x05, 0x08, 0x66, 0x31, 0xec, 0x21, 0x2a, 0x10, 0xc8, 0x10, 0xc8,
    0x10, 0xc8, 0x10, 0xc8, 0x10, 0xc8, 0x10, 0xc8, 0x10, 0xc8, 0x10, 0xc8, 0x10, 0xa8, 0x10, 0xa8,
    0x10, 0xa8, 0x10, 0xa8, 0x10, 0xa8, 0x10, 0xa8, 0x10, 0xa8, 0x10, 0xa8, 0x10, 0xc8, 0x10, 0xc8,
    0x10, 0xc8, 0x10, 0xc8, 0x10, 0xc8, 0x10, 0xc8, 0x10, 0xc8, 0x10, 0xc8, 0x10, 0xc7, 0x10, 0xc7,
    0x10, 0xc7, 0x10, 0xc7, 0x10, 0xc7, 0x10, 0xc7, 0x10, 0xc7, 0x10, 0xc7, 0x10, 0xc7, 0x10, 0xc7,
    0x10, 0xc7, 0x10, 0xc7, 0x10, 0xc7, 0x10, 0xc7, 0x10, 0xc7, 0x10, 0xc7, 0x10, 0xc7, 0x10, 0xc7,
    0x10, 0xc7, 0x10, 0xc7, 0x10, 0xc7, 0x10, 0xc7, 0x10, 0xc7, 0x10, 0xc7, 0x10, 0xa7, 0x18, 0xe8,
    0x10, 0xa7, 0x31, 0xab, 0x10, 0xc7, 0x08, 0x65, 0x18, 0xc7, 0x08, 0x65, 0x08, 0x65, 0x08, 0x65,
    0x08, 0x65, 0x08, 0x65, 0x08, 0x65, 0x08, 0x65, 0x08, 0x65, 0x08, 0x65, 0x00, 0x04, 0x18, 0xe7,
    0x08, 0x45, 0x00, 0x04, 0x18, 0xe8, 0x39, 0xcb, 0x00, 0x04, 0x08, 0x45, 0x08, 0x44, 0x08, 0x64,
    0x08, 0x44, 0x08, 0x44, 0x08, 0x64, 0x08, 0x85, 0x08, 0x64, 0x00, 0x44, 0x08, 0x64, 0x08, 0x64,
    0x08, 0x64, 0x08, 0x64, 0x08, 0x64, 0x08, 0x64, 0x08, 0x64, 0x08, 0x64, 0x08, 0x64, 0x08, 0x64,
    0x08, 0x64, 0x08, 0x64, 0x08, 0x64, 0x08, 0x64, 0x08, 0x64, 0x08, 0x64, 0x08, 0x64, 0x08, 0x64,
    0x08, 0x64, 0x08, 0x64, 0x08, 0x64, 0x08, 0x64, 0x08, 0x64, 0x08, 0x64, 0x08, 0x64, 0x08, 0x64,
    0x08, 0x64, 0x08, 0x64, 0x08, 0x64, 0x08, 0x64, 0x08, 0x64, 0x08, 0x64, 0x08, 0x64, 0x08, 0x64,
    0x08, 0x64, 0x08, 0x64, 0x08, 0x64, 0x08, 0x64, 0x08, 0x64, 0x08, 0x64, 0x00, 0x43, 0x18, 0xe6,
    0x08, 0x64, 0x08, 0x64, 0x08, 0x64, 0x08, 0x64, 0x08, 0x64, 0x08, 0x64, 0x08, 0x64, 0x08, 0x64,
    0x08, 0x64, 0x08, 0x64, 0x08, 0x64, 0x08, 0x64, 0x08, 0x64, 0x08, 0x64, 0x08, 0x64, 0x08, 0x64,
    0x08, 0x64, 0x08, 0x64, 0x08, 0x64, 0x08, 0x64, 0x08, 0x64, 0x08, 0x64, 0x08, 0x64, 0x08, 0x64,
    0x08, 0x64, 0x08, 0x64, 0x08, 0x64, 0x08, 0x64, 0x08, 0x64, 0x08, 0x64, 0x08, 0x65, 0x08, 0x65,
    0x08, 0x65, 0x08, 0x65, 0x08, 0x65, 0x08, 0x65, 0x08, 0x65, 0x08, 0x65, 0x08, 0x65, 0x08, 0x65,
    0x08, 0x65, 0x08, 0x65, 0x08, 0x65, 0x08, 0x65, 0x08, 0x65, 0x08, 0x65, 0x08, 0x65, 0x08, 0x65,
    0x08, 0x65, 0x08, 0x65, 0x08, 0x65, 0x08, 0x65, 0x08, 0x65, 0x08, 0x65, 0x08, 0x65, 0x08, 0x65,
    0x08, 0x65, 0x08, 0x65, 0x08, 0x65, 0x08, 0x65, 0x08, 0x65, 0x08, 0x65, 0x08, 0x65, 0x08, 0x65,
    0x08, 0x65, 0x08, 0x65, 0x08, 0x65, 0x08, 0x65, 0x08, 0x65, 0x08, 0x65, 0x08, 0x65, 0x08, 0x65,
    0x08, 0x65, 0x08, 0x65, 0x08, 0x65, 0x08, 0x65, 0x08, 0x65, 0x08, 0x65, 0x08, 0x65, 0x08, 0x65,
    0x08, 0x65, 0x08, 0x65, 0x08, 0x65, 0x08, 0x65, 0x08, 0x65, 0x08, 0x65, 0x08, 0x65, 0x08, 0x65,
    0x08, 0x65, 0x08, 0x65, 0x08, 0x65, 0x08, 0x65, 0x08, 0x65, 0x08, 0x65, 0x08, 0x65, 0x08, 0x65,
    0x08, 0x65, 0x08, 0x65, 0x08, 0x65, 0x08, 0x65, 0x08, 0x65, 0x08, 0x65, 0x08, 0x65, 0x08, 0x65,
    0x08, 0x65, 0x08, 0x65, 0x08, 0x65, 0x08, 0x65, 0x08, 0x65, 0x08, 0x65, 0x08, 0x65, 0x08, 0x65,
    0x08, 0x65, 0x08, 0x65, 0x08, 0x65, 0x08, 0x65, 0x08, 0x65, 0x08, 0x65, 0x08, 0x65, 0x08, 0x65,
    0x08, 0x65, 0x08, 0x65, 0x08, 0x65, 0x08, 0x65, 0x08, 0x65, 0x08, 0x65, 0x08, 0x65, 0x08, 0x65,
    0x08, 0x65, 0x08, 0x65, 0x08, 0x65, 0x08, 0x65, 0x08, 0x65, 0x08, 0x65, 0x08, 0x65, 0x08, 0x65,
    0x08, 0x65, 0x08, 0x65, 0x08, 0x65, 0x08, 0x65, 0x08, 0x65, 0x08, 0x65, 0x08, 0x65, 0x08, 0x65,
    0x08, 0x65, 0x08, 0x65, 0x08, 0x65, 0x08, 0x65, 0x08, 0x65, 0x08, 0x65, 0x08, 0x65, 0x08, 0x65,
    0x08, 0x65, 0x08, 0x65, 0x08, 0x65, 0x08, 0x65, 0x08, 0x65, 0x08, 0x65, 0x08, 0x65, 0x08, 0x65,
    0x08, 0x65, 0x08, 0x65, 0x08, 0x65, 0x08, 0x65, 0x08, 0x65, 0x08, 0x65, 0x08, 0x65, 0x08, 0x65,
    0x08, 0x65, 0x08, 0x65, 0x08, 0x65, 0x08, 0x65, 0x08, 0x65, 0x08, 0x65, 0x08, 0x65, 0x00, 0x85,
    0x00, 0x85, 0x00, 0x85, 0x00, 0x85, 0x00, 0x85, 0x00, 0x85, 0x00, 0x85, 0x00, 0x85, 0x00, 0x85,
    0x08, 0x84, 0x00, 0x84, 0x08, 0x85, 0x00, 0x85, 0x08, 0x85, 0x08, 0x85, 0x08, 0x66, 0x08, 0x66,
    0x00, 0x25, 0x00, 0x46, 0x08, 0x86, 0x19, 0x09, 0x21, 0x6a, 0x00, 0x46, 0x00, 0x26, 0x00, 0x26,
    0x00, 0x25, 0x00, 0x25, 0x00, 0x25, 0x00, 0x25, 0x00, 0x25, 0x00, 0x25, 0x00, 0x25, 0x00, 0x25,
    0x00, 0x25, 0x00, 0x25, 0x00, 0x25, 0x00, 0x25, 0x00, 0x25, 0x00, 0x25, 0x00, 0x25, 0x00, 0x25,
    0x00, 0x25, 0x00, 0x25, 0x00, 0x25, 0x00, 0x25, 0x00, 0x25, 0x00, 0x25, 0x00, 0x25, 0x00, 0x25,
    0x00, 0x25, 0x00, 0x25, 0x00, 0x25, 0x00, 0x25, 0x00, 0x25, 0x00, 0x25, 0x00, 0x25, 0x00, 0x25,
    0x00, 0x25, 0x00, 0x25, 0x00, 0x25, 0x00, 0x25, 0x00, 0x25, 0x00, 0x25, 0x00, 0x25, 0x00, 0x25,
    0x00, 0x25, 0x00, 0x25, 0x00, 0x25, 0x00, 0x25, 0x00, 0x25, 0x00, 0x25, 0x00, 0x45, 0x00, 0x45,
    0x00, 0x04, 0x21, 0x29, 0x31, 0xab, 0x00, 0x04, 0x10, 0xc7, 0x08, 0x86, 0x08, 0x65, 0x08, 0x65,
    0x08, 0x65, 0x08, 0x65, 0x08, 0x65, 0x08, 0x65, 0x08, 0x65, 0x08, 0x65, 0x08, 0x65, 0x08, 0x65,
    0x08, 0x85, 0x00, 0x25, 0x00, 0x25, 0x29, 0x6a, 0x21, 0x08, 0x00, 0x04, 0x08, 0x45, 0x08, 0x65,
    0x08, 0x85, 0x08, 0x64, 0x08, 0x64, 0x08, 0x85, 0x08, 0x64, 0x00, 0x44, 0x08, 0x64, 0x08, 0x64,
    0x08, 0x64, 0x08, 0x64, 0x08, 0x64, 0x08, 0x64, 0x08, 0x64, 0x08, 0x64, 0x08, 0x64, 0x08, 0x64,
    0x08, 0x64, 0x08, 0x64, 0x08, 0x64, 0x08, 0x64, 0x08, 0x64, 0x08, 0x64, 0x08, 0x64, 0x08, 0x64,
    0x08, 0x64, 0x08, 0x64, 0x08, 0x64, 0x08, 0x64, 0x08, 0x64, 0x08, 0x64, 0x08, 0x64, 0x08, 0x64,
    0x08, 0x64, 0x08, 0x64, 0x08, 0x64, 0x08, 0x64, 0x08, 0x64, 0x08, 0x64, 0x08, 0x64, 0x08, 0x64,
    0x08, 0x64, 0x08, 0x64, 0x08, 0x64, 0x08, 0x64, 0x08, 0x64, 0x08, 0x64, 0x00, 0x43, 0x18, 0xe6,
    0x08, 0x64, 0x08, 0x64, 0x08, 0x64, 0x08, 0x64, 0x08, 0x64, 0x08, 0x64, 0x08, 0x64, 0x08, 0x64,
    0x08, 0x64, 0x08, 0x64, 0x08, 0x64, 0x08, 0x64, 0x08, 0x64, 0x08, 0x64, 0x08, 0x64, 0x08, 0x64,
    0x08, 0x64, 0x08, 0x64, 0x08, 0x64, 0x08, 0x64, 0x08, 0x64, 0x08, 0x64, 0x08, 0x64, 0x08, 0x64,
    0x08, 0x64, 0x08, 0x64, 0x08, 0x64, 0x08, 0x64, 0x08, 0x64, 0x08, 0x64, 0x08, 0x65, 0x08, 0x65,
    0x08, 0x65, 0x08, 0x65, 0x08, 0x65, 0x08, 0x65, 0x08, 0x65, 0x08, 0x65, 0x08, 0x65, 0x08, 0x65,
    0x08, 0x65, 0x08, 0x65, 0x08, 0x65, 0x08, 0x65, 0x08, 0x65, 0x08, 0x65, 0x08, 0x65, 0x08, 0x65,
    0x08, 0x65, 0x08, 0x65, 0x08, 0x65, 0x08, 0x65, 0x08, 0x65, 0x08, 0x65, 0x08, 0x65, 0x08, 0x65,
    0x08, 0x65, 0x08, 0x65, 0x08, 0x65, 0x08, 0x65, 0x08, 0x65, 0x08, 0x65, 0x08, 0x65, 0x08, 0x65,
    0x08, 0x65, 0x08, 0x65, 0x08, 0x65, 0x08, 0x65, 0x08, 0x65, 0x08, 0x65, 0x08, 0x65, 0x08, 0x65,
    0x08, 0x65, 0x08, 0x65, 0x08, 0x65, 0x08, 0x65, 0x08, 0x65, 0x08, 0x65, 0x08, 0x65, 0x08, 0x65,
    0x08, 0x65, 0x08, 0x65, 0x08, 0x65, 0x08, 0x65, 0x08, 0x65, 0x08, 0x65, 0x08, 0x65, 0x08, 0x65,
    0x08, 0x65, 0x08, 0x65, 0x08, 0x65, 0x08, 0x65, 0x08, 0x65, 0x08, 0x65, 0x08, 0x65, 0x08, 0x65,
    0x08, 0x65, 0x08, 0x65, 0x08, 0x65, 0x08, 0x65, 0x08, 0x65, 0x08, 0x65, 0x08, 0x65, 0x08, 0x65,
    0x08, 0x65, 0x08, 0x65, 0x08, 0x65, 0x08, 0x65, 0x08, 0x65, 0x08, 0x65, 0x08, 0x65, 0x08, 0x65,
    0x08, 0x65, 0x08, 0x65, 0x08, 0x65, 0x08, 0x65, 0x08, 0x65, 0x08, 0x65, 0x08, 0x65, 0x08, 0x65,
    0x08, 0x65, 0x08, 0x65, 0x08, 0x65, 0x08, 0x65, 0x08, 0x65, 0x08, 0x65, 0x08, 0x65, 0x08, 0x65,
    0x08, 0x65, 0x08, 0x65, 0x08, 0x65, 0x08, 0x65, 0x08, 0x65, 0x08, 0x65, 0x08, 0x65, 0x08, 0x65,
    0x08, 0x65, 0x08, 0x65, 0x08, 0x65, 0x08, 0x65, 0x08, 0x65, 0x08, 0x65, 0x08, 0x65, 0x08, 0x65,
    0x08, 0x65, 0x08, 0x65, 0x08, 0x65, 0x08, 0x65, 0x08, 0x65, 0x08, 0x65, 0x08, 0x65, 0x08, 0x65,
    0x08, 0x65, 0x08, 0x65, 0x08, 0x65, 0x08, 0x65, 0x08, 0x65, 0x08, 0x65, 0x08, 0x65, 0x08, 0x65,
    0x08, 0x65, 0x08, 0x65, 0x08, 0x65, 0x08, 0x65, 0x08, 0x65, 0x08, 0x65, 0x08, 0x65, 0x08, 0x65,
    0x08, 0x65, 0x08, 0x65, 0x08, 0x65, 0x08, 0x65, 0x08, 0x65, 0x08, 0x65, 0x08, 0x65, 0x00, 0x65,
    0x00, 0x65, 0x00, 0x65, 0x00, 0x65, 0x00, 0x65, 0x00, 0x65, 0x00, 0x65, 0x00, 0x65, 0x00, 0x65,
    0x08, 0x65, 0x08, 0x65, 0x08, 0x65, 0x08, 0x65, 0x08, 0x65, 0x08, 0x85, 0x08, 0x86, 0x08, 0x66,
    0x00, 0x45, 0x00, 0x24, 0x21, 0x29, 0x29, 0xab, 0x08, 0x86, 0x00, 0x04, 0x08, 0x86, 0x08, 0x86,
    0x08, 0x86, 0x08, 0x86, 0x08, 0x86, 0x08, 0x86, 0x08, 0x86, 0x08, 0x86, 0x08, 0x86, 0x08, 0x86,
    0x08, 0x86, 0x08, 0x86, 0x08, 0x86, 0x08, 0x86, 0x08, 0x86, 0x08, 0x86, 0x08, 0x86, 0x08, 0x86,
    0x08, 0x86, 0x08, 0x86, 0x08, 0x86, 0x08, 0x86, 0x08, 0x86, 0x08, 0x86, 0x08, 0x86, 0x08, 0x86,
    0x08, 0x86, 0x08, 0x86, 0x08, 0x86, 0x08, 0x86, 0x08, 0x86, 0x08, 0x86, 0x08, 0x86, 0x08, 0x86,
    0x08, 0x86, 0x08, 0x86, 0x08, 0x86, 0x08, 0x86, 0x08, 0x86, 0x08, 0x86, 0x08, 0x85, 0x08, 0x85,
    0x08, 0x85, 0x08, 0x85, 0x08, 0x85, 0x08, 0x86, 0x08, 0x86, 0x08, 0x86, 0x10, 0xa7, 0x00, 0x04,
    0x10, 0xc7, 0x00, 0x46, 0x29, 0x8b, 0x21, 0x49, 0x00, 0x04, 0x10, 0xa6, 0x08, 0x65, 0x08, 0x65,
    0x08, 0x65, 0x08, 0x65, 0x08, 0x64, 0x08, 0x64, 0x08, 0x64, 0x08, 0x64, 0x10, 0x85, 0x00, 0x24,
    0x10, 0x86, 0x08, 0x66, 0x00, 0x04, 0x10, 0x86, 0x31, 0xab, 0x08, 0x66, 0x00, 0x44, 0x08, 0x64,
    0x08, 0x85, 0x08, 0x65, 0x08, 0x64, 0x08, 0x64, 0x08, 0x64, 0x08, 0x64, 0x08, 0x64, 0x08, 0x64,
    0x08, 0x64, 0x08, 0x64, 0x08, 0x64, 0x08, 0x64, 0x08, 0x64, 0x08, 0x64, 0x08, 0x64, 0x08, 0x64,
    0x08, 0x64, 0x08, 0x64, 0x08, 0x64, 0x08, 0x64, 0x08, 0x64, 0x08, 0x64, 0x08, 0x64, 0x08, 0x64,
    0x08, 0x64, 0x08, 0x64, 0x08, 0x64, 0x08, 0x64, 0x08, 0x64, 0x08, 0x64, 0x08, 0x64, 0x08, 0x64,
    0x08, 0x64, 0x08, 0x64, 0x08, 0x64, 0x08, 0x64, 0x08, 0x64, 0x08, 0x64, 0x08, 0x64, 0x08, 0x64,
    0x08, 0x64, 0x08, 0x64, 0x08, 0x64, 0x08, 0x64, 0x08, 0x64, 0x08, 0x64, 0x00, 0x43, 0x18, 0xe6,
    0x08, 0x64, 0x08, 0x64, 0x08, 0x64, 0x08, 0x64, 0x08, 0x64, 0x08, 0x64, 0x08, 0x64, 0x08, 0x64,
    0x08, 0x64, 0x08, 0x64, 0x08, 0x64, 0x08, 0x64, 0x08, 0x64, 0x08, 0x64, 0x08, 0x64, 0x08, 0x64,
    0x08, 0x64, 0x08, 0x64, 0x08, 0x64, 0x08, 0x64, 0x08, 0x64, 0x08, 0x64, 0x08, 0x64, 0x08, 0x64,
    0x08, 0x64, 0x08, 0x64, 0x08, 0x64, 0x08, 0x64, 0x08, 0x64, 0x08, 0x64, 0x08, 0x65, 0x08, 0x65,
    0x08, 0x65, 0x08, 0x65, 0x08, 0x65, 0x08, 0x65, 0x08, 0x65, 0x08, 0x65, 0x08, 0x65, 0x08, 0x65,
    0x08, 0x65, 0x08, 0x65, 0x08, 0x65, 0x08, 0x65, 0x08, 0x65, 0x08, 0x65, 0x08, 0x65, 0x08, 0x65,
    0x08, 0x65, 0x08, 0x65, 0x08, 0x65, 0x08, 0x65, 0x08, 0x65, 0x08, 0x65, 0x08, 0x65, 0x08, 0x65,
    0x08, 0x65, 0x08, 0x65, 0x08, 0x65, 0x08, 0x65, 0x08, 0x65, 0x08, 0x65, 0x08, 0x65, 0x08, 0x65,
    0x08, 0x65, 0x08, 0x65, 0x08, 0x65, 0x08, 0x65, 0x08, 0x65, 0x08, 0x65, 0x08, 0x65, 0x08, 0x65,
    0x08, 0x65, 0x08, 0x65, 0x08, 0x65, 0x08, 0x65, 0x08, 0x65, 0x08, 0x65, 0x08, 0x65, 0x08, 0x65,
    0x08, 0x65, 0x08, 0x65, 0x08, 0x65, 0x08, 0x65, 0x08, 0x65, 0x08, 0x65, 0x08, 0x65, 0x08, 0x65,
    0x08, 0x65, 0x08, 0x65, 0x08, 0x65, 0x08, 0x65, 0x08, 0x65, 0x08, 0x65, 0x08, 0x65, 0x08, 0x65,
    0x08, 0x65, 0x08, 0x65, 0x08, 0x65, 0x08, 0x65, 0x08, 0x65, 0x08, 0x65, 0x08, 0x65, 0x08, 0x65,
    0x08, 0x65, 0x08, 0x65, 0x08, 0x65, 0x08, 0x65, 0x08, 0x65, 0x08, 0x65, 0x08, 0x65, 0x08, 0x65,
    0x08, 0x65, 0x08, 0x65, 0x08, 0x65, 0x08, 0x65, 0x08, 0x65, 0x08, 0x65, 0x08, 0x65, 0x08, 0x65,
    0x08, 0x65, 0x08, 0x65, 0x08, 0x65, 0x08, 0x65, 0x08, 0x65, 0x08, 0x65, 0x08, 0x65, 0x08, 0x65,
    0x08, 0x65, 0x08, 0x65, 0x08, 0x65, 0x08, 0x65, 0x08, 0x65, 0x08, 0x65, 0x08, 0x65, 0x08, 0x65,
    0x08, 0x65, 0x08, 0x65, 0x08, 0x65, 0x08, 0x65, 0x08, 0x65, 0x08, 0x65, 0x08, 0x65, 0x08, 0x65,
    0x08, 0x65, 0x08, 0x65, 0x08, 0x65, 0x08, 0x65, 0x08, 0x65, 0x08, 0x65, 0x08, 0x65, 0x08, 0x65,
    0x08, 0x65, 0x08, 0x65, 0x08, 0x65, 0x08, 0x65, 0x08, 0x65, 0x08, 0x65, 0x08, 0x65, 0x08, 0x65,
    0x08, 0x65, 0x08, 0x65, 0x08, 0x65, 0x08, 0x65, 0x08, 0x65, 0x08, 0x65, 0x08, 0x65, 0x08, 0x65,
    0x08, 0x65, 0x08, 0x65, 0x08, 0x65, 0x08, 0x65, 0x08, 0x65, 0x08, 0x65, 0x08, 0x65, 0x08, 0x65,
    0x08, 0x65, 0x08, 0x65, 0x08, 0x65, 0x08, 0x65, 0x08, 0x65, 0x08, 0x65, 0x08, 0x65, 0x08, 0x65,
    0x08, 0x65, 0x08, 0x65, 0x08, 0x65, 0x08, 0x65, 0x08, 0x65, 0x08, 0x65, 0x00, 0x45, 0x08, 0x65,
    0x08, 0x65, 0x00, 0x24, 0x21, 0x49, 0x29, 0x6a, 0x00, 0x04, 0x00, 0x66, 0x00, 0x65, 0x00, 0x65,
    0x00, 0x45, 0x00, 0x45, 0x00, 0x45, 0x08, 0x44, 0x08, 0x44, 0x08, 0x44, 0x08, 0x45, 0x00, 0x45,
    0x00, 0x45, 0x00, 0x45, 0x00, 0x45, 0x00, 0x45, 0x00, 0x45, 0x00, 0x45, 0x00, 0x45, 0x00, 0x45,
    0x00, 0x45, 0x00, 0x45, 0x00, 0x45, 0x00, 0x45, 0x00, 0x45, 0x00, 0x45, 0x00, 0x45, 0x00, 0x45,
    0x00, 0x45, 0x00, 0x45, 0x00, 0x45, 0x00, 0x45, 0x00, 0x45, 0x00, 0x45, 0x00, 0x45, 0x00, 0x45,
    0x00, 0x45, 0x00, 0x45, 0x00, 0x45, 0x00, 0x45, 0x00, 0x45, 0x00, 0x45, 0x00, 0x45, 0x00, 0x64,
    0x00, 0x64, 0x00, 0x45, 0x00, 0x45, 0x00, 0x45, 0x00, 0x45, 0x00, 0x45, 0x00, 0x04, 0x08, 0x86,
    0x08, 0x66, 0x00, 0x04, 0x10, 0xc8, 0x3a, 0x0c, 0x08, 0x66, 0x08, 0x86, 0x08, 0x65, 0x08, 0x65,
    0x08, 0x65, 0x08, 0x65, 0x08, 0x64, 0x08, 0x64, 0x08, 0x64, 0x08, 0x64, 0x00, 0x24, 0x10, 0x85,
    0x08, 0x65, 0x08, 0x45, 0x10, 0x86, 0x00, 0x05, 0x29, 0x4a, 0x29, 0x6a, 0x08, 0x45, 0x08, 0x44,
    0x08, 0x64, 0x08, 0x64, 0x08, 0x64, 0x08, 0x44, 0x08, 0x64, 0x08, 0x85, 0x08, 0x64, 0x08, 0x64,
    0x08, 0x64, 0x08, 0x64, 0x08, 0x64, 0x08, 0x64, 0x08, 0x64, 0x08, 0x64, 0x08, 0x64, 0x08, 0x64,
    0x08, 0x64, 0x08, 0x64, 0x08, 0x64, 0x08, 0x64, 0x08, 0x64, 0x08, 0x64, 0x08, 0x64, 0x08, 0x64,
    0x08, 0x64, 0x08, 0x64, 0x08, 0x64, 0x08, 0x64, 0x08, 0x64, 0x08, 0x64, 0x08, 0x64, 0x08, 0x64,
    0x08, 0x64, 0x08, 0x64, 0x08, 0x64, 0x08, 0x64, 0x08, 0x64, 0x08, 0x64, 0x08, 0x64, 0x08, 0x64,
    0x08, 0x64, 0x08, 0x64, 0x08, 0x64, 0x08, 0x64, 0x08, 0x64, 0x08, 0x64, 0x00, 0x43, 0x18, 0xe6,
    0x08, 0x64, 0x08, 0x64, 0x08, 0x64, 0x08, 0x64, 0x08, 0x64, 0x08, 0x64, 0x08, 0x64, 0x08, 0x64,
    0x08, 0x64, 0x08, 0x64, 0x08, 0x64, 0x08, 0x64, 0x08, 0x64, 0x08, 0x64, 0x08, 0x64, 0x08, 0x64,
    0x08, 0x64, 0x08, 0x64, 0x08, 0x64, 0x08, 0x64, 0x08, 0x64, 0x08, 0x64, 0x08, 0x64, 0x08, 0x64,
    0x08, 0x64, 0x08, 0x64, 0x08, 0x64, 0x08, 0x64, 0x08, 0x64, 0x08, 0x64, 0x08, 0x65, 0x08, 0x65,
    0x08, 0x65, 0x08, 0x65, 0x08, 0x65, 0x08, 0x65, 0x08, 0x65, 0x08, 0x65, 0x08, 0x65, 0x08, 0x65,
    0x08, 0x65, 0x08, 0x65, 0x08, 0x65, 0x08, 0x65, 0x08, 0x65, 0x08, 0x65, 0x08, 0x65, 0x08, 0x65,
    0x08, 0x65, 0x08, 0x65, 0x08, 0x65, 0x08, 0x65, 0x08, 0x65, 0x08, 0x65, 0x08, 0x65, 0x08, 0x65,
    0x08, 0x65, 0x08, 0x65, 0x08, 0x65, 0x08, 0x65, 0x08, 0x65, 0x08, 0x65, 0x08, 0x65, 0x08, 0x65,
    0x08, 0x65, 0x08, 0x65, 0x08, 0x65, 0x08, 0x65, 0x08, 0x65, 0x08, 0x65, 0x08, 0x65, 0x08, 0x65,
    0x08, 0x65, 0x08, 0x65, 0x08, 0x65, 0x08, 0x65, 0x08, 0x65, 0x08, 0x65, 0x08, 0x65, 0x08, 0x65,
    0x08, 0x65, 0x08, 0x65, 0x08, 0x65, 0x08, 0x65, 0x08, 0x65, 0x08, 0x65, 0x08, 0x65, 0x08, 0x65,
    0x08, 0x65, 0x08, 0x65, 0x08, 0x65, 0x08, 0x65, 0x08, 0x65, 0x08, 0x65, 0x08, 0x65, 0x08, 0x65,
    0x08, 0x65, 0x08, 0x65, 0x08, 0x65, 0x08, 0x65, 0x08, 0x65, 0x08, 0x65, 0x08, 0x65, 0x08, 0x65,
    0x08, 0x65, 0x08, 0x65, 0x08, 0x65, 0x08, 0x65, 0x08, 0x65, 0x08, 0x65, 0x08, 0x65, 0x08, 0x65,
    0x08, 0x65, 0x08, 0x65, 0x08, 0x65, 0x08, 0x65, 0x08, 0x65, 0x08, 0x65, 0x08, 0x65, 0x08, 0x65,
    0x08, 0x65, 0x08, 0x65, 0x08, 0x65, 0x08, 0x65, 0x08, 0x65, 0x08, 0x65, 0x08, 0x65, 0x08, 0x65,
    0x08, 0x65, 0x08, 0x65, 0x08, 0x65, 0x08, 0x65, 0x08, 0x65, 0x08, 0x65, 0x08, 0x65, 0x08, 0x65,
    0x08, 0x65, 0x08, 0x65, 0x08, 0x65, 0x08, 0x65, 0x08, 0x65, 0x08, 0x65, 0x08, 0x65, 0x08, 0x65,
    0x08, 0x65, 0x08, 0x65, 0x08, 0x65, 0x08, 0x65, 0x08, 0x65, 0x08, 0x65, 0x08, 0x65, 0x08, 0x65,
    0x08, 0x65, 0x08, 0x65, 0x08, 0x65, 0x08, 0x65, 0x08, 0x65, 0x08, 0x65, 0x08, 0x65, 0x08, 0x65,
    0x08, 0x65, 0x08, 0x65, 0x08, 0x65, 0x08, 0x65, 0x08, 0x65, 0x08, 0x65, 0x08, 0x65, 0x08, 0x65,
    0x08, 0x65, 0x08, 0x65, 0x08, 0x65, 0x08, 0x65, 0x08, 0x65, 0x08, 0x65, 0x08, 0x65, 0x08, 0x65,
    0x08, 0x65, 0x08, 0x65, 0x08, 0x65, 0x08, 0x65, 0x08, 0x65, 0x08, 0x65, 0x08, 0x45, 0x08, 0x45,
    0x08, 0x45, 0x08, 0x65, 0x08, 0x65, 0x08, 0x65, 0x08, 0x65, 0x08, 0x65, 0x00, 0x44, 0x00, 0x44,
    0x08, 0x65, 0x10, 0xc6, 0x21, 0x48, 0x10, 0xc6, 0x00, 0x24, 0x08, 0xa6, 0x00, 0x85, 0x00, 0x85,
    0x08, 0x85, 0x08, 0x85, 0x08, 0x65, 0x08, 0x64, 0x08, 0x64, 0x08, 0x64, 0x08, 0x64, 0x08, 0x64,
    0x08, 0x64, 0x08, 0x64, 0x08, 0x64, 0x08, 0x64, 0x08, 0x64, 0x08, 0x64, 0x08, 0x64, 0x08, 0x64,
    0x08, 0x64, 0x08, 0x64, 0x08, 0x64, 0x08, 0x64, 0x08, 0x64, 0x08, 0x65, 0x08, 0x65, 0x08, 0x65,
    0x08, 0x65, 0x08, 0x65, 0x08, 0x65, 0x08, 0x65, 0x08, 0x65, 0x08, 0x65, 0x08, 0x65, 0x08, 0x65,
    0x08, 0x65, 0x08, 0x65, 0x08, 0x65, 0x08, 0x65, 0x08, 0x65, 0x08, 0x65, 0x08, 0x85, 0x08, 0x85,
    0x08, 0x85, 0x08, 0x85, 0x08, 0x85, 0x08, 0x65, 0x08, 0x65, 0x08, 0x65, 0x00, 0x24, 0x19, 0x08,
    0x00, 0x04, 0x00, 0x45, 0x00, 0x46, 0x19, 0x09, 0x21, 0x4a, 0x00, 0x25, 0x08, 0x65, 0x08, 0x65,
    0x08, 0x65, 0x08, 0x65, 0x08, 0x64, 0x08, 0x64, 0x08, 0x64, 0x08, 0x64, 0x00, 0x24, 0x10, 0xa6,
    0x08, 0x45, 0x00, 0x24, 0x10, 0xa7, 0x00, 0x25, 0x10, 0x67, 0x31, 0xab, 0x18, 0xc6, 0x08, 0x64,
    0x00, 0x44, 0x08, 0x64, 0x08, 0x85, 0x08, 0x44, 0x08, 0x44, 0x08, 0x85, 0x08, 0x64, 0x08, 0x64,
    0x08, 0x64, 0x08, 0x64, 0x08, 0x64, 0x08, 0x64, 0x08, 0x64, 0x08, 0x64, 0x08, 0x64, 0x08, 0x64,
    0x08, 0x64, 0x08, 0x64, 0x08, 0x64, 0x08, 0x64, 0x08, 0x64, 0x08, 0x64, 0x08, 0x64, 0x08, 0x64,
    0x08, 0x64, 0x08, 0x64, 0x08, 0x64, 0x08, 0x64, 0x08, 0x64, 0x08, 0x64, 0x08, 0x64, 0x08, 0x64,
    0x08, 0x64, 0x08, 0x64, 0x08, 0x64, 0x08, 0x64, 0x08, 0x64, 0x08, 0x64, 0x08, 0x64, 0x08, 0x64,
    0x08, 0x64, 0x08, 0x64, 0x08, 0x64, 0x08, 0x64, 0x08, 0x64, 0x08, 0x64, 0x00, 0x43, 0x18, 0xe6,
    0x08, 0x64, 0x08, 0x64, 0x08, 0x64, 0x08, 0x64, 0x08, 0x64, 0x08, 0x64, 0x08, 0x64, 0x08, 0x64,
    0x08, 0x64, 0x08, 0x64, 0x08, 0x64, 0x08, 0x64, 0x08, 0x64, 0x08, 0x64, 0x08, 0x64, 0x08, 0x64,
    0x08, 0x64, 0x08, 0x64, 0x08, 0x64, 0x08, 0x64, 0x08, 0x64, 0x08, 0x64, 0x08, 0x64, 0x08, 0x64,
    0x08, 0x64, 0x08, 0x64, 0x08, 0x64, 0x08, 0x64, 0x08, 0x64, 0x08, 0x64, 0x08, 0x65, 0x08, 0x65,
    0x08, 0x65, 0x08, 0x65, 0x08, 0x65, 0x08, 0x65, 0x08, 0x65, 0x08, 0x65, 0x08, 0x65, 0x08, 0x65,
    0x08, 0x65, 0x08, 0x65, 0x08, 0x65, 0x08, 0x65, 0x08, 0x65, 0x08, 0x65, 0x08, 0x65, 0x08, 0x65,
    0x08, 0x65, 0x08, 0x65, 0x08, 0x65, 0x08, 0x65, 0x08, 0x65, 0x08, 0x65, 0x08, 0x65, 0x08, 0x65,
    0x08, 0x65, 0x08, 0x65, 0x08, 0x65, 0x08, 0x65, 0x08, 0x65, 0x08, 0x65, 0x08, 0x65, 0x08, 0x65,
    0x08, 0x65, 0x08, 0x65, 0x08, 0x65, 0x08, 0x65, 0x08, 0x65, 0x08, 0x65, 0x08, 0x65, 0x08, 0x65,
    0x08, 0x65, 0x08, 0x65, 0x08, 0x65, 0x08, 0x65, 0x08, 0x65, 0x08, 0x65, 0x08, 0x65, 0x08, 0x65,
    0x08, 0x65, 0x08, 0x65, 0x08, 0x65, 0x08, 0x65, 0x08, 0x65, 0x08, 0x65, 0x08, 0x65, 0x08, 0x65,
    0x08, 0x65, 0x08, 0x65, 0x08, 0x65, 0x08, 0x65, 0x08, 0x65, 0x08, 0x65, 0x08, 0x65, 0x08, 0x65,
    0x08, 0x65, 0x08, 0x65, 0x08, 0x65, 0x08, 0x65, 0x08, 0x65, 0x08, 0x65, 0x08, 0x65, 0x08, 0x65,
    0x08, 0x65, 0x08, 0x65, 0x08, 0x65, 0x08, 0x65, 0x08, 0x65, 0x08, 0x65, 0x08, 0x65, 0x08, 0x65,
    0x08, 0x65, 0x08, 0x65, 0x08, 0x65, 0x08, 0x65, 0x08, 0x65, 0x08, 0x65, 0x08, 0x65, 0x08, 0x65,
    0x08, 0x65, 0x08, 0x65, 0x08, 0x65, 0x08, 0x65, 0x08, 0x65, 0x08, 0x65, 0x08, 0x65, 0x08, 0x65,
    0x08, 0x65, 0x08, 0x65, 0x08, 0x65, 0x08, 0x65, 0x08, 0x65, 0x08, 0x65, 0x08, 0x65, 0x08, 0x65,
    0x08, 0x65, 0x08, 0x65, 0x08, 0x65, 0x08, 0x65, 0x08, 0x65, 0x08, 0x65, 0x08, 0x65, 0x08, 0x65,
    0x08, 0x65, 0x08, 0x65, 0x08, 0x65, 0x08, 0x65, 0x08, 0x65, 0x08, 0x65, 0x08, 0x65, 0x08, 0x65,
    0x08, 0x65, 0x08, 0x65, 0x08, 0x65, 0x08, 0x65, 0x08, 0x65, 0x08, 0x65, 0x08, 0x65, 0x08, 0x65,
    0x08, 0x65, 0x08, 0x65, 0x08, 0x65, 0x08, 0x65, 0x08, 0x65, 0x08, 0x65, 0x08, 0x65, 0x08, 0x65,
    0x08, 0x65, 0x08, 0x65, 0x08, 0x65, 0x08, 0x65, 0x08, 0x65, 0x08, 0x65, 0x08, 0x64, 0x08, 0x64,
    0x08, 0x44, 0x08, 0x64, 0x08, 0x65, 0x08, 0x65, 0x08, 0x65, 0x08, 0x65, 0x08, 0x44, 0x08, 0x45,
    0x08, 0x45, 0x08, 0x65, 0x08, 0x65, 0x08, 0x65, 0x08, 0x65, 0x08, 0x65, 0x10, 0xa6, 0x08, 0x65,
    0x08, 0x65, 0x29, 0x69, 0x21, 0x69, 0x00, 0x65, 0x08, 0x85, 0x00, 0x65, 0x08, 0x65, 0x08, 0x65,
    0x08, 0x64, 0x08, 0x64, 0x08, 0x64, 0x08, 0x64, 0x08, 0x64, 0x08, 0x64, 0x08, 0x64, 0x08, 0x64,
    0x08, 0x64, 0x08, 0x64, 0x08, 0x64, 0x08, 0x64, 0x08, 0x64, 0x08, 0x64, 0x08, 0x64, 0x08, 0x64,
    0x08, 0x64, 0x08, 0x64, 0x08, 0x64, 0x08, 0x64, 0x08, 0x64, 0x08, 0x64, 0x08, 0x65, 0x08, 0x65,
    0x08, 0x65, 0x08, 0x65, 0x08, 0x65, 0x08, 0x65, 0x08, 0x65, 0x08, 0x65, 0x08, 0x65, 0x08, 0x65,
    0x08, 0x65, 0x08, 0x65, 0x08, 0x65, 0x08, 0x65, 0x08, 0x65, 0x08, 0x65, 0x08, 0x64, 0x08, 0x64,
    0x08, 0x64, 0x08, 0x65, 0x08, 0x65, 0x08, 0x65, 0x08, 0x65, 0x08, 0x65, 0x10, 0xa6, 0x00, 0x24,
    0x10, 0xa6, 0x08, 0x66, 0x00, 0x46, 0x10, 0xc7, 0x31, 0xab, 0x10, 0xc8, 0x08, 0x65, 0x08, 0x65,
    0x08, 0x65, 0x08, 0x65, 0x08, 0x65, 0x08, 0x64, 0x08, 0x64, 0x08, 0x64, 0x08, 0x44, 0x08, 0x65,
    0x08, 0x45, 0x08, 0x45, 0x08, 0x45, 0x08, 0x66, 0x00, 0x04, 0x29, 0x6a, 0x29, 0x49, 0x10, 0xa6,
    0x00, 0x44, 0x08, 0x85, 0x10, 0xa6, 0x08, 0x65, 0x00, 0x44, 0x08, 0x64, 0x08, 0x64, 0x08, 0x64,
    0x08, 0x64, 0x08, 0x64, 0x08, 0x64, 0x08, 0x64, 0x08, 0x64, 0x08, 0x64, 0x08, 0x64, 0x08, 0x64,
    0x08, 0x64, 0x08, 0x64, 0x08, 0x64, 0x08, 0x64, 0x08, 0x64, 0x08, 0x64, 0x08, 0x64, 0x08, 0x64,
    0x08, 0x64, 0x08, 0x64, 0x08, 0x64, 0x08, 0x64, 0x08, 0x64, 0x08, 0x64, 0x08, 0x64, 0x08, 0x64,
    0x08, 0x64, 0x08, 0x64, 0x08, 0x64, 0x08, 0x64, 0x08, 0x64, 0x08, 0x64, 0x08, 0x64, 0x08, 0x64,
    0x08, 0x64, 0x08, 0x64, 0x08, 0x64, 0x08, 0x64, 0x08, 0x64, 0x08, 0x64, 0x00, 0x43, 0x18, 0xe6,
    0x08, 0x65, 0x08, 0x65, 0x08, 0x65, 0x08, 0x65, 0x08, 0x65, 0x08, 0x65, 0x08, 0x65, 0x08, 0x65,
    0x08, 0x65, 0x08, 0x65, 0x08, 0x65, 0x08, 0x65, 0x08, 0x65, 0x08, 0x65, 0x08, 0x65, 0x08, 0x65,
    0x08, 0x65, 0x08, 0x65, 0x08, 0x65, 0x08, 0x65, 0x08, 0x65, 0x08, 0x65, 0x08, 0x65, 0x08, 0x65,
    0x08, 0x65, 0x08, 0x65, 0x08, 0x65, 0x08, 0x65, 0x08, 0x65, 0x08, 0x65, 0x08, 0x65, 0x08, 0x65,
    0x08, 0x65, 0x08, 0x65, 0x08, 0x65, 0x08, 0x65, 0x08, 0x65, 0x08, 0x65, 0x08, 0x65, 0x08, 0x65,
    0x08, 0x65, 0x08, 0x65, 0x08, 0x65, 0x08, 0x65, 0x08, 0x65, 0x08, 0x65, 0x08, 0x65, 0x08, 0x65,
    0x08, 0x65, 0x08, 0x65, 0x08, 0x65, 0x08, 0x65, 0x08, 0x65, 0x08, 0x65, 0x08, 0x65, 0x08, 0x65,
    0x08, 0x65, 0x08, 0x65, 0x08, 0x65, 0x08, 0x65, 0x08, 0x65, 0x08, 0x65, 0x08, 0x65, 0x08, 0x65,
    0x08, 0x65, 0x08, 0x65, 0x08, 0x65, 0x08, 0x65, 0x08, 0x65, 0x08, 0x65, 0x08, 0x65, 0x08, 0x65,
    0x08, 0x65, 0x08, 0x65, 0x08, 0x65, 0x08, 0x65, 0x08, 0x65, 0x08, 0x65, 0x08, 0x65, 0x08, 0x65,
    0x08, 0x65, 0x08, 0x65, 0x08, 0x65, 0x08, 0x65, 0x08, 0x65, 0x08, 0x65, 0x08, 0x65, 0x08, 0x65,
    0x08, 0x65, 0x08, 0x65, 0x08, 0x65, 0x08, 0x65, 0x08, 0x65, 0x08, 0x65, 0x08, 0x65, 0x08, 0x65,
    0x08, 0x65, 0x08, 0x65, 0x08, 0x65, 0x08, 0x65, 0x08, 0x65, 0x08, 0x65, 0x08, 0x65, 0x08, 0x65,
    0x08, 0x65, 0x08, 0x65, 0x08, 0x65, 0x08, 0x65, 0x08, 0x65, 0x08, 0x65, 0x08, 0x65, 0x08, 0x65,
    0x08, 0x65, 0x08, 0x65, 0x08, 0x65, 0x08, 0x65, 0x08, 0x65, 0x08, 0x65, 0x08, 0x65, 0x08, 0x65,
    0x08, 0x65, 0x08, 0x65, 0x08, 0x65, 0x08, 0x65, 0x08, 0x65, 0x08, 0x65, 0x08, 0x65, 0x08, 0x65,
    0x08, 0x65, 0x08, 0x65, 0x08, 0x65, 0x08, 0x65, 0x08, 0x65, 0x08, 0x65, 0x08, 0x65, 0x08, 0x65,
    0x08, 0x65, 0x08, 0x65, 0x08, 0x65, 0x08, 0x65, 0x08, 0x65, 0x08, 0x65, 0x08, 0x65, 0x08, 0x65,
    0x08, 0x65, 0x08, 0x65, 0x08, 0x65, 0x08, 0x65, 0x08, 0x65, 0x08, 0x65, 0x08, 0x65, 0x08, 0x65,
    0x08, 0x65, 0x08, 0x65, 0x08, 0x65, 0x08, 0x65, 0x08, 0x65, 0x08, 0x65, 0x08, 0x65, 0x08, 0x65,
    0x08, 0x65, 0x08, 0x65, 0x08, 0x65, 0x08, 0x65, 0x08, 0x65, 0x08, 0x65, 0x08, 0x65, 0x08, 0x65,
    0x08, 0x65, 0x08, 0x65, 0x08, 0x65, 0x08, 0x65, 0x08, 0x65, 0x08, 0x64, 0x08, 0x64, 0x08, 0x64,
    0x08, 0x64, 0x08, 0x64, 0x08, 0x64, 0x08, 0x64, 0x08, 0x64, 0x08, 0x64, 0x00, 0x44, 0x08, 0x65,
    0x08, 0x85, 0x08, 0x85, 0x08, 0x85, 0x08, 0x85, 0x08, 0x65, 0x08, 0x65, 0x08, 0x85, 0x08, 0x65,
    0x19, 0x07, 0x29, 0x8a, 0x00, 0x24, 0x00, 0x44, 0x08, 0x85, 0x00, 0x64, 0x08, 0x65, 0x08, 0x64,
    0x08, 0x64, 0x08, 0x64, 0x08, 0x64, 0x08, 0x64, 0x08, 0x65, 0x08, 0x65, 0x08, 0x65, 0x08, 0x65,
    0x08, 0x64, 0x08, 0x64, 0x08, 0x64, 0x08, 0x64, 0x08, 0x64, 0x08, 0x64, 0x08, 0x64, 0x08, 0x64,
    0x08, 0x64, 0x08, 0x64, 0x08, 0x64, 0x08, 0x64, 0x08, 0x64, 0x08, 0x64, 0x08, 0x65, 0x08, 0x65,
    0x08, 0x65, 0x08, 0x65, 0x08, 0x65, 0x08, 0x65, 0x08, 0x65, 0x08, 0x65, 0x08, 0x65, 0x08, 0x65,
    0x08, 0x65, 0x08, 0x65, 0x08, 0x65, 0x08, 0x65, 0x08, 0x65, 0x08, 0x65, 0x08, 0x65, 0x08, 0x64,
    0x08, 0x65, 0x08, 0x65, 0x08, 0x65, 0x08, 0x65, 0x08, 0x65, 0x08, 0x65, 0x08, 0x65, 0x08, 0x64,
    0x08, 0x65, 0x08, 0x65, 0x00, 0x65, 0x00, 0x66, 0x10, 0xe9, 0x31, 0xab, 0x00, 0x04, 0x08, 0x45,
    0x10, 0x86, 0x00, 0x04, 0x08, 0x85, 0x08, 0x65, 0x08, 0x85, 0x08, 0x64, 0x08, 0x64, 0x08, 0x65,
    0x08, 0x65, 0x08, 0x65, 0x08, 0x66, 0x08, 0x66, 0x00, 0x45, 0x00, 0x25, 0x31, 0xab, 0x18, 0xe8,
    0x00, 0x25, 0x08, 0x86, 0x00, 0x04, 0x18, 0xe7, 0x00, 0x03, 0x08, 0x85, 0x08, 0x64, 0x08, 0x64,
    0x08, 0x64, 0x08, 0x64, 0x08, 0x64, 0x08, 0x64, 0x08, 0x65, 0x08, 0x65, 0x08, 0x65, 0x08, 0x65,
    0x08, 0x65, 0x08, 0x65, 0x08, 0x65, 0x08, 0x65, 0x08, 0x65, 0x08, 0x65, 0x08, 0x65, 0x08, 0x65,
    0x08, 0x65, 0x08, 0x65, 0x08, 0x65, 0x08, 0x65, 0x08, 0x65, 0x08, 0x65, 0x08, 0x64, 0x08, 0x64,
    0x08, 0x64, 0x08, 0x64, 0x08, 0x64, 0x08, 0x64, 0x08, 0x64, 0x08, 0x64, 0x08, 0x64, 0x08, 0x64,
    0x08, 0x64, 0x08, 0x64, 0x08, 0x64, 0x08, 0x64, 0x08, 0x64, 0x08, 0x64, 0x00, 0x23, 0x18, 0xe6,
    0x08, 0x65, 0x08, 0x65, 0x08, 0x65, 0x08, 0x65, 0x08, 0x65, 0x08, 0x65, 0x08, 0x65, 0x08, 0x65,
    0x08, 0x65, 0x08, 0x65, 0x08, 0x65, 0x08, 0x65, 0x08, 0x65, 0x08, 0x65, 0x08, 0x65, 0x08, 0x65,
    0x08, 0x65, 0x08, 0x65, 0x08, 0x65, 0x08, 0x65, 0x08, 0x65, 0x08, 0x65, 0x08, 0x65, 0x08, 0x65,
    0x08, 0x65, 0x08, 0x65, 0x08, 0x65, 0x08, 0x65, 0x08, 0x65, 0x08, 0x65, 0x08, 0x65, 0x08, 0x65,
    0x08, 0x65, 0x08, 0x65, 0x08, 0x65, 0x08, 0x65, 0x08, 0x65, 0x08, 0x65, 0x08, 0x65, 0x08, 0x65,
    0x08, 0x65, 0x08, 0x65, 0x08, 0x65, 0x08, 0x65, 0x08, 0x65, 0x08, 0x65, 0x08, 0x65, 0x08, 0x65,
    0x08, 0x65, 0x08, 0x65, 0x08, 0x65, 0x08, 0x65, 0x08, 0x65, 0x08, 0x65, 0x08, 0x65, 0x08, 0x65,
    0x08, 0x65, 0x08, 0x65, 0x08, 0x65, 0x08, 0x65, 0x08, 0x65, 0x08, 0x65, 0x08, 0x65, 0x08, 0x65,
    0x08, 0x65, 0x08, 0x65, 0x08, 0x65, 0x08, 0x65, 0x08, 0x65, 0x08, 0x65, 0x08, 0x65, 0x08, 0x65,
    0x08, 0x65, 0x08, 0x65, 0x08, 0x65, 0x08, 0x65, 0x08, 0x65, 0x08, 0x65, 0x08, 0x65, 0x08, 0x65,
    0x08, 0x65, 0x08, 0x65, 0x08, 0x65, 0x08, 0x65, 0x08, 0x65, 0x08, 0x65, 0x08, 0x65, 0x08, 0x65,
    0x08, 0x65, 0x08, 0x65, 0x08, 0x65, 0x08, 0x65, 0x08, 0x65, 0x08, 0x65, 0x08, 0x65, 0x08, 0x65,
    0x08, 0x65, 0x08, 0x65, 0x08, 0x65, 0x08, 0x65, 0x08, 0x65, 0x08, 0x65, 0x08, 0x65, 0x08, 0x65,
    0x08, 0x65, 0x08, 0x65, 0x08, 0x65, 0x08, 0x65, 0x08, 0x65, 0x08, 0x65, 0x08, 0x65, 0x08, 0x65,
    0x08, 0x65, 0x08, 0x65, 0x08, 0x65, 0x08, 0x65, 0x08, 0x65, 0x08, 0x65, 0x08, 0x65, 0x08, 0x65,
    0x08, 0x65, 0x08, 0x65, 0x08, 0x65, 0x08, 0x65, 0x08, 0x65, 0x08, 0x65, 0x08, 0x65, 0x08, 0x65,
    0x08, 0x65, 0x08, 0x65, 0x08, 0x65, 0x08, 0x65, 0x08, 0x65, 0x08, 0x65, 0x08, 0x65, 0x08, 0x65,
    0x08, 0x65, 0x08, 0x65, 0x08, 0x65, 0x08, 0x65, 0x08, 0x65, 0x08, 0x65, 0x08, 0x65, 0x08, 0x65,
    0x08, 0x65, 0x08, 0x65, 0x08, 0x65, 0x08, 0x65, 0x08, 0x65, 0x08, 0x65, 0x08, 0x65, 0x08, 0x65,
    0x08, 0x65, 0x08, 0x65, 0x08, 0x65, 0x08, 0x65, 0x08, 0x65, 0x08, 0x65, 0x08, 0x65, 0x08, 0x65,
    0x08, 0x65, 0x08, 0x65, 0x08, 0x65, 0x08, 0x65, 0x08, 0x65, 0x08, 0x65, 0x08, 0x65, 0x08, 0x65,
    0x08, 0x65, 0x08, 0x65, 0x08, 0x65, 0x08, 0x65, 0x08, 0x65, 0x08, 0x64, 0x08, 0x64, 0x08, 0x64,
    0x08, 0x64, 0x08, 0x64, 0x08, 0x64, 0x08, 0x64, 0x08, 0x64, 0x08, 0x64, 0x00, 0x64, 0x00, 0x64,
    0x00, 0x64, 0x08, 0x65, 0x08, 0x65, 0x08, 0x65, 0x08, 0x65, 0x00, 0x65, 0x00, 0x24, 0x18, 0xe7,
    0x29, 0x49, 0x10, 0xc7, 0x00, 0x45, 0x00, 0x44, 0x08, 0x85, 0x08, 0x65, 0x08, 0x64, 0x08, 0x64,
    0x08, 0x64, 0x08, 0x64, 0x08, 0x65, 0x08, 0x65, 0x08, 0x65, 0x08, 0x65, 0x08, 0x65, 0x08, 0x65,
    0x08, 0x65, 0x08, 0x65, 0x08, 0x64, 0x08, 0x64, 0x08, 0x64, 0x08, 0x64, 0x08, 0x64, 0x08, 0x64,
    0x08, 0x64, 0x08, 0x64, 0x08, 0x64, 0x08, 0x64, 0x08, 0x64, 0x08, 0x64, 0x08, 0x65, 0x08, 0x65,
    0x08, 0x65, 0x08, 0x65, 0x08, 0x65, 0x08, 0x65, 0x08, 0x65, 0x08, 0x65, 0x08, 0x65, 0x08, 0x65,
    0x08, 0x65, 0x08, 0x65, 0x08, 0x65, 0x08, 0x65, 0x08, 0x65, 0x08, 0x65, 0x08, 0x65, 0x08, 0x64,
    0x08, 0x65, 0x08, 0x65, 0x08, 0x65, 0x08, 0x65, 0x08, 0x65, 0x08, 0x65, 0x08, 0x65, 0x08, 0x64,
    0x08, 0x65, 0x08, 0x65, 0x00, 0x65, 0x00, 0x46, 0x10, 0xa8, 0x21, 0x4a, 0x10, 0xc8, 0x00, 0x45,
    0x00, 0x25, 0x08, 0x86, 0x08, 0x45, 0x08, 0x65, 0x08, 0x85, 0x08, 0x85, 0x08, 0x64, 0x08, 0x65,
    0x08, 0x65, 0x08, 0x65, 0x08, 0x65, 0x08, 0x65, 0x08, 0x45, 0x00, 0x45, 0x10, 0xa8, 0x29, 0x8b,
    0x08, 0x66, 0x00, 0x45, 0x00, 0x45, 0x08, 0x65, 0x08, 0x85, 0x00, 0x64, 0x08, 0x64, 0x08, 0x64,
    0x08, 0x64, 0x08, 0x64, 0x08, 0x64, 0x08, 0x64, 0x08, 0x65, 0x08, 0x65, 0x08, 0x65, 0x08, 0x65,
    0x08, 0x65, 0x08, 0x65, 0x08, 0x65, 0x08, 0x65, 0x08, 0x65, 0x08, 0x65, 0x08, 0x65, 0x08, 0x65,
    0x08, 0x65, 0x08, 0x65, 0x08, 0x65, 0x08, 0x65, 0x08, 0x65, 0x08, 0x65, 0x08, 0x64, 0x08, 0x64,
    0x08, 0x64, 0x08, 0x64, 0x08, 0x64, 0x08, 0x64, 0x08, 0x64, 0x08, 0x64, 0x08, 0x64, 0x08, 0x64,
    0x08, 0x64, 0x08, 0x64, 0x08, 0x64, 0x08, 0x64, 0x08, 0x64, 0x08, 0x64, 0x00, 0x23, 0x18, 0xe6,
    0x08, 0x65, 0x08, 0x65, 0x08, 0x65, 0x08, 0x65, 0x08, 0x65, 0x08, 0x65, 0x08, 0x65, 0x08, 0x65,
    0x08, 0x65, 0x08, 0x65, 0x08, 0x65, 0x08, 0x65, 0x08, 0x65, 0x08, 0x65, 0x08, 0x65, 0x08, 0x65,
    0x08, 0x65, 0x08, 0x65, 0x08, 0x65, 0x08, 0x65, 0x08, 0x65, 0x08, 0x65, 0x08, 0x65, 0x08, 0x65,
    0x08, 0x65, 0x08, 0x65, 0x08, 0x65, 0x08, 0x65, 0x08, 0x65, 0x08, 0x65, 0x08, 0x65, 0x08, 0x65,
    0x08, 0x65, 0x08, 0x65, 0x08, 0x65, 0x08, 0x65, 0x08, 0x65, 0x08, 0x65, 0x08, 0x65, 0x08, 0x65,
    0x08, 0x65, 0x08, 0x65, 0x08, 0x65, 0x08, 0x65, 0x08, 0x65, 0x08, 0x65, 0x08, 0x65, 0x08, 0x65,
    0x08, 0x65, 0x08, 0x65, 0x08, 0x65, 0x08, 0x65, 0x08, 0x65, 0x08, 0x65, 0x08, 0x65, 0x08, 0x65,
    0x08, 0x65, 0x08, 0x65, 0x08, 0x65, 0x08, 0x65, 0x08, 0x65, 0x08, 0x65, 0x08, 0x65, 0x08, 0x65,
    0x08, 0x65, 0x08, 0x65, 0x08, 0x65, 0x08, 0x65, 0x08, 0x65, 0x08, 0x65, 0x08, 0x65, 0x08, 0x65,
    0x08, 0x65, 0x08, 0x65, 0x08, 0x65, 0x08, 0x65, 0x08, 0x65, 0x08, 0x65, 0x08, 0x65, 0x08, 0x65,
    0x08, 0x65, 0x08, 0x65, 0x08, 0x65, 0x08, 0x65, 0x08, 0x65, 0x08, 0x65, 0x08, 0x65, 0x08, 0x65,
    0x08, 0x65, 0x08, 0x65, 0x08, 0x65, 0x08, 0x65, 0x08, 0x65, 0x08, 0x65, 0x08, 0x65, 0x08, 0x65,
    0x08, 0x65, 0x08, 0x65, 0x08, 0x65, 0x08, 0x65, 0x08, 0x65, 0x08, 0x65, 0x08, 0x65, 0x08, 0x65,
    0x08, 0x65, 0x08, 0x65, 0x08, 0x65, 0x08, 0x65, 0x08, 0x65, 0x08, 0x65, 0x08, 0x65, 0x08, 0x65,
    0x08, 0x65, 0x08, 0x65, 0x08, 0x65, 0x08, 0x65, 0x08, 0x65, 0x08, 0x65, 0x08, 0x65, 0x08, 0x65,
    0x08, 0x65, 0x08, 0x65, 0x08, 0x65, 0x08, 0x65, 0x08, 0x65, 0x08, 0x65, 0x08, 0x65, 0x08, 0x65,
    0x08, 0x65, 0x08, 0x65, 0x08, 0x65, 0x08, 0x65, 0x08, 0x65, 0x08, 0x65, 0x08, 0x65, 0x08, 0x65,
    0x08, 0x65, 0x08, 0x65, 0x08, 0x65, 0x08, 0x65, 0x08, 0x65, 0x08, 0x65, 0x08, 0x65, 0x08, 0x65,
    0x08, 0x65, 0x08, 0x65, 0x08, 0x65, 0x08, 0x65, 0x08, 0x65, 0x08, 0x65, 0x08, 0x65, 0x08, 0x65,
    0x08, 0x65, 0x08, 0x65, 0x08, 0x65, 0x08, 0x65, 0x08, 0x65, 0x08, 0x65, 0x08, 0x65, 0x08, 0x65,
    0x08, 0x65, 0x08, 0x65, 0x08, 0x65, 0x08, 0x65, 0x08, 0x65, 0x08, 0x65, 0x08, 0x65, 0x08, 0x65,
    0x08, 0x65, 0x08, 0x65, 0x08, 0x65, 0x08, 0x65, 0x08, 0x65, 0x08, 0x64, 0x08, 0x64, 0x08, 0x64,
    0x08, 0x64, 0x08, 0x64, 0x08, 0x64, 0x08, 0x64, 0x08, 0x64, 0x08, 0x65, 0x08, 0x85, 0x08, 0x65,
    0x00, 0x65, 0x08, 0x65, 0x08, 0x65, 0x08, 0x65, 0x08, 0x65, 0x08, 0x65, 0x00, 0x04, 0x29, 0x6a,
    0x29, 0x6a, 0x00, 0x04, 0x08, 0x65, 0x00, 0x45, 0x08, 0x65, 0x08, 0x85, 0x08, 0x64, 0x08, 0x64,
    0x08, 0x64, 0x08, 0x64, 0x08, 0x65, 0x08, 0x65, 0x08, 0x65, 0x08, 0x65, 0x08, 0x65, 0x08, 0x65,
    0x08, 0x65, 0x08, 0x65, 0x08, 0x64, 0x08, 0x64, 0x08, 0x64, 0x08, 0x64, 0x08, 0x64, 0x08, 0x64,
    0x08, 0x64, 0x08, 0x64, 0x08, 0x64, 0x08, 0x64, 0x08, 0x64, 0x08, 0x64, 0x08, 0x65, 0x08, 0x65,
    0x08, 0x65, 0x08, 0x65, 0x08, 0x65, 0x08, 0x65, 0x08, 0x65, 0x08, 0x65, 0x08, 0x65, 0x08, 0x65,
    0x08, 0x65, 0x08, 0x65, 0x08, 0x65, 0x08, 0x65, 0x08, 0x65, 0x08, 0x65, 0x08, 0x64, 0x08, 0x64,
    0x08, 0x65, 0x08, 0x65, 0x08, 0x65, 0x08, 0x65, 0x08, 0x65, 0x08, 0x65, 0x08, 0x65, 0x08, 0x64,
    0x08, 0x64, 0x08, 0x85, 0x00, 0x65, 0x00, 0x45, 0x00, 0x66, 0x10, 0xa7, 0x29, 0x8b, 0x08, 0x86,
    0x00, 0x04, 0x10, 0xc7, 0x00, 0x24, 0x08, 0x65, 0x08, 0x64, 0x08, 0x85, 0x08, 0x65, 0x08, 0x65,
    0x08, 0x65, 0x08, 0x65, 0x08, 0x65, 0x08, 0x65, 0x08, 0x65, 0x00, 0x45, 0x00, 0x05, 0x31, 0xab,
    0x21, 0x29, 0x00, 0x25, 0x08, 0x65, 0x00, 0x24, 0x10, 0xa6, 0x08, 0x65, 0x08, 0x64, 0x08, 0x64,
    0x08, 0x64, 0x08, 0x64, 0x08, 0x64, 0x08, 0x64, 0x08, 0x65, 0x08, 0x65, 0x08, 0x65, 0x08, 0x65,
    0x08, 0x65, 0x08, 0x65, 0x08, 0x65, 0x08, 0x65, 0x08, 0x65, 0x08, 0x65, 0x08, 0x65, 0x08, 0x65,
    0x08, 0x65, 0x08, 0x65, 0x08, 0x65, 0x08, 0x65, 0x08, 0x65, 0x08, 0x65, 0x08, 0x64, 0x08, 0x64,
    0x08, 0x64, 0x08, 0x64, 0x08, 0x64, 0x08, 0x64, 0x08, 0x64, 0x08, 0x64, 0x08, 0x64, 0x08, 0x64,
    0x08, 0x64, 0x08, 0x64, 0x08, 0x64, 0x08, 0x64, 0x08, 0x64, 0x08, 0x64, 0x00, 0x23, 0x18, 0xe6,
    0x08, 0x65, 0x08, 0x65, 0x08, 0x65, 0x08, 0x65, 0x08, 0x65, 0x08, 0x65, 0x08, 0x65, 0x08, 0x65,
    0x08, 0x65, 0x08, 0x65, 0x08, 0x65, 0x08, 0x65, 0x08, 0x65, 0x08, 0x65, 0x08, 0x65, 0x08, 0x65,
    0x08, 0x65, 0x08, 0x65, 0x08, 0x65, 0x08, 0x65, 0x08, 0x65, 0x08, 0x65, 0x08, 0x65, 0x08, 0x65,
    0x08, 0x65, 0x08, 0x65, 0x08, 0x65, 0x08, 0x65, 0x08, 0x65, 0x08, 0x65, 0x08, 0x65, 0x08, 0x65,
    0x08, 0x65, 0x08, 0x65, 0x08, 0x65, 0x08, 0x65, 0x08, 0x65, 0x08, 0x65, 0x08, 0x65, 0x08, 0x65,
    0x08, 0x65, 0x08, 0x65, 0x08, 0x65, 0x08, 0x65, 0x08, 0x65, 0x08, 0x65, 0x08, 0x65, 0x08, 0x65,
    0x08, 0x65, 0x08, 0x65, 0x08, 0x65, 0x08, 0x65, 0x08, 0x65, 0x08, 0x65, 0x08, 0x65, 0x08, 0x65,
    0x08, 0x65, 0x08, 0x65, 0x08, 0x65, 0x08, 0x65, 0x08, 0x65, 0x08, 0x65, 0x08, 0x65, 0x08, 0x65,
    0x08, 0x65, 0x08, 0x65, 0x08, 0x65, 0x08, 0x65, 0x08, 0x65, 0x08, 0x65, 0x08, 0x65, 0x08, 0x65,
    0x08, 0x65, 0x08, 0x65, 0x08, 0x65, 0x08, 0x65, 0x08, 0x65, 0x08, 0x65, 0x08, 0x65, 0x08, 0x65,
    0x08, 0x65, 0x08, 0x65, 0x08, 0x65, 0x08, 0x65, 0x08, 0x65, 0x08, 0x65, 0x08, 0x65, 0x08, 0x65,
    0x08, 0x65, 0x08, 0x65, 0x08, 0x65, 0x08, 0x65, 0x08, 0x65, 0x08, 0x65, 0x08, 0x65, 0x08, 0x65,
    0x08, 0x65, 0x08, 0x65, 0x08, 0x65, 0x08, 0x65, 0x08, 0x65, 0x08, 0x65, 0x08, 0x65, 0x08, 0x65,
    0x08, 0x65, 0x08, 0x65, 0x08, 0x65, 0x08, 0x65, 0x08, 0x65, 0x08, 0x65, 0x08, 0x65, 0x08, 0x65,
    0x08, 0x65, 0x08, 0x65, 0x08, 0x65, 0x08, 0x65, 0x08, 0x65, 0x08, 0x65, 0x08, 0x65, 0x08, 0x65,
    0x08, 0x65, 0x08, 0x65, 0x08, 0x65, 0x08, 0x65, 0x08, 0x65, 0x08, 0x65, 0x08, 0x65, 0x08, 0x65,
    0x08, 0x65, 0x08, 0x65, 0x08, 0x65, 0x08, 0x65, 0x08, 0x65, 0x08, 0x65, 0x08, 0x65, 0x08, 0x65,
    0x08, 0x65, 0x08, 0x65, 0x08, 0x65, 0x08, 0x65, 0x08, 0x65, 0x08, 0x65, 0x08, 0x65, 0x08, 0x65,
    0x08, 0x65, 0x08, 0x65, 0x08, 0x65, 0x08, 0x65, 0x08, 0x65, 0x08, 0x65, 0x08, 0x65, 0x08, 0x65,
    0x08, 0x65, 0x08, 0x65, 0x08, 0x65, 0x08, 0x65, 0x08, 0x65, 0x08, 0x65, 0x08, 0x65, 0x08, 0x65,
    0x08, 0x65, 0x08, 0x65, 0x08, 0x65, 0x08, 0x65, 0x08, 0x65, 0x08, 0x65, 0x08, 0x65, 0x08, 0x65,
    0x08, 0x65, 0x08, 0x65, 0x08, 0x65, 0x08, 0x65, 0x08, 0x65, 0x08, 0x65, 0x08, 0x64, 0x08, 0x64,
    0x08, 0x64, 0x08, 0x64, 0x08, 0x64, 0x08, 0x64, 0x08, 0x65, 0x08, 0x65, 0x08, 0x85, 0x08, 0x65,
    0x00, 0x65, 0x08, 0x65, 0x08, 0x65, 0x00, 0x65, 0x00, 0x45, 0x00, 0x65, 0x10, 0xa7, 0x29, 0x6a,
    0x19, 0x08, 0x00, 0x03, 0x08, 0x65, 0x08, 0x65, 0x00, 0x44, 0x08, 0x85, 0x08, 0x64, 0x08, 0x64,
    0x08, 0x64, 0x08, 0x64, 0x08, 0x65, 0x08, 0x65, 0x08, 0x65, 0x08, 0x65, 0x08, 0x65, 0x08, 0x65,
    0x08, 0x65, 0x08, 0x65, 0x08, 0x64, 0x08, 0x64, 0x08, 0x64, 0x08, 0x64, 0x08, 0x64, 0x08, 0x64,
    0x08, 0x64, 0x08, 0x64, 0x08, 0x64, 0x08, 0x64, 0x08, 0x64, 0x08, 0x64, 0x08, 0x64, 0x08, 0x64,
    0x08, 0x64, 0x08, 0x64, 0x08, 0x64, 0x08, 0x64, 0x08, 0x64, 0x08, 0x64, 0x08, 0x64, 0x08, 0x64,
    0x08, 0x64, 0x08, 0x64, 0x08, 0x64, 0x08, 0x64, 0x08, 0x64, 0x08, 0x64, 0x08, 0x64, 0x08, 0x64,
    0x08, 0x65, 0x08, 0x65, 0x08, 0x65, 0x08, 0x65, 0x08, 0x65, 0x08, 0x65, 0x08, 0x65, 0x08, 0x64,
    0x08, 0x64, 0x08, 0x85, 0x08, 0x65, 0x00, 0x45, 0x00, 0x45, 0x00, 0x46, 0x29, 0x6a, 0x18, 0xe8,
    0x00, 0x45, 0x08, 0x66, 0x00, 0x45, 0x08, 0x65, 0x00, 0x44, 0x08, 0x85, 0x08, 0x65, 0x08, 0x65,
    0x08, 0x65, 0x08, 0x65, 0x08, 0x65, 0x08, 0x65, 0x08, 0x65, 0x00, 0x65, 0x00, 0x05, 0x10, 0xe8,
    0x31, 0xab, 0x08, 0x86, 0x00, 0x25, 0x08, 0x65, 0x00, 0x44, 0x08, 0x86, 0x08, 0x65, 0x08, 0x64,
    0x08, 0x64, 0x08, 0x64, 0x08, 0x64, 0x08, 0x64, 0x08, 0x65, 0x08, 0x65, 0x08, 0x65, 0x08, 0x65,
    0x08, 0x65, 0x08, 0x65, 0x08, 0x65, 0x08, 0x65, 0x08, 0x65, 0x08, 0x65, 0x08, 0x65, 0x08, 0x65,
    0x08, 0x65, 0x08, 0x65, 0x08, 0x65, 0x08, 0x65, 0x08, 0x65, 0x08, 0x65, 0x08, 0x64, 0x08, 0x64,
    0x08, 0x64, 0x08, 0x64, 0x08, 0x64, 0x08, 0x64, 0x08, 0x64, 0x08, 0x64, 0x08, 0x64, 0x08, 0x64,
    0x08, 0x64, 0x08, 0x64, 0x08, 0x64, 0x08, 0x64, 0x08, 0x64, 0x08, 0x64, 0x00, 0x23, 0x18, 0xe6,
    0x08, 0x65, 0x08, 0x65, 0x08, 0x65, 0x08, 0x65, 0x08, 0x65, 0x08, 0x65, 0x08, 0x65, 0x08, 0x65,
    0x08, 0x65, 0x08, 0x65, 0x08, 0x65, 0x08, 0x65, 0x08, 0x65, 0x08, 0x65, 0x08, 0x65, 0x08, 0x65,
    0x08, 0x65, 0x08, 0x65, 0x08, 0x65, 0x08, 0x65, 0x08, 0x65, 0x08, 0x65, 0x08, 0x65, 0x08, 0x65,
    0x08, 0x65, 0x08, 0x65, 0x08, 0x65, 0x08, 0x65, 0x08, 0x65, 0x08, 0x65, 0x08, 0x65, 0x08, 0x65,
    0x08, 0x65, 0x08, 0x65, 0x08, 0x65, 0x08, 0x65, 0x08, 0x65, 0x08, 0x65, 0x08, 0x65, 0x08, 0x65,
    0x08, 0x65, 0x08, 0x65, 0x08, 0x65, 0x08, 0x65, 0x08, 0x65, 0x08, 0x65, 0x08, 0x65, 0x08, 0x65,
    0x08, 0x65, 0x08, 0x65, 0x08, 0x65, 0x08, 0x65, 0x08, 0x65, 0x08, 0x65, 0x08, 0x65, 0x08, 0x65,
    0x08, 0x65, 0x08, 0x65, 0x08, 0x65, 0x08, 0x65, 0x08, 0x65, 0x08, 0x65, 0x08, 0x65, 0x08, 0x65,
    0x08, 0x65, 0x08, 0x65, 0x08, 0x65, 0x08, 0x65, 0x08, 0x65, 0x08, 0x65, 0x08, 0x65, 0x08, 0x65,
    0x08, 0x65, 0x08, 0x65, 0x08, 0x65, 0x08, 0x65, 0x08, 0x65, 0x08, 0x65, 0x08, 0x65, 0x08, 0x65,
    0x08, 0x65, 0x08, 0x65, 0x08, 0x65, 0x08, 0x65, 0x08, 0x65, 0x08, 0x65, 0x08, 0x65, 0x08, 0x65,
    0x08, 0x65, 0x08, 0x65, 0x08, 0x65, 0x08, 0x65, 0x08, 0x65, 0x08, 0x65, 0x08, 0x65, 0x08, 0x65,
    0x08, 0x65, 0x08, 0x65, 0x08, 0x65, 0x08, 0x65, 0x08, 0x65, 0x08, 0x65, 0x08, 0x65, 0x08, 0x65,
    0x08, 0x65, 0x08, 0x65, 0x08, 0x65, 0x08, 0x65, 0x08, 0x65, 0x08, 0x65, 0x08, 0x65, 0x08, 0x65,
    0x08, 0x65, 0x08, 0x65, 0x08, 0x65, 0x08, 0x65, 0x08, 0x65, 0x08, 0x65, 0x08, 0x65, 0x08, 0x65,
    0x08, 0x65, 0x08, 0x65, 0x08, 0x65, 0x08, 0x65, 0x08, 0x65, 0x08, 0x65, 0x08, 0x65, 0x08, 0x65,
    0x08, 0x65, 0x08, 0x65, 0x08, 0x65, 0x08, 0x65, 0x08, 0x65, 0x08, 0x65, 0x08, 0x65, 0x08, 0x65,
    0x08, 0x65, 0x08, 0x65, 0x08, 0x65, 0x08, 0x65, 0x08, 0x65, 0x08, 0x65, 0x08, 0x65, 0x08, 0x65,
    0x08, 0x65, 0x08, 0x65, 0x08, 0x65, 0x08, 0x65, 0x08, 0x65, 0x08, 0x65, 0x08, 0x65, 0x08, 0x65,
    0x08, 0x65, 0x08, 0x65, 0x08, 0x65, 0x08, 0x65, 0x08, 0x65, 0x08, 0x65, 0x08, 0x65, 0x08, 0x65,
    0x08, 0x65, 0x08, 0x65, 0x08, 0x65, 0x08, 0x65, 0x08, 0x65, 0x08, 0x65, 0x08, 0x65, 0x08, 0x65,
    0x08, 0x65, 0x08, 0x65, 0x08, 0x65, 0x08, 0x65, 0x08, 0x65, 0x08, 0x65, 0x08, 0x64, 0x08, 0x64,
    0x08, 0x64, 0x08, 0x65, 0x08, 0x65, 0x08, 0x65, 0x08, 0x65, 0x08, 0x65, 0x08, 0x65, 0x00, 0x45,
    0x00, 0x45, 0x08, 0x65, 0x00, 0x65, 0x00, 0x45, 0x00, 0x45, 0x00, 0x65, 0x29, 0x8a, 0x18, 0xe8,
    0x00, 0x45, 0x08, 0x65, 0x00, 0x45, 0x08, 0x65, 0x00, 0x44, 0x08, 0x85, 0x08, 0x64, 0x08, 0x64,
    0x08, 0x65, 0x08, 0x65, 0x08, 0x65, 0x08, 0x65, 0x08, 0x65, 0x08, 0x65, 0x08, 0x65, 0x08, 0x64,
    0x08, 0x64, 0x08, 0x64, 0x08, 0x65, 0x08, 0x65, 0x08, 0x65, 0x08, 0x65, 0x08, 0x65, 0x08, 0x64,
    0x08, 0x65, 0x08, 0x64, 0x08, 0x65, 0x08, 0x64, 0x08, 0x65, 0x08, 0x64, 0x08, 0x64, 0x08, 0x64,
    0x08, 0x64, 0x08, 0x64, 0x08, 0x64, 0x08, 0x64, 0x08, 0x64, 0x08, 0x64, 0x08, 0x64, 0x08, 0x64,
    0x08, 0x64, 0x08, 0x64, 0x08, 0x64, 0x08, 0x64, 0x08, 0x64, 0x08, 0x64, 0x08, 0x64, 0x08, 0x64,
    0x08, 0x65, 0x08, 0x65, 0x08, 0x65, 0x08, 0x65, 0x08, 0x65, 0x08, 0x64, 0x08, 0x64, 0x08, 0x64,
    0x08, 0x64, 0x08, 0x85, 0x08, 0x85, 0x08, 0x65, 0x00, 0x45, 0x00, 0x45, 0x10, 0xa7, 0x29, 0x4a,
    0x18, 0xe8, 0x00, 0x04, 0x08, 0x86, 0x08, 0x65, 0x00, 0x45, 0x08, 0x65, 0x08, 0x65, 0x08, 0x65,
    0x08, 0x64, 0x08, 0x64, 0x08, 0x65, 0x08, 0x65, 0x08, 0x65, 0x08, 0x65, 0x08, 0x86, 0x00, 0x46,
    0x21, 0x49, 0x21, 0x49, 0x00, 0x45, 0x08, 0x65, 0x00, 0x24, 0x08, 0x85, 0x08, 0x65, 0x08, 0x65,
    0x08, 0x64, 0x08, 0x64, 0x08, 0x64, 0x08, 0x64, 0x08, 0x65, 0x08, 0x65, 0x08, 0x65, 0x08, 0x65,
    0x08, 0x65, 0x08, 0x65, 0x08, 0x65, 0x08, 0x65, 0x08, 0x65, 0x08, 0x65, 0x08, 0x65, 0x08, 0x65,
    0x08, 0x65, 0x08, 0x65, 0x08, 0x65, 0x08, 0x65, 0x08, 0x65, 0x08, 0x65, 0x08, 0x64, 0x08, 0x64,
    0x08, 0x64, 0x08, 0x64, 0x08, 0x64, 0x08, 0x64, 0x08, 0x64, 0x08, 0x64, 0x08, 0x64, 0x08, 0x64,
    0x08, 0x64, 0x08, 0x64, 0x08, 0x64, 0x08, 0x64, 0x08, 0x64, 0x08, 0x64, 0x00, 0x23, 0x18, 0xe6,
    0x08, 0x65, 0x08, 0x65, 0x08, 0x65, 0x08, 0x65, 0x08, 0x65, 0x08, 0x65, 0x08, 0x65, 0x08, 0x65,
    0x08, 0x65, 0x08, 0x65, 0x08, 0x65, 0x08, 0x65, 0x08, 0x65, 0x08, 0x65, 0x08, 0x65, 0x08, 0x65,
    0x08, 0x65, 0x08, 0x65, 0x08, 0x65, 0x08, 0x65, 0x08, 0x65, 0x08, 0x65, 0x08, 0x65, 0x08, 0x65,
    0x08, 0x65, 0x08, 0x65, 0x08, 0x65, 0x08, 0x65, 0x08, 0x65, 0x08, 0x65, 0x08, 0x65, 0x08, 0x65,
    0x08, 0x65, 0x08, 0x65, 0x08, 0x65, 0x08, 0x65, 0x08, 0x65, 0x08, 0x65, 0x08, 0x65, 0x08, 0x65,
    0x08, 0x65, 0x08, 0x65, 0x08, 0x65, 0x08, 0x65, 0x08, 0x65, 0x08, 0x65, 0x08, 0x65, 0x08, 0x65,
    0x08, 0x65, 0x08, 0x65, 0x08, 0x65, 0x08, 0x65, 0x08, 0x65, 0x08, 0x65, 0x08, 0x65, 0x08, 0x65,
    0x08, 0x65, 0x08, 0x65, 0x08, 0x65, 0x08, 0x65, 0x08, 0x65, 0x08, 0x65, 0x08, 0x65, 0x08, 0x65,
    0x08, 0x65, 0x08, 0x65, 0x08, 0x65, 0x08, 0x65, 0x08, 0x65, 0x08, 0x65, 0x08, 0x65, 0x08, 0x65,
    0x08, 0x65, 0x08, 0x65, 0x08, 0x65, 0x08, 0x65, 0x08, 0x65, 0x08, 0x65, 0x08, 0x65, 0x08, 0x65,
    0x08, 0x65, 0x08, 0x65, 0x08, 0x65, 0x08, 0x65, 0x08, 0x65, 0x08, 0x65, 0x08, 0x65, 0x08, 0x65,
    0x08, 0x65, 0x08, 0x65, 0x08, 0x65, 0x08, 0x65, 0x08, 0x65, 0x08, 0x65, 0x08, 0x65, 0x08, 0x65,
    0x08, 0x65, 0x08, 0x65, 0x08, 0x65, 0x08, 0x65, 0x08, 0x65, 0x08, 0x65, 0x08, 0x65, 0x08, 0x65,
    0x08, 0x65, 0x08, 0x65, 0x08, 0x65, 0x08, 0x65, 0x08, 0x65, 0x08, 0x65, 0x08, 0x65, 0x08, 0x65,
    0x08, 0x65, 0x08, 0x65, 0x08, 0x65, 0x08, 0x65, 0x08, 0x65, 0x08, 0x65, 0x08, 0x65, 0x08, 0x65,
    0x08, 0x65, 0x08, 0x65, 0x08, 0x65, 0x08, 0x65, 0x08, 0x65, 0x08, 0x65, 0x08, 0x65, 0x08, 0x65,
    0x08, 0x65, 0x08, 0x65, 0x08, 0x65, 0x08, 0x65, 0x08, 0x65, 0x08, 0x65, 0x08, 0x65, 0x08, 0x65,
    0x08, 0x65, 0x08, 0x65, 0x08, 0x65, 0x08, 0x65, 0x08, 0x65, 0x08, 0x65, 0x08, 0x65, 0x08, 0x65,
    0x08, 0x65, 0x08, 0x65, 0x08, 0x65, 0x08, 0x65, 0x08, 0x65, 0x08, 0x65, 0x08, 0x65, 0x08, 0x65,
    0x08, 0x65, 0x08, 0x65, 0x08, 0x65, 0x08, 0x65, 0x08, 0x65, 0x08, 0x65, 0x08, 0x65, 0x08, 0x65,
    0x08, 0x65, 0x08, 0x65, 0x08, 0x65, 0x08, 0x65, 0x08, 0x65, 0x08, 0x65, 0x08, 0x65, 0x08, 0x65,
    0x08, 0x65, 0x08, 0x65, 0x08, 0x65, 0x08, 0x65, 0x08, 0x65, 0x08, 0x65, 0x08, 0x65, 0x08, 0x65,
    0x08, 0x65, 0x08, 0x65, 0x08, 0x65, 0x08, 0x65, 0x08, 0x65, 0x08, 0x65, 0x08, 0x85, 0x08, 0x65,
    0x08, 0x65, 0x08, 0x86, 0x08, 0x66, 0x00, 0x45, 0x08, 0x86, 0x10, 0xc7, 0x31, 0xaa, 0x08, 0x86,
    0x00, 0x03, 0x10, 0xc6, 0x00, 0x44, 0x08, 0x65, 0x08, 0x64, 0x08, 0x85, 0x08, 0x64, 0x08, 0x64,
    0x08, 0x65, 0x08, 0x65, 0x08, 0x65, 0x08, 0x65, 0x08, 0x65, 0x08, 0x65, 0x08, 0x65, 0x08, 0x64,
    0x08, 0x64, 0x08, 0x65, 0x08, 0x65, 0x08, 0x65, 0x08, 0x65, 0x08, 0x65, 0x08, 0x65, 0x08, 0x65,
    0x08, 0x65, 0x08, 0x65, 0x08, 0x65, 0x08, 0x65, 0x08, 0x65, 0x08, 0x65, 0x08, 0x64, 0x08, 0x64,
    0x08, 0x64, 0x08, 0x64, 0x08, 0x64, 0x08, 0x64, 0x08, 0x64, 0x08, 0x64, 0x08, 0x64, 0x08, 0x64,
    0x08, 0x64, 0x08, 0x64, 0x08, 0x64, 0x08, 0x64, 0x08, 0x64, 0x08, 0x64, 0x08, 0x64, 0x08, 0x64,
    0x08, 0x65, 0x08, 0x65, 0x08, 0x65, 0x08, 0x65, 0x08, 0x65, 0x08, 0x64, 0x08, 0x64, 0x08, 0x64,
    0x08, 0x64, 0x08, 0x64, 0x08, 0x85, 0x08, 0x65, 0x08, 0x46, 0x00, 0x46, 0x00, 0x05, 0x29, 0x4a,
    0x29, 0x4a, 0x00, 0x04, 0x08, 0x86, 0x08, 0x65, 0x08, 0x65, 0x00, 0x45, 0x08, 0x65, 0x08, 0x65,
    0x08, 0x64, 0x08, 0x64, 0x08, 0x64, 0x08, 0x64, 0x08, 0x64, 0x08, 0x65, 0x10, 0xa7, 0x00, 0x46,
    0x00, 0x45, 0x29, 0x8a, 0x10, 0xe7, 0x00, 0x24, 0x08, 0x85, 0x00, 0x65, 0x08, 0x65, 0x08, 0x65,
    0x08, 0x65, 0x08, 0x64, 0x08, 0x64, 0x08, 0x64, 0x08, 0x65, 0x08, 0x65, 0x08, 0x65, 0x08, 0x65,
    0x08, 0x65, 0x08, 0x65, 0x08, 0x65, 0x08, 0x65, 0x08, 0x65, 0x08, 0x65, 0x08, 0x65, 0x08, 0x65,
    0x08, 0x65, 0x08, 0x65, 0x08, 0x65, 0x08, 0x65, 0x08, 0x65, 0x08, 0x65, 0x08, 0x64, 0x08, 0x64,
    0x08, 0x64, 0x08, 0x64, 0x08, 0x64, 0x08, 0x64, 0x08, 0x64, 0x08, 0x64, 0x08, 0x64, 0x08, 0x64,
    0x08, 0x64, 0x08, 0x64, 0x08, 0x64, 0x08, 0x64, 0x08, 0x64, 0x08, 0x64, 0x00, 0x23, 0x18, 0xe6,
    0x08, 0x65, 0x08, 0x65, 0x08, 0x65, 0x08, 0x65, 0x08, 0x65, 0x08, 0x65, 0x08, 0x65, 0x08, 0x65,
    0x08, 0x65, 0x08, 0x65, 0x08, 0x65, 0x08, 0x65, 0x08, 0x65, 0x08, 0x65, 0x08, 0x65, 0x08, 0x65,
    0x08, 0x65, 0x08, 0x65, 0x08, 0x65, 0x08, 0x65, 0x08, 0x65, 0x08, 0x65, 0x08, 0x65, 0x08, 0x65,
    0x08, 0x65, 0x08, 0x65, 0x08, 0x65, 0x08, 0x65, 0x08, 0x65, 0x08, 0x65, 0x08, 0x65, 0x08, 0x65,
    0x08, 0x65, 0x08, 0x65, 0x08, 0x65, 0x08, 0x65, 0x08, 0x65, 0x08, 0x65, 0x08, 0x65, 0x08, 0x65,
    0x08, 0x65, 0x08, 0x65, 0x08, 0x65, 0x08, 0x65, 0x08, 0x65, 0x08, 0x65, 0x08, 0x65, 0x08, 0x65,
    0x08, 0x65, 0x08, 0x65, 0x08, 0x65, 0x08, 0x65, 0x08, 0x65, 0x08, 0x65, 0x08, 0x65, 0x08, 0x65,
    0x08, 0x65, 0x08, 0x65, 0x08, 0x65, 0x08, 0x65, 0x08, 0x65, 0x08, 0x65, 0x08, 0x65, 0x08, 0x65,
    0x08, 0x65, 0x08, 0x65, 0x08, 0x65, 0x08, 0x65, 0x08, 0x65, 0x08, 0x65, 0x08, 0x65, 0x08, 0x65,
    0x08, 0x65, 0x08, 0x65, 0x08, 0x65, 0x08, 0x65, 0x08, 0x65, 0x08, 0x65, 0x08, 0x65, 0x08, 0x65,
    0x08, 0x65, 0x08, 0x65, 0x08, 0x65, 0x08, 0x65, 0x08, 0x65, 0x08, 0x65, 0x08, 0x65, 0x08, 0x65,
    0x08, 0x65, 0x08, 0x65, 0x08, 0x65, 0x08, 0x65, 0x08, 0x65, 0x08, 0x65, 0x08, 0x65, 0x08, 0x65,
    0x08, 0x65, 0x08, 0x65, 0x08, 0x65, 0x08, 0x65, 0x08, 0x65, 0x08, 0x65, 0x08, 0x65, 0x08, 0x65,
    0x08, 0x65, 0x08, 0x65, 0x08, 0x65, 0x08, 0x65, 0x08, 0x65, 0x08, 0x65, 0x08, 0x65, 0x08, 0x65,
    0x08, 0x65, 0x08, 0x65, 0x08, 0x65, 0x08, 0x65, 0x08, 0x65, 0x08, 0x65, 0x08, 0x65, 0x08, 0x65,
    0x08, 0x65, 0x08, 0x65, 0x08, 0x65, 0x08, 0x65, 0x08, 0x65, 0x08, 0x65, 0x08, 0x65, 0x08, 0x65,
    0x08, 0x65, 0x08, 0x65, 0x08, 0x65, 0x08, 0x65, 0x08, 0x65, 0x08, 0x65, 0x08, 0x65, 0x08, 0x65,
    0x08, 0x65, 0x08, 0x65, 0x08, 0x65, 0x08, 0x65, 0x08, 0x65, 0x08, 0x65, 0x08, 0x65, 0x08, 0x65,
    0x08, 0x65, 0x08, 0x65, 0x08, 0x65, 0x08, 0x65, 0x08, 0x65, 0x08, 0x65, 0x08, 0x65, 0x08, 0x65,
    0x08, 0x65, 0x08, 0x65, 0x08, 0x65, 0x08, 0x65, 0x08, 0x65, 0x08, 0x65, 0x08, 0x65, 0x08, 0x65,
    0x08, 0x65, 0x08, 0x65, 0x08, 0x65, 0x08, 0x65, 0x08, 0x65, 0x08, 0x65, 0x08, 0x65, 0x08, 0x65,
    0x08, 0x65, 0x08, 0x65, 0x08, 0x65, 0x08, 0x65, 0x08, 0x65, 0x08, 0x65, 0x08, 0x65, 0x08, 0x65,
    0x08, 0x65, 0x08, 0x65, 0x08, 0x65, 0x08, 0x65, 0x08, 0x65, 0x08, 0x65, 0x08, 0x86, 0x08, 0x66,
    0x08, 0x66, 0x08, 0x86, 0x08, 0x66, 0x08, 0x66, 0x10, 0xc7, 0x21, 0x6a, 0x18, 0xc7, 0x08, 0x45,
    0x00, 0x44, 0x08, 0x86, 0x08, 0x65, 0x08, 0x64, 0x08, 0x65, 0x08, 0x65, 0x08, 0x64, 0x08, 0x64,
    0x08, 0x65, 0x08, 0x65, 0x08, 0x65, 0x08, 0x65, 0x08, 0x65, 0x08, 0x65, 0x08, 0x65, 0x08, 0x65,
    0x08, 0x65, 0x08, 0x65, 0x08, 0x65, 0x08, 0x65, 0x08, 0x65, 0x08, 0x65, 0x08, 0x65, 0x08, 0x65,
    0x08, 0x65, 0x08, 0x65, 0x08, 0x65, 0x08, 0x65, 0x08, 0x65, 0x08, 0x65, 0x08, 0x65, 0x08, 0x65,
    0x08, 0x65, 0x08, 0x65, 0x08, 0x65, 0x08, 0x65, 0x08, 0x65, 0x08, 0x65, 0x08, 0x65, 0x08, 0x65,
    0x08, 0x65, 0x08, 0x65, 0x08, 0x65, 0x08, 0x65, 0x08, 0x65, 0x08, 0x65, 0x00, 0x85, 0x00, 0x85,
    0x08, 0x65, 0x08, 0x65, 0x08, 0x65, 0x08, 0x65, 0x08, 0x65, 0x08, 0x65, 0x08, 0x64, 0x08, 0x64,
    0x08, 0x64, 0x08, 0x64, 0x08, 0x64, 0x08, 0x65, 0x08, 0x66, 0x08, 0x66, 0x00, 0x25, 0x18, 0xc8,
    0x29, 0x4a, 0x10, 0xc7, 0x08, 0x65, 0x00, 0x45, 0x08, 0x65, 0x00, 0x44, 0x08, 0x85, 0x08, 0x65,
    0x08, 0x64, 0x08, 0x64, 0x08, 0x64, 0x08, 0x64, 0x08, 0x64, 0x00, 0x64, 0x08, 0x66, 0x08, 0x66,
    0x00, 0x25, 0x18, 0xe8, 0x29, 0x8a, 0x08, 0x65, 0x08, 0x85, 0x00, 0x65, 0x08, 0x65, 0x08, 0x65,
    0x08, 0x65, 0x08, 0x65, 0x08, 0x65, 0x08, 0x65, 0x08, 0x64, 0x08, 0x64, 0x08, 0x65, 0x08, 0x65,
    0x08, 0x65, 0x08, 0x65, 0x08, 0x65, 0x08, 0x65, 0x08, 0x65, 0x08, 0x65, 0x08, 0x65, 0x08, 0x65,
    0x08, 0x65, 0x08, 0x65, 0x08, 0x65, 0x08, 0x65, 0x08, 0x65, 0x08, 0x65, 0x08, 0x64, 0x08, 0x64,
    0x08, 0x64, 0x08, 0x64, 0x08, 0x64, 0x08, 0x64, 0x08, 0x64, 0x08, 0x64, 0x08, 0x64, 0x08, 0x64,
    0x08, 0x64, 0x08, 0x64, 0x08, 0x64, 0x08, 0x64, 0x08, 0x64, 0x08, 0x64, 0x00, 0x23, 0x18, 0xe6,
    0x08, 0x65, 0x08, 0x65, 0x08, 0x65, 0x08, 0x65, 0x08, 0x65, 0x08, 0x65, 0x08, 0x65, 0x08, 0x65,
    0x08, 0x65, 0x08, 0x65, 0x08, 0x65, 0x08, 0x65, 0x08, 0x65, 0x08, 0x65, 0x08, 0x65, 0x08, 0x65,
    0x08, 0x65, 0x08, 0x65, 0x08, 0x65, 0x08, 0x65, 0x08, 0x65, 0x08, 0x65, 0x08, 0x65, 0x08, 0x65,
    0x08, 0x65, 0x08, 0x65, 0x08, 0x65, 0x08, 0x65, 0x08, 0x65, 0x08, 0x65, 0x08, 0x65, 0x08, 0x65,
    0x08, 0x65, 0x08, 0x65, 0x08, 0x65, 0x08, 0x65, 0x08, 0x65, 0x08, 0x65, 0x08, 0x65, 0x08, 0x65,
    0x08, 0x65, 0x08, 0x65, 0x08, 0x65, 0x08, 0x65, 0x08, 0x65, 0x08, 0x65, 0x08, 0x65, 0x08, 0x65,
    0x08, 0x65, 0x08, 0x65, 0x08, 0x65, 0x08, 0x65, 0x08, 0x65, 0x08, 0x65, 0x08, 0x65, 0x08, 0x65,
    0x08, 0x65, 0x08, 0x65, 0x08, 0x65, 0x08, 0x65, 0x08, 0x65, 0x08, 0x65, 0x08, 0x65, 0x08, 0x65,
    0x08, 0x65, 0x08, 0x65, 0x08, 0x65, 0x08, 0x65, 0x08, 0x65, 0x08, 0x65, 0x08, 0x65, 0x08, 0x65,
    0x08, 0x65, 0x08, 0x65, 0x08, 0x65, 0x08, 0x65, 0x08, 0x65, 0x08, 0x65, 0x08, 0x65, 0x08, 0x65,
    0x08, 0x65, 0x08, 0x65, 0x08, 0x65, 0x08, 0x65, 0x08, 0x65, 0x08, 0x65, 0x08, 0x65, 0x08, 0x65,
    0x08, 0x65, 0x08, 0x65, 0x08, 0x65, 0x08, 0x65, 0x08, 0x65, 0x08, 0x65, 0x08, 0x65, 0x08, 0x65,
    0x08, 0x65, 0x08, 0x65, 0x08, 0x65, 0x08, 0x65, 0x08, 0x65, 0x08, 0x65, 0x08, 0x65, 0x08, 0x65,
    0x08, 0x65, 0x08, 0x65, 0x08, 0x65, 0x08, 0x65, 0x08, 0x65, 0x08, 0x65, 0x08, 0x65, 0x08, 0x65,
    0x08, 0x65, 0x08, 0x65, 0x08, 0x65, 0x08, 0x65, 0x08, 0x65, 0x08, 0x65, 0x08, 0x65, 0x08, 0x65,
    0x08, 0x65, 0x08, 0x65, 0x08, 0x65, 0x08, 0x65, 0x08, 0x65, 0x08, 0x65, 0x08, 0x65, 0x08, 0x65,
    0x08, 0x65, 0x08, 0x65, 0x08, 0x65, 0x08, 0x65, 0x08, 0x65, 0x08, 0x65, 0x08, 0x65, 0x08, 0x65,
    0x08, 0x65, 0x08, 0x65, 0x08, 0x65, 0x08, 0x65, 0x08, 0x65, 0x08, 0x65, 0x08, 0x65, 0x08, 0x65,
    0x08, 0x65, 0x08, 0x65, 0x08, 0x65, 0x08, 0x65, 0x08, 0x65, 0x08, 0x65, 0x08, 0x65, 0x08, 0x65,
    0x08, 0x65, 0x08, 0x65, 0x08, 0x65, 0x08, 0x65, 0x08, 0x65, 0x08, 0x65, 0x08, 0x65, 0x08, 0x65,
    0x08, 0x65, 0x08, 0x65, 0x08, 0x65, 0x08, 0x65, 0x08, 0x65, 0x08, 0x65, 0x08, 0x65, 0x08, 0x65,
    0x08, 0x65, 0x08, 0x65, 0x08, 0x65, 0x08, 0x65, 0x08, 0x65, 0x08, 0x65, 0x08, 0x65, 0x08, 0x65,
    0x08, 0x65, 0x08, 0x65, 0x08, 0x65, 0x08, 0x65, 0x08, 0x65, 0x08, 0x65, 0x08, 0x65, 0x00, 0x45,
    0x00, 0x45, 0x00, 0x45, 0x00, 0x25, 0x00, 0x45, 0x18, 0xe8, 0x29, 0xab, 0x00, 0x04, 0x08, 0x65,
    0x10, 0xc6, 0x00, 0x24, 0x08, 0x65, 0x00, 0x44, 0x08, 0x85, 0x08, 0x64, 0x08, 0x64, 0x08, 0x64,
    0x08, 0x65, 0x08, 0x65, 0x08, 0x65, 0x08, 0x65, 0x08, 0x65, 0x08, 0x65, 0x08, 0x65, 0x08, 0x65,
    0x08, 0x65, 0x08, 0x65, 0x08, 0x65, 0x08, 0x66, 0x08, 0x66, 0x00, 0x66, 0x00, 0x66, 0x00, 0x66,
    0x00, 0x66, 0x00, 0x66, 0x00, 0x66, 0x00, 0x66, 0x00, 0x66, 0x00, 0x66, 0x00, 0x66, 0x00, 0x85,
    0x00, 0x65, 0x00, 0x85, 0x00, 0x65, 0x00, 0x85, 0x00, 0x65, 0x00, 0x85, 0x00, 0x65, 0x00, 0x85,
    0x00, 0x65, 0x00, 0x85, 0x00, 0x65, 0x00, 0x85, 0x00, 0x65, 0x00, 0x85, 0x00, 0x85, 0x00, 0x85,
    0x00, 0x86, 0x00, 0x66, 0x08, 0x66, 0x08, 0x66, 0x08, 0x65, 0x08, 0x65, 0x08, 0x64, 0x08, 0x64,
    0x08, 0x64, 0x08, 0x44, 0x08, 0x44, 0x08, 0x65, 0x08, 0x65, 0x08, 0x66, 0x08, 0x66, 0x08, 0x46,
    0x21, 0x09, 0x31, 0x8b, 0x00, 0x25, 0x00, 0x25, 0x08, 0x66, 0x00, 0x44, 0x08, 0x85, 0x08, 0x65,
    0x08, 0x64, 0x08, 0x64, 0x08, 0x64, 0x08, 0x64, 0x08, 0x64, 0x00, 0x64, 0x00, 0x45, 0x00, 0x45,
    0x10, 0xa7, 0x00, 0x04, 0x31, 0xcb, 0x19, 0x08, 0x00, 0x24, 0x08, 0x86, 0x08, 0x65, 0x08, 0x65,
    0x08, 0x65, 0x08, 0x65, 0x08, 0x65, 0x08, 0x65, 0x08, 0x64, 0x08, 0x64, 0x08, 0x65, 0x08, 0x65,
    0x08, 0x65, 0x08, 0x65, 0x08, 0x65, 0x08, 0x65, 0x08, 0x65, 0x08, 0x65, 0x08, 0x65, 0x08, 0x65,
    0x08, 0x65, 0x08, 0x65, 0x08, 0x65, 0x08, 0x65, 0x08, 0x65, 0x08, 0x65, 0x08, 0x64, 0x08, 0x64,
    0x08, 0x64, 0x08, 0x64, 0x08, 0x64, 0x08, 0x64, 0x08, 0x64, 0x08, 0x64, 0x08, 0x64, 0x08, 0x64,
    0x08, 0x64, 0x08, 0x64, 0x08, 0x64, 0x08, 0x64, 0x08, 0x64, 0x08, 0x64, 0x00, 0x23, 0x18, 0xe6,
    0x08, 0x65, 0x08, 0x65, 0x08, 0x65, 0x08, 0x65, 0x08, 0x65, 0x08, 0x65, 0x08, 0x65, 0x08, 0x65,
    0x08, 0x65, 0x08, 0x65, 0x08, 0x65, 0x08, 0x65, 0x08, 0x65, 0x08, 0x65, 0x08, 0x65, 0x08, 0x65,
    0x08, 0x65, 0x08, 0x65, 0x08, 0x65, 0x08, 0x65, 0x08, 0x65, 0x08, 0x65, 0x08, 0x65, 0x08, 0x65,
    0x08, 0x65, 0x08, 0x65, 0x08, 0x65, 0x08, 0x65, 0x08, 0x65, 0x08, 0x65, 0x08, 0x65, 0x08, 0x65,
    0x08, 0x65, 0x08, 0x65, 0x08, 0x65, 0x08, 0x65, 0x08, 0x65, 0x08, 0x65, 0x08, 0x65, 0x08, 0x65,
    0x08, 0x65, 0x08, 0x65, 0x08, 0x65, 0x08, 0x65, 0x08, 0x65, 0x08, 0x65, 0x08, 0x65, 0x08, 0x65,
    0x08, 0x65, 0x08, 0x65, 0x08, 0x65, 0x08, 0x65, 0x08, 0x65, 0x08, 0x65, 0x08, 0x65, 0x08, 0x65,
    0x08, 0x65, 0x08, 0x65, 0x08, 0x65, 0x08, 0x65, 0x08, 0x65, 0x08, 0x65, 0x08, 0x65, 0x08, 0x65,
    0x08, 0x65, 0x08, 0x65, 0x08, 0x65, 0x08, 0x65, 0x08, 0x65, 0x08, 0x65, 0x08, 0x65, 0x08, 0x65,
    0x08, 0x65, 0x08, 0x65, 0x08, 0x65, 0x08, 0x65, 0x08, 0x65, 0x08, 0x65, 0x08, 0x65, 0x08, 0x65,
    0x08, 0x65, 0x08, 0x65, 0x08, 0x65, 0x08, 0x65, 0x08, 0x65, 0x08, 0x65, 0x08, 0x65, 0x08, 0x65,
    0x08, 0x65, 0x08, 0x65, 0x08, 0x65, 0x08, 0x65, 0x08, 0x65, 0x08, 0x65, 0x08, 0x65, 0x08, 0x65,
    0x08, 0x65, 0x08, 0x65, 0x08, 0x65, 0x08, 0x65, 0x08, 0x65, 0x08, 0x65, 0x08, 0x65, 0x08, 0x65,
    0x08, 0x65, 0x08, 0x65, 0x08, 0x65, 0x08, 0x65, 0x08, 0x65, 0x08, 0x65, 0x08, 0x65, 0x08, 0x65,
    0x08, 0x65, 0x08, 0x65, 0x08, 0x65, 0x08, 0x65, 0x08, 0x65, 0x08, 0x65, 0x08, 0x65, 0x08, 0x65,
    0x08, 0x65, 0x08, 0x65, 0x08, 0x65, 0x08, 0x65, 0x08, 0x65, 0x08, 0x65, 0x08, 0x65, 0x08, 0x65,
    0x08, 0x65, 0x08, 0x65, 0x08, 0x65, 0x08, 0x65, 0x08, 0x65, 0x08, 0x65, 0x08, 0x65, 0x08, 0x65,
    0x08, 0x65, 0x08, 0x65, 0x08, 0x65, 0x08, 0x65, 0x08, 0x65, 0x08, 0x65, 0x08, 0x65, 0x08, 0x65,
    0x08, 0x65, 0x08, 0x65, 0x08, 0x65, 0x08, 0x65, 0x08, 0x65, 0x08, 0x65, 0x08, 0x65, 0x08, 0x65,
    0x08, 0x65, 0x08, 0x65, 0x08, 0x65, 0x08, 0x65, 0x08, 0x65, 0x08, 0x65, 0x08, 0x65, 0x08, 0x65,
    0x08, 0x65, 0x08, 0x65, 0x08, 0x65, 0x08, 0x65, 0x08, 0x65, 0x08, 0x65, 0x08, 0x65, 0x08, 0x65,
    0x08, 0x65, 0x08, 0x65, 0x08, 0x65, 0x08, 0x65, 0x08, 0x65, 0x08, 0x65, 0x08, 0x65, 0x08, 0x65,
    0x08, 0x65, 0x08, 0x65, 0x08, 0x65, 0x08, 0x65, 0x08, 0x65, 0x08, 0x65, 0x00, 0x45, 0x08, 0x65,
    0x10, 0xa7, 0x00, 0x46, 0x00, 0x45, 0x10, 0xc7, 0x39, 0xec, 0x00, 0x66, 0x08, 0x65, 0x08, 0x65,
    0x08, 0x65, 0x08, 0x65, 0x08, 0x65, 0x08, 0x65, 0x08, 0x64, 0x08, 0x64, 0x08, 0x64, 0x08, 0x64,
    0x08, 0x65, 0x08, 0x65, 0x08, 0x65, 0x08, 0x65, 0x08, 0x65, 0x08, 0x65, 0x08, 0x45, 0x00, 0x45,
    0x00, 0x45, 0x00, 0x65, 0x00, 0x45, 0x00, 0x25, 0x00, 0x45, 0x00, 0x46, 0x00, 0x66, 0x00, 0x66,
    0x00, 0x66, 0x00, 0x66, 0x00, 0x66, 0x00, 0x66, 0x00, 0x66, 0x00, 0x66, 0x00, 0x66, 0x00, 0x66,
    0x00, 0x66, 0x00, 0x66, 0x00, 0x66, 0x00, 0x66, 0x00, 0x66, 0x00, 0x66, 0x00, 0x66, 0x00, 0x66,
    0x00, 0x66, 0x00, 0x66, 0x00, 0x66, 0x00, 0x66, 0x00, 0x66, 0x00, 0x66, 0x00, 0x66, 0x00, 0x65,
    0x00, 0x65, 0x00, 0x66, 0x00, 0x46, 0x00, 0x45, 0x00, 0x45, 0x08, 0x86, 0x00, 0x44, 0x08, 0x85,
    0x10, 0x84, 0x08, 0x64, 0x00, 0x44, 0x08, 0x44, 0x08, 0x65, 0x08, 0x66, 0x08, 0x86, 0x00, 0x05,
    0x00, 0x46, 0x29, 0x8b, 0x19, 0x08, 0x00, 0x04, 0x08, 0x86, 0x08, 0x86, 0x08, 0x65, 0x08, 0x85,
    0x08, 0x85, 0x08, 0x64, 0x00, 0x44, 0x08, 0x64, 0x08, 0x64, 0x08, 0x64, 0x00, 0x45, 0x08, 0x86,
    0x08, 0x86, 0x00, 0x45, 0x08, 0x86, 0x31, 0xcb, 0x10, 0xc7, 0x00, 0x24, 0x08, 0x65, 0x00, 0x24,
    0x08, 0x85, 0x10, 0xa6, 0x00, 0x24, 0x08, 0x44, 0x10, 0xa5, 0x08, 0x64, 0x08, 0x65, 0x08, 0x65,
    0x08, 0x65, 0x08, 0x65, 0x08, 0x65, 0x08, 0x65, 0x08, 0x65, 0x08, 0x65, 0x08, 0x65, 0x08, 0x65,
    0x08, 0x65, 0x08, 0x65, 0x08, 0x65, 0x08, 0x65, 0x08, 0x65, 0x08, 0x65, 0x08, 0x64, 0x08, 0x64,
    0x08, 0x64, 0x08, 0x64, 0x08, 0x64, 0x08, 0x64, 0x08, 0x64, 0x08, 0x64, 0x08, 0x64, 0x08, 0x64,
    0x08, 0x64, 0x08, 0x64, 0x08, 0x64, 0x08, 0x64, 0x08, 0x64, 0x08, 0x64, 0x00, 0x43, 0x18, 0xe6,
    0x08, 0x65, 0x08, 0x65, 0x08, 0x65, 0x08, 0x65, 0x08, 0x65, 0x08, 0x65, 0x08, 0x65, 0x08, 0x65,
    0x08, 0x65, 0x08, 0x65, 0x08, 0x65, 0x08, 0x65, 0x08, 0x65, 0x08, 0x65, 0x08, 0x65, 0x08, 0x65,
    0x08, 0x65, 0x08, 0x65, 0x08, 0x65, 0x08, 0x65, 0x08, 0x65, 0x08, 0x65, 0x08, 0x65, 0x08, 0x65,
    0x08, 0x65, 0x08, 0x65, 0x08, 0x65, 0x08, 0x65, 0x08, 0x65, 0x08, 0x65, 0x08, 0x65, 0x08, 0x65,
    0x08, 0x65, 0x08, 0x65, 0x08, 0x65, 0x08, 0x65, 0x08, 0x65, 0x08, 0x65, 0x08, 0x65, 0x08, 0x65,
    0x08, 0x65, 0x08, 0x65, 0x08, 0x65, 0x08, 0x65, 0x08, 0x65, 0x08, 0x65, 0x08, 0x65, 0x08, 0x65,
    0x08, 0x65, 0x08, 0x65, 0x08, 0x65, 0x08, 0x65, 0x08, 0x65, 0x08, 0x65, 0x08, 0x65, 0x08, 0x65,
    0x08, 0x65, 0x08, 0x65, 0x08, 0x65, 0x08, 0x65, 0x08, 0x65, 0x08, 0x65, 0x08, 0x65, 0x08, 0x65,
    0x08, 0x65, 0x08, 0x65, 0x08, 0x65, 0x08, 0x65, 0x08, 0x65, 0x08, 0x65, 0x08, 0x65, 0x08, 0x65,
    0x08, 0x65, 0x08, 0x65, 0x08, 0x65, 0x08, 0x65, 0x08, 0x65, 0x08, 0x65, 0x08, 0x65, 0x08, 0x65,
    0x08, 0x65, 0x08, 0x65, 0x08, 0x65, 0x08, 0x65, 0x08, 0x65, 0x08, 0x65, 0x08, 0x65, 0x08, 0x65,
    0x08, 0x65, 0x08, 0x65, 0x08, 0x65, 0x08, 0x65, 0x08, 0x65, 0x08, 0x65, 0x08, 0x65, 0x08, 0x65,
    0x08, 0x65, 0x08, 0x65, 0x08, 0x65, 0x08, 0x65, 0x08, 0x65, 0x08, 0x65, 0x08, 0x65, 0x08, 0x65,
    0x08, 0x65, 0x08, 0x65, 0x08, 0x65, 0x08, 0x65, 0x08, 0x65, 0x08, 0x65, 0x08, 0x65, 0x08, 0x65,
    0x08, 0x65, 0x08, 0x65, 0x08, 0x65, 0x08, 0x65, 0x08, 0x65, 0x08, 0x65, 0x08, 0x65, 0x08, 0x65,
    0x08, 0x65, 0x08, 0x65, 0x08, 0x65, 0x08, 0x65, 0x08, 0x65, 0x08, 0x65, 0x08, 0x65, 0x08, 0x65,
    0x08, 0x65, 0x08, 0x65, 0x08, 0x65, 0x08, 0x65, 0x08, 0x65, 0x08, 0x65, 0x08, 0x65, 0x08, 0x65,
    0x08, 0x65, 0x08, 0x65, 0x08, 0x65, 0x08, 0x65, 0x08, 0x65, 0x08, 0x65, 0x08, 0x65, 0x08, 0x65,
    0x08, 0x65, 0x08, 0x65, 0x08, 0x65, 0x08, 0x65, 0x08, 0x65, 0x08, 0x65, 0x08, 0x65, 0x08, 0x65,
    0x08, 0x65, 0x08, 0x65, 0x08, 0x65, 0x08, 0x65, 0x08, 0x65, 0x08, 0x65, 0x08, 0x65, 0x08, 0x65,
    0x08, 0x65, 0x08, 0x65, 0x08, 0x65, 0x08, 0x65, 0x08, 0x65, 0x08, 0x65, 0x08, 0x65, 0x08, 0x65,
    0x08, 0x65, 0x08, 0x65, 0x08, 0x65, 0x08, 0x65, 0x08, 0x65, 0x08, 0x65, 0x08, 0x65, 0x08, 0x65,
    0x08, 0x65, 0x08, 0x65, 0x08, 0x65, 0x08, 0x65, 0x08, 0x65, 0x08, 0x65, 0x08, 0x86, 0x00, 0x45,
    0x08, 0x66, 0x10, 0xa7, 0x00, 0x04, 0x29, 0x6a, 0x29, 0x6a, 0x00, 0x45, 0x08, 0x65, 0x08, 0x65,
    0x08, 0x65, 0x08, 0x65, 0x08, 0x65, 0x08, 0x65, 0x08, 0x64, 0x08, 0x64, 0x08, 0x64, 0x08, 0x64,
    0x08, 0x65, 0x08, 0x65, 0x08, 0x65, 0x08, 0x65, 0x08, 0x65, 0x08, 0x65, 0x08, 0x86, 0x00, 0x66,
    0x08, 0x86, 0x08, 0xc8, 0x11, 0x09, 0x09, 0x09, 0x09, 0x09, 0x09, 0x09, 0x09, 0x09, 0x09, 0x09,
    0x09, 0x09, 0x09, 0x09, 0x09, 0x09, 0x09, 0x09, 0x09, 0x09, 0x09, 0x09, 0x09, 0x09, 0x09, 0x09,
    0x09, 0x0a, 0x09, 0x09, 0x09, 0x0a, 0x09, 0x09, 0x09, 0x0a, 0x09, 0x09, 0x09, 0x0a, 0x09, 0x09,
    0x09, 0x0a, 0x09, 0x09, 0x09, 0x0a, 0x09, 0x09, 0x09, 0x0a, 0x09, 0x09, 0x09, 0x29, 0x09, 0x29,
    0x09, 0x09, 0x09, 0x09, 0x08, 0xe9, 0x00, 0xa7, 0x00, 0x86, 0x00, 0x65, 0x00, 0x65, 0x08, 0x64,
    0x08, 0x64, 0x08, 0x44, 0x08, 0x44, 0x08, 0x65, 0x08, 0x65, 0x08, 0x45, 0x08, 0x86, 0x00, 0x25,
    0x08, 0x66, 0x18, 0xe8, 0x21, 0x29, 0x10, 0xc7, 0x00, 0x45, 0x08, 0x65, 0x08, 0x65, 0x08, 0x65,
    0x08, 0x64, 0x00, 0x44, 0x08, 0x64, 0x08, 0x84, 0x08, 0x84, 0x00, 0x64, 0x08, 0x85, 0x00, 0x65,
    0x08, 0x65, 0x00, 0x45, 0x08, 0x65, 0x19, 0x08, 0x21, 0x49, 0x00, 0x45, 0x08, 0x65, 0x08, 0x65,
    0x08, 0x65, 0x08, 0x65, 0x10, 0x85, 0x08, 0x85, 0x08, 0x64, 0x08, 0x44, 0x08, 0x65, 0x08, 0x65,
    0x08, 0x65, 0x08, 0x65, 0x08, 0x65, 0x08, 0x65, 0x08, 0x65, 0x08, 0x65, 0x08, 0x65, 0x08, 0x65,
    0x08, 0x65, 0x08, 0x65, 0x08, 0x65, 0x08, 0x65, 0x08, 0x65, 0x08, 0x65, 0x08, 0x64, 0x08, 0x64,
    0x08, 0x64, 0x08, 0x64, 0x08, 0x64, 0x08, 0x64, 0x08, 0x64, 0x08, 0x64, 0x08, 0x64, 0x08, 0x64,
    0x08, 0x64, 0x08, 0x64, 0x08, 0x64, 0x08, 0x64, 0x08, 0x64, 0x08, 0x64, 0x00, 0x43, 0x18, 0xe6,
    0x08, 0x65, 0x08, 0x65, 0x08, 0x65, 0x08, 0x65, 0x08, 0x65, 0x08, 0x65, 0x08, 0x65, 0x08, 0x65,
    0x08, 0x65, 0x08, 0x65, 0x08, 0x65, 0x08, 0x65, 0x08, 0x65, 0x08, 0x65, 0x08, 0x65, 0x08, 0x65,
    0x08, 0x65, 0x08, 0x65, 0x08, 0x65, 0x08, 0x65, 0x08, 0x65, 0x08, 0x65, 0x08, 0x65, 0x08, 0x65,
    0x08, 0x65, 0x08, 0x65, 0x08, 0x65, 0x08, 0x65, 0x08, 0x65, 0x08, 0x65, 0x08, 0x65, 0x08, 0x65,
    0x08, 0x65, 0x08, 0x65, 0x08, 0x65, 0x08, 0x65, 0x08, 0x65, 0x08, 0x65, 0x08, 0x65, 0x08, 0x65,
    0x08, 0x65, 0x08, 0x65, 0x08, 0x65, 0x08, 0x65, 0x08, 0x65, 0x08, 0x65, 0x08, 0x65, 0x08, 0x65,
    0x08, 0x65, 0x08, 0x65, 0x08, 0x65, 0x08, 0x65, 0x08, 0x65, 0x08, 0x65, 0x08, 0x65, 0x08, 0x65,
    0x08, 0x65, 0x08, 0x65, 0x08, 0x65, 0x08, 0x65, 0x08, 0x65, 0x08, 0x65, 0x08, 0x65, 0x08, 0x65,
    0x08, 0x65, 0x08, 0x65, 0x08, 0x65, 0x08, 0x65, 0x08, 0x65, 0x08, 0x65, 0x08, 0x65, 0x08, 0x65,
    0x08, 0x65, 0x08, 0x65, 0x08, 0x65, 0x08, 0x65, 0x08, 0x65, 0x08, 0x65, 0x08, 0x65, 0x08, 0x65,
    0x08, 0x65, 0x08, 0x65, 0x08, 0x65, 0x08, 0x65, 0x08, 0x65, 0x08, 0x65, 0x08, 0x65, 0x08, 0x65,
    0x08, 0x65, 0x08, 0x65, 0x08, 0x65, 0x08, 0x65, 0x08, 0x65, 0x08, 0x65, 0x08, 0x65, 0x08, 0x65,
    0x08, 0x65, 0x08, 0x65, 0x08, 0x65, 0x08, 0x65, 0x08, 0x65, 0x08, 0x65, 0x08, 0x65, 0x08, 0x65,
    0x08, 0x65, 0x08, 0x65, 0x08, 0x65, 0x08, 0x65, 0x08, 0x65, 0x08, 0x65, 0x08, 0x65, 0x08, 0x65,
    0x08, 0x65, 0x08, 0x65, 0x08, 0x65, 0x08, 0x65, 0x08, 0x65, 0x08, 0x65, 0x08, 0x65, 0x08, 0x65,
    0x08, 0x65, 0x08, 0x65, 0x08, 0x65, 0x08, 0x65, 0x08, 0x65, 0x08, 0x65, 0x08, 0x65, 0x08, 0x65,
    0x08, 0x65, 0x08, 0x65, 0x08, 0x65, 0x08, 0x65, 0x08, 0x65, 0x08, 0x65, 0x08, 0x65, 0x08, 0x65,
    0x08, 0x65, 0x08, 0x65, 0x08, 0x65, 0x08, 0x65, 0x08, 0x65, 0x08, 0x65, 0x08, 0x65, 0x08, 0x65,
    0x08, 0x65, 0x08, 0x65, 0x08, 0x65, 0x08, 0x65, 0x08, 0x65, 0x08, 0x65, 0x08, 0x65, 0x08, 0x65,
    0x08, 0x65, 0x08, 0x65, 0x08, 0x65, 0x08, 0x65, 0x08, 0x65, 0x08, 0x65, 0x08, 0x65, 0x08, 0x65,
    0x08, 0x65, 0x08, 0x65, 0x08, 0x65, 0x08, 0x65, 0x08, 0x65, 0x08, 0x65, 0x08, 0x65, 0x08, 0x65,
    0x08, 0x65, 0x08, 0x65, 0x08, 0x65, 0x08, 0x65, 0x08, 0x65, 0x08, 0x65, 0x08, 0x65, 0x08, 0x65,
    0x08, 0x65, 0x08, 0x65, 0x08, 0x65, 0x08, 0x65, 0x08, 0x65, 0x08, 0x65, 0x10, 0xa6, 0x00, 0x45,
    0x00, 0x45, 0x08, 0x66, 0x10, 0xc7, 0x31, 0xcb, 0x08, 0x86, 0x00, 0x66, 0x08, 0x65, 0x08, 0x65,
    0x08, 0x65, 0x08, 0x65, 0x08, 0x65, 0x08, 0x65, 0x08, 0x64, 0x08, 0x64, 0x08, 0x64, 0x08, 0x64,
    0x08, 0x65, 0x08, 0x65, 0x08, 0x65, 0x08, 0x65, 0x08, 0x65, 0x08, 0x66, 0x00, 0x66, 0x00, 0x86,
    0x00, 0xa7, 0x11, 0x29, 0x19, 0x6b, 0x19, 0x8c, 0x11, 0x8c, 0x11, 0x8c, 0x11, 0x8c, 0x11, 0x8c,
    0x11, 0x8c, 0x11, 0x8c, 0x11, 0x8c, 0x11, 0x8c, 0x11, 0x8c, 0x11, 0x8c, 0x11, 0x8c, 0x11, 0x8c,
    0x11, 0x8c, 0x11, 0x8c, 0x11, 0x8c, 0x11, 0x8c, 0x11, 0x8c, 0x11, 0x8c, 0x11, 0x8c, 0x11, 0x8c,
    0x11, 0x8c, 0x11, 0x8c, 0x11, 0x8c, 0x11, 0x8c, 0x11, 0x8c, 0x11, 0x8c, 0x11, 0xcc, 0x11, 0xac,
    0x11, 0x8c, 0x19, 0xac, 0x19, 0x8c, 0x09, 0x2a, 0x00, 0xa7, 0x00, 0x45, 0x00, 0x85, 0x08, 0x65,
    0x00, 0x64, 0x08, 0x64, 0x08, 0x65, 0x10, 0x85, 0x08, 0x65, 0x08, 0x45, 0x08, 0x66, 0x08, 0x66,
    0x08, 0x66, 0x00, 0x45, 0x21, 0x29, 0x29, 0x6a, 0x00, 0x25, 0x00, 0x45, 0x08, 0x65, 0x08, 0x65,
    0x00, 0x44, 0x00, 0x44, 0x08, 0x84, 0x08, 0xa5, 0x08, 0x84, 0x00, 0x44, 0x08, 0x86, 0x00, 0x24,
    0x00, 0x45, 0x08, 0x65, 0x00, 0x45, 0x00, 0x45, 0x31, 0xaa, 0x10, 0xc7, 0x00, 0x24, 0x08, 0x86,
    0x00, 0x45, 0x00, 0x44, 0x10, 0xa6, 0x08, 0x85, 0x00, 0x23, 0x08, 0x65, 0x08, 0x65, 0x08, 0x65,
    0x08, 0x65, 0x08, 0x65, 0x08, 0x65, 0x08, 0x65, 0x08, 0x65, 0x08, 0x65, 0x08, 0x65, 0x08, 0x65,
    0x08, 0x65, 0x08, 0x65, 0x08, 0x65, 0x08, 0x65, 0x08, 0x65, 0x08, 0x65, 0x08, 0x64, 0x08, 0x64,
    0x08, 0x64, 0x08, 0x64, 0x08, 0x64, 0x08, 0x64, 0x08, 0x64, 0x08, 0x64, 0x08, 0x64, 0x08, 0x64,
    0x08, 0x64, 0x08, 0x64, 0x08, 0x64, 0x08, 0x64, 0x08, 0x64, 0x08, 0x64, 0x00, 0x43, 0x18, 0xe6,
    0x08, 0x65, 0x08, 0x65, 0x08, 0x65, 0x08, 0x65, 0x08, 0x65, 0x08, 0x65, 0x08, 0x65, 0x08, 0x65,
    0x08, 0x65, 0x08, 0x65, 0x08, 0x65, 0x08, 0x65, 0x08, 0x65, 0x08, 0x65, 0x08, 0x65, 0x08, 0x65,
    0x08, 0x65, 0x08, 0x65, 0x08, 0x65, 0x08, 0x65, 0x08, 0x65, 0x08, 0x65, 0x08, 0x65, 0x08, 0x65,
    0x08, 0x65, 0x08, 0x65, 0x08, 0x65, 0x08, 0x65, 0x08, 0x65, 0x08, 0x65, 0x08, 0x65, 0x08, 0x65,
    0x08, 0x65, 0x08, 0x65, 0x08, 0x65, 0x08, 0x65, 0x08, 0x65, 0x08, 0x65, 0x08, 0x65, 0x08, 0x65,
    0x08, 0x65, 0x08, 0x65, 0x08, 0x65, 0x08, 0x65, 0x08, 0x65, 0x08, 0x65, 0x08, 0x65, 0x08, 0x65,
    0x08, 0x65, 0x08, 0x65, 0x08, 0x65, 0x08, 0x65, 0x08, 0x65, 0x08, 0x65, 0x08, 0x65, 0x08, 0x65,
    0x08, 0x65, 0x08, 0x65, 0x08, 0x65, 0x08, 0x65, 0x08, 0x65, 0x08, 0x65, 0x08, 0x65, 0x08, 0x65,
    0x08, 0x65, 0x08, 0x65, 0x08, 0x65, 0x08, 0x65, 0x08, 0x65, 0x08, 0x65, 0x08, 0x65, 0x08, 0x65,
    0x08, 0x65, 0x08, 0x65, 0x08, 0x65, 0x08, 0x65, 0x08, 0x65, 0x08, 0x65, 0x08, 0x65, 0x08, 0x65,
    0x08, 0x65, 0x08, 0x65, 0x08, 0x65, 0x08, 0x65, 0x08, 0x65, 0x08, 0x65, 0x08, 0x65, 0x08, 0x65,
    0x08, 0x65, 0x08, 0x65, 0x08, 0x65, 0x08, 0x65, 0x08, 0x65, 0x08, 0x65, 0x08, 0x65, 0x08, 0x65,
    0x08, 0x65, 0x08, 0x65, 0x08, 0x65, 0x08, 0x65, 0x08, 0x65, 0x08, 0x65, 0x08, 0x65, 0x08, 0x65,
    0x08, 0x65, 0x08, 0x65, 0x08, 0x65, 0x08, 0x65, 0x08, 0x65, 0x08, 0x65, 0x08, 0x65, 0x08, 0x65,
    0x08, 0x65, 0x08, 0x65, 0x08, 0x65, 0x08, 0x65, 0x08, 0x65, 0x08, 0x65, 0x08, 0x65, 0x08, 0x65,
    0x08, 0x65, 0x08, 0x65, 0x08, 0x65, 0x08, 0x65, 0x08, 0x65, 0x08, 0x65, 0x08, 0x65, 0x08, 0x65,
    0x08, 0x65, 0x08, 0x65, 0x08, 0x65, 0x08, 0x65, 0x08, 0x65, 0x08, 0x65, 0x08, 0x65, 0x08, 0x65,
    0x08, 0x65, 0x08, 0x65, 0x08, 0x65, 0x08, 0x65, 0x08, 0x65, 0x08, 0x65, 0x08, 0x65, 0x08, 0x65,
    0x08, 0x65, 0x08, 0x65, 0x08, 0x65, 0x08, 0x65, 0x08, 0x65, 0x08, 0x65, 0x08, 0x65, 0x08, 0x65,
    0x08, 0x65, 0x08, 0x65, 0x08, 0x65, 0x08, 0x65, 0x08, 0x65, 0x08, 0x65, 0x08, 0x65, 0x08, 0x65,
    0x08, 0x65, 0x08, 0x65, 0x08, 0x65, 0x08, 0x65, 0x08, 0x65, 0x08, 0x65, 0x08, 0x65, 0x08, 0x65,
    0x08, 0x65, 0x08, 0x65, 0x08, 0x65, 0x08, 0x65, 0x08, 0x65, 0x08, 0x65, 0x08, 0x65, 0x08, 0x65,
    0x08, 0x65, 0x08, 0x65, 0x08, 0x65, 0x08, 0x65, 0x08, 0x65, 0x08, 0x65, 0x00, 0x45, 0x08, 0x86,
    0x00, 0x45, 0x00, 0x25, 0x39, 0xec, 0x21, 0x29, 0x00, 0x04, 0x10, 0xa7, 0x08, 0x65, 0x08, 0x65,
    0x08, 0x65, 0x08, 0x65, 0x08, 0x65, 0x08, 0x65, 0x08, 0x64, 0x08, 0x64, 0x08, 0x64, 0x08, 0x65,
    0x08, 0x65, 0x08, 0x65, 0x08, 0x65, 0x08, 0x65, 0x08, 0x65, 0x00, 0x66, 0x00, 0x66, 0x00, 0xa7,
    0x08, 0xe9, 0x11, 0x4a, 0x11, 0x8c, 0x11, 0xac, 0x11, 0xad, 0x11, 0x8d, 0x11, 0xad, 0x11, 0xad,
    0x11, 0xad, 0x11, 0xad, 0x11, 0xad, 0x11, 0xad, 0x11, 0x8d, 0x11, 0xad, 0x11, 0x8d, 0x11, 0x8d,
    0x11, 0x8d, 0x11, 0x8d, 0x11, 0x8d, 0x11, 0x8d, 0x11, 0x8d, 0x11, 0x8d, 0x11, 0x8d, 0x11, 0x8d,
    0x11, 0x8d, 0x11, 0x8d, 0x11, 0x8d, 0x11, 0x8d, 0x11, 0x8d, 0x09, 0x8d, 0x11, 0xcd, 0x09, 0xcd,
    0x09, 0xad, 0x11, 0xcd, 0x19, 0xcd, 0x11, 0x6c, 0x00, 0xe9, 0x00, 0x66, 0x00, 0xa6, 0x00, 0x85,
    0x08, 0x85, 0x08, 0x85, 0x08, 0x85, 0x08, 0x85, 0x08, 0x65, 0x08, 0x45, 0x08, 0x65, 0x08, 0x66,
    0x08, 0x65, 0x00, 0x04, 0x18, 0xc7, 0x29, 0x8a, 0x10, 0xa7, 0x00, 0x25, 0x08, 0x86, 0x08, 0x65,
    0x08, 0x65, 0x08, 0x65, 0x08, 0x85, 0x08, 0x85, 0x08, 0x64, 0x00, 0x44, 0x08, 0x65, 0x00, 0x24,
    0x00, 0x44, 0x08, 0x65, 0x00, 0x45, 0x00, 0x24, 0x21, 0x49, 0x29, 0x69, 0x00, 0x04, 0x08, 0x65,
    0x08, 0x65, 0x00, 0x44, 0x08, 0x65, 0x08, 0x44, 0x00, 0x24, 0x10, 0x85, 0x08, 0x65, 0x08, 0x65,
    0x08, 0x65, 0x08, 0x65, 0x08, 0x65, 0x08, 0x65, 0x08, 0x65, 0x08, 0x65, 0x08, 0x65, 0x08, 0x65,
    0x08, 0x65, 0x08, 0x65, 0x08, 0x65, 0x08, 0x65, 0x08, 0x65, 0x08, 0x65, 0x08, 0x64, 0x08, 0x64,
    0x08, 0x64, 0x08, 0x64, 0x08, 0x64, 0x08, 0x64, 0x08, 0x64, 0x08, 0x64, 0x08, 0x64, 0x08, 0x64,
    0x08, 0x64, 0x08, 0x64, 0x08, 0x64, 0x08, 0x64, 0x08, 0x64, 0x08, 0x64, 0x00, 0x43, 0x18, 0xe6,
    0x08, 0x65, 0x08, 0x65, 0x08, 0x65, 0x08, 0x65, 0x08, 0x65, 0x08, 0x65, 0x08, 0x65, 0x08, 0x65,
    0x08, 0x65, 0x08, 0x65, 0x08, 0x65, 0x08, 0x65, 0x08, 0x65, 0x08, 0x65, 0x08, 0x65, 0x08, 0x65,
    0x08, 0x65, 0x08, 0x65, 0x08, 0x65, 0x08, 0x65, 0x08, 0x65, 0x08, 0x65, 0x08, 0x65, 0x08, 0x65,
    0x08, 0x65, 0x08, 0x65, 0x08, 0x65, 0x08, 0x65, 0x08, 0x65, 0x08, 0x65, 0x08, 0x65, 0x08, 0x65,
    0x08, 0x65, 0x08, 0x65, 0x08, 0x65, 0x08, 0x65, 0x08, 0x65, 0x08, 0x65, 0x08, 0x65, 0x08, 0x65,
    0x08, 0x65, 0x08, 0x65, 0x08, 0x65, 0x08, 0x65, 0x08, 0x65, 0x08, 0x65, 0x08, 0x65, 0x08, 0x65,
    0x08, 0x65, 0x08, 0x65, 0x08, 0x65, 0x08, 0x65, 0x08, 0x65, 0x08, 0x65, 0x08, 0x65, 0x08, 0x65,
    0x08, 0x65, 0x08, 0x65, 0x08, 0x65, 0x08, 0x65, 0x08, 0x65, 0x08, 0x65, 0x08, 0x65, 0x08, 0x65,
    0x08, 0x65, 0x08, 0x65, 0x08, 0x65, 0x08, 0x65, 0x08, 0x65, 0x08, 0x65, 0x08, 0x65, 0x08, 0x65,
    0x08, 0x65, 0x08, 0x65, 0x08, 0x65, 0x08, 0x65, 0x08, 0x65, 0x08, 0x65, 0x08, 0x65, 0x08, 0x65,
    0x08, 0x65, 0x08, 0x65, 0x08, 0x65, 0x08, 0x65, 0x08, 0x65, 0x08, 0x65, 0x08, 0x65, 0x08, 0x65,
    0x08, 0x65, 0x08, 0x65, 0x08, 0x65, 0x08, 0x65, 0x08, 0x65, 0x08, 0x65, 0x08, 0x65, 0x08, 0x65,
    0x08, 0x65, 0x08, 0x65, 0x08, 0x65, 0x08, 0x65, 0x08, 0x65, 0x08, 0x65, 0x08, 0x65, 0x08, 0x65,
    0x08, 0x65, 0x08, 0x65, 0x08, 0x65, 0x08, 0x65, 0x08, 0x65, 0x08, 0x65, 0x08, 0x65, 0x08, 0x65,
    0x08, 0x65, 0x08, 0x65, 0x08, 0x65, 0x08, 0x65, 0x08, 0x65, 0x08, 0x65, 0x08, 0x65, 0x08, 0x65,
    0x08, 0x65, 0x08, 0x65, 0x08, 0x65, 0x08, 0x65, 0x08, 0x65, 0x08, 0x65, 0x08, 0x65, 0x08, 0x65,
    0x08, 0x65, 0x08, 0x65, 0x08, 0x65, 0x08, 0x65, 0x08, 0x65, 0x08, 0x65, 0x08, 0x65, 0x08, 0x65,
    0x08, 0x65, 0x08, 0x65, 0x08, 0x65, 0x08, 0x65, 0x08, 0x65, 0x08, 0x65, 0x08, 0x65, 0x08, 0x65,
    0x08, 0x65, 0x08, 0x65, 0x08, 0x65, 0x08, 0x65, 0x08, 0x65, 0x08, 0x65, 0x08, 0x65, 0x08, 0x65,
    0x08, 0x65, 0x08, 0x65, 0x08, 0x65, 0x08, 0x65, 0x08, 0x65, 0x08, 0x65, 0x08, 0x65, 0x08, 0x65,
    0x08, 0x65, 0x08, 0x65, 0x08, 0x65, 0x08, 0x65, 0x08, 0x65, 0x08, 0x65, 0x08, 0x65, 0x08, 0x65,
    0x08, 0x65, 0x08, 0x65, 0x08, 0x65, 0x08, 0x65, 0x08, 0x65, 0x08, 0x65, 0x08, 0x65, 0x08, 0x65,
    0x08, 0x65, 0x08, 0x65, 0x08, 0x65, 0x08, 0x65, 0x08, 0x65, 0x08, 0x65, 0x00, 0x45, 0x08, 0x65,
    0x00, 0x45, 0x18, 0xe8, 0x39, 0xec, 0x08, 0x65, 0x00, 0x25, 0x10, 0xa7, 0x08, 0x65, 0x08, 0x65,
    0x08, 0x65, 0x08, 0x65, 0x08, 0x65, 0x08, 0x64, 0x08, 0x64, 0x08, 0x64, 0x08, 0x65, 0x08, 0x65,
    0x08, 0x65, 0x08, 0x65, 0x08, 0x65, 0x08, 0x65, 0x08, 0x65, 0x00, 0x66, 0x00, 0x87, 0x01, 0x09,
    0x11, 0x6b, 0x11, 0xac, 0x11, 0xad, 0x09, 0xad, 0x09, 0xad, 0x09, 0xce, 0x09, 0xae, 0x09, 0xae,
    0x09, 0xae, 0x09, 0xae, 0x09, 0xae, 0x09, 0xae, 0x09, 0x8e, 0x09, 0xae, 0x09, 0xae, 0x09, 0xae,
    0x09, 0xae, 0x09, 0xae, 0x09, 0xae, 0x09, 0xae, 0x09, 0xae, 0x09, 0xae, 0x09, 0xae, 0x09, 0xae,
    0x09, 0xae, 0x09, 0xae, 0x09, 0xae, 0x09, 0xae, 0x09, 0xae, 0x09, 0xae, 0x01, 0xce, 0x01, 0xad,
    0x01, 0x8d, 0x09, 0xae, 0x11, 0xce, 0x11, 0xad, 0x09, 0x4b, 0x00, 0xc8, 0x00, 0x86, 0x00, 0x85,
    0x00, 0x85, 0x08, 0x85, 0x08, 0x65, 0x08, 0x65, 0x08, 0x65, 0x08, 0x65, 0x08, 0x65, 0x08, 0x85,
    0x00, 0x24, 0x00, 0x45, 0x08, 0x65, 0x19, 0x08, 0x29, 0x6a, 0x08, 0x66, 0x08, 0x45, 0x08, 0x65,
    0x08, 0x65, 0x08, 0x85, 0x08, 0x65, 0x08, 0x64, 0x08, 0x64, 0x08, 0x64, 0x00, 0x64, 0x00, 0x65,
    0x00, 0x65, 0x08, 0x65, 0x08, 0x65, 0x08, 0x86, 0x00, 0x45, 0x31, 0xab, 0x10, 0xa7, 0x08, 0x65,
    0x08, 0x65, 0x08, 0x65, 0x00, 0x24, 0x08, 0x44, 0x10, 0x85, 0x08, 0x64, 0x08, 0x65, 0x08, 0x65,
    0x08, 0x65, 0x08, 0x65, 0x08, 0x65, 0x08, 0x65, 0x08, 0x65, 0x08, 0x65, 0x08, 0x65, 0x08, 0x65,
    0x08, 0x65, 0x08, 0x65, 0x08, 0x65, 0x08, 0x65, 0x08, 0x65, 0x08, 0x65, 0x08, 0x64, 0x08, 0x64,
    0x08, 0x64, 0x08, 0x64, 0x08, 0x64, 0x08, 0x64, 0x08, 0x64, 0x08, 0x64, 0x08, 0x64, 0x08, 0x64,
    0x08, 0x64, 0x08, 0x64, 0x08, 0x64, 0x08, 0x64, 0x08, 0x64, 0x08, 0x64, 0x00, 0x43, 0x18, 0xe6,
    0x08, 0x65, 0x08, 0x65, 0x08, 0x65, 0x08, 0x65, 0x08, 0x65, 0x08, 0x65, 0x08, 0x65, 0x08, 0x65,
    0x08, 0x65, 0x08, 0x65, 0x08, 0x65, 0x08, 0x65, 0x08, 0x65, 0x08, 0x65, 0x08, 0x65, 0x08, 0x65,
    0x08, 0x65, 0x08, 0x65, 0x08, 0x65, 0x08, 0x65, 0x08, 0x65, 0x08, 0x65, 0x08, 0x65, 0x08, 0x65,
    0x08, 0x65, 0x08, 0x65, 0x08, 0x65, 0x08, 0x65, 0x08, 0x65, 0x08, 0x65, 0x08, 0x65, 0x08, 0x65,
    0x08, 0x65, 0x08, 0x65, 0x08, 0x65, 0x08, 0x65, 0x08, 0x65, 0x08, 0x65, 0x08, 0x65, 0x08, 0x65,
    0x08, 0x65, 0x08, 0x65, 0x08, 0x65, 0x08, 0x65, 0x08, 0x65, 0x08, 0x65, 0x08, 0x65, 0x08, 0x65,
    0x08, 0x65, 0x08, 0x65, 0x08, 0x65, 0x08, 0x65, 0x08, 0x65, 0x08, 0x65, 0x08, 0x65, 0x08, 0x65,
    0x08, 0x65, 0x08, 0x65, 0x08, 0x65, 0x08, 0x65, 0x08, 0x65, 0x08, 0x65, 0x08, 0x65, 0x08, 0x65,
    0x08, 0x65, 0x08, 0x65, 0x08, 0x65, 0x08, 0x65, 0x08, 0x65, 0x08, 0x65, 0x08, 0x65, 0x08, 0x65,
    0x08, 0x65, 0x08, 0x65, 0x08, 0x65, 0x08, 0x65, 0x08, 0x65, 0x08, 0x65, 0x08, 0x65, 0x08, 0x65,
    0x08, 0x65, 0x08, 0x65, 0x08, 0x65, 0x08, 0x65, 0x08, 0x65, 0x08, 0x65, 0x08, 0x65, 0x08, 0x65,
    0x08, 0x65, 0x08, 0x65, 0x08, 0x65, 0x08, 0x65, 0x08, 0x65, 0x08, 0x65, 0x08, 0x65, 0x08, 0x65,
    0x08, 0x65, 0x08, 0x65, 0x08, 0x65, 0x08, 0x65, 0x08, 0x65, 0x08, 0x65, 0x08, 0x85, 0x08, 0x85,
    0x08, 0x85, 0x08, 0x85, 0x08, 0x85, 0x08, 0x85, 0x08, 0x85, 0x08, 0x85, 0x08, 0x85, 0x08, 0x85,
    0x08, 0x85, 0x08, 0x85, 0x08, 0x85, 0x08, 0x85, 0x08, 0x85, 0x08, 0x85, 0x08, 0x65, 0x08, 0x65,
    0x08, 0x65, 0x08, 0x65, 0x08, 0x65, 0x08, 0x65, 0x08, 0x65, 0x08, 0x65, 0x08, 0x65, 0x08, 0x65,
    0x08, 0x65, 0x08, 0x65, 0x08, 0x65, 0x08, 0x65, 0x08, 0x65, 0x08, 0x65, 0x08, 0x65, 0x08, 0x65,
    0x08, 0x65, 0x08, 0x65, 0x08, 0x65, 0x08, 0x65, 0x08, 0x65, 0x08, 0x65, 0x08, 0x65, 0x08, 0x65,
    0x08, 0x65, 0x08, 0x65, 0x08, 0x65, 0x08, 0x65, 0x08, 0x65, 0x08, 0x65, 0x08, 0x65, 0x08, 0x65,
    0x08, 0x65, 0x08, 0x65, 0x08, 0x65, 0x08, 0x65, 0x08, 0x65, 0x08, 0x65, 0x08, 0x65, 0x08, 0x65,
    0x08, 0x65, 0x08, 0x65, 0x08, 0x65, 0x08, 0x65, 0x08, 0x65, 0x08, 0x65, 0x08, 0x65, 0x08, 0x65,
    0x08, 0x65, 0x08, 0x65, 0x08, 0x65, 0x08, 0x65, 0x08, 0x65, 0x08, 0x65, 0x08, 0x65, 0x08, 0x65,
    0x08, 0x65, 0x08, 0x65, 0x08, 0x65, 0x08, 0x65, 0x08, 0x65, 0x08, 0x65, 0x08, 0x86, 0x00, 0x04,
    0x08, 0x65, 0x3a, 0x2c, 0x10, 0xc7, 0x00, 0x04, 0x10, 0xa7, 0x08, 0x66, 0x08, 0x65, 0x08, 0x65,
    0x08, 0x65, 0x08, 0x65, 0x08, 0x65, 0x08, 0x65, 0x08, 0x65, 0x08, 0x65, 0x08, 0x65, 0x08, 0x65,
    0x08, 0x65, 0x08, 0x65, 0x08, 0x65, 0x08, 0x65, 0x08, 0x45, 0x00, 0x66, 0x00, 0xa8, 0x09, 0x4a,
    0x11, 0xac, 0x11, 0xcd, 0x09, 0xad, 0x09, 0xad, 0x09, 0xce, 0x09, 0xef, 0x01, 0xcf, 0x01, 0xcf,
    0x01, 0xcf, 0x09, 0xcf, 0x09, 0xcf, 0x09, 0xcf, 0x09, 0xce, 0x09, 0xce, 0x01, 0xae, 0x01, 0xae,
    0x01, 0xae, 0x01, 0xae, 0x01, 0xae, 0x01, 0xae, 0x01, 0xae, 0x01, 0xae, 0x01, 0xae, 0x01, 0xae,
    0x01, 0xae, 0x01, 0xae, 0x01, 0xae, 0x01, 0xae, 0x01, 0xae, 0x01, 0xae, 0x01, 0xef, 0x01, 0xef,
    0x01, 0xce, 0x01, 0xae, 0x09, 0xce, 0x11, 0xce, 0x11, 0x8c, 0x09, 0x4a, 0x00, 0x66, 0x00, 0x65,
    0x00, 0x65, 0x00, 0x65, 0x08, 0x65, 0x00, 0x44, 0x08, 0x45, 0x08, 0x65, 0x08, 0x85, 0x08, 0x85,
    0x00, 0x44, 0x08, 0x86, 0x00, 0x45, 0x08, 0x86, 0x31, 0xaa, 0x18, 0xe8, 0x00, 0x24, 0x00, 0x25,
    0x00, 0x45, 0x08, 0x65, 0x08, 0x65, 0x00, 0x44, 0x08, 0x64, 0x08, 0x85, 0x00, 0x64, 0x10, 0xa6,
    0x08, 0x85, 0x08, 0x65, 0x08, 0x65, 0x10, 0xa6, 0x00, 0x04, 0x21, 0x49, 0x29, 0x8a, 0x10, 0x86,
    0x08, 0x65, 0x08, 0x65, 0x00, 0x44, 0x10, 0x85, 0x10, 0xa6, 0x00, 0x03, 0x08, 0x65, 0x08, 0x65,
    0x08, 0x65, 0x08, 0x65, 0x08, 0x65, 0x08, 0x65, 0x08, 0x65, 0x08, 0x65, 0x08, 0x65, 0x08, 0x65,
    0x08, 0x65, 0x08, 0x65, 0x08, 0x65, 0x08, 0x65, 0x08, 0x65, 0x08, 0x65, 0x08, 0x64, 0x08, 0x64,
    0x08, 0x64, 0x08, 0x64, 0x08, 0x64, 0x08, 0x64, 0x08, 0x64, 0x08, 0x64, 0x08, 0x64, 0x08, 0x64,
    0x08, 0x64, 0x08, 0x64, 0x08, 0x64, 0x08, 0x64, 0x08, 0x64, 0x08, 0x64, 0x00, 0x43, 0x18, 0xe6,
    0x08, 0x65, 0x08, 0x65, 0x08, 0x65, 0x08, 0x65, 0x08, 0x65, 0x08, 0x65, 0x08, 0x65, 0x08, 0x65,
    0x08, 0x65, 0x08, 0x65, 0x08, 0x65, 0x08, 0x65, 0x08, 0x65, 0x08, 0x65, 0x08, 0x65, 0x08, 0x65,
    0x08, 0x65, 0x08, 0x65, 0x08, 0x65, 0x08, 0x65, 0x08, 0x65, 0x08, 0x65, 0x08, 0x65, 0x08, 0x65,
    0x08, 0x65, 0x08, 0x65, 0x08, 0x65, 0x08, 0x65, 0x08, 0x65, 0x08, 0x65, 0x08, 0x65, 0x08, 0x65,
    0x08, 0x65, 0x08, 0x65, 0x08, 0x65, 0x08, 0x65, 0x08, 0x65, 0x08, 0x65, 0x08, 0x65, 0x08, 0x65,
    0x08, 0x65, 0x08, 0x65, 0x08, 0x65, 0x08, 0x65, 0x08, 0x65, 0x08, 0x65, 0x08, 0x65, 0x08, 0x65,
    0x08, 0x65, 0x08, 0x65, 0x08, 0x65, 0x08, 0x65, 0x08, 0x65, 0x08, 0x65, 0x08, 0x65, 0x08, 0x65,
    0x08, 0x65, 0x08, 0x65, 0x08, 0x65, 0x08, 0x65, 0x08, 0x65, 0x08, 0x65, 0x08, 0x65, 0x08, 0x65,
    0x08, 0x65, 0x08, 0x65, 0x08, 0x65, 0x08, 0x65, 0x08, 0x65, 0x08, 0x65, 0x08, 0x65, 0x08, 0x65,
    0x08, 0x65, 0x08, 0x65, 0x08, 0x65, 0x08, 0x65, 0x08, 0x65, 0x08, 0x65, 0x08, 0x65, 0x08, 0x65,
    0x08, 0x65, 0x08, 0x65, 0x08, 0x65, 0x08, 0x65, 0x08, 0x65, 0x08, 0x65, 0x08, 0x65, 0x08, 0x65,
    0x08, 0x65, 0x08, 0x65, 0x08, 0x65, 0x08, 0x65, 0x08, 0x65, 0x08, 0x65, 0x08, 0x65, 0x08, 0x65,
    0x08, 0x65, 0x08, 0x65, 0x08, 0x65, 0x08, 0x65, 0x08, 0x65, 0x08, 0x65, 0x08, 0x85, 0x08, 0x85,
    0x08, 0x85, 0x08, 0x85, 0x08, 0x85, 0x08, 0x85, 0x08, 0x85, 0x08, 0x85, 0x08, 0x85, 0x08, 0x85,
    0x08, 0x85, 0x08, 0x85, 0x08, 0x85, 0x08, 0x85, 0x08, 0x85, 0x08, 0x85, 0x08, 0x65, 0x08, 0x65,
    0x08, 0x65, 0x08, 0x65, 0x08, 0x65, 0x08, 0x65, 0x08, 0x65, 0x08, 0x65, 0x08, 0x65, 0x08, 0x65,
    0x08, 0x65, 0x08, 0x65, 0x08, 0x65, 0x08, 0x65, 0x08, 0x65, 0x08, 0x65, 0x08, 0x65, 0x08, 0x65,
    0x08, 0x65, 0x08, 0x65, 0x08, 0x65, 0x08, 0x65, 0x08, 0x65, 0x08, 0x65, 0x08, 0x65, 0x08, 0x65,
    0x08, 0x65, 0x08, 0x65, 0x08, 0x65, 0x08, 0x65, 0x08, 0x65, 0x08, 0x65, 0x08, 0x65, 0x08, 0x65,
    0x08, 0x65, 0x08, 0x65, 0x08, 0x65, 0x08, 0x65, 0x08, 0x65, 0x08, 0x65, 0x08, 0x65, 0x08, 0x65,
    0x08, 0x65, 0x08, 0x65, 0x08, 0x65, 0x08, 0x65, 0x08, 0x65, 0x08, 0x65, 0x08, 0x65, 0x08, 0x65,
    0x08, 0x65, 0x08, 0x65, 0x08, 0x65, 0x08, 0x65, 0x08, 0x65, 0x08, 0x65, 0x08, 0x65, 0x08, 0x65,
    0x08, 0x65, 0x08, 0x65, 0x08, 0x65, 0x08, 0x65, 0x08, 0x65, 0x08, 0x65, 0x08, 0xa6, 0x00, 0x45,
    0x18, 0xe7, 0x31, 0xcb, 0x00, 0x24, 0x00, 0x45, 0x10, 0xc7, 0x00, 0x45, 0x08, 0x65, 0x08, 0x65,
    0x08, 0x65, 0x08, 0x65, 0x08, 0x65, 0x08, 0x65, 0x08, 0x65, 0x08, 0x65, 0x08, 0x65, 0x08, 0x65,
    0x08, 0x65, 0x08, 0x65, 0x08, 0x65, 0x08, 0x65, 0x08, 0x45, 0x00, 0x66, 0x00, 0xe9, 0x09, 0x6b,
    0x11, 0xcd, 0x09, 0xcd, 0x01, 0xad, 0x01, 0xae, 0x01, 0xce, 0x01, 0xcf, 0x01, 0xcf, 0x01, 0xd0,
    0x01, 0xd0, 0x01, 0xcf, 0x01, 0xcf, 0x01, 0xcf, 0x09, 0xcf, 0x09, 0xcf, 0x01, 0xae, 0x01, 0xae,
    0x01, 0xae, 0x01, 0xae, 0x01, 0xae, 0x01, 0xae, 0x01, 0xae, 0x01, 0xae, 0x01, 0xae, 0x01, 0xae,
    0x01, 0xae, 0x01, 0xae, 0x01, 0xae, 0x01, 0xae, 0x01, 0xae, 0x01, 0xae, 0x01, 0xef, 0x02, 0x10,
    0x01, 0xf0, 0x01, 0xcf, 0x01, 0xaf, 0x09, 0xae, 0x11, 0xad, 0x11, 0x8c, 0x00, 0xa7, 0x00, 0x66,
    0x00, 0x64, 0x00, 0x65, 0x08, 0x65, 0x08, 0x65, 0x08, 0x45, 0x08, 0x45, 0x08, 0x85, 0x08, 0x65,
    0x08, 0x65, 0x08, 0x86, 0x00, 0x45, 0x00, 0x45, 0x18, 0xe8, 0x29, 0x6a, 0x08, 0x65, 0x00, 0x45,
    0x00, 0x45, 0x08, 0x65, 0x08, 0x65, 0x08, 0x64, 0x08, 0x64, 0x08, 0x85, 0x00, 0x44, 0x10, 0xa6,
    0x08, 0x85, 0x00, 0x45, 0x08, 0x86, 0x08, 0x86, 0x00, 0x25, 0x08, 0x86, 0x29, 0x8a, 0x18, 0xe7,
    0x08, 0x65, 0x00, 0x45, 0x08, 0x65, 0x10, 0x85, 0x08, 0x85, 0x00, 0x23, 0x08, 0x65, 0x08, 0x65,
    0x08, 0x65, 0x08, 0x65, 0x08, 0x65, 0x08, 0x65, 0x08, 0x65, 0x08, 0x65, 0x08, 0x65, 0x08, 0x65,
    0x08, 0x65, 0x08, 0x65, 0x08, 0x65, 0x08, 0x65, 0x08, 0x65, 0x08, 0x65, 0x08, 0x64, 0x08, 0x64,
    0x08, 0x64, 0x08, 0x64, 0x08, 0x64, 0x08, 0x64, 0x08, 0x64, 0x08, 0x64, 0x08, 0x64, 0x08, 0x64,
    0x08, 0x64, 0x08, 0x64, 0x08, 0x64, 0x08, 0x64, 0x08, 0x64, 0x08, 0x64, 0x00, 0x43, 0x18, 0xe6,
    0x08, 0x65, 0x08, 0x65, 0x08, 0x65, 0x08, 0x65, 0x08, 0x65, 0x08, 0x65, 0x08, 0x65, 0x08, 0x65,
    0x08, 0x65, 0x08, 0x65, 0x08, 0x65, 0x08, 0x65, 0x08, 0x65, 0x08, 0x65, 0x08, 0x65, 0x08, 0x65,
    0x08, 0x65, 0x08, 0x65, 0x08, 0x65, 0x08, 0x65, 0x08, 0x65, 0x08, 0x65, 0x08, 0x65, 0x08, 0x65,
    0x08, 0x65, 0x08, 0x65, 0x08, 0x65, 0x08, 0x65, 0x08, 0x65, 0x08, 0x65, 0x08, 0x65, 0x08, 0x65,
    0x08, 0x65, 0x08, 0x65, 0x08, 0x65, 0x08, 0x65, 0x08, 0x65, 0x08, 0x65, 0x08, 0x65, 0x08, 0x65,
    0x08, 0x65, 0x08, 0x65, 0x08, 0x65, 0x08, 0x65, 0x08, 0x65, 0x08, 0x65, 0x08, 0x65, 0x08, 0x65,
    0x08, 0x65, 0x08, 0x65, 0x08, 0x65, 0x08, 0x65, 0x08, 0x65, 0x08, 0x65, 0x08, 0x65, 0x08, 0x65,
    0x08, 0x65, 0x08, 0x65, 0x08, 0x65, 0x08, 0x65, 0x08, 0x65, 0x08, 0x65, 0x08, 0x65, 0x08, 0x65,
    0x08, 0x65, 0x08, 0x65, 0x08, 0x65, 0x08, 0x65, 0x08, 0x65, 0x08, 0x65, 0x08, 0x65, 0x08, 0x65,
    0x08, 0x65, 0x08, 0x65, 0x08, 0x65, 0x08, 0x65, 0x08, 0x65, 0x08, 0x65, 0x08, 0x65, 0x08, 0x65,
    0x08, 0x65, 0x08, 0x65, 0x08, 0x65, 0x08, 0x65, 0x08, 0x65, 0x08, 0x65, 0x08, 0x65, 0x08, 0x65,
    0x08, 0x65, 0x08, 0x65, 0x08, 0x65, 0x08, 0x65, 0x08, 0x65, 0x08, 0x65, 0x08, 0x65, 0x08, 0x65,
    0x08, 0x65, 0x08, 0x65, 0x08, 0x65, 0x08, 0x65, 0x08, 0x65, 0x08, 0x65, 0x08, 0x85, 0x08, 0x85,
    0x08, 0x85, 0x08, 0x85, 0x08, 0x85, 0x08, 0x85, 0x08, 0x85, 0x08, 0x85, 0x08, 0x85, 0x08, 0x85,
    0x08, 0x85, 0x08, 0x85, 0x08, 0x85, 0x08, 0x85, 0x08, 0x85, 0x08, 0x85, 0x08, 0x65, 0x08, 0x65,
    0x08, 0x65, 0x08, 0x65, 0x08, 0x65, 0x08, 0x65, 0x08, 0x65, 0x08, 0x65, 0x08, 0x65, 0x08, 0x65,
    0x08, 0x65, 0x08, 0x65, 0x08, 0x65, 0x08, 0x65, 0x08, 0x65, 0x08, 0x65, 0x08, 0x65, 0x08, 0x65,
    0x08, 0x65, 0x08, 0x65, 0x08, 0x65, 0x08, 0x65, 0x08, 0x65, 0x08, 0x65, 0x08, 0x65, 0x08, 0x65,
    0x08, 0x65, 0x08, 0x65, 0x08, 0x65, 0x08, 0x65, 0x08, 0x65, 0x08, 0x65, 0x08, 0x65, 0x08, 0x65,
    0x08, 0x65, 0x08, 0x65, 0x08, 0x65, 0x08, 0x65, 0x08, 0x65, 0x08, 0x65, 0x08, 0x65, 0x08, 0x65,
    0x08, 0x65, 0x08, 0x65, 0x08, 0x65, 0x08, 0x65, 0x08, 0x65, 0x08, 0x65, 0x08, 0x65, 0x08, 0x65,
    0x08, 0x65, 0x08, 0x65, 0x08, 0x65, 0x08, 0x65, 0x08, 0x65, 0x08, 0x65, 0x08, 0x65, 0x08, 0x65,
    0x08, 0x65, 0x08, 0x65, 0x08, 0x65, 0x08, 0x65, 0x08, 0x65, 0x08, 0x65, 0x08, 0x86, 0x10, 0xc7,
    0x29, 0x8a, 0x08, 0x65, 0x08, 0x66, 0x08, 0x86, 0x08, 0x65, 0x08, 0x65, 0x08, 0x65, 0x08, 0x65,
    0x08, 0x65, 0x08, 0x85, 0x08, 0x65, 0x08, 0x65, 0x08, 0x85, 0x08, 0x85, 0x08, 0x65, 0x08, 0x65,
    0x08, 0x65, 0x08, 0x65, 0x08, 0x65, 0x00, 0x45, 0x00, 0x66, 0x00, 0x66, 0x09, 0x4b, 0x09, 0xad,
    0x11, 0xed, 0x09, 0xce, 0x01, 0xae, 0x01, 0xce, 0x01, 0xcf, 0x01, 0xaf, 0x01, 0xcf, 0x01, 0xcf,
    0x01, 0xcf, 0x01, 0xcf, 0x01, 0xcf, 0x01, 0xaf, 0x01, 0xaf, 0x01, 0xaf, 0x01, 0xcf, 0x01, 0xcf,
    0x01, 0xcf, 0x01, 0xcf, 0x01, 0xcf, 0x01, 0xcf, 0x01, 0xcf, 0x01, 0xcf, 0x01, 0xcf, 0x01, 0xcf,
    0x01, 0xcf, 0x01, 0xcf, 0x01, 0xcf, 0x01, 0xcf, 0x01, 0xcf, 0x01, 0xcf, 0x01, 0xcf, 0x01, 0xf0,
    0x01, 0xf0, 0x01, 0xcf, 0x01, 0xae, 0x09, 0xae, 0x11, 0xce, 0x11, 0xcd, 0x01, 0x09, 0x00, 0xa7,
    0x00, 0x65, 0x00, 0x85, 0x08, 0x85, 0x08, 0x65, 0x08, 0x44, 0x00, 0x24, 0x08, 0x65, 0x00, 0x44,
    0x08, 0x85, 0x00, 0x45, 0x08, 0x65, 0x00, 0x25, 0x00, 0x04, 0x31, 0xab, 0x10, 0xa7, 0x08, 0x86,
    0x08, 0x45, 0x08, 0x65, 0x08, 0x85, 0x08, 0x65, 0x00, 0x44, 0x00, 0x64, 0x00, 0x44, 0x08, 0x85,
    0x08, 0x65, 0x00, 0x44, 0x08, 0x86, 0x00, 0x24, 0x10, 0xc7, 0x00, 0x04, 0x19, 0x08, 0x21, 0x28,
    0x10, 0xa6, 0x00, 0x24, 0x08, 0x65, 0x08, 0x44, 0x00, 0x24, 0x10, 0xa6, 0x08, 0x65, 0x08, 0x65,
    0x08, 0x65, 0x08, 0x65, 0x08, 0x65, 0x08, 0x65, 0x08, 0x65, 0x08, 0x64, 0x08, 0x65, 0x08, 0x65,
    0x08, 0x65, 0x08, 0x65, 0x08, 0x65, 0x08, 0x65, 0x08, 0x65, 0x08, 0x65, 0x08, 0x65, 0x08, 0x64,
    0x08, 0x64, 0x08, 0x64, 0x08, 0x64, 0x08, 0x64, 0x08, 0x64, 0x08, 0x64, 0x08, 0x64, 0x08, 0x64,
    0x08, 0x64, 0x08, 0x64, 0x08, 0x64, 0x08, 0x64, 0x08, 0x64, 0x08, 0x64, 0x00, 0x43, 0x18, 0xe6,
    0x08, 0x65, 0x08, 0x65, 0x08, 0x65, 0x08, 0x65, 0x08, 0x65, 0x08, 0x65, 0x08, 0x65, 0x08, 0x65,
    0x08, 0x65, 0x08, 0x65, 0x08, 0x65, 0x08, 0x65, 0x08, 0x65, 0x08, 0x65, 0x08, 0x65, 0x08, 0x65,
    0x08, 0x65, 0x08, 0x65, 0x08, 0x65, 0x08, 0x65, 0x08, 0x65, 0x08, 0x65, 0x08, 0x65, 0x08, 0x65,
    0x08, 0x65, 0x08, 0x65, 0x08, 0x65, 0x08, 0x65, 0x08, 0x65, 0x08, 0x65, 0x08, 0x65, 0x08, 0x65,
    0x08, 0x65, 0x08, 0x65, 0x08, 0x65, 0x08, 0x65, 0x08, 0x65, 0x08, 0x65, 0x08, 0x65, 0x08, 0x65,
    0x08, 0x65, 0x08, 0x65, 0x08, 0x65, 0x08, 0x65, 0x08, 0x65, 0x08, 0x65, 0x08, 0x65, 0x08, 0x65,
    0x08, 0x65, 0x08, 0x65, 0x08, 0x65, 0x08, 0x65, 0x08, 0x65, 0x08, 0x65, 0x08, 0x65, 0x08, 0x65,
    0x08, 0x65, 0x08, 0x65, 0x08, 0x65, 0x08, 0x65, 0x08, 0x65, 0x08, 0x65, 0x08, 0x65, 0x08, 0x65,
    0x08, 0x65, 0x08, 0x65, 0x08, 0x65, 0x08, 0x65, 0x08, 0x65, 0x08, 0x65, 0x08, 0x65, 0x08, 0x65,
    0x08, 0x65, 0x08, 0x65, 0x08, 0x65, 0x08, 0x65, 0x08, 0x65, 0x08, 0x65, 0x08, 0x65, 0x08, 0x65,
    0x08, 0x65, 0x08, 0x65, 0x08, 0x65, 0x08, 0x65, 0x08, 0x65, 0x08, 0x65, 0x08, 0x65, 0x08, 0x65,
    0x08, 0x65, 0x08, 0x65, 0x08, 0x65, 0x08, 0x65, 0x08, 0x65, 0x08, 0x65, 0x08, 0x65, 0x08, 0x65,
    0x08, 0x65, 0x08, 0x65, 0x08, 0x65, 0x08, 0x65, 0x08, 0x65, 0x08, 0x65, 0x08, 0x65, 0x08, 0x65,
    0x08, 0x65, 0x08, 0x65, 0x08, 0x65, 0x08, 0x65, 0x08, 0x65, 0x08, 0x65, 0x08, 0x65, 0x08, 0x65,
    0x08, 0x65, 0x08, 0x65, 0x08, 0x65, 0x08, 0x65, 0x08, 0x65, 0x08, 0x65, 0x08, 0x65, 0x08, 0x65,
    0x08, 0x65, 0x08, 0x65, 0x08, 0x65, 0x08, 0x65, 0x08, 0x65, 0x08, 0x65, 0x08, 0x65, 0x08, 0x65,
    0x08, 0x65, 0x08, 0x65, 0x08, 0x65, 0x08, 0x65, 0x08, 0x65, 0x08, 0x65, 0x08, 0x65, 0x08, 0x65,
    0x08, 0x65, 0x08, 0x65, 0x08, 0x65, 0x08, 0x65, 0x08, 0x65, 0x08, 0x65, 0x08, 0x65, 0x08, 0x65,
    0x08, 0x65, 0x08, 0x65, 0x08, 0x65, 0x08, 0x65, 0x08, 0x65, 0x08, 0x65, 0x08, 0x65, 0x08, 0x65,
    0x08, 0x65, 0x08, 0x65, 0x08, 0x65, 0x08, 0x65, 0x08, 0x65, 0x08, 0x65, 0x08, 0x65, 0x08, 0x65,
    0x08, 0x65, 0x08, 0x65, 0x08, 0x65, 0x08, 0x65, 0x08, 0x65, 0x08, 0x65, 0x08, 0x65, 0x08, 0x65,
    0x08, 0x65, 0x08, 0x65, 0x08, 0x65, 0x08, 0x65, 0x08, 0x65, 0x08, 0x65, 0x08, 0x85, 0x00, 0x44,
    0x10, 0xa5, 0x08, 0x64, 0x08, 0x85, 0x00, 0x45, 0x08, 0x86, 0x00, 0x45, 0x00, 0x46, 0x29, 0x8a,
    0x21, 0x29, 0x00, 0x25, 0x08, 0x65, 0x10, 0x86, 0x08, 0x45, 0x10, 0x85, 0x10, 0x64, 0x10, 0x64,
    0x08, 0x65, 0x08, 0x85, 0x00, 0x85, 0x00, 0x86, 0x00, 0x65, 0x08, 0x65, 0x10, 0x85, 0x08, 0x44,
    0x08, 0x23, 0x08, 0x65, 0x08, 0x65, 0x00, 0x45, 0x00, 0x87, 0x08, 0xe9, 0x09, 0xad, 0x01, 0xce,
    0x01, 0xce, 0x01, 0xce, 0x01, 0xce, 0x01, 0xce, 0x01, 0xce, 0x01, 0xcf, 0x01, 0xcf, 0x01, 0xcf,
    0x01, 0xcf, 0x01, 0xcf, 0x01, 0xcf, 0x01, 0xcf, 0x01, 0xcf, 0x01, 0xce, 0x01, 0xce, 0x01, 0xce,
    0x01, 0xce, 0x01, 0xce, 0x01, 0xce, 0x01, 0xce, 0x01, 0xce, 0x01, 0xce, 0x01, 0xce, 0x01, 0xce,
    0x01, 0xce, 0x01, 0xce, 0x01, 0xce, 0x01, 0xce, 0x01, 0xce, 0x01, 0xcf, 0x01, 0xcf, 0x01, 0xcf,
    0x01, 0xcf, 0x01, 0xcf, 0x01, 0xcf, 0x01, 0xce, 0x09, 0xae, 0x09, 0xad, 0x09, 0x8c, 0x01, 0x09,
    0x00, 0xa7, 0x00, 0x66, 0x00, 0x65, 0x08, 0x65, 0x08, 0x44, 0x08, 0x44, 0x08, 0x44, 0x08, 0x65,
    0x08, 0x65, 0x08, 0x65, 0x08, 0x66, 0x08, 0x86, 0x08, 0x87, 0x08, 0x87, 0x39, 0xec, 0x08, 0x86,
    0x00, 0x04, 0x10, 0xc6, 0x00, 0x64, 0x08, 0x85, 0x08, 0x64, 0x08, 0x84, 0x08, 0x64, 0x08, 0x65,
    0x08, 0x65, 0x08, 0x65, 0x08, 0x65, 0x08, 0x65, 0x08, 0x65, 0x08, 0x65, 0x00, 0x04, 0x29, 0x69,
    0x21, 0x28, 0x00, 0x45, 0x08, 0x86, 0x00, 0x24, 0x10, 0xa6, 0x08, 0x65, 0x08, 0x65, 0x08, 0x65,
    0x08, 0x65, 0x08, 0x65, 0x08, 0x64, 0x08, 0x64, 0x08, 0x64, 0x08, 0x64, 0x08, 0x64, 0x08, 0x64,
    0x08, 0x64, 0x08, 0x65, 0x08, 0x65, 0x08, 0x65, 0x08, 0x65, 0x08, 0x65, 0x08, 0x65, 0x08, 0x65,
    0x08, 0x65, 0x08, 0x65, 0x08, 0x65, 0x08, 0x65, 0x08, 0x65, 0x08, 0x65, 0x08, 0x65, 0x08, 0x65,
    0x08, 0x65, 0x08, 0x65, 0x08, 0x65, 0x08, 0x65, 0x08, 0x65, 0x08, 0x64, 0x00, 0x24, 0x18, 0xe6,
    0x08, 0x65, 0x08, 0x65, 0x08, 0x65, 0x08, 0x65, 0x08, 0x65, 0x08, 0x65, 0x08, 0x65, 0x08, 0x65,
    0x08, 0x65, 0x08, 0x65, 0x08, 0x65, 0x08, 0x65, 0x08, 0x65, 0x08, 0x65, 0x08, 0x65, 0x08, 0x65,
    0x08, 0x65, 0x08, 0x65, 0x08, 0x65, 0x08, 0x65, 0x08, 0x65, 0x08, 0x65, 0x08, 0x65, 0x08, 0x65,
    0x08, 0x65, 0x08, 0x65, 0x08, 0x65, 0x08, 0x65, 0x08, 0x65, 0x08, 0x65, 0x08, 0x65, 0x08, 0x65,
    0x08, 0x65, 0x08, 0x65, 0x08, 0x65, 0x08, 0x65, 0x08, 0x65, 0x08, 0x65, 0x08, 0x65, 0x08, 0x65,
    0x08, 0x65, 0x08, 0x65, 0x08, 0x65, 0x08, 0x65, 0x08, 0x65, 0x08, 0x65, 0x08, 0x65, 0x08, 0x65,
    0x08, 0x65, 0x08, 0x65, 0x08, 0x65, 0x08, 0x65, 0x08, 0x65, 0x08, 0x65, 0x08, 0x65, 0x08, 0x65,
    0x08, 0x65, 0x08, 0x65, 0x08, 0x65, 0x08, 0x65, 0x08, 0x65, 0x08, 0x65, 0x08, 0x65, 0x08, 0x65,
    0x08, 0x65, 0x08, 0x65, 0x08, 0x65, 0x08, 0x65, 0x08, 0x65, 0x08, 0x65, 0x08, 0x65, 0x08, 0x65,
    0x08, 0x65, 0x08, 0x65, 0x08, 0x65, 0x08, 0x65, 0x08, 0x65, 0x08, 0x65, 0x08, 0x65, 0x08, 0x65,
    0x08, 0x65, 0x08, 0x65, 0x08, 0x65, 0x08, 0x65, 0x08, 0x65, 0x08, 0x65, 0x08, 0x65, 0x08, 0x65,
    0x08, 0x65, 0x08, 0x65, 0x08, 0x65, 0x08, 0x65, 0x08, 0x65, 0x08, 0x65, 0x08, 0x65, 0x08, 0x65,
    0x08, 0x65, 0x08, 0x65, 0x08, 0x65, 0x08, 0x65, 0x08, 0x65, 0x08, 0x65, 0x08, 0x65, 0x08, 0x65,
    0x08, 0x65, 0x08, 0x65, 0x08, 0x65, 0x08, 0x65, 0x08, 0x65, 0x08, 0x65, 0x08, 0x65, 0x08, 0x65,
    0x08, 0x65, 0x08, 0x65, 0x08, 0x65, 0x08, 0x65, 0x08, 0x65, 0x08, 0x65, 0x08, 0x65, 0x08, 0x65,
    0x08, 0x65, 0x08, 0x65, 0x08, 0x65, 0x08, 0x65, 0x08, 0x65, 0x08, 0x65, 0x08, 0x65, 0x08, 0x65,
    0x08, 0x65, 0x08, 0x65, 0x08, 0x65, 0x08, 0x65, 0x08, 0x65, 0x08, 0x65, 0x08, 0x65, 0x08, 0x65,
    0x08, 0x65, 0x08, 0x65, 0x08, 0x65, 0x08, 0x65, 0x08, 0x65, 0x08, 0x65, 0x08, 0x65, 0x08, 0x65,
    0x08, 0x65, 0x08, 0x65, 0x08, 0x65, 0x08, 0x65, 0x08, 0x65, 0x08, 0x65, 0x08, 0x65, 0x08, 0x65,
    0x08, 0x65, 0x08, 0x65, 0x08, 0x65, 0x08, 0x65, 0x08, 0x65, 0x08, 0x65, 0x08, 0x65, 0x08, 0x65,
    0x08, 0x65, 0x08, 0x65, 0x08, 0x65, 0x08, 0x65, 0x08, 0x65, 0x08, 0x65, 0x08, 0x65, 0x08, 0x65,
    0x08, 0x65, 0x08, 0x65, 0x08, 0x65, 0x08, 0x65, 0x08, 0x65, 0x08, 0x65, 0x08, 0x64, 0x08, 0x84,
    0x08, 0x64, 0x08, 0x85, 0x08, 0x65, 0x08, 0x86, 0x00, 0x66, 0x00, 0x45, 0x18, 0xe8, 0x21, 0x4a,
    0x10, 0xc8, 0x00, 0x25, 0x08, 0x66, 0x08, 0x65, 0x08, 0x45, 0x10, 0x85, 0x10, 0x64, 0x10, 0x64,
    0x08, 0x65, 0x08, 0x85, 0x00, 0x86, 0x00, 0x86, 0x00, 0x86, 0x08, 0x65, 0x08, 0x64, 0x08, 0x44,
    0x08, 0x64, 0x08, 0x65, 0x08, 0x65, 0x00, 0x66, 0x00, 0xa8, 0x09, 0x2a, 0x09, 0xae, 0x01, 0xce,
    0x01, 0xce, 0x01, 0xce, 0x01, 0xce, 0x01, 0xce, 0x01, 0xce, 0x01, 0xce, 0x01, 0xce, 0x01, 0xce,
    0x01, 0xce, 0x01, 0xce, 0x01, 0xce, 0x01, 0xce, 0x01, 0xce, 0x01, 0xce, 0x01, 0xce, 0x01, 0xce,
    0x01, 0xce, 0x01, 0xce, 0x01, 0xce, 0x01, 0xce, 0x01, 0xce, 0x01, 0xce, 0x01, 0xce, 0x01, 0xce,
    0x01, 0xce, 0x01, 0xce, 0x01, 0xce, 0x01, 0xce, 0x01, 0xce, 0x01, 0xcf, 0x01, 0xcf, 0x01, 0xaf,
    0x01, 0xcf, 0x01, 0xcf, 0x01, 0xcf, 0x01, 0xce, 0x01, 0xce, 0x09, 0xae, 0x09, 0x8c, 0x01, 0x2a,
    0x00, 0xa8, 0x00, 0x66, 0x00, 0x66, 0x08, 0x65, 0x08, 0x45, 0x08, 0x44, 0x08, 0x65, 0x08, 0x65,
    0x08, 0x65, 0x08, 0x65, 0x00, 0x46, 0x00, 0x46, 0x00, 0x46, 0x00, 0x46, 0x21, 0x6a, 0x19, 0x08,
    0x08, 0x86, 0x00, 0x45, 0x08, 0x85, 0x00, 0x64, 0x00, 0x64, 0x00, 0x64, 0x08, 0x64, 0x08, 0x65,
    0x08, 0x65, 0x08, 0x65, 0x08, 0x65, 0x08, 0x65, 0x08, 0x65, 0x08, 0x65, 0x00, 0x45, 0x10, 0xa6,
    0x29, 0x69, 0x10, 0xc7, 0x00, 0x24, 0x08, 0x86, 0x00, 0x44, 0x08, 0x85, 0x08, 0x65, 0x08, 0x65,
    0x08, 0x65, 0x08, 0x65, 0x08, 0x64, 0x08, 0x64, 0x08, 0x64, 0x08, 0x64, 0x08, 0x64, 0x08, 0x64,
    0x08, 0x64, 0x08, 0x64, 0x08, 0x65, 0x08, 0x65, 0x08, 0x65, 0x08, 0x65, 0x08, 0x65, 0x08, 0x65,
    0x08, 0x65, 0x08, 0x65, 0x08, 0x65, 0x08, 0x65, 0x08, 0x65, 0x08, 0x65, 0x08, 0x65, 0x08, 0x65,
    0x08, 0x65, 0x08, 0x65, 0x08, 0x65, 0x08, 0x65, 0x08, 0x65, 0x08, 0x65, 0x00, 0x24, 0x18, 0xe6,
    0x08, 0x65, 0x08, 0x65, 0x08, 0x65, 0x08, 0x65, 0x08, 0x65, 0x08, 0x65, 0x08, 0x65, 0x08, 0x65,
    0x08, 0x65, 0x08, 0x65, 0x08, 0x65, 0x08, 0x65, 0x08, 0x65, 0x08, 0x65, 0x08, 0x65, 0x08, 0x65,
    0x08, 0x65, 0x08, 0x65, 0x08, 0x65, 0x08, 0x65, 0x08, 0x65, 0x08, 0x65, 0x08, 0x65, 0x08, 0x65,
    0x08, 0x65, 0x08, 0x65, 0x08, 0x65, 0x08, 0x65, 0x08, 0x65, 0x08, 0x65, 0x08, 0x65, 0x08, 0x65,
    0x08, 0x65, 0x08, 0x65, 0x08, 0x65, 0x08, 0x65, 0x08, 0x65, 0x08, 0x65, 0x08, 0x65, 0x08, 0x65,
    0x08, 0x65, 0x08, 0x65, 0x08, 0x65, 0x08, 0x65, 0x08, 0x65, 0x08, 0x65, 0x08, 0x65, 0x08, 0x65,
    0x08, 0x65, 0x08, 0x65, 0x08, 0x65, 0x08, 0x65, 0x08, 0x65, 0x08, 0x65, 0x08, 0x65, 0x08, 0x65,
    0x08, 0x65, 0x08, 0x65, 0x08, 0x65, 0x08, 0x65, 0x08, 0x65, 0x08, 0x65, 0x08, 0x65, 0x08, 0x65,
    0x08, 0x65, 0x08, 0x65, 0x08, 0x65, 0x08, 0x65, 0x08, 0x65, 0x08, 0x65, 0x08, 0x65, 0x08, 0x65,
    0x08, 0x65, 0x08, 0x65, 0x08, 0x65, 0x08, 0x65, 0x08, 0x65, 0x08, 0x65, 0x08, 0x65, 0x08, 0x65,
    0x08, 0x65, 0x08, 0x65, 0x08, 0x65, 0x08, 0x65, 0x08, 0x65, 0x08, 0x65, 0x08, 0x65, 0x08, 0x65,
    0x08, 0x65, 0x08, 0x65, 0x08, 0x65, 0x08, 0x65, 0x08, 0x65, 0x08, 0x65, 0x08, 0x65, 0x08, 0x65,
    0x08, 0x65, 0x08, 0x65, 0x08, 0x65, 0x08, 0x65, 0x08, 0x65, 0x08, 0x65, 0x08, 0x65, 0x08, 0x65,
    0x08, 0x65, 0x08, 0x65, 0x08, 0x65, 0x08, 0x65, 0x08, 0x65, 0x08, 0x65, 0x08, 0x65, 0x08, 0x65,
    0x08, 0x65, 0x08, 0x65, 0x08, 0x65, 0x08, 0x65, 0x08, 0x65, 0x08, 0x65, 0x08, 0x65, 0x08, 0x65,
    0x08, 0x65, 0x08, 0x65, 0x08, 0x65, 0x08, 0x65, 0x08, 0x65, 0x08, 0x65, 0x08, 0x65, 0x08, 0x65,
    0x08, 0x65, 0x08, 0x65, 0x08, 0x65, 0x08, 0x65, 0x08, 0x65, 0x08, 0x65, 0x08, 0x65, 0x08, 0x65,
    0x08, 0x65, 0x08, 0x65, 0x08, 0x65, 0x08, 0x65, 0x08, 0x65, 0x08, 0x65, 0x08, 0x65, 0x08, 0x65,
    0x08, 0x65, 0x08, 0x65, 0x08, 0x65, 0x08, 0x65, 0x08, 0x65, 0x08, 0x65, 0x08, 0x65, 0x08, 0x65,
    0x08, 0x65, 0x08, 0x65, 0x08, 0x65, 0x08, 0x65, 0x08, 0x65, 0x08, 0x65, 0x08, 0x65, 0x08, 0x65,
    0x08, 0x65, 0x08, 0x65, 0x08, 0x65, 0x08, 0x65, 0x08, 0x65, 0x08, 0x65, 0x08, 0x65, 0x08, 0x65,
    0x08, 0x65, 0x08, 0x65, 0x08, 0x65, 0x08, 0x65, 0x08, 0x65, 0x08, 0x65, 0x08, 0x64, 0x10, 0xa5,
    0x00, 0x44, 0x08, 0x85, 0x00, 0x65, 0x10, 0xa7, 0x00, 0x45, 0x00, 0x66, 0x29, 0x8b, 0x19, 0x08,
    0x08, 0x66, 0x00, 0x45, 0x08, 0x66, 0x08, 0x45, 0x08, 0x45, 0x10, 0x65, 0x10, 0x64, 0x08, 0x84,
    0x08, 0x65, 0x08, 0x85, 0x00, 0x86, 0x00, 0x86, 0x08, 0x65, 0x08, 0x65, 0x08, 0x44, 0x10, 0x64,
    0x10, 0x85, 0x08, 0x65, 0x00, 0x65, 0x00, 0x87, 0x09, 0x09, 0x11, 0x8c, 0x09, 0xae, 0x01, 0xce,
    0x01, 0xce, 0x01, 0xce, 0x01, 0xce, 0x01, 0xce, 0x01, 0xce, 0x01, 0xce, 0x01, 0xce, 0x01, 0xce,
    0x01, 0xce, 0x01, 0xce, 0x01, 0xce, 0x01, 0xce, 0x01, 0xce, 0x01, 0xce, 0x01, 0xce, 0x01, 0xce,
    0x01, 0xce, 0x01, 0xce, 0x01, 0xce, 0x01, 0xce, 0x01, 0xce, 0x01, 0xce, 0x01, 0xce, 0x01, 0xce,
    0x01, 0xce, 0x01, 0xce, 0x01, 0xce, 0x01, 0xce, 0x01, 0xce, 0x01, 0xcf, 0x01, 0xcf, 0x01, 0xcf,
    0x01, 0xcf, 0x01, 0xcf, 0x01, 0xcf, 0x01, 0xce, 0x01, 0xce, 0x09, 0xae, 0x09, 0xad, 0x09, 0x6b,
    0x01, 0x09, 0x00, 0x87, 0x00, 0x65, 0x08, 0x65, 0x08, 0x65, 0x08, 0x44, 0x08, 0x65, 0x08, 0x65,
    0x08, 0x65, 0x00, 0x65, 0x00, 0x45, 0x00, 0x45, 0x00, 0x26, 0x00, 0x25, 0x08, 0xa7, 0x21, 0x6a,
    0x21, 0x29, 0x00, 0x04, 0x08, 0x85, 0x00, 0x64, 0x00, 0x64, 0x00, 0x44, 0x08, 0x64, 0x08, 0x65,
    0x08, 0x65, 0x08, 0x65, 0x08, 0x65, 0x08, 0x65, 0x08, 0x65, 0x08, 0x65, 0x08, 0x65, 0x00, 0x24,
    0x21, 0x28, 0x29, 0x69, 0x00, 0x25, 0x08, 0x86, 0x00, 0x24, 0x08, 0x86, 0x08, 0x65, 0x08, 0x65,
    0x08, 0x65, 0x08, 0x65, 0x08, 0x64, 0x08, 0x64, 0x08, 0x64, 0x08, 0x64, 0x08, 0x64, 0x08, 0x64,
    0x08, 0x64, 0x08, 0x64, 0x08, 0x65, 0x08, 0x65, 0x08, 0x65, 0x08, 0x65, 0x08, 0x65, 0x08, 0x65,
    0x08, 0x65, 0x08, 0x65, 0x08, 0x65, 0x08, 0x65, 0x08, 0x65, 0x08, 0x65, 0x08, 0x65, 0x08, 0x65,
    0x08, 0x65, 0x08, 0x65, 0x08, 0x65, 0x08, 0x65, 0x08, 0x65, 0x08, 0x65, 0x00, 0x24, 0x18, 0xe6,
    0x08, 0x65, 0x08, 0x65, 0x08, 0x65, 0x08, 0x65, 0x08, 0x65, 0x08, 0x65, 0x08, 0x65, 0x08, 0x65,
    0x08, 0x65, 0x08, 0x65, 0x08, 0x65, 0x08, 0x65, 0x08, 0x65, 0x08, 0x65, 0x08, 0x65, 0x08, 0x65,
    0x08, 0x65, 0x08, 0x65, 0x08, 0x65, 0x08, 0x65, 0x08, 0x65, 0x08, 0x65, 0x08, 0x65, 0x08, 0x65,
    0x08, 0x65, 0x08, 0x65, 0x08, 0x65, 0x08, 0x65, 0x08, 0x65, 0x08, 0x65, 0x08, 0x65, 0x08, 0x65,
    0x08, 0x65, 0x08, 0x65, 0x08, 0x65, 0x08, 0x65, 0x08, 0x65, 0x08, 0x65, 0x08, 0x65, 0x08, 0x65,
    0x08, 0x65, 0x08, 0x65, 0x08, 0x65, 0x08, 0x65, 0x08, 0x65, 0x08, 0x65, 0x08, 0x65, 0x08, 0x65,
    0x08, 0x65, 0x08, 0x65, 0x08, 0x65, 0x08, 0x65, 0x08, 0x65, 0x08, 0x65, 0x08, 0x65, 0x08, 0x65,
    0x08, 0x65, 0x08, 0x65, 0x08, 0x65, 0x08, 0x65, 0x08, 0x65, 0x08, 0x65, 0x08, 0x65, 0x08, 0x65,
    0x08, 0x65, 0x08, 0x65, 0x08, 0x65, 0x08, 0x65, 0x08, 0x65, 0x08, 0x65, 0x08, 0x65, 0x08, 0x65,
    0x08, 0x65, 0x08, 0x65, 0x08, 0x65, 0x08, 0x65, 0x08, 0x65, 0x08, 0x65, 0x08, 0x65, 0x08, 0x65,
    0x08, 0x65, 0x08, 0x65, 0x08, 0x65, 0x08, 0x65, 0x08, 0x65, 0x08, 0x65, 0x08, 0x65, 0x08, 0x65,
    0x08, 0x65, 0x08, 0x65, 0x08, 0x65, 0x08, 0x65, 0x08, 0x65, 0x08, 0x65, 0x08, 0x65, 0x08, 0x65,
    0x08, 0x65, 0x08, 0x65, 0x08, 0x65, 0x08, 0x65, 0x08, 0x65, 0x08, 0x65, 0x08, 0x65, 0x08, 0x65,
    0x08, 0x65, 0x08, 0x65, 0x08, 0x65, 0x08, 0x65, 0x08, 0x65, 0x08, 0x65, 0x08, 0x65, 0x08, 0x65,
    0x08, 0x65, 0x08, 0x65, 0x08, 0x65, 0x08, 0x65, 0x08, 0x65, 0x08, 0x65, 0x08, 0x65, 0x08, 0x65,
    0x08, 0x65, 0x08, 0x65, 0x08, 0x65, 0x08, 0x65, 0x08, 0x65, 0x08, 0x65, 0x08, 0x65, 0x08, 0x65,
    0x08, 0x65, 0x08, 0x65, 0x08, 0x65, 0x08, 0x65, 0x08, 0x65, 0x08, 0x65, 0x08, 0x65, 0x08, 0x65,
    0x08, 0x65, 0x08, 0x65, 0x08, 0x65, 0x08, 0x65, 0x08, 0x65, 0x08, 0x65, 0x08, 0x65, 0x08, 0x65,
    0x08, 0x65, 0x08, 0x65, 0x08, 0x65, 0x08, 0x65, 0x08, 0x65, 0x08, 0x65, 0x08, 0x65, 0x08, 0x65,
    0x08, 0x65, 0x08, 0x65, 0x08, 0x65, 0x08, 0x65, 0x08, 0x65, 0x08, 0x65, 0x08, 0x65, 0x08, 0x65,
    0x08, 0x65, 0x08, 0x65, 0x08, 0x65, 0x08, 0x65, 0x08, 0x65, 0x08, 0x65, 0x08, 0x65, 0x08, 0x65,
    0x08, 0x65, 0x08, 0x65, 0x08, 0x65, 0x08, 0x65, 0x08, 0x65, 0x08, 0x65, 0x08, 0x64, 0x08, 0x85,
    0x00, 0x44, 0x08, 0x85, 0x00, 0x65, 0x08, 0x66, 0x00, 0x66, 0x19, 0x09, 0x29, 0x6a, 0x10, 0xa7,
    0x00, 0x45, 0x08, 0x66, 0x08, 0x45, 0x08, 0x65, 0x10, 0x65, 0x08, 0x44, 0x08, 0x64, 0x08, 0x84,
    0x08, 0x65, 0x08, 0x85, 0x00, 0x85, 0x00, 0x85, 0x08, 0x65, 0x08, 0x65, 0x08, 0x44, 0x10, 0x85,
    0x10, 0x85, 0x00, 0x45, 0x00, 0x46, 0x00, 0xc8, 0x11, 0x6b, 0x11, 0xad, 0x09, 0xae, 0x01, 0xce,
    0x01, 0xce, 0x01, 0xce, 0x01, 0xce, 0x01, 0xce, 0x01, 0xce, 0x01, 0xce, 0x01, 0xce, 0x01, 0xce,
    0x01, 0xce, 0x01, 0xce, 0x01, 0xce, 0x01, 0xce, 0x01, 0xce, 0x01, 0xce, 0x01, 0xce, 0x01, 0xce,
    0x01, 0xce, 0x01, 0xce, 0x01, 0xce, 0x01, 0xce, 0x01, 0xce, 0x01, 0xce, 0x01, 0xce, 0x01, 0xce,
    0x01, 0xce, 0x01, 0xce, 0x01, 0xce, 0x01, 0xce, 0x01, 0xce, 0x01, 0xce, 0x01, 0xcf, 0x01, 0xcf,
    0x01, 0xcf, 0x01, 0xcf, 0x01, 0xcf, 0x01, 0xce, 0x01, 0xce, 0x09, 0xae, 0x09, 0x8d, 0x11, 0xac,
    0x11, 0x4b, 0x00, 0xc8, 0x00, 0x46, 0x00, 0x45, 0x08, 0x65, 0x08, 0x45, 0x08, 0x65, 0x08, 0x65,
    0x08, 0x65, 0x08, 0x65, 0x08, 0x66, 0x08, 0x66, 0x08, 0x66, 0x08, 0x66, 0x00, 0x25, 0x21, 0x49,
    0x29, 0x6a, 0x00, 0x45, 0x00, 0x45, 0x08, 0x65, 0x08, 0x85, 0x00, 0x64, 0x08, 0x65, 0x08, 0x65,
    0x08, 0x65, 0x08, 0x65, 0x08, 0x65, 0x08, 0x65, 0x08, 0x65, 0x08, 0x65, 0x00, 0x45, 0x08, 0x65,
    0x08, 0x65, 0x29, 0x8a, 0x18, 0xe7, 0x00, 0x25, 0x08, 0x66, 0x08, 0x65, 0x08, 0x65, 0x08, 0x65,
    0x08, 0x65, 0x08, 0x65, 0x08, 0x65, 0x08, 0x64, 0x08, 0x64, 0x08, 0x64, 0x08, 0x64, 0x08, 0x64,
    0x08, 0x64, 0x08, 0x64, 0x08, 0x65, 0x08, 0x65, 0x08, 0x65, 0x08, 0x65, 0x08, 0x65, 0x08, 0x65,
    0x08, 0x65, 0x08, 0x65, 0x08, 0x65, 0x08, 0x65, 0x08, 0x65, 0x08, 0x65, 0x08, 0x65, 0x08, 0x65,
    0x08, 0x65, 0x08, 0x65, 0x08, 0x65, 0x08, 0x65, 0x08, 0x65, 0x08, 0x65, 0x00, 0x24, 0x18, 0xe6,
    0x08, 0x65, 0x08, 0x65, 0x08, 0x65, 0x08, 0x65, 0x08, 0x65, 0x08, 0x65, 0x08, 0x65, 0x08, 0x65,
    0x08, 0x65, 0x08, 0x65, 0x08, 0x65, 0x08, 0x65, 0x08, 0x65, 0x08, 0x65, 0x08, 0x65, 0x08, 0x65,
    0x08, 0x65, 0x08, 0x65, 0x08, 0x65, 0x08, 0x65, 0x08, 0x65, 0x08, 0x65, 0x08, 0x65, 0x08, 0x65,
    0x08, 0x65, 0x08, 0x65, 0x08, 0x65, 0x08, 0x65, 0x08, 0x65, 0x08, 0x65, 0x08, 0x65, 0x08, 0x65,
    0x08, 0x65, 0x08, 0x65, 0x08, 0x65, 0x08, 0x65, 0x08, 0x65, 0x08, 0x65, 0x08, 0x65, 0x08, 0x65,
    0x08, 0x65, 0x08, 0x65, 0x08, 0x65, 0x08, 0x65, 0x08, 0x65, 0x08, 0x65, 0x08, 0x65, 0x08, 0x65,
    0x08, 0x65, 0x08, 0x65, 0x08, 0x65, 0x08, 0x65, 0x08, 0x65, 0x08, 0x65, 0x08, 0x65, 0x08, 0x65,
    0x08, 0x65, 0x08, 0x65, 0x08, 0x65, 0x08, 0x65, 0x08, 0x65, 0x08, 0x65, 0x08, 0x65, 0x08, 0x65,
    0x08, 0x65, 0x08, 0x65, 0x08, 0x65, 0x08, 0x65, 0x08, 0x65, 0x08, 0x65, 0x08, 0x65, 0x08, 0x65,
    0x08, 0x65, 0x08, 0x65, 0x08, 0x65, 0x08, 0x65, 0x08, 0x65, 0x08, 0x65, 0x08, 0x65, 0x08, 0x65,
    0x08, 0x65, 0x08, 0x65, 0x08, 0x65, 0x08, 0x65, 0x08, 0x65, 0x08, 0x65, 0x08, 0x65, 0x08, 0x65,
    0x08, 0x65, 0x08, 0x65, 0x08, 0x65, 0x08, 0x65, 0x08, 0x65, 0x08, 0x65, 0x08, 0x65, 0x08, 0x65,
    0x08, 0x65, 0x08, 0x65, 0x08, 0x65, 0x08, 0x65, 0x08, 0x65, 0x08, 0x65, 0x08, 0x65, 0x08, 0x65,
    0x08, 0x65, 0x08, 0x65, 0x08, 0x65, 0x08, 0x65, 0x08, 0x65, 0x08, 0x65, 0x08, 0x65, 0x08, 0x65,
    0x08, 0x65, 0x08, 0x65, 0x08, 0x65, 0x08, 0x65, 0x08, 0x65, 0x08, 0x65, 0x08, 0x65, 0x08, 0x65,
    0x08, 0x65, 0x08, 0x65, 0x08, 0x65, 0x08, 0x65, 0x08, 0x65, 0x08, 0x65, 0x08, 0x65, 0x08, 0x65,
    0x08, 0x65, 0x08, 0x65, 0x08, 0x65, 0x08, 0x65, 0x08, 0x65, 0x08, 0x65, 0x08, 0x65, 0x08, 0x65,
    0x08, 0x65, 0x08, 0x65, 0x08, 0x65, 0x08, 0x65, 0x08, 0x65, 0x08, 0x65, 0x08, 0x65, 0x08, 0x65,
    0x08, 0x65, 0x08, 0x65, 0x08, 0x65, 0x08, 0x65, 0x08, 0x65, 0x08, 0x65, 0x08, 0x65, 0x08, 0x65,
    0x08, 0x65, 0x08, 0x65, 0x08, 0x65, 0x08, 0x65, 0x08, 0x65, 0x08, 0x65, 0x08, 0x65, 0x08, 0x65,
    0x08, 0x65, 0x08, 0x65, 0x08, 0x65, 0x08, 0x65, 0x08, 0x65, 0x08, 0x65, 0x08, 0x65, 0x08, 0x65,
    0x08, 0x65, 0x08, 0x65, 0x08, 0x65, 0x08, 0x65, 0x08, 0x65, 0x08, 0x65, 0x08, 0x65, 0x00, 0x44,
    0x08, 0x85, 0x00, 0x65, 0x08, 0x85, 0x00, 0x24, 0x10, 0xc7, 0x31, 0xcb, 0x10, 0xc7, 0x00, 0x46,
    0x08, 0x66, 0x08, 0x86, 0x08, 0x45, 0x08, 0x85, 0x10, 0xa6, 0x00, 0x24, 0x08, 0x85, 0x08, 0x85,
    0x08, 0x85, 0x08, 0x65, 0x08, 0x85, 0x08, 0x85, 0x08, 0x64, 0x08, 0x64, 0x08, 0x64, 0x08, 0x65,
    0x08, 0x65, 0x00, 0x25, 0x00, 0x87, 0x09, 0x2a, 0x11, 0x8d, 0x09, 0xae, 0x01, 0xae, 0x01, 0xce,
    0x01, 0xce, 0x01, 0xce, 0x01, 0xce, 0x01, 0xce, 0x01, 0xce, 0x01, 0xce, 0x01, 0xce, 0x01, 0xce,
    0x01, 0xce, 0x01, 0xce, 0x01, 0xce, 0x01, 0xce, 0x01, 0xce, 0x01, 0xce, 0x01, 0xce, 0x01, 0xce,
    0x01, 0xce, 0x01, 0xce, 0x01, 0xce, 0x01, 0xce, 0x01, 0xce, 0x01, 0xce, 0x01, 0xce, 0x01, 0xce,
    0x01, 0xce, 0x01, 0xce, 0x01, 0xce, 0x01, 0xce, 0x01, 0xce, 0x01, 0xce, 0x01, 0xcf, 0x01, 0xcf,
    0x01, 0xcf, 0x01, 0xcf, 0x01, 0xcf, 0x01, 0xce, 0x01, 0xce, 0x09, 0xae, 0x01, 0x8d, 0x11, 0xcd,
    0x19, 0xac, 0x09, 0x09, 0x00, 0x66, 0x00, 0x45, 0x08, 0x65, 0x08, 0x85, 0x00, 0x64, 0x00, 0x65,
    0x08, 0x65, 0x08, 0x65, 0x08, 0x65, 0x08, 0x66, 0x08, 0x86, 0x08, 0x86, 0x00, 0x25, 0x10, 0xc7,
    0x21, 0x29, 0x19, 0x28, 0x00, 0x24, 0x08, 0x65, 0x08, 0x85, 0x08, 0x65, 0x08, 0x65, 0x08, 0x64,
    0x08, 0x64, 0x08, 0x64, 0x08, 0x65, 0x08, 0x65, 0x08, 0x65, 0x08, 0x65, 0x00, 0x45, 0x08, 0x65,
    0x00, 0x24, 0x18, 0xe7, 0x29, 0x8a, 0x08, 0x66, 0x08, 0x66, 0x08, 0x45, 0x08, 0x65, 0x08, 0x65,
    0x08, 0x65, 0x08, 0x65, 0x08, 0x65, 0x08, 0x64, 0x08, 0x64, 0x08, 0x64, 0x08, 0x64, 0x08, 0x64,
    0x08, 0x64, 0x08, 0x64, 0x08, 0x65, 0x08, 0x65, 0x08, 0x65, 0x08, 0x65, 0x08, 0x65, 0x08, 0x65,
    0x08, 0x65, 0x08, 0x65, 0x08, 0x65, 0x08, 0x65, 0x08, 0x65, 0x08, 0x65, 0x08, 0x65, 0x08, 0x65,
    0x08, 0x65, 0x08, 0x65, 0x08, 0x65, 0x08, 0x65, 0x08, 0x65, 0x08, 0x65, 0x00, 0x44, 0x18, 0xe6,
    0x08, 0x65, 0x08, 0x65, 0x08, 0x65, 0x08, 0x65, 0x08, 0x65, 0x08, 0x65, 0x08, 0x65, 0x08, 0x65,
    0x08, 0x65, 0x08, 0x65, 0x08, 0x65, 0x08, 0x65, 0x08, 0x65, 0x08, 0x65, 0x08, 0x65, 0x08, 0x65,
    0x08, 0x65, 0x08, 0x65, 0x08, 0x65, 0x08, 0x65, 0x08, 0x65, 0x08, 0x65, 0x08, 0x65, 0x08, 0x65,
    0x08, 0x65, 0x08, 0x65, 0x08, 0x65, 0x08, 0x65, 0x08, 0x65, 0x08, 0x65, 0x08, 0x65, 0x08, 0x65,
    0x08, 0x65, 0x08, 0x65, 0x08, 0x65, 0x08, 0x65, 0x08, 0x65, 0x08, 0x65, 0x08, 0x65, 0x08, 0x65,
    0x08, 0x65, 0x08, 0x65, 0x08, 0x65, 0x08, 0x65, 0x08, 0x65, 0x08, 0x65, 0x08, 0x65, 0x08, 0x65,
    0x08, 0x65, 0x08, 0x65, 0x08, 0x65, 0x08, 0x65, 0x08, 0x65, 0x08, 0x65, 0x08, 0x65, 0x08, 0x65,
    0x08, 0x65, 0x08, 0x65, 0x08, 0x65, 0x08, 0x65, 0x08, 0x65, 0x08, 0x65, 0x08, 0x65, 0x08, 0x65,
    0x08, 0x65, 0x08, 0x65, 0x08, 0x65, 0x08, 0x65, 0x08, 0x65, 0x08, 0x65, 0x08, 0x65, 0x08, 0x65,
    0x08, 0x65, 0x08, 0x65, 0x08, 0x65, 0x08, 0x65, 0x08, 0x65, 0x08, 0x65, 0x08, 0x65, 0x08, 0x65,
    0x08, 0x65, 0x08, 0x65, 0x08, 0x65, 0x08, 0x65, 0x08, 0x65, 0x08, 0x65, 0x08, 0x65, 0x08, 0x65,
    0x08, 0x65, 0x08, 0x65, 0x08, 0x65, 0x08, 0x65, 0x08, 0x65, 0x08, 0x65, 0x08, 0x65, 0x08, 0x65,
    0x08, 0x65, 0x08, 0x65, 0x08, 0x65, 0x08, 0x65, 0x08, 0x65, 0x08, 0x65, 0x08, 0x65, 0x08, 0x65,
    0x08, 0x65, 0x08, 0x65, 0x08, 0x65, 0x08, 0x65, 0x08, 0x65, 0x08, 0x65, 0x08, 0x65, 0x08, 0x65,
    0x08, 0x65, 0x08, 0x65, 0x08, 0x65, 0x08, 0x65, 0x08, 0x65, 0x08, 0x65, 0x08, 0x65, 0x08, 0x65,
    0x08, 0x65, 0x08, 0x65, 0x08, 0x65, 0x08, 0x65, 0x08, 0x65, 0x08, 0x65, 0x08, 0x65, 0x08, 0x65,
    0x08, 0x65, 0x08, 0x65, 0x08, 0x65, 0x08, 0x65, 0x08, 0x65, 0x08, 0x65, 0x08, 0x65, 0x08, 0x65,
    0x08, 0x65, 0x08, 0x65, 0x08, 0x65, 0x08, 0x65, 0x08, 0x65, 0x08, 0x65, 0x08, 0x65, 0x08, 0x65,
    0x08, 0x65, 0x08, 0x65, 0x08, 0x65, 0x08, 0x65, 0x08, 0x65, 0x08, 0x65, 0x08, 0x65, 0x08, 0x65,
    0x08, 0x65, 0x08, 0x65, 0x08, 0x65, 0x08, 0x65, 0x08, 0x65, 0x08, 0x65, 0x08, 0x65, 0x08, 0x65,
    0x08, 0x65, 0x08, 0x65, 0x08, 0x65, 0x08, 0x65, 0x08, 0x65, 0x08, 0x65, 0x08, 0x65, 0x08, 0x65,
    0x08, 0x65, 0x08, 0x65, 0x08, 0x65, 0x08, 0x65, 0x08, 0x65, 0x08, 0x65, 0x08, 0x85, 0x00, 0x24,
    0x08, 0x86, 0x00, 0x45, 0x08, 0x65, 0x00, 0x45, 0x21, 0x49, 0x29, 0xab, 0x00, 0x45, 0x00, 0x45,
    0x08, 0x86, 0x08, 0x86, 0x00, 0x25, 0x08, 0x85, 0x10, 0xa6, 0x00, 0x24, 0x08, 0x85, 0x08, 0x85,
    0x08, 0x65, 0x08, 0x85, 0x08, 0x65, 0x08, 0x65, 0x08, 0x64, 0x08, 0x64, 0x10, 0x85, 0x08, 0x65,
    0x00, 0x45, 0x00, 0x66, 0x00, 0xc9, 0x09, 0x6c, 0x09, 0xae, 0x09, 0xae, 0x01, 0xce, 0x01, 0xce,
    0x01, 0xce, 0x01, 0xce, 0x01, 0xce, 0x01, 0xce, 0x01, 0xce, 0x01, 0xce, 0x01, 0xce, 0x01, 0xce,
    0x01, 0xce, 0x01, 0xce, 0x01, 0xce, 0x01, 0xce, 0x01, 0xce, 0x01, 0xce, 0x01, 0xce, 0x01, 0xce,
    0x01, 0xce, 0x01, 0xce, 0x01, 0xce, 0x01, 0xce, 0x01, 0xce, 0x01, 0xce, 0x01, 0xce, 0x01, 0xce,
    0x01, 0xce, 0x01, 0xce, 0x01, 0xce, 0x01, 0xce, 0x01, 0xce, 0x01, 0xce, 0x01, 0xcf, 0x01, 0xcf,
    0x01, 0xcf, 0x01, 0xcf, 0x01, 0xcf, 0x01, 0xcf, 0x01, 0xce, 0x01, 0xce, 0x01, 0x8d, 0x11, 0xcd,
    0x11, 0xad, 0x11, 0x4b, 0x00, 0xa8, 0x00, 0x66, 0x00, 0x46, 0x08, 0x86, 0x08, 0x65, 0x08, 0x84,
    0x08, 0x65, 0x08, 0x65, 0x08, 0x65, 0x08, 0x65, 0x08, 0x66, 0x08, 0x66, 0x08, 0x86, 0x08, 0x66,
    0x10, 0xc7, 0x29, 0x8a, 0x08, 0x65, 0x00, 0x65, 0x00, 0x45, 0x00, 0x65, 0x08, 0x65, 0x08, 0x64,
    0x08, 0x64, 0x08, 0x64, 0x08, 0x65, 0x08, 0x65, 0x08, 0x65, 0x08, 0x65, 0x08, 0x65, 0x00, 0x24,
    0x08, 0x86, 0x00, 0x25, 0x29, 0x6a, 0x21, 0x29, 0x00, 0x25, 0x08, 0x66, 0x08, 0x65, 0x08, 0x65,
    0x08, 0x65, 0x08, 0x65, 0x08, 0x65, 0x08, 0x65, 0x08, 0x64, 0x08, 0x64, 0x08, 0x64, 0x08, 0x64,
    0x08, 0x64, 0x08, 0x64, 0x08, 0x65, 0x08, 0x65, 0x08, 0x65, 0x08, 0x65, 0x08, 0x65, 0x08, 0x65,
    0x08, 0x65, 0x08, 0x65, 0x08, 0x65, 0x08, 0x65, 0x08, 0x65, 0x08, 0x65, 0x08, 0x65, 0x08, 0x65,
    0x08, 0x65, 0x08, 0x65, 0x08, 0x65, 0x08, 0x65, 0x08, 0x65, 0x08, 0x65, 0x00, 0x44, 0x18, 0xe6,
    0x08, 0x65, 0x08, 0x65, 0x08, 0x65, 0x08, 0x65, 0x08, 0x65, 0x08, 0x65, 0x08, 0x65, 0x08, 0x65,
    0x08, 0x65, 0x08, 0x65, 0x08, 0x65, 0x08, 0x65, 0x08, 0x65, 0x08, 0x65, 0x08, 0x65, 0x08, 0x65,
    0x08, 0x65, 0x08, 0x65, 0x08, 0x65, 0x08, 0x65, 0x08, 0x65, 0x08, 0x65, 0x08, 0x65, 0x08, 0x65,
    0x08, 0x65, 0x08, 0x65, 0x08, 0x65, 0x08, 0x65, 0x08, 0x65, 0x08, 0x65, 0x08, 0x65, 0x08, 0x65,
    0x08, 0x65, 0x08, 0x65, 0x08, 0x65, 0x08, 0x65, 0x08, 0x65, 0x08, 0x65, 0x08, 0x65, 0x08, 0x65,
    0x08, 0x65, 0x08, 0x65, 0x08, 0x65, 0x08, 0x65, 0x08, 0x65, 0x08, 0x65, 0x08, 0x65, 0x08, 0x65,
    0x08, 0x65, 0x08, 0x65, 0x08, 0x65, 0x08, 0x65, 0x08, 0x65, 0x08, 0x65, 0x08, 0x65, 0x08, 0x65,
    0x08, 0x65, 0x08, 0x65, 0x08, 0x65, 0x08, 0x65, 0x08, 0x65, 0x08, 0x65, 0x08, 0x65, 0x08, 0x65,
    0x08, 0x65, 0x08, 0x65, 0x08, 0x65, 0x08, 0x65, 0x08, 0x65, 0x08, 0x65, 0x08, 0x65, 0x08, 0x65,
    0x08, 0x65, 0x08, 0x65, 0x08, 0x65, 0x08, 0x65, 0x08, 0x65, 0x08, 0x65, 0x08, 0x65, 0x08, 0x65,
    0x08, 0x65, 0x08, 0x65, 0x08, 0x65, 0x08, 0x65, 0x08, 0x65, 0x08, 0x65, 0x08, 0x65, 0x08, 0x65,
    0x08, 0x65, 0x08, 0x65, 0x08, 0x65, 0x08, 0x65, 0x08, 0x65, 0x08, 0x65, 0x08, 0x65, 0x08, 0x65,
    0x08, 0x65, 0x08, 0x65, 0x08, 0x65, 0x08, 0x65, 0x08, 0x65, 0x08, 0x65, 0x08, 0x65, 0x08, 0x65,
    0x08, 0x65, 0x08, 0x65, 0x08, 0x65, 0x08, 0x65, 0x08, 0x65, 0x08, 0x65, 0x08, 0x65, 0x08, 0x65,
    0x08, 0x65, 0x08, 0x65, 0x08, 0x65, 0x08, 0x65, 0x08, 0x65, 0x08, 0x65, 0x08, 0x65, 0x08, 0x65,
    0x08, 0x65, 0x08, 0x65, 0x08, 0x65, 0x08, 0x65, 0x08, 0x65, 0x08, 0x65, 0x08, 0x65, 0x08, 0x65,
    0x08, 0x65, 0x08, 0x65, 0x08, 0x65, 0x08, 0x65, 0x08, 0x65, 0x08, 0x65, 0x08, 0x65, 0x08, 0x65,
    0x08, 0x65, 0x08, 0x65, 0x08, 0x65, 0x08, 0x65, 0x08, 0x65, 0x08, 0x65, 0x08, 0x65, 0x08, 0x65,
    0x08, 0x65, 0x08, 0x65, 0x08, 0x65, 0x08, 0x65, 0x08, 0x65, 0x08, 0x65, 0x08, 0x65, 0x08, 0x65,
    0x08, 0x65, 0x08, 0x65, 0x08, 0x65, 0x08, 0x65, 0x08, 0x65, 0x08, 0x65, 0x08, 0x65, 0x08, 0x65,
    0x08, 0x65, 0x08, 0x65, 0x08, 0x65, 0x08, 0x65, 0x08, 0x65, 0x08, 0x65, 0x08, 0x65, 0x08, 0x65,
    0x08, 0x65, 0x08, 0x65, 0x08, 0x65, 0x08, 0x65, 0x08, 0x65, 0x08, 0x65, 0x08, 0xa5, 0x00, 0x44,
    0x08, 0x85, 0x00, 0x65, 0x00, 0x24, 0x19, 0x08, 0x29, 0x8a, 0x10, 0xc7, 0x00, 0x45, 0x00, 0x46,
    0x08, 0x86, 0x08, 0x66, 0x08, 0x45, 0x08, 0x65, 0x08, 0x85, 0x00, 0x44, 0x08, 0x85, 0x08, 0x85,
    0x08, 0x65, 0x08, 0x65, 0x08, 0x65, 0x08, 0x64, 0x08, 0x64, 0x08, 0x64, 0x08, 0x65, 0x00, 0x65,
    0x00, 0x66, 0x00, 0xa8, 0x09, 0x4b, 0x09, 0x8d, 0x09, 0xae, 0x01, 0x8e, 0x01, 0xce, 0x01, 0xce,
    0x01, 0xce, 0x01, 0xce, 0x01, 0xce, 0x01, 0xce, 0x01, 0xce, 0x01, 0xce, 0x01, 0xce, 0x01, 0xce,
    0x01, 0xce, 0x01, 0xce, 0x01, 0xce, 0x01, 0xce, 0x01, 0xce, 0x01, 0xce, 0x01, 0xce, 0x01, 0xce,
    0x01, 0xce, 0x01, 0xce, 0x01, 0xce, 0x01, 0xce, 0x01, 0xce, 0x01, 0xce, 0x01, 0xce, 0x01, 0xce,
    0x01, 0xce, 0x01, 0xce, 0x01, 0xce, 0x01, 0xce, 0x01, 0xce, 0x01, 0xce, 0x01, 0xce, 0x01, 0xcf,
    0x01, 0xcf, 0x01, 0xcf, 0x01, 0xcf, 0x01, 0xcf, 0x01, 0xce, 0x01, 0xce, 0x09, 0xae, 0x09, 0xad,
    0x11, 0x8c, 0x11, 0x8c, 0x09, 0x2a, 0x00, 0x87, 0x00, 0x66, 0x00, 0x66, 0x00, 0x85, 0x00, 0x84,
    0x08, 0x65, 0x00, 0x65, 0x08, 0x65, 0x00, 0x65, 0x08, 0x45, 0x08, 0x45, 0x08, 0x86, 0x00, 0x45,
    0x08, 0x86, 0x21, 0x49, 0x19, 0x08, 0x08, 0x65, 0x00, 0x24, 0x08, 0x65, 0x08, 0x65, 0x08, 0x64,
    0x08, 0x64, 0x08, 0x64, 0x08, 0x64, 0x08, 0x64, 0x08, 0x65, 0x08, 0x65, 0x08, 0x85, 0x00, 0x24,
    0x08, 0x86, 0x00, 0x25, 0x10, 0xc7, 0x29, 0x6a, 0x10, 0xa7, 0x00, 0x46, 0x08, 0x66, 0x08, 0x65,
    0x08, 0x65, 0x08, 0x65, 0x08, 0x65, 0x08, 0x65, 0x08, 0x64, 0x08, 0x64, 0x08, 0x64, 0x08, 0x64,
    0x08, 0x64, 0x08, 0x64, 0x08, 0x65, 0x08, 0x65, 0x08, 0x65, 0x08, 0x65, 0x08, 0x65, 0x08, 0x65,
    0x08, 0x65, 0x08, 0x65, 0x08, 0x65, 0x08, 0x65, 0x08, 0x65, 0x08, 0x65, 0x08, 0x65, 0x08, 0x65,
    0x08, 0x65, 0x08, 0x65, 0x08, 0x65, 0x08, 0x65, 0x08, 0x65, 0x08, 0x65, 0x00, 0x44, 0x18, 0xe6,
    0x08, 0x65, 0x08, 0x65, 0x08, 0x65, 0x08, 0x65, 0x08, 0x65, 0x08, 0x65, 0x08, 0x65, 0x08, 0x65,
    0x08, 0x65, 0x08, 0x65, 0x08, 0x65, 0x08, 0x65, 0x08, 0x65, 0x08, 0x65, 0x08, 0x65, 0x08, 0x65,
    0x08, 0x65, 0x08, 0x65, 0x08, 0x65, 0x08, 0x65, 0x08, 0x65, 0x08, 0x65, 0x08, 0x65, 0x08, 0x65,
    0x08, 0x65, 0x08, 0x65, 0x08, 0x65, 0x08, 0x65, 0x08, 0x65, 0x08, 0x65, 0x08, 0x65, 0x08, 0x65,
    0x08, 0x65, 0x08, 0x65, 0x08, 0x65, 0x08, 0x65, 0x08, 0x65, 0x08, 0x65, 0x08, 0x65, 0x08, 0x65,
    0x08, 0x65, 0x08, 0x65, 0x08, 0x65, 0x08, 0x65, 0x08, 0x65, 0x08, 0x65, 0x08, 0x65, 0x08, 0x65,
    0x08, 0x65, 0x08, 0x65, 0x08, 0x65, 0x08, 0x65, 0x08, 0x65, 0x08, 0x65, 0x08, 0x65, 0x08, 0x65,
    0x08, 0x65, 0x08, 0x65, 0x08, 0x65, 0x08, 0x65, 0x08, 0x65, 0x08, 0x65, 0x08, 0x65, 0x08, 0x65,
    0x08, 0x65, 0x08, 0x65, 0x08, 0x65, 0x08, 0x65, 0x08, 0x65, 0x08, 0x65, 0x08, 0x65, 0x08, 0x65,
    0x08, 0x65, 0x08, 0x65, 0x08, 0x65, 0x08, 0x65, 0x08, 0x65, 0x08, 0x65, 0x08, 0x65, 0x08, 0x65,
    0x08, 0x65, 0x08, 0x65, 0x08, 0x65, 0x08, 0x65, 0x08, 0x65, 0x08, 0x65, 0x08, 0x65, 0x08, 0x65,
    0x08, 0x65, 0x08, 0x65, 0x08, 0x65, 0x08, 0x65, 0x08, 0x65, 0x08, 0x65, 0x08, 0x65, 0x08, 0x65,
    0x08, 0x65, 0x08, 0x65, 0x08, 0x65, 0x08, 0x65, 0x08, 0x65, 0x08, 0x65, 0x08, 0x65, 0x08, 0x65,
    0x08, 0x65, 0x08, 0x65, 0x08, 0x65, 0x08, 0x65, 0x08, 0x65, 0x08, 0x65, 0x08, 0x65, 0x08, 0x65,
    0x08, 0x65, 0x08, 0x65, 0x08, 0x65, 0x08, 0x65, 0x08, 0x65, 0x08, 0x65, 0x08, 0x65, 0x08, 0x65,
    0x08, 0x65, 0x08, 0x65, 0x08, 0x65, 0x08, 0x65, 0x08, 0x65, 0x08, 0x65, 0x08, 0x65, 0x08, 0x65,
    0x08, 0x65, 0x08, 0x65, 0x08, 0x65, 0x08, 0x65, 0x08, 0x65, 0x08, 0x65, 0x08, 0x65, 0x08, 0x65,
    0x08, 0x65, 0x08, 0x65, 0x08, 0x65, 0x08, 0x65, 0x08, 0x65, 0x08, 0x65, 0x08, 0x65, 0x08, 0x65,
    0x08, 0x65, 0x08, 0x65, 0x08, 0x65, 0x08, 0x65, 0x08, 0x65, 0x08, 0x65, 0x08, 0x65, 0x08, 0x65,
    0x08, 0x65, 0x08, 0x65, 0x08, 0x65, 0x08, 0x65, 0x08, 0x65, 0x08, 0x65, 0x08, 0x65, 0x08, 0x65,
    0x08, 0x65, 0x08, 0x65, 0x08, 0x65, 0x08, 0x65, 0x08, 0x65, 0x08, 0x65, 0x08, 0x65, 0x08, 0x65,
    0x08, 0x65, 0x08, 0x65, 0x08, 0x65, 0x08, 0x65, 0x08, 0x65, 0x08, 0x65, 0x08, 0x86, 0x08, 0x65,
    0x08, 0x65, 0x08, 0x65, 0x00, 0x04, 0x31, 0xaa, 0x31, 0xab, 0x00, 0x04, 0x08, 0x86, 0x08, 0x66,
    0x08, 0x66, 0x08, 0x65, 0x08, 0x45, 0x08, 0x45, 0x08, 0x45, 0x08, 0x65, 0x08, 0x85, 0x08, 0x85,
    0x08, 0x65, 0x08, 0x65, 0x08, 0x64, 0x10, 0x64, 0x08, 0x64, 0x08, 0x64, 0x08, 0x65, 0x00, 0x65,
    0x00, 0x87, 0x09, 0x09, 0x11, 0x8c, 0x09, 0xae, 0x01, 0xae, 0x01, 0x8e, 0x01, 0xcf, 0x01, 0xce,
    0x01, 0xce, 0x01, 0xce, 0x01, 0xce, 0x01, 0xce, 0x01, 0xce, 0x01, 0xce, 0x01, 0xce, 0x01, 0xce,
    0x01, 0xce, 0x01, 0xce, 0x01, 0xce, 0x01, 0xce, 0x01, 0xce, 0x01, 0xce, 0x01, 0xce, 0x01, 0xce,
    0x01, 0xce, 0x01, 0xce, 0x01, 0xce, 0x01, 0xce, 0x01, 0xce, 0x01, 0xce, 0x01, 0xce, 0x01, 0xce,
    0x01, 0xce, 0x01, 0xce, 0x01, 0xce, 0x01, 0xce, 0x01, 0xce, 0x01, 0xce, 0x01, 0xce, 0x01, 0xce,
    0x01, 0xcf, 0x01, 0xcf, 0x01, 0xcf, 0x01, 0xcf, 0x01, 0xce, 0x01, 0xce, 0x09, 0xee, 0x01, 0x8d,
    0x09, 0x6c, 0x11, 0x8c, 0x11, 0x6b, 0x00, 0xc8, 0x00, 0x47, 0x00, 0x46, 0x00, 0x65, 0x00, 0x65,
    0x00, 0x65, 0x00, 0x65, 0x08, 0x65, 0x08, 0x65, 0x08, 0x65, 0x08, 0x65, 0x08, 0x65, 0x00, 0x25,
    0x08, 0x65, 0x10, 0xc7, 0x31, 0xab, 0x08, 0x66, 0x00, 0x04, 0x08, 0xa6, 0x08, 0x65, 0x08, 0x64,
    0x08, 0x64, 0x08, 0x64, 0x08, 0x64, 0x08, 0x64, 0x08, 0x65, 0x08, 0x65, 0x00, 0x45, 0x10, 0xa6,
    0x00, 0x04, 0x08, 0x86, 0x00, 0x45, 0x21, 0x29, 0x29, 0x6a, 0x00, 0x04, 0x08, 0x66, 0x08, 0x65,
    0x08, 0x65, 0x08, 0x65, 0x08, 0x65, 0x08, 0x65, 0x08, 0x65, 0x08, 0x64, 0x08, 0x64, 0x08, 0x64,
    0x08, 0x64, 0x08, 0x65, 0x08, 0x65, 0x08, 0x65, 0x08, 0x65, 0x08, 0x65, 0x08, 0x65, 0x08, 0x65,
    0x08, 0x65, 0x08, 0x65, 0x08, 0x65, 0x08, 0x65, 0x08, 0x65, 0x08, 0x65, 0x08, 0x65, 0x08, 0x65,
    0x08, 0x65, 0x08, 0x65, 0x08, 0x65, 0x08, 0x65, 0x08, 0x65, 0x08, 0x65, 0x00, 0x44, 0x18, 0xe6,
    0x08, 0x65, 0x08, 0x65, 0x08, 0x65, 0x08, 0x65, 0x08, 0x65, 0x08, 0x65, 0x08, 0x65, 0x08, 0x65,
    0x08, 0x65, 0x08, 0x65, 0x08, 0x65, 0x08, 0x65, 0x08, 0x65, 0x08, 0x65, 0x08, 0x65, 0x08, 0x65,
    0x08, 0x65, 0x08, 0x65, 0x08, 0x65, 0x08, 0x65, 0x08, 0x65, 0x08, 0x65, 0x08, 0x65, 0x08, 0x65,
    0x08, 0x65, 0x08, 0x65, 0x08, 0x65, 0x08, 0x65, 0x08, 0x65, 0x08, 0x65, 0x08, 0x65, 0x08, 0x65,
    0x08, 0x65, 0x08, 0x65, 0x08, 0x65, 0x08, 0x65, 0x08, 0x65, 0x08, 0x65, 0x08, 0x65, 0x08, 0x65,
    0x08, 0x65, 0x08, 0x65, 0x08, 0x65, 0x08, 0x65, 0x08, 0x65, 0x08, 0x65, 0x08, 0x65, 0x08, 0x65,
    0x08, 0x65, 0x08, 0x65, 0x08, 0x65, 0x08, 0x65, 0x08, 0x65, 0x08, 0x65, 0x08, 0x65, 0x08, 0x65,
    0x08, 0x65, 0x08, 0x65, 0x08, 0x65, 0x08, 0x65, 0x08, 0x65, 0x08, 0x65, 0x08, 0x65, 0x08, 0x65,
    0x08, 0x65, 0x08, 0x65, 0x08, 0x65, 0x08, 0x65, 0x08, 0x65, 0x08, 0x65, 0x08, 0x65, 0x08, 0x65,
    0x08, 0x65, 0x08, 0x65, 0x08, 0x65, 0x08, 0x65, 0x08, 0x65, 0x08, 0x65, 0x08, 0x65, 0x08, 0x65,
    0x08, 0x65, 0x08, 0x65, 0x08, 0x65, 0x08, 0x65, 0x08, 0x65, 0x08, 0x65, 0x08, 0x65, 0x08, 0x65,
    0x08, 0x65, 0x08, 0x65, 0x08, 0x65, 0x08, 0x65, 0x08, 0x65, 0x08, 0x65, 0x08, 0x65, 0x08, 0x65,
    0x08, 0x65, 0x08, 0x65, 0x08, 0x65, 0x08, 0x65, 0x08, 0x65, 0x08, 0x65, 0x08, 0x65, 0x08, 0x65,
    0x08, 0x65, 0x08, 0x65, 0x08, 0x65, 0x08, 0x65, 0x08, 0x65, 0x08, 0x65, 0x08, 0x65, 0x08, 0x65,
    0x08, 0x65, 0x08, 0x65, 0x08, 0x65, 0x08, 0x65, 0x08, 0x65, 0x08, 0x65, 0x08, 0x65, 0x08, 0x65,
    0x08, 0x65, 0x08, 0x65, 0x08, 0x65, 0x08, 0x65, 0x08, 0x65, 0x08, 0x65, 0x08, 0x65, 0x08, 0x65,
    0x08, 0x65, 0x08, 0x65, 0x08, 0x65, 0x08, 0x65, 0x08, 0x65, 0x08, 0x65, 0x08, 0x65, 0x08, 0x65,
    0x08, 0x65, 0x08, 0x65, 0x08, 0x65, 0x08, 0x65, 0x08, 0x65, 0x08, 0x65, 0x08, 0x65, 0x08, 0x65,
    0x08, 0x65, 0x08, 0x65, 0x08, 0x65, 0x08, 0x65, 0x08, 0x65, 0x08, 0x65, 0x08, 0x65, 0x08, 0x65,
    0x08, 0x65, 0x08, 0x65, 0x08, 0x65, 0x08, 0x65, 0x08, 0x65, 0x08, 0x65, 0x08, 0x65, 0x08, 0x65,
    0x08, 0x65, 0x08, 0x65, 0x08, 0x65, 0x08, 0x65, 0x08, 0x65, 0x08, 0x65, 0x08, 0x65, 0x08, 0x65,
    0x08, 0x65, 0x08, 0x65, 0x08, 0x65, 0x08, 0x65, 0x08, 0x85, 0x08, 0x85, 0x08, 0x65, 0x00, 0x45,
    0x08, 0x85, 0x00, 0x65, 0x18, 0xe7, 0x31, 0xeb, 0x00, 0x25, 0x00, 0x45, 0x08, 0x66, 0x08, 0x66,
    0x08, 0x66, 0x08, 0x65, 0x08, 0x65, 0x08, 0x65, 0x08, 0x65, 0x08, 0x65, 0x00, 0x44, 0x00, 0x85,
    0x08, 0x85, 0x08, 0x64, 0x08, 0x64, 0x10, 0x64, 0x10, 0x85, 0x08, 0x65, 0x08, 0x65, 0x00, 0x65,
    0x00, 0xa8, 0x11, 0x6c, 0x11, 0xce, 0x09, 0xae, 0x01, 0xae, 0x01, 0xcf, 0x01, 0xcf, 0x01, 0xce,
    0x01, 0xce, 0x01, 0xce, 0x01, 0xce, 0x01, 0xce, 0x01, 0xce, 0x01, 0xce, 0x01, 0xce, 0x01, 0xce,
    0x01, 0xce, 0x01, 0xce, 0x01, 0xce, 0x01, 0xce, 0x01, 0xce, 0x01, 0xce, 0x01, 0xce, 0x01, 0xce,
    0x01, 0xce, 0x01, 0xce, 0x01, 0xce, 0x01, 0xce, 0x01, 0xce, 0x01, 0xce, 0x01, 0xce, 0x01, 0xce,
    0x01, 0xce, 0x01, 0xce, 0x01, 0xce, 0x01, 0xce, 0x01, 0xce, 0x01, 0xce, 0x01, 0xce, 0x01, 0xce,
    0x01, 0xce, 0x01, 0xce, 0x01, 0xcf, 0x01, 0xcf, 0x01, 0xcf, 0x01, 0xce, 0x01, 0xae, 0x01, 0xae,
    0x09, 0x8d, 0x09, 0x8c, 0x11, 0x8c, 0x11, 0x4b, 0x00, 0xc9, 0x00, 0x46, 0x00, 0x86, 0x00, 0x85,
    0x00, 0x85, 0x00, 0x65, 0x08, 0x65, 0x08, 0x65, 0x08, 0x65, 0x08, 0x65, 0x00, 0x24, 0x10, 0xa7,
    0x00, 0x25, 0x00, 0x45, 0x29, 0x6a, 0x21, 0x49, 0x00, 0x45, 0x00, 0x45, 0x08, 0x65, 0x08, 0x64,
    0x00, 0x44, 0x00, 0x44, 0x08, 0x64, 0x08, 0x65, 0x08, 0x65, 0x08, 0x64, 0x08, 0x85, 0x00, 0x24,
    0x08, 0x65, 0x08, 0x86, 0x00, 0x25, 0x10, 0x87, 0x21, 0x29, 0x21, 0x09, 0x00, 0x04, 0x21, 0x08,
    0x00, 0x45, 0x08, 0x65, 0x00, 0x45, 0x08, 0x65, 0x08, 0x65, 0x08, 0x85, 0x08, 0x64, 0x08, 0x64,
    0x08, 0x65, 0x08, 0x65, 0x08, 0x65, 0x08, 0x65, 0x08, 0x65, 0x08, 0x65, 0x08, 0x65, 0x08, 0x65,
    0x08, 0x65, 0x08, 0x65, 0x08, 0x65, 0x08, 0x65, 0x08, 0x65, 0x08, 0x65, 0x08, 0x65, 0x08, 0x65,
    0x08, 0x65, 0x08, 0x65, 0x08, 0x65, 0x08, 0x65, 0x08, 0x65, 0x08, 0x65, 0x00, 0x44, 0x18, 0xe6,
    0x08, 0x65, 0x08, 0x65, 0x08, 0x65, 0x08, 0x65, 0x08, 0x65, 0x08, 0x65, 0x08, 0x65, 0x08, 0x65,
    0x08, 0x65, 0x08, 0x65, 0x08, 0x65, 0x08, 0x65, 0x08, 0x65, 0x08, 0x65, 0x08, 0x65, 0x08, 0x65,
    0x08, 0x65, 0x08, 0x65, 0x08, 0x65, 0x08, 0x65, 0x08, 0x65, 0x08, 0x65, 0x08, 0x65, 0x08, 0x65,
    0x08, 0x65, 0x08, 0x65, 0x08, 0x65, 0x08, 0x65, 0x08, 0x65, 0x08, 0x65, 0x08, 0x65, 0x08, 0x65,
    0x08, 0x65, 0x08, 0x65, 0x08, 0x65, 0x08, 0x65, 0x08, 0x65, 0x08, 0x65, 0x08, 0x65, 0x08, 0x65,
    0x08, 0x65, 0x08, 0x65, 0x08, 0x65, 0x08, 0x65, 0x08, 0x65, 0x08, 0x65, 0x08, 0x65, 0x08, 0x65,
    0x08, 0x65, 0x08, 0x65, 0x08, 0x65, 0x08, 0x65, 0x08, 0x65, 0x08, 0x65, 0x08, 0x65, 0x08, 0x65,
    0x08, 0x65, 0x08, 0x65, 0x08, 0x65, 0x08, 0x65, 0x08, 0x65, 0x08, 0x65, 0x08, 0x65, 0x08, 0x65,
    0x08, 0x65, 0x08, 0x65, 0x08, 0x65, 0x08, 0x65, 0x08, 0x65, 0x08, 0x65, 0x08, 0x65, 0x08, 0x65,
    0x08, 0x65, 0x08, 0x65, 0x08, 0x65, 0x08, 0x65, 0x08, 0x65, 0x08, 0x65, 0x08, 0x65, 0x08, 0x65,
    0x08, 0x65, 0x08, 0x65, 0x08, 0x65, 0x08, 0x65, 0x08, 0x65, 0x08, 0x65, 0x08, 0x65, 0x08, 0x65,
    0x08, 0x65, 0x08, 0x65, 0x08, 0x65, 0x08, 0x65, 0x08, 0x65, 0x08, 0x65, 0x08, 0x65, 0x08, 0x65,
    0x08, 0x65, 0x08, 0x65, 0x08, 0x65, 0x08, 0x65, 0x08, 0x65, 0x08, 0x65, 0x08, 0x65, 0x08, 0x65,
    0x08, 0x65, 0x08, 0x65, 0x08, 0x65, 0x08, 0x65, 0x08, 0x65, 0x08, 0x65, 0x08, 0x65, 0x08, 0x65,
    0x08, 0x65, 0x08, 0x65, 0x08, 0x65, 0x08, 0x65, 0x08, 0x65, 0x08, 0x65, 0x08, 0x65, 0x08, 0x65,
    0x08, 0x65, 0x08, 0x65, 0x08, 0x65, 0x08, 0x65, 0x08, 0x65, 0x08, 0x65, 0x08, 0x65, 0x08, 0x65,
    0x08, 0x65, 0x08, 0x65, 0x08, 0x65, 0x08, 0x65, 0x08, 0x65, 0x08, 0x65, 0x08, 0x65, 0x08, 0x65,
    0x08, 0x65, 0x08, 0x65, 0x08, 0x65, 0x08, 0x65, 0x08, 0x65, 0x08, 0x65, 0x08, 0x65, 0x08, 0x65,
    0x08, 0x65, 0x08, 0x65, 0x08, 0x65, 0x08, 0x65, 0x08, 0x65, 0x08, 0x65, 0x08, 0x65, 0x08, 0x65,
    0x08, 0x65, 0x08, 0x65, 0x08, 0x65, 0x08, 0x65, 0x08, 0x65, 0x08, 0x65, 0x08, 0x65, 0x08, 0x65,
    0x08, 0x65, 0x08, 0x65, 0x08, 0x65, 0x08, 0x65, 0x08, 0x65, 0x08, 0x65, 0x08, 0x85, 0x08, 0x85,
    0x08, 0x65, 0x08, 0x65, 0x08, 0x65, 0x08, 0x65, 0x08, 0x65, 0x08, 0x65, 0x00, 0x65, 0x08, 0x85,
    0x00, 0x65, 0x00, 0x45, 0x31, 0xcb, 0x19, 0x08, 0x00, 0x04, 0x08, 0x86, 0x08, 0x66, 0x08, 0x65,
    0x08, 0x65, 0x08, 0x65, 0x08, 0x65, 0x08, 0x65, 0x08, 0x65, 0x08, 0x65, 0x00, 0x65, 0x08, 0x85,
    0x08, 0x65, 0x08, 0x64, 0x08, 0x44, 0x08, 0x64, 0x08, 0x64, 0x00, 0x65, 0x00, 0x66, 0x00, 0x87,
    0x01, 0x09, 0x09, 0x8c, 0x09, 0xce, 0x01, 0xae, 0x01, 0xaf, 0x01, 0xcf, 0x01, 0xcf, 0x01, 0xce,
    0x01, 0xce, 0x01, 0xce, 0x01, 0xce, 0x01, 0xce, 0x01, 0xce, 0x01, 0xce, 0x01, 0xce, 0x01, 0xce,
    0x01, 0xce, 0x01, 0xce, 0x01, 0xce, 0x01, 0xce, 0x01, 0xce, 0x01, 0xce, 0x01, 0xce, 0x01, 0xce,
    0x01, 0xce, 0x01, 0xce, 0x01, 0xce, 0x01, 0xce, 0x01, 0xce, 0x01, 0xce, 0x01, 0xce, 0x01, 0xce,
    0x01, 0xce, 0x01, 0xce, 0x01, 0xce, 0x01, 0xce, 0x01, 0xce, 0x01, 0xce, 0x01, 0xce, 0x01, 0xce,
    0x01, 0xce, 0x01, 0xce, 0x01, 0xcf, 0x01, 0xcf, 0x01, 0xcf, 0x01, 0xcf, 0x01, 0xae, 0x01, 0xae,
    0x09, 0xae, 0x09, 0x8d, 0x11, 0x8d, 0x11, 0x6c, 0x08, 0xea, 0x00, 0x87, 0x00, 0x86, 0x00, 0x85,
    0x00, 0x85, 0x00, 0x65, 0x00, 0x65, 0x08, 0x65, 0x08, 0x65, 0x08, 0x65, 0x08, 0x45, 0x08, 0x65,
    0x08, 0x45, 0x00, 0x45, 0x10, 0xc7, 0x21, 0x29, 0x10, 0xc8, 0x00, 0x25, 0x08, 0x86, 0x08, 0x85,
    0x08, 0x65, 0x08, 0x65, 0x08, 0x65, 0x08, 0x64, 0x08, 0x64, 0x08, 0x64, 0x00, 0x44, 0x08, 0x65,
    0x08, 0x65, 0x08, 0x86, 0x08, 0x66, 0x00, 0x45, 0x10, 0xc8, 0x31, 0xab, 0x10, 0x87, 0x00, 0x45,
    0x08, 0x65, 0x08, 0x45, 0x08, 0x65, 0x08, 0x65, 0x08, 0x85, 0x08, 0x85, 0x08, 0x64, 0x08, 0x64,
    0x08, 0x65, 0x08, 0x65, 0x08, 0x65, 0x08, 0x65, 0x08, 0x65, 0x08, 0x65, 0x08, 0x65, 0x08, 0x65,
    0x08, 0x65, 0x08, 0x65, 0x08, 0x65, 0x08, 0x65, 0x08, 0x65, 0x08, 0x65, 0x08, 0x65, 0x08, 0x65,
    0x08, 0x65, 0x08, 0x65, 0x08, 0x65, 0x08, 0x65, 0x08, 0x65, 0x08, 0x65, 0x00, 0x44, 0x18, 0xe6,
    0x08, 0x65, 0x08, 0x65, 0x08, 0x65, 0x08, 0x65, 0x08, 0x65, 0x08, 0x65, 0x08, 0x65, 0x08, 0x65,
    0x08, 0x65, 0x08, 0x65, 0x08, 0x65, 0x08, 0x65, 0x08, 0x65, 0x08, 0x65, 0x08, 0x65, 0x08, 0x65,
    0x08, 0x65, 0x08, 0x65, 0x08, 0x65, 0x08, 0x65, 0x08, 0x65, 0x08, 0x65, 0x08, 0x65, 0x08, 0x65,
    0x08, 0x65, 0x08, 0x65, 0x08, 0x65, 0x08, 0x65, 0x08, 0x65, 0x08, 0x65, 0x08, 0x65, 0x08, 0x65,
    0x08, 0x65, 0x08, 0x65, 0x08, 0x65, 0x08, 0x65, 0x08, 0x65, 0x08, 0x65, 0x08, 0x65, 0x08, 0x65,
    0x08, 0x65, 0x08, 0x65, 0x08, 0x65, 0x08, 0x65, 0x08, 0x65, 0x08, 0x65, 0x08, 0x65, 0x08, 0x65,
    0x08, 0x65, 0x08, 0x65, 0x08, 0x65, 0x08, 0x65, 0x08, 0x65, 0x08, 0x65, 0x08, 0x65, 0x08, 0x65,
    0x08, 0x65, 0x08, 0x65, 0x08, 0x65, 0x08, 0x65, 0x08, 0x65, 0x08, 0x65, 0x08, 0x65, 0x08, 0x65,
    0x08, 0x65, 0x08, 0x65, 0x08, 0x65, 0x08, 0x65, 0x08, 0x65, 0x08, 0x65, 0x08, 0x65, 0x08, 0x65,
    0x08, 0x65, 0x08, 0x65, 0x08, 0x65, 0x08, 0x65, 0x08, 0x65, 0x08, 0x65, 0x08, 0x65, 0x08, 0x65,
    0x08, 0x65, 0x08, 0x65, 0x08, 0x65, 0x08, 0x65, 0x08, 0x65, 0x08, 0x65, 0x08, 0x65, 0x08, 0x65,
    0x08, 0x65, 0x08, 0x65, 0x08, 0x65, 0x08, 0x65, 0x08, 0x65, 0x08, 0x65, 0x08, 0x65, 0x08, 0x65,
    0x08, 0x65, 0x08, 0x65, 0x08, 0x65, 0x08, 0x65, 0x08, 0x65, 0x08, 0x65, 0x08, 0x65, 0x08, 0x65,
    0x08, 0x65, 0x08, 0x65, 0x08, 0x65, 0x08, 0x65, 0x08, 0x65, 0x08, 0x65, 0x08, 0x65, 0x08, 0x65,
    0x08, 0x65, 0x08, 0x65, 0x08, 0x65, 0x08, 0x65, 0x08, 0x65, 0x08, 0x65, 0x08, 0x65, 0x08, 0x65,
    0x08, 0x65, 0x08, 0x65, 0x08, 0x65, 0x08, 0x65, 0x08, 0x65, 0x08, 0x65, 0x08, 0x65, 0x08, 0x65,
    0x08, 0x65, 0x08, 0x65, 0x08, 0x65, 0x08, 0x65, 0x08, 0x65, 0x08, 0x65, 0x08, 0x65, 0x08, 0x65,
    0x08, 0x65, 0x08, 0x65, 0x08, 0x65, 0x08, 0x65, 0x08, 0x65, 0x08, 0x65, 0x08, 0x65, 0x08, 0x65,
    0x08, 0x65, 0x08, 0x65, 0x08, 0x65, 0x08, 0x65, 0x08, 0x65, 0x08, 0x65, 0x08, 0x65, 0x08, 0x65,
    0x08, 0x65, 0x08, 0x65, 0x08, 0x65, 0x08, 0x65, 0x08, 0x65, 0x08, 0x65, 0x08, 0x65, 0x08, 0x65,
    0x08, 0x65, 0x08, 0x65, 0x08, 0x65, 0x08, 0x65, 0x08, 0x65, 0x08, 0x65, 0x08, 0x85, 0x08, 0x85,
    0x08, 0x85, 0x08, 0x65, 0x08, 0x65, 0x08, 0x65, 0x08, 0x65, 0x08, 0x65, 0x08, 0x85, 0x00, 0x45,
    0x00, 0x45, 0x19, 0x08, 0x31, 0xcb, 0x00, 0x45, 0x00, 0x24, 0x10, 0x86, 0x08, 0x65, 0x08, 0x65,
    0x08, 0x65, 0x08, 0x65, 0x08, 0x65, 0x08, 0x65, 0x08, 0x65, 0x08, 0x65, 0x00, 0x85, 0x00, 0x85,
    0x08, 0x65, 0x08, 0x44, 0x08, 0x44, 0x08, 0x65, 0x08, 0x65, 0x00, 0x65, 0x00, 0x86, 0x00, 0xe9,
    0x09, 0x6c, 0x09, 0xad, 0x09, 0xae, 0x01, 0xae, 0x01, 0xaf, 0x01, 0xcf, 0x01, 0xce, 0x01, 0xce,
    0x01, 0xce, 0x01, 0xce, 0x01, 0xce, 0x01, 0xce, 0x01, 0xce, 0x01, 0xce, 0x01, 0xce, 0x01, 0xce,
    0x01, 0xce, 0x01, 0xce, 0x01, 0xce, 0x01, 0xce, 0x01, 0xce, 0x01, 0xce, 0x01, 0xce, 0x01, 0xce,
    0x01, 0xce, 0x01, 0xce, 0x01, 0xce, 0x01, 0xce, 0x01, 0xce, 0x01, 0xce, 0x01, 0xce, 0x01, 0xce,
    0x01, 0xce, 0x01, 0xce, 0x01, 0xce, 0x01, 0xce, 0x01, 0xce, 0x01, 0xce, 0x01, 0xce, 0x01, 0xce,
    0x01, 0xce, 0x01, 0xce, 0x01, 0xcf, 0x01, 0xcf, 0x01, 0xcf, 0x01, 0xcf, 0x01, 0xcf, 0x01, 0xae,
    0x09, 0xae, 0x09, 0xae, 0x11, 0xae, 0x11, 0x8d, 0x09, 0x2b, 0x08, 0xe9, 0x00, 0x66, 0x00, 0x85,
    0x00, 0x85, 0x00, 0x85, 0x00, 0x65, 0x00, 0x65, 0x08, 0x44, 0x08, 0x65, 0x10, 0x85, 0x00, 0x24,
    0x08, 0x65, 0x08, 0x65, 0x00, 0x45, 0x21, 0x29, 0x29, 0x6a, 0x00, 0x66, 0x08, 0x66, 0x08, 0x65,
    0x08, 0x65, 0x08, 0x85, 0x08, 0x85, 0x08, 0x65, 0x08, 0x64, 0x08, 0x64, 0x00, 0x44, 0x08, 0x85,
    0x00, 0x45, 0x08, 0x45, 0x08, 0x86, 0x00, 0x25, 0x08, 0x46, 0x31, 0x8b, 0x29, 0x4a, 0x00, 0x04,
    0x08, 0x86, 0x00, 0x45, 0x08, 0x65, 0x08, 0x65, 0x08, 0x85, 0x08, 0x65, 0x08, 0x64, 0x08, 0x64,
    0x08, 0x65, 0x08, 0x65, 0x08, 0x65, 0x08, 0x65, 0x08, 0x65, 0x08, 0x65, 0x08, 0x65, 0x08, 0x65,
    0x08, 0x65, 0x08, 0x65, 0x08, 0x65, 0x08, 0x65, 0x08, 0x65, 0x08, 0x65, 0x08, 0x65, 0x08, 0x65,
    0x08, 0x65, 0x08, 0x65, 0x08, 0x65, 0x08, 0x65, 0x08, 0x65, 0x08, 0x65, 0x00, 0x44, 0x18, 0xe6,
    0x08, 0x65, 0x08, 0x65, 0x08, 0x65, 0x08, 0x65, 0x08, 0x65, 0x08, 0x65, 0x08, 0x65, 0x08, 0x65,
    0x08, 0x65, 0x08, 0x65, 0x08, 0x65, 0x08, 0x65, 0x08, 0x65, 0x08, 0x65, 0x08, 0x65, 0x08, 0x65,
    0x08, 0x65, 0x08, 0x65, 0x08, 0x65, 0x08, 0x65, 0x08, 0x65, 0x08, 0x65, 0x08, 0x65, 0x08, 0x65,
    0x08, 0x65, 0x08, 0x65, 0x08, 0x65, 0x08, 0x65, 0x08, 0x65, 0x08, 0x65, 0x08, 0x65, 0x08, 0x65,
    0x08, 0x65, 0x08, 0x65, 0x08, 0x65, 0x08, 0x65, 0x08, 0x65, 0x08, 0x65, 0x08, 0x65, 0x08, 0x65,
    0x08, 0x65, 0x08, 0x65, 0x08, 0x65, 0x08, 0x65, 0x08, 0x65, 0x08, 0x65, 0x08, 0x65, 0x08, 0x65,
    0x08, 0x65, 0x08, 0x65, 0x08, 0x65, 0x08, 0x65, 0x08, 0x65, 0x08, 0x65, 0x08, 0x65, 0x08, 0x65,
    0x08, 0x65, 0x08, 0x65, 0x08, 0x65, 0x08, 0x65, 0x08, 0x65, 0x08, 0x65, 0x08, 0x65, 0x08, 0x65,
    0x08, 0x65, 0x08, 0x65, 0x08, 0x65, 0x08, 0x65, 0x08, 0x65, 0x08, 0x65, 0x08, 0x65, 0x08, 0x65,
    0x08, 0x65, 0x08, 0x65, 0x08, 0x65, 0x08, 0x65, 0x08, 0x65, 0x08, 0x65, 0x08, 0x65, 0x08, 0x65,
    0x08, 0x65, 0x08, 0x65, 0x08, 0x65, 0x08, 0x65, 0x08, 0x65, 0x08, 0x65, 0x08, 0x65, 0x08, 0x65,
    0x08, 0x65, 0x08, 0x65, 0x08, 0x65, 0x08, 0x65, 0x08, 0x65, 0x08, 0x65, 0x08, 0x65, 0x08, 0x65,
    0x08, 0x65, 0x08, 0x65, 0x08, 0x65, 0x08, 0x65, 0x08, 0x65, 0x08, 0x65, 0x08, 0x65, 0x08, 0x65,
    0x08, 0x65, 0x08, 0x65, 0x08, 0x65, 0x08, 0x65, 0x08, 0x65, 0x08, 0x65, 0x08, 0x65, 0x08, 0x65,
    0x08, 0x65, 0x08, 0x65, 0x08, 0x65, 0x08, 0x65, 0x08, 0x65, 0x08, 0x65, 0x08, 0x65, 0x08, 0x65,
    0x08, 0x65, 0x08, 0x65, 0x08, 0x65, 0x08, 0x65, 0x08, 0x65, 0x08, 0x65, 0x08, 0x65, 0x08, 0x65,
    0x08, 0x65, 0x08, 0x65, 0x08, 0x65, 0x08, 0x65, 0x08, 0x65, 0x08, 0x65, 0x08, 0x85, 0x08, 0x85,
    0x08, 0x85, 0x08, 0x85, 0x08, 0x85, 0x08, 0x85, 0x08, 0x85, 0x08, 0x85, 0x08, 0x85, 0x08, 0x85,
    0x08, 0x85, 0x08, 0x85, 0x08, 0x85, 0x08, 0x85, 0x08, 0x85, 0x08, 0x85, 0x08, 0x85, 0x08, 0x85,
    0x08, 0x85, 0x08, 0x85, 0x08, 0x85, 0x08, 0x85, 0x08, 0x85, 0x08, 0x85, 0x08, 0x85, 0x08, 0x85,
    0x08, 0x85, 0x08, 0x85, 0x08, 0x85, 0x08, 0x85, 0x08, 0x85, 0x08, 0x85, 0x08, 0x65, 0x08, 0x65,
    0x08, 0x65, 0x08, 0x65, 0x08, 0x65, 0x08, 0x65, 0x08, 0x65, 0x08, 0x65, 0x08, 0x86, 0x00, 0x04,
    0x10, 0xa6, 0x3a, 0x0c, 0x08, 0xa6, 0x00, 0x45, 0x10, 0x86, 0x08, 0x45, 0x08, 0x65, 0x08, 0x65,
    0x08, 0x65, 0x08, 0x65, 0x08, 0x65, 0x08, 0x65, 0x08, 0x65, 0x08, 0x65, 0x00, 0x65, 0x00, 0x65,
    0x08, 0x65, 0x08, 0x64, 0x08, 0x85, 0x08, 0x85, 0x08, 0x85, 0x00, 0x66, 0x00, 0xa7, 0x09, 0x4b,
    0x11, 0xae, 0x09, 0xae, 0x01, 0xae, 0x01, 0xae, 0x09, 0xcf, 0x09, 0xcf, 0x01, 0xce, 0x01, 0xce,
    0x01, 0xce, 0x01, 0xce, 0x01, 0xce, 0x01, 0xce, 0x01, 0xce, 0x01, 0xce, 0x01, 0xce, 0x01, 0xce,
    0x01, 0xce, 0x01, 0xce, 0x01, 0xce, 0x01, 0xce, 0x01, 0xce, 0x01, 0xce, 0x01, 0xce, 0x01, 0xce,
    0x01, 0xce, 0x01, 0xce, 0x01, 0xce, 0x01, 0xce, 0x01, 0xce, 0x01, 0xce, 0x01, 0xce, 0x01, 0xce,
    0x01, 0xce, 0x01, 0xce, 0x01, 0xce, 0x01, 0xce, 0x01, 0xce, 0x01, 0xce, 0x01, 0xce, 0x01, 0xce,
    0x01, 0xce, 0x01, 0xce, 0x01, 0xcf, 0x01, 0xcf, 0x01, 0xcf, 0x01, 0xcf, 0x01, 0xcf, 0x01, 0xae,
    0x01, 0xae, 0x09, 0xae, 0x11, 0xae, 0x11, 0xae, 0x11, 0x6d, 0x11, 0x2b, 0x00, 0x66, 0x00, 0x65,
    0x00, 0x65, 0x00, 0x85, 0x08, 0x65, 0x08, 0x65, 0x08, 0x44, 0x08, 0x65, 0x10, 0x85, 0x00, 0x24,
    0x10, 0x65, 0x08, 0x85, 0x00, 0x24, 0x10, 0xc7, 0x29, 0x8a, 0x18, 0xe8, 0x00, 0x45, 0x00, 0x45,
    0x00, 0x45, 0x08, 0x65, 0x08, 0x65, 0x08, 0x65, 0x08, 0x64, 0x08, 0x85, 0x08, 0x85, 0x08, 0x65,
    0x00, 0x24, 0x00, 0x44, 0x08, 0x86, 0x00, 0x45, 0x00, 0x25, 0x10, 0xc7, 0x31, 0xcb, 0x08, 0x66,
    0x08, 0x66, 0x00, 0x45, 0x08, 0x86, 0x08, 0x85, 0x08, 0x85, 0x08, 0x64, 0x08, 0x65, 0x08, 0x64,
    0x08, 0x65, 0x08, 0x65, 0x08, 0x65, 0x08, 0x65, 0x08, 0x65, 0x08, 0x65, 0x08, 0x65, 0x08, 0x65,
    0x08, 0x65, 0x08, 0x65, 0x08, 0x65, 0x08, 0x65, 0x08, 0x65, 0x08, 0x65, 0x08, 0x65, 0x08, 0x65,
    0x08, 0x65, 0x08, 0x65, 0x08, 0x65, 0x08, 0x65, 0x08, 0x65, 0x08, 0x65, 0x00, 0x44, 0x18, 0xe6,
    0x08, 0x65, 0x08, 0x65, 0x08, 0x65, 0x08, 0x65, 0x08, 0x65, 0x08, 0x65, 0x08, 0x65, 0x08, 0x65,
    0x08, 0x65, 0x08, 0x65, 0x08, 0x65, 0x08, 0x65, 0x08, 0x65, 0x08, 0x65, 0x08, 0x65, 0x08, 0x65,
    0x08, 0x65, 0x08, 0x65, 0x08, 0x65, 0x08, 0x65, 0x08, 0x65, 0x08, 0x65, 0x08, 0x65, 0x08, 0x65,
    0x08, 0x65, 0x08, 0x65, 0x08, 0x65, 0x08, 0x65, 0x08, 0x65, 0x08, 0x65, 0x08, 0x65, 0x08, 0x65,
    0x08, 0x65, 0x08, 0x65, 0x08, 0x65, 0x08, 0x65, 0x08, 0x65, 0x08, 0x65, 0x08, 0x65, 0x08, 0x65,
    0x08, 0x65, 0x08, 0x65, 0x08, 0x65, 0x08, 0x65, 0x08, 0x65, 0x08, 0x65, 0x08, 0x65, 0x08, 0x65,
    0x08, 0x65, 0x08, 0x65, 0x08, 0x65, 0x08, 0x65, 0x08, 0x65, 0x08, 0x65, 0x08, 0x65, 0x08, 0x65,
    0x08, 0x65, 0x08, 0x65, 0x08, 0x65, 0x08, 0x65, 0x08, 0x65, 0x08, 0x65, 0x08, 0x65, 0x08, 0x65,
    0x08, 0x65, 0x08, 0x65, 0x08, 0x65, 0x08, 0x65, 0x08, 0x65, 0x08, 0x65, 0x08, 0x65, 0x08, 0x65,
    0x08, 0x65, 0x08, 0x65, 0x08, 0x65, 0x08, 0x65, 0x08, 0x65, 0x08, 0x65, 0x08, 0x65, 0x08, 0x65,
    0x08, 0x65, 0x08, 0x65, 0x08, 0x65, 0x08, 0x65, 0x08, 0x65, 0x08, 0x65, 0x08, 0x65, 0x08, 0x65,
    0x08, 0x65, 0x08, 0x65, 0x08, 0x65, 0x08, 0x65, 0x08, 0x65, 0x08, 0x65, 0x08, 0x65, 0x08, 0x65,
    0x08, 0x65, 0x08, 0x65, 0x08, 0x65, 0x08, 0x65, 0x08, 0x65, 0x08, 0x65, 0x08, 0x65, 0x08, 0x65,
    0x08, 0x65, 0x08, 0x65, 0x08, 0x65, 0x08, 0x65, 0x08, 0x65, 0x08, 0x65, 0x08, 0x65, 0x08, 0x65,
    0x08, 0x65, 0x08, 0x65, 0x08, 0x65, 0x08, 0x65, 0x08, 0x65, 0x08, 0x65, 0x08, 0x65, 0x08, 0x65,
    0x08, 0x65, 0x08, 0x65, 0x08, 0x65, 0x08, 0x65, 0x08, 0x65, 0x08, 0x65, 0x08, 0x65, 0x08, 0x65,
    0x08, 0x65, 0x08, 0x65, 0x08, 0x65, 0x08, 0x65, 0x08, 0x65, 0x08, 0x65, 0x08, 0x85, 0x08, 0x85,
    0x08, 0x85, 0x08, 0x85, 0x08, 0x85, 0x08, 0x85, 0x08, 0x85, 0x08, 0x85, 0x08, 0x85, 0x08, 0x85,
    0x08, 0x85, 0x08, 0x85, 0x08, 0x85, 0x08, 0x85, 0x08, 0x85, 0x08, 0x85, 0x08, 0x85, 0x08, 0x85,
    0x08, 0x85, 0x08, 0x85, 0x08, 0x85, 0x08, 0x85, 0x08, 0x85, 0x08, 0x85, 0x08, 0x85, 0x08, 0x85,
    0x08, 0x85, 0x08, 0x85, 0x08, 0x85, 0x08, 0x85, 0x08, 0x85, 0x08, 0x85, 0x08, 0x65, 0x08, 0x65,
    0x08, 0x65, 0x08, 0x85, 0x08, 0x85, 0x08, 0x85, 0x08, 0x85, 0x08, 0x85, 0x00, 0x65, 0x00, 0x65,
    0x21, 0x69, 0x31, 0xab, 0x00, 0x04, 0x08, 0x66, 0x10, 0xa6, 0x08, 0x45, 0x08, 0x65, 0x08, 0x65,
    0x08, 0x65, 0x08, 0x65, 0x08, 0x65, 0x08, 0x65, 0x08, 0x65, 0x08, 0x65, 0x00, 0x65, 0x00, 0x65,
    0x08, 0x65, 0x08, 0x65, 0x08, 0x85, 0x08, 0x65, 0x00, 0x66, 0x00, 0x66, 0x00, 0xe9, 0x09, 0x8c,
    0x11, 0xef, 0x09, 0xcf, 0x01, 0xae, 0x09, 0xae, 0x09, 0xae, 0x09, 0xae, 0x01, 0xce, 0x01, 0xce,
    0x01, 0xce, 0x01, 0xce, 0x01, 0xce, 0x01, 0xce, 0x01, 0xce, 0x01, 0xce, 0x01, 0xce, 0x01, 0xce,
    0x01, 0xce, 0x01, 0xce, 0x01, 0xce, 0x01, 0xce, 0x01, 0xce, 0x01, 0xce, 0x01, 0xce, 0x01, 0xce,
    0x01, 0xce, 0x01, 0xce, 0x01, 0xce, 0x01, 0xce, 0x01, 0xce, 0x01, 0xce, 0x01, 0xce, 0x01, 0xce,
    0x01, 0xce, 0x01, 0xce, 0x01, 0xce, 0x01, 0xce, 0x01, 0xce, 0x01, 0xce, 0x01, 0xce, 0x01, 0xce,
    0x01, 0xce, 0x01, 0xce, 0x01, 0xcf, 0x01, 0xcf, 0x01, 0xcf, 0x01, 0xcf, 0x01, 0xaf, 0x01, 0xae,
    0x01, 0xae, 0x09, 0xae, 0x11, 0xae, 0x11, 0xae, 0x11, 0x8d, 0x11, 0x6c, 0x00, 0xa7, 0x00, 0x86,
    0x00, 0x66, 0x00, 0x86, 0x08, 0x85, 0x08, 0x65, 0x08, 0x65, 0x10, 0x85, 0x08, 0x44, 0x08, 0x44,
    0x08, 0x65, 0x08, 0x45, 0x00, 0x45, 0x08, 0x65, 0x10, 0xe8, 0x21, 0x4a, 0x08, 0x66, 0x00, 0x25,
    0x00, 0x25, 0x08, 0x45, 0x08, 0x65, 0x08, 0x65, 0x08, 0x64, 0x08, 0x85, 0x08, 0x85, 0x00, 0x44,
    0x08, 0x65, 0x08, 0x65, 0x00, 0x24, 0x08, 0x65, 0x08, 0x86, 0x00, 0x25, 0x29, 0x6a, 0x29, 0x6a,
    0x00, 0x45, 0x00, 0x45, 0x08, 0x65, 0x08, 0x86, 0x08, 0x65, 0x00, 0x44, 0x08, 0x65, 0x08, 0x65,
    0x08, 0x65, 0x08, 0x65, 0x08, 0x65, 0x08, 0x65, 0x08, 0x65, 0x08, 0x65, 0x08, 0x65, 0x08, 0x65,
    0x08, 0x65, 0x08, 0x65, 0x08, 0x65, 0x08, 0x65, 0x08, 0x65, 0x08, 0x65, 0x08, 0x65, 0x08, 0x65,
    0x08, 0x65, 0x08, 0x65, 0x08, 0x65, 0x08, 0x65, 0x08, 0x65, 0x08, 0x65, 0x00, 0x44, 0x18, 0xe6,
    0x08, 0x65, 0x08, 0x65, 0x08, 0x65, 0x08, 0x65, 0x08, 0x65, 0x08, 0x65, 0x08, 0x65, 0x08, 0x65,
    0x08, 0x65, 0x08, 0x65, 0x08, 0x65, 0x08, 0x65, 0x08, 0x65, 0x08, 0x65, 0x08, 0x65, 0x08, 0x65,
    0x08, 0x65, 0x08, 0x65, 0x08, 0x65, 0x08, 0x65, 0x08, 0x65, 0x08, 0x65, 0x08, 0x65, 0x08, 0x65,
    0x08, 0x65, 0x08, 0x65, 0x08, 0x65, 0x08, 0x65, 0x08, 0x65, 0x08, 0x65, 0x08, 0x65, 0x08, 0x65,
    0x08, 0x65, 0x08, 0x65, 0x08, 0x65, 0x08, 0x65, 0x08, 0x65, 0x08, 0x65, 0x08, 0x65, 0x08, 0x65,
    0x08, 0x65, 0x08, 0x65, 0x08, 0x65, 0x08, 0x65, 0x08, 0x65, 0x08, 0x65, 0x08, 0x65, 0x08, 0x65,
    0x08, 0x65, 0x08, 0x65, 0x08, 0x65, 0x08, 0x65, 0x08, 0x65, 0x08, 0x65, 0x08, 0x65, 0x08, 0x65,
    0x08, 0x65, 0x08, 0x65, 0x08, 0x65, 0x08, 0x65, 0x08, 0x65, 0x08, 0x65, 0x08, 0x65, 0x08, 0x65,
    0x08, 0x65, 0x08, 0x65, 0x08, 0x65, 0x08, 0x65, 0x08, 0x65, 0x08, 0x65, 0x08, 0x65, 0x08, 0x65,
    0x08, 0x65, 0x08, 0x65, 0x08, 0x65, 0x08, 0x65, 0x08, 0x65, 0x08, 0x65, 0x08, 0x65, 0x08, 0x65,
    0x08, 0x65, 0x08, 0x65, 0x08, 0x65, 0x08, 0x65, 0x08, 0x65, 0x08, 0x65, 0x08, 0x65, 0x08, 0x65,
    0x08, 0x65, 0x08, 0x65, 0x08, 0x65, 0x08, 0x65, 0x08, 0x65, 0x08, 0x65, 0x08, 0x65, 0x08, 0x65,
    0x08, 0x65, 0x08, 0x65, 0x08, 0x65, 0x08, 0x65, 0x08, 0x65, 0x08, 0x65, 0x08, 0x65, 0x08, 0x65,
    0x08, 0x65, 0x08, 0x65, 0x08, 0x65, 0x08, 0x65, 0x08, 0x65, 0x08, 0x65, 0x08, 0x85, 0x08, 0x85,
    0x08, 0x85, 0x08, 0x85, 0x08, 0x85, 0x08, 0x85, 0x08, 0x85, 0x08, 0x85, 0x08, 0x85, 0x08, 0x85,
    0x08, 0x85, 0x08, 0x85, 0x08, 0x85, 0x08, 0x85, 0x08, 0x85, 0x08, 0x85, 0x08, 0x85, 0x08, 0x85,
    0x08, 0x85, 0x08, 0x85, 0x08, 0x85, 0x08, 0x85, 0x08, 0x85, 0x08, 0x85, 0x08, 0x85, 0x08, 0x85,
    0x08, 0x85, 0x08, 0x85, 0x08, 0x85, 0x08, 0x85, 0x08, 0x85, 0x08, 0x85, 0x08, 0x85, 0x08, 0x85,
    0x08, 0x85, 0x08, 0x85, 0x08, 0x85, 0x08, 0x85, 0x08, 0x85, 0x08, 0x85, 0x08, 0x85, 0x08, 0x85,
    0x08, 0x85, 0x08, 0x85, 0x08, 0x85, 0x08, 0x85, 0x08, 0x85, 0x08, 0x85, 0x08, 0x85, 0x08, 0x85,
    0x08, 0x85, 0x08, 0x85, 0x08, 0x85, 0x08, 0x85, 0x08, 0x85, 0x08, 0x85, 0x00, 0x45, 0x08, 0x65,
    0x08, 0x65, 0x08, 0x85, 0x08, 0x85, 0x08, 0x85, 0x08, 0x85, 0x08, 0x85, 0x00, 0x24, 0x19, 0x29,
    0x31, 0xab, 0x00, 0x65, 0x08, 0x86, 0x08, 0x86, 0x08, 0x65, 0x08, 0x66, 0x08, 0x65, 0x08, 0x65,
    0x08, 0x65, 0x08, 0x65, 0x08, 0x65, 0x08, 0x65, 0x08, 0x65, 0x08, 0x65, 0x08, 0x65, 0x00, 0x65,
    0x08, 0x65, 0x08, 0x65, 0x08, 0x65, 0x00, 0x45, 0x00, 0x66, 0x00, 0x87, 0x09, 0x4b, 0x09, 0xae,
    0x09, 0xef, 0x09, 0xcf, 0x01, 0xae, 0x09, 0xae, 0x09, 0xae, 0x09, 0xae, 0x01, 0xae, 0x01, 0xce,
    0x01, 0xce, 0x01, 0xce, 0x01, 0xce, 0x01, 0xce, 0x01, 0xce, 0x01, 0xce, 0x01, 0xce, 0x01, 0xce,
    0x01, 0xce, 0x01, 0xce, 0x01, 0xce, 0x01, 0xce, 0x01, 0xce, 0x01, 0xce, 0x01, 0xce, 0x01, 0xce,
    0x01, 0xce, 0x01, 0xce, 0x01, 0xce, 0x01, 0xce, 0x01, 0xce, 0x01, 0xce, 0x01, 0xce, 0x01, 0xce,
    0x01, 0xce, 0x01, 0xce, 0x01, 0xce, 0x01, 0xce, 0x01, 0xce, 0x01, 0xce, 0x01, 0xce, 0x01, 0xce,
    0x01, 0xce, 0x01, 0xce, 0x01, 0xcf, 0x01, 0xcf, 0x01, 0xcf, 0x01, 0xcf, 0x01, 0xaf, 0x01, 0xaf,
    0x01, 0xaf, 0x09, 0xaf, 0x09, 0xae, 0x09, 0x8e, 0x11, 0x8e, 0x11, 0x8d, 0x08, 0xe9, 0x00, 0xa7,
    0x00, 0x66, 0x00, 0x86, 0x08, 0x86, 0x08, 0x65, 0x08, 0x65, 0x10, 0x85, 0x08, 0x44, 0x10, 0x85,
    0x08, 0x65, 0x08, 0x45, 0x08, 0x85, 0x00, 0x25, 0x08, 0x66, 0x21, 0x4a, 0x18, 0xe8, 0x08, 0x87,
    0x00, 0x45, 0x08, 0x66, 0x08, 0x85, 0x08, 0x65, 0x08, 0x64, 0x08, 0x64, 0x00, 0x43, 0x00, 0x43,
    0x10, 0xc6, 0x10, 0xa6, 0x00, 0x04, 0x08, 0x45, 0x10, 0xa7, 0x00, 0x25, 0x10, 0xa7, 0x31, 0xab,
    0x08, 0x66, 0x00, 0x45, 0x00, 0x45, 0x08, 0x85, 0x08, 0x65, 0x08, 0x65, 0x08, 0x65, 0x08, 0x65,
    0x08, 0x65, 0x08, 0x65, 0x08, 0x65, 0x08, 0x65, 0x08, 0x65, 0x08, 0x65, 0x08, 0x65, 0x08, 0x65,
    0x08, 0x65, 0x08, 0x65, 0x08, 0x65, 0x08, 0x65, 0x08, 0x65, 0x08, 0x65, 0x08, 0x65, 0x08, 0x65,
    0x08, 0x65, 0x08, 0x65, 0x08, 0x65, 0x08, 0x65, 0x08, 0x65, 0x08, 0x65, 0x00, 0x44, 0x18, 0xe6,
    0x08, 0x65, 0x08, 0x65, 0x08, 0x65, 0x08, 0x65, 0x08, 0x65, 0x08, 0x65, 0x08, 0x65, 0x08, 0x65,
    0x08, 0x65, 0x08, 0x65, 0x08, 0x65, 0x08, 0x65, 0x08, 0x65, 0x08, 0x65, 0x08, 0x65, 0x08, 0x65,
    0x08, 0x65, 0x08, 0x65, 0x08, 0x65, 0x08, 0x65, 0x08, 0x65, 0x08, 0x65, 0x08, 0x65, 0x08, 0x65,
    0x08, 0x65, 0x08, 0x65, 0x08, 0x65, 0x08, 0x65, 0x08, 0x65, 0x08, 0x65, 0x08, 0x65, 0x08, 0x65,
    0x08, 0x65, 0x08, 0x65, 0x08, 0x65, 0x08, 0x65, 0x08, 0x85, 0x08, 0x85, 0x08, 0x65, 0x08, 0x65,
    0x08, 0x65, 0x08, 0x65, 0x08, 0x65, 0x08, 0x65, 0x08, 0x65, 0x08, 0x65, 0x08, 0x65, 0x08, 0x65,
    0x08, 0x65, 0x08, 0x65, 0x08, 0x65, 0x08, 0x65, 0x08, 0x65, 0x08, 0x65, 0x08, 0x65, 0x08, 0x65,
    0x08, 0x65, 0x08, 0x65, 0x08, 0x65, 0x08, 0x65, 0x08, 0x65, 0x08, 0x65, 0x08, 0x65, 0x08, 0x65,
    0x08, 0x65, 0x08, 0x65, 0x08, 0x65, 0x08, 0x65, 0x08, 0x65, 0x08, 0x65, 0x08, 0x65, 0x08, 0x65,
    0x08, 0x65, 0x08, 0x65, 0x08, 0x65, 0x08, 0x65, 0x08, 0x65, 0x08, 0x65, 0x08, 0x65, 0x08, 0x65,
    0x08, 0x65, 0x08, 0x65, 0x08, 0x65, 0x08, 0x65, 0x08, 0x65, 0x08, 0x65, 0x08, 0x65, 0x08, 0x65,
    0x08, 0x65, 0x08, 0x65, 0x08, 0x65, 0x08, 0x65, 0x08, 0x65, 0x08, 0x65, 0x08, 0x65, 0x08, 0x65,
    0x08, 0x65, 0x08, 0x65, 0x08, 0x65, 0x08, 0x65, 0x08, 0x65, 0x08, 0x65, 0x08, 0x65, 0x08, 0x65,
    0x08, 0x65, 0x08, 0x65, 0x08, 0x65, 0x08, 0x65, 0x08, 0x65, 0x08, 0x65, 0x08, 0x85, 0x08, 0x85,
    0x08, 0x85, 0x08, 0x85, 0x08, 0x85, 0x08, 0x85, 0x08, 0x85, 0x08, 0x85, 0x08, 0x85, 0x08, 0x85,
    0x08, 0x85, 0x08, 0x85, 0x08, 0x85, 0x08, 0x85, 0x08, 0x85, 0x08, 0x85, 0x08, 0x85, 0x08, 0x85,
    0x08, 0x85, 0x08, 0x85, 0x08, 0x85, 0x08, 0x85, 0x08, 0x85, 0x08, 0x85, 0x08, 0x85, 0x08, 0x85,
    0x08, 0x85, 0x08, 0x85, 0x08, 0x85, 0x08, 0x85, 0x08, 0x85, 0x08, 0x85, 0x08, 0x85, 0x08, 0x85,
    0x08, 0x85, 0x08, 0x85, 0x08, 0x85, 0x08, 0x85, 0x08, 0x85, 0x08, 0x85, 0x08, 0x85, 0x08, 0x85,
    0x08, 0x85, 0x08, 0x85, 0x08, 0x85, 0x08, 0x85, 0x08, 0x85, 0x08, 0x85, 0x08, 0x85, 0x08, 0x85,
    0x08, 0x85, 0x08, 0x85, 0x08, 0x85, 0x08, 0x85, 0x08, 0x85, 0x08, 0x85, 0x08, 0x65, 0x08, 0x65,
    0x08, 0x85, 0x08, 0x85, 0x08, 0x85, 0x08, 0x85, 0x08, 0x65, 0x08, 0x65, 0x00, 0x86, 0x29, 0xab,
    0x19, 0x08, 0x00, 0x04, 0x10, 0xc7, 0x08, 0x65, 0x08, 0x65, 0x10, 0x86, 0x08, 0x65, 0x08, 0x65,
    0x08, 0x65, 0x08, 0x65, 0x08, 0x65, 0x08, 0x65, 0x08, 0x65, 0x08, 0x65, 0x08, 0x85, 0x00, 0x65,
    0x08, 0x65, 0x08, 0x64, 0x00, 0x44, 0x00, 0x45, 0x00, 0x87, 0x00, 0xe9, 0x09, 0x8d, 0x09, 0xae,
    0x01, 0xcf, 0x01, 0xcf, 0x01, 0xaf, 0x09, 0xae, 0x09, 0xae, 0x09, 0xad, 0x01, 0xae, 0x01, 0xce,
    0x01, 0xce, 0x01, 0xce, 0x01, 0xce, 0x01, 0xce, 0x01, 0xce, 0x01, 0xce, 0x01, 0xce, 0x01, 0xce,
    0x01, 0xce, 0x01, 0xce, 0x01, 0xce, 0x01, 0xce, 0x01, 0xce, 0x01, 0xce, 0x01, 0xce, 0x01, 0xce,
    0x01, 0xce, 0x01, 0xce, 0x01, 0xce, 0x01, 0xce, 0x01, 0xce, 0x01, 0xce, 0x01, 0xce, 0x01, 0xce,
    0x01, 0xce, 0x01, 0xce, 0x01, 0xce, 0x01, 0xce, 0x01, 0xce, 0x01, 0xce, 0x01, 0xce, 0x01, 0xce,
    0x01, 0xce, 0x01, 0xce, 0x01, 0xcf, 0x01, 0xcf, 0x01, 0xcf, 0x01, 0xcf, 0x01, 0xcf, 0x01, 0xaf,
    0x01, 0xcf, 0x09, 0xcf, 0x09, 0xaf, 0x09, 0x8e, 0x09, 0x8e, 0x11, 0x8d, 0x19, 0x6b, 0x08, 0xc8,
    0x00, 0x66, 0x00, 0x66, 0x08, 0x86, 0x08, 0x85, 0x08, 0x65, 0x08, 0x65, 0x10, 0x64, 0x10, 0x85,
    0x08, 0x65, 0x08, 0x65, 0x10, 0x86, 0x00, 0x45, 0x00, 0x45, 0x10, 0xc7, 0x29, 0x6b, 0x18, 0xc8,
    0x08, 0x66, 0x08, 0x66, 0x08, 0x86, 0x08, 0x65, 0x08, 0x64, 0x08, 0x64, 0x00, 0x43, 0x08, 0x64,
    0x10, 0xa5, 0x08, 0x85, 0x08, 0x65, 0x08, 0x65, 0x08, 0x66, 0x08, 0x66, 0x00, 0x25, 0x19, 0x09,
    0x19, 0x08, 0x10, 0x86, 0x00, 0x45, 0x08, 0x65, 0x08, 0x65, 0x08, 0x65, 0x08, 0x65, 0x08, 0x65,
    0x08, 0x65, 0x08, 0x65, 0x08, 0x65, 0x08, 0x65, 0x08, 0x65, 0x08, 0x65, 0x08, 0x65, 0x08, 0x65,
    0x08, 0x65, 0x08, 0x65, 0x08, 0x65, 0x08, 0x65, 0x08, 0x65, 0x08, 0x65, 0x08, 0x65, 0x08, 0x65,
    0x08, 0x65, 0x08, 0x65, 0x08, 0x65, 0x08, 0x65, 0x08, 0x65, 0x08, 0x65, 0x00, 0x44, 0x18, 0xe6,
    0x08, 0x65, 0x08, 0x65, 0x08, 0x65, 0x08, 0x65, 0x08, 0x65, 0x08, 0x65, 0x08, 0x65, 0x08, 0x65,
    0x08, 0x65, 0x08, 0x65, 0x08, 0x65, 0x08, 0x65, 0x08, 0x65, 0x08, 0x65, 0x08, 0x65, 0x08, 0x65,
    0x08, 0x65, 0x08, 0x65, 0x08, 0x65, 0x08, 0x65, 0x08, 0x65, 0x08, 0x65, 0x08, 0x65, 0x08, 0x65,
    0x08, 0x65, 0x08, 0x65, 0x08, 0x65, 0x08, 0x65, 0x08, 0x65, 0x08, 0x65, 0x08, 0x65, 0x08, 0x65,
    0x08, 0x65, 0x08, 0x65, 0x08, 0x65, 0x08, 0x85, 0x08, 0x85, 0x08, 0x85, 0x08, 0x65, 0x08, 0x65,
    0x08, 0x65, 0x08, 0x65, 0x08, 0x65, 0x08, 0x65, 0x08, 0x65, 0x08, 0x65, 0x08, 0x65, 0x08, 0x65,
    0x08, 0x65, 0x08, 0x65, 0x08, 0x65, 0x08, 0x65, 0x08, 0x65, 0x08, 0x65, 0x08, 0x65, 0x08, 0x65,
    0x08, 0x65, 0x08, 0x65, 0x08, 0x65, 0x08, 0x65, 0x08, 0x65, 0x08, 0x65, 0x08, 0x65, 0x08, 0x65,
    0x08, 0x65, 0x08, 0x65, 0x08, 0x65, 0x08, 0x65, 0x08, 0x65, 0x08, 0x65, 0x08, 0x65, 0x08, 0x65,
    0x08, 0x65, 0x08, 0x65, 0x08, 0x65, 0x08, 0x65, 0x08, 0x65, 0x08, 0x65, 0x08, 0x65, 0x08, 0x65,
    0x08, 0x65, 0x08, 0x65, 0x08, 0x65, 0x08, 0x65, 0x08, 0x65, 0x08, 0x65, 0x08, 0x65, 0x08, 0x65,
    0x08, 0x65, 0x08, 0x65, 0x08, 0x65, 0x08, 0x65, 0x08, 0x65, 0x08, 0x65, 0x08, 0x65, 0x08, 0x65,
    0x08, 0x65, 0x08, 0x65, 0x08, 0x65, 0x08, 0x65, 0x08, 0x65, 0x08, 0x65, 0x08, 0x65, 0x08, 0x65,
    0x08, 0x65, 0x08, 0x65, 0x08, 0x65, 0x08, 0x65, 0x08, 0x65, 0x08, 0x65, 0x08, 0x85, 0x08, 0x85,
    0x08, 0x85, 0x08, 0x85, 0x08, 0x85, 0x08, 0x85, 0x08, 0x85, 0x08, 0x85, 0x08, 0x85, 0x08, 0x85,
    0x08, 0x85, 0x08, 0x85, 0x08, 0x85, 0x08, 0x85, 0x08, 0x85, 0x08, 0x85, 0x08, 0x85, 0x08, 0x85,
    0x08, 0x85, 0x08, 0x85, 0x08, 0x85, 0x08, 0x85, 0x08, 0x85, 0x08, 0x85, 0x08, 0x85, 0x08, 0x85,
    0x08, 0x85, 0x08, 0x85, 0x08, 0x85, 0x08, 0x85, 0x08, 0x85, 0x08, 0x85, 0x08, 0x85, 0x08, 0x85,
    0x08, 0x85, 0x08, 0x85, 0x08, 0x85, 0x08, 0x85, 0x08, 0x85, 0x08, 0x85, 0x08, 0x85, 0x08, 0x85,
    0x08, 0x85, 0x08, 0x85, 0x08, 0x85, 0x08, 0x85, 0x08, 0x85, 0x08, 0x85, 0x08, 0x85, 0x08, 0x85,
    0x08, 0x85, 0x08, 0x85, 0x08, 0x85, 0x08, 0x85, 0x08, 0x85, 0x08, 0x85, 0x08, 0x85, 0x08, 0x85,
    0x08, 0x85, 0x08, 0x86, 0x08, 0x65, 0x08, 0x65, 0x08, 0x45, 0x00, 0x45, 0x18, 0xe8, 0x29, 0xab,
    0x00, 0x25, 0x08, 0x86, 0x08, 0x66, 0x08, 0x45, 0x10, 0xa6, 0x08, 0x65, 0x08, 0x65, 0x08, 0x65,
    0x08, 0x65, 0x08, 0x65, 0x08, 0x65, 0x08, 0x65, 0x08, 0x65, 0x08, 0x65, 0x08, 0x65, 0x08, 0x64,
    0x08, 0x65, 0x08, 0x64, 0x00, 0x45, 0x00, 0x66, 0x08, 0xe8, 0x11, 0x6b, 0x11, 0xce, 0x09, 0xae,
    0x01, 0xae, 0x01, 0xaf, 0x09, 0xcf, 0x09, 0xce, 0x09, 0xad, 0x09, 0xad, 0x01, 0xae, 0x01, 0xce,
    0x01, 0xce, 0x01, 0xce, 0x01, 0xce, 0x01, 0xce, 0x01, 0xce, 0x01, 0xce, 0x01, 0xce, 0x01, 0xce,
    0x01, 0xce, 0x01, 0xce, 0x01, 0xce, 0x01, 0xce, 0x01, 0xce, 0x01, 0xce, 0x01, 0xce, 0x01, 0xce,
    0x01, 0xce, 0x01, 0xce, 0x01, 0xce, 0x01, 0xce, 0x01, 0xce, 0x01, 0xce, 0x01, 0xce, 0x01, 0xce,
    0x01, 0xce, 0x01, 0xce, 0x01, 0xce, 0x01, 0xce, 0x01, 0xce, 0x01, 0xce, 0x01, 0xce, 0x01, 0xce,
    0x01, 0xce, 0x01, 0xce, 0x01, 0xcf, 0x01, 0xcf, 0x01, 0xcf, 0x01, 0xcf, 0x01, 0xcf, 0x01, 0xcf,
    0x01, 0xcf, 0x09, 0xcf, 0x09, 0xcf, 0x09, 0x8e, 0x09, 0x8e, 0x11, 0xad, 0x19, 0xcd, 0x09, 0x09,
    0x00, 0x86, 0x00, 0x66, 0x08, 0x86, 0x08, 0x85, 0x08, 0x65, 0x08, 0x64, 0x10, 0x85, 0x08, 0x64,
    0x08, 0x65, 0x08, 0x65, 0x00, 0x45, 0x00, 0x65, 0x00, 0x45, 0x00, 0x25, 0x31, 0xab, 0x18, 0xe9,
    0x08, 0x46, 0x08, 0x46, 0x08, 0x86, 0x08, 0x65, 0x08, 0x65, 0x08, 0x64, 0x08, 0x85, 0x08, 0xa5,
    0x00, 0x43, 0x00, 0x44, 0x10, 0xc6, 0x08, 0x85, 0x00, 0x04, 0x08, 0x65, 0x00, 0x25, 0x08, 0x46,
    0x31, 0xab, 0x18, 0xe8, 0x00, 0x45, 0x00, 0x45, 0x08, 0x86, 0x08, 0x45, 0x08, 0x65, 0x08, 0x65,
    0x08, 0x65, 0x08, 0x65, 0x08, 0x65, 0x08, 0x65, 0x08, 0x65, 0x08, 0x65, 0x08, 0x65, 0x08, 0x65,
    0x08, 0x65, 0x08, 0x65, 0x08, 0x65, 0x08, 0x65, 0x08, 0x65, 0x08, 0x65, 0x08, 0x65, 0x08, 0x65,
    0x08, 0x65, 0x08, 0x65, 0x08, 0x65, 0x08, 0x65, 0x08, 0x65, 0x08, 0x65, 0x00, 0x44, 0x18, 0xe6,
    0x08, 0x65, 0x08, 0x65, 0x08, 0x65, 0x08, 0x65, 0x08, 0x65, 0x08, 0x65, 0x08, 0x65, 0x08, 0x65,
    0x08, 0x65, 0x08, 0x65, 0x08, 0x65, 0x08, 0x65, 0x08, 0x65, 0x08, 0x65, 0x08, 0x65, 0x08, 0x65,
    0x08, 0x65, 0x08, 0x65, 0x08, 0x65, 0x08, 0x65, 0x08, 0x65, 0x08, 0x65, 0x08, 0x65, 0x08, 0x65,
    0x08, 0x65, 0x08, 0x65, 0x08, 0x65, 0x08, 0x65, 0x08, 0x65, 0x08, 0x65, 0x08, 0x65, 0x08, 0x65,
    0x08, 0x65, 0x08, 0x65, 0x08, 0x65, 0x08, 0x65, 0x08, 0x65, 0x08, 0x65, 0x08, 0x65, 0x08, 0x65,
    0x08, 0x65, 0x08, 0x65, 0x08, 0x65, 0x08, 0x65, 0x08, 0x65, 0x08, 0x65, 0x08, 0x65, 0x08, 0x65,
    0x08, 0x65, 0x08, 0x65, 0x08, 0x65, 0x08, 0x65, 0x08, 0x65, 0x08, 0x65, 0x08, 0x65, 0x08, 0x65,
    0x08, 0x65, 0x08, 0x65, 0x08, 0x65, 0x08, 0x65, 0x08, 0x65, 0x08, 0x65, 0x08, 0x65, 0x08, 0x65,
    0x08, 0x65, 0x08, 0x65, 0x08, 0x65, 0x08, 0x65, 0x08, 0x65, 0x08, 0x65, 0x08, 0x65, 0x08, 0x65,
    0x08, 0x65, 0x08, 0x65, 0x08, 0x65, 0x08, 0x65, 0x08, 0x65, 0x08, 0x65, 0x08, 0x65, 0x08, 0x65,
    0x08, 0x65, 0x08, 0x65, 0x08, 0x65, 0x08, 0x65, 0x08, 0x65, 0x08, 0x65, 0x08, 0x65, 0x08, 0x65,
    0x08, 0x65, 0x08, 0x65, 0x08, 0x65, 0x08, 0x65, 0x08, 0x65, 0x08, 0x65, 0x08, 0x65, 0x08, 0x65,
    0x08, 0x65, 0x08, 0x65, 0x08, 0x65, 0x08, 0x65, 0x08, 0x65, 0x08, 0x65, 0x08, 0x85, 0x08, 0x85,
    0x08, 0x85, 0x08, 0x85, 0x08, 0x85, 0x08, 0x85, 0x08, 0x85, 0x08, 0x85, 0x08, 0x85, 0x08, 0x85,
    0x08, 0x85, 0x08, 0x85, 0x08, 0x85, 0x08, 0x85, 0x08, 0x85, 0x08, 0x85, 0x08, 0x85, 0x08, 0x85,
    0x08, 0x85, 0x08, 0x85, 0x08, 0x85, 0x08, 0x85, 0x08, 0x85, 0x08, 0x85, 0x08, 0x85, 0x08, 0x85,
    0x08, 0x85, 0x08, 0x85, 0x08, 0x85, 0x08, 0x85, 0x08, 0x85, 0x08, 0x85, 0x08, 0x85, 0x08, 0x85,
    0x08, 0x85, 0x08, 0x85, 0x08, 0x85, 0x08, 0x85, 0x08, 0x85, 0x08, 0x85, 0x08, 0x85, 0x08, 0x85,
    0x08, 0x85, 0x08, 0x85, 0x08, 0x85, 0x08, 0x85, 0x08, 0x85, 0x08, 0x85, 0x08, 0x85, 0x08, 0x85,
    0x08, 0x85, 0x08, 0x85, 0x08, 0x85, 0x08, 0x85, 0x08, 0x85, 0x08, 0x85, 0x08, 0x85, 0x08, 0x85,
    0x08, 0x85, 0x08, 0x85, 0x08, 0x85, 0x08, 0x85, 0x08, 0x85, 0x08, 0x85, 0x08, 0x85, 0x08, 0x65,
    0x08, 0x86, 0x08, 0x86, 0x08, 0x86, 0x08, 0x86, 0x08, 0x66, 0x00, 0x25, 0x39, 0xec, 0x10, 0xc7,
    0x00, 0x46, 0x08, 0x86, 0x08, 0x66, 0x08, 0x65, 0x08, 0x86, 0x08, 0x85, 0x08, 0x85, 0x08, 0x85,
    0x08, 0x65, 0x08, 0x85, 0x08, 0x85, 0x08, 0x85, 0x08, 0x86, 0x08, 0x85, 0x08, 0x44, 0x08, 0x84,
    0x08, 0x85, 0x08, 0x85, 0x00, 0x66, 0x00, 0xa7, 0x09, 0x2a, 0x09, 0x8c, 0x09, 0xad, 0x09, 0xae,
    0x01, 0xae, 0x01, 0xae, 0x09, 0xae, 0x09, 0xae, 0x09, 0xae, 0x09, 0xae, 0x01, 0xce, 0x01, 0xce,
    0x01, 0xce, 0x01, 0xce, 0x01, 0xce, 0x01, 0xce, 0x01, 0xce, 0x01, 0xce, 0x01, 0xce, 0x01, 0xce,
    0x01, 0xce, 0x01, 0xce, 0x01, 0xce, 0x01, 0xce, 0x01, 0xce, 0x01, 0xce, 0x01, 0xae, 0x01, 0xae,
    0x01, 0xae, 0x01, 0xae, 0x01, 0xae, 0x01, 0xae, 0x01, 0xae, 0x01, 0xae, 0x01, 0xae, 0x01, 0xae,
    0x01, 0xae, 0x01, 0xae, 0x01, 0xae, 0x01, 0xae, 0x01, 0xae, 0x01, 0xae, 0x01, 0xce, 0x01, 0xce,
    0x01, 0xae, 0x01, 0xae, 0x01, 0xce, 0x01, 0xcf, 0x01, 0xcf, 0x01, 0xcf, 0x01, 0xcf, 0x01, 0xcf,
    0x01, 0xcf, 0x01, 0xce, 0x01, 0xce, 0x01, 0xae, 0x01, 0xae, 0x09, 0xae, 0x11, 0x8c, 0x11, 0x8c,
    0x08, 0xe9, 0x00, 0x46, 0x00, 0x65, 0x08, 0x85, 0x08, 0x65, 0x08, 0x64, 0x08, 0x65, 0x08, 0x65,
    0x08, 0x65, 0x08, 0x65, 0x08, 0x65, 0x08, 0x65, 0x08, 0x65, 0x08, 0x65, 0x10, 0xa7, 0x31, 0xab,
    0x21, 0x09, 0x00, 0x05, 0x00, 0x25, 0x08, 0x86, 0x00, 0x25, 0x00, 0x45, 0x00, 0x64, 0x08, 0x85,
    0x08, 0x84, 0x00, 0x64, 0x08, 0x65, 0x08, 0x65, 0x08, 0x45, 0x08, 0x86, 0x08, 0x85, 0x08, 0x65,
    0x08, 0x86, 0x42, 0x4d, 0x00, 0x04, 0x00, 0x46, 0x10, 0xa7, 0x00, 0x25, 0x08, 0x65, 0x08, 0x65,
    0x08, 0x65, 0x08, 0x65, 0x08, 0x64, 0x08, 0x64, 0x08, 0x64, 0x08, 0x65, 0x08, 0x65, 0x08, 0x65,
    0x08, 0x65, 0x08, 0x65, 0x08, 0x65, 0x08, 0x65, 0x08, 0x65, 0x08, 0x65, 0x08, 0x65, 0x08, 0x65,
    0x08, 0x65, 0x08, 0x65, 0x08, 0x65, 0x08, 0x65, 0x08, 0x65, 0x08, 0x65, 0x00, 0x44, 0x10, 0xa6,
    0x08, 0x65, 0x08, 0x65, 0x08, 0x65, 0x08, 0x65, 0x08, 0x65, 0x08, 0x65, 0x08, 0x65, 0x08, 0x65,
    0x08, 0x65, 0x08, 0x65, 0x08, 0x65, 0x08, 0x65, 0x08, 0x65, 0x08, 0x65, 0x08, 0x65, 0x08, 0x65,
    0x08, 0x65, 0x08, 0x65, 0x08, 0x65, 0x08, 0x65, 0x08, 0x65, 0x08, 0x65, 0x08, 0x65, 0x08, 0x65,
    0x08, 0x65, 0x08, 0x65, 0x08, 0x65, 0x08, 0x65, 0x08, 0x65, 0x08, 0x65, 0x08, 0x65, 0x08, 0x65,
    0x08, 0x65, 0x08, 0x65, 0x08, 0x65, 0x08, 0x65, 0x08, 0x65, 0x08, 0x65, 0x08, 0x65, 0x08, 0x65,
    0x08, 0x65, 0x08, 0x65, 0x08, 0x65, 0x08, 0x65, 0x08, 0x65, 0x08, 0x65, 0x08, 0x65, 0x08, 0x65,
    0x08, 0x65, 0x08, 0x65, 0x08, 0x65, 0x08, 0x65, 0x08, 0x65, 0x08, 0x65, 0x08, 0x65, 0x08, 0x65,
    0x08, 0x65, 0x08, 0x65, 0x08, 0x65, 0x08, 0x65, 0x08, 0x65, 0x08, 0x65, 0x08, 0x65, 0x08, 0x65,
    0x08, 0x65, 0x08, 0x65, 0x08, 0x65, 0x08, 0x65, 0x08, 0x65, 0x08, 0x65, 0x08, 0x65, 0x08, 0x65,
    0x08, 0x65, 0x08, 0x65, 0x08, 0x65, 0x08, 0x65, 0x08, 0x65, 0x08, 0x65, 0x08, 0x65, 0x08, 0x65,
    0x08, 0x65, 0x08, 0x65, 0x08, 0x65, 0x08, 0x65, 0x08, 0x65, 0x08, 0x65, 0x08, 0x65, 0x08, 0x65,
    0x08, 0x65, 0x08, 0x65, 0x08, 0x65, 0x08, 0x65, 0x08, 0x65, 0x08, 0x65, 0x08, 0x65, 0x08, 0x65,
    0x08, 0x65, 0x08, 0x65, 0x08, 0x65, 0x08, 0x65, 0x08, 0x65, 0x08, 0x65, 0x08, 0x85, 0x08, 0x85,
    0x08, 0x85, 0x08, 0x85, 0x08, 0x85, 0x08, 0x85, 0x08, 0x85, 0x08, 0x85, 0x08, 0x85, 0x08, 0x85,
    0x08, 0x85, 0x08, 0x85, 0x08, 0x85, 0x08, 0x85, 0x08, 0x85, 0x08, 0x85, 0x08, 0x85, 0x08, 0x85,
    0x08, 0x85, 0x08, 0x85, 0x08, 0x85, 0x08, 0x85, 0x08, 0x85, 0x08, 0x85, 0x08, 0x85, 0x08, 0x85,
    0x08, 0x85, 0x08, 0x85, 0x08, 0x85, 0x08, 0x85, 0x08, 0x85, 0x08, 0x85, 0x08, 0x85, 0x08, 0x85,
    0x08, 0x85, 0x08, 0x85, 0x08, 0x85, 0x08, 0x85, 0x08, 0x85, 0x08, 0x85, 0x08, 0x85, 0x08, 0x85,
    0x08, 0x85, 0x08, 0x85, 0x08, 0x85, 0x08, 0x85, 0x08, 0x85, 0x08, 0x85, 0x08, 0x85, 0x08, 0x85,
    0x08, 0x85, 0x08, 0x85, 0x08, 0x85, 0x08, 0x85, 0x08, 0x85, 0x08, 0x85, 0x08, 0x85, 0x08, 0x85,
    0x08, 0x85, 0x08, 0x85, 0x08, 0x85, 0x08, 0x85, 0x08, 0x85, 0x08, 0x85, 0x00, 0x65, 0x18, 0xe7,
    0x00, 0x24, 0x18, 0xe8, 0x00, 0x25, 0x10, 0xa7, 0x00, 0x46, 0x21, 0x29, 0x21, 0x4a, 0x08, 0x86,
    0x00, 0x45, 0x08, 0x86, 0x08, 0x66, 0x08, 0x65, 0x08, 0x86, 0x08, 0x85, 0x08, 0x85, 0x08, 0x85,
    0x08, 0x85, 0x08, 0x85, 0x08, 0x86, 0x08, 0x86, 0x08, 0x86, 0x08, 0x85, 0x08, 0x44, 0x08, 0x84,
    0x08, 0x85, 0x00, 0x65, 0x00, 0x86, 0x00, 0xe9, 0x09, 0x6b, 0x09, 0xad, 0x09, 0xad, 0x09, 0xae,
    0x01, 0xae, 0x01, 0xae, 0x09, 0xae, 0x09, 0xae, 0x09, 0xae, 0x09, 0xae, 0x01, 0xce, 0x01, 0xce,
    0x01, 0xce, 0x01, 0xce, 0x01, 0xce, 0x01, 0xce, 0x01, 0xce, 0x01, 0xce, 0x01, 0xce, 0x01, 0xce,
    0x01, 0xce, 0x01, 0xce, 0x01, 0xce, 0x01, 0xce, 0x01, 0xce, 0x01, 0xce, 0x01, 0xae, 0x01, 0xae,
    0x01, 0xae, 0x01, 0xae, 0x01, 0xae, 0x01, 0xae, 0x01, 0xae, 0x01, 0xae, 0x01, 0xae, 0x01, 0xae,
    0x01, 0xae, 0x01, 0xae, 0x01, 0xae, 0x01, 0xae, 0x01, 0xae, 0x01, 0xae, 0x01, 0xae, 0x01, 0xae,
    0x01, 0xae, 0x01, 0xae, 0x01, 0xae, 0x01, 0xae, 0x01, 0xae, 0x01, 0xae, 0x01, 0xce, 0x01, 0xce,
    0x01, 0xce, 0x01, 0xce, 0x01, 0xce, 0x01, 0xce, 0x01, 0xce, 0x01, 0xce, 0x09, 0xad, 0x19, 0xcd,
    0x09, 0x4b, 0x00, 0xa7, 0x00, 0x86, 0x08, 0x85, 0x08, 0x65, 0x08, 0x65, 0x08, 0x65, 0x08, 0x65,
    0x08, 0x65, 0x08, 0x65, 0x08, 0x65, 0x08, 0x65, 0x08, 0x65, 0x08, 0x65, 0x00, 0x25, 0x21, 0x09,
    0x31, 0x8b, 0x08, 0x26, 0x08, 0x87, 0x08, 0x66, 0x10, 0xc8, 0x00, 0x04, 0x00, 0x65, 0x08, 0x85,
    0x08, 0x84, 0x08, 0x64, 0x08, 0x85, 0x08, 0x65, 0x08, 0x45, 0x08, 0x65, 0x08, 0x85, 0x00, 0x64,
    0x08, 0x86, 0x29, 0x8a, 0x10, 0xa8, 0x08, 0x67, 0x08, 0x47, 0x08, 0x67, 0x08, 0x46, 0x08, 0x65,
    0x08, 0x65, 0x08, 0x64, 0x08, 0x64, 0x08, 0x64, 0x08, 0x64, 0x08, 0x64, 0x08, 0x65, 0x08, 0x65,
    0x08, 0x65, 0x08, 0x65, 0x08, 0x65, 0x08, 0x65, 0x08, 0x65, 0x08, 0x65, 0x08, 0x65, 0x08, 0x65,
    0x08, 0x65, 0x08, 0x65, 0x08, 0x65, 0x08, 0x65, 0x08, 0x65, 0x08, 0x65, 0x00, 0x44, 0x10, 0xa6,
    0x08, 0x65, 0x08, 0x65, 0x08, 0x65, 0x08, 0x65, 0x08, 0x65, 0x08, 0x65, 0x08, 0x65, 0x08, 0x65,
    0x08, 0x65, 0x08, 0x65, 0x08, 0x65, 0x08, 0x65, 0x08, 0x65, 0x08, 0x65, 0x08, 0x65, 0x08, 0x65,
    0x08, 0x65, 0x08, 0x65, 0x08, 0x65, 0x08, 0x65, 0x08, 0x65, 0x08, 0x65, 0x08, 0x65, 0x08, 0x65,
    0x08, 0x65, 0x08, 0x65, 0x08, 0x65, 0x08, 0x65, 0x08, 0x65, 0x08, 0x65, 0x08, 0x65, 0x08, 0x65,
    0x08, 0x65, 0x08, 0x65, 0x08, 0x65, 0x08, 0x65, 0x08, 0x65, 0x08, 0x65, 0x08, 0x65, 0x08, 0x65,
    0x08, 0x65, 0x08, 0x65, 0x08, 0x65, 0x08, 0x65, 0x08, 0x65, 0x08, 0x65, 0x08, 0x65, 0x08, 0x65,
    0x08, 0x65, 0x08, 0x65, 0x08, 0x65, 0x08, 0x65, 0x08, 0x65, 0x08, 0x65, 0x08, 0x65, 0x08, 0x65,
    0x08, 0x65, 0x08, 0x65, 0x08, 0x65, 0x08, 0x65, 0x08, 0x65, 0x08, 0x65, 0x08, 0x65, 0x08, 0x65,
    0x08, 0x65, 0x08, 0x65, 0x08, 0x65, 0x08, 0x65, 0x08, 0x65, 0x08, 0x65, 0x08, 0x65, 0x08, 0x65,
    0x08, 0x65, 0x08, 0x65, 0x08, 0x65, 0x08, 0x65, 0x08, 0x65, 0x08, 0x65, 0x08, 0x65, 0x08, 0x65,
    0x08, 0x65, 0x08, 0x65, 0x08, 0x65, 0x08, 0x65, 0x08, 0x65, 0x08, 0x65, 0x08, 0x65, 0x08, 0x65,
    0x08, 0x65, 0x08, 0x65, 0x08, 0x65, 0x08, 0x65, 0x08, 0x65, 0x08, 0x65, 0x08, 0x65, 0x08, 0x65,
    0x08, 0x65, 0x08, 0x65, 0x08, 0x65, 0x08, 0x65, 0x08, 0x65, 0x08, 0x65, 0x08, 0x85, 0x08, 0x85,
    0x08, 0x85, 0x08, 0x85, 0x08, 0x85, 0x08, 0x85, 0x08, 0x85, 0x08, 0x85, 0x08, 0x85, 0x08, 0x85,
    0x08, 0x85, 0x08, 0x85, 0x08, 0x85, 0x08, 0x85, 0x08, 0x85, 0x08, 0x85, 0x08, 0x85, 0x08, 0x85,
    0x08, 0x85, 0x08, 0x85, 0x08, 0x85, 0x08, 0x85, 0x08, 0x85, 0x08, 0x85, 0x08, 0x85, 0x08, 0x85,
    0x08, 0x85, 0x08, 0x85, 0x08, 0x85, 0x08, 0x85, 0x08, 0x85, 0x08, 0x85, 0x08, 0x85, 0x08, 0x85,
    0x08, 0x85, 0x08, 0x85, 0x08, 0x85, 0x08, 0x85, 0x08, 0x85, 0x08, 0x85, 0x08, 0x85, 0x08, 0x85,
    0x08, 0x85, 0x08, 0x85, 0x08, 0x85, 0x08, 0x85, 0x08, 0x85, 0x08, 0x85, 0x08, 0x85, 0x08, 0x85,
    0x08, 0x85, 0x08, 0x85, 0x08, 0x85, 0x08, 0x85, 0x08, 0x85, 0x08, 0x85, 0x08, 0x85, 0x08, 0x85,
    0x08, 0x85, 0x08, 0x85, 0x08, 0x85, 0x08, 0x85, 0x08, 0x85, 0x08, 0x85, 0x00, 0x44, 0x19, 0x08,
    0x00, 0x04, 0x18, 0xe8, 0x00, 0x25, 0x08, 0x87, 0x10, 0xa7, 0x39, 0xec, 0x10, 0xa7, 0x00, 0x45,
    0x00, 0x45, 0x08, 0x66, 0x08, 0x65, 0x08, 0x85, 0x08, 0x86, 0x08, 0x65, 0x08, 0x85, 0x08, 0x85,
    0x08, 0x85, 0x08, 0x85, 0x08, 0x86, 0x08, 0x86, 0x08, 0x66, 0x08, 0x65, 0x08, 0x64, 0x08, 0x65,
    0x00, 0x65, 0x00, 0x45, 0x00, 0xa7, 0x09, 0x4a, 0x11, 0xad, 0x11, 0xad, 0x09, 0xad, 0x09, 0xae,
    0x01, 0xae, 0x01, 0xae, 0x01, 0xae, 0x01, 0xae, 0x09, 0xae, 0x01, 0xae, 0x01, 0xce, 0x01, 0xce,
    0x01, 0xce, 0x01, 0xce, 0x01, 0xce, 0x01, 0xce, 0x01, 0xce, 0x01, 0xce, 0x01, 0xce, 0x01, 0xce,
    0x01, 0xce, 0x01, 0xce, 0x01, 0xce, 0x01, 0xce, 0x01, 0xce, 0x01, 0xce, 0x01, 0xae, 0x01, 0xae,
    0x01, 0xae, 0x01, 0xae, 0x01, 0xae, 0x01, 0xae, 0x01, 0xae, 0x01, 0xae, 0x01, 0xae, 0x01, 0xae,
    0x01, 0xae, 0x01, 0xae, 0x01, 0xae, 0x01, 0xae, 0x01, 0xae, 0x01, 0xae, 0x01, 0xae, 0x01, 0xae,
    0x01, 0xae, 0x01, 0xae, 0x01, 0xae, 0x01, 0xae, 0x01, 0xae, 0x01, 0xae, 0x01, 0xce, 0x01, 0xce,
    0x01, 0xce, 0x01, 0xce, 0x01, 0xce, 0x01, 0xce, 0x01, 0xce, 0x01, 0xae, 0x09, 0xae, 0x19, 0xce,
    0x11, 0x8c, 0x08, 0xe9, 0x00, 0xa7, 0x00, 0x65, 0x00, 0x45, 0x08, 0x65, 0x08, 0x65, 0x08, 0x65,
    0x08, 0x65, 0x08, 0x85, 0x08, 0x65, 0x08, 0x65, 0x08, 0x65, 0x08, 0x65, 0x08, 0x45, 0x10, 0x87,
    0x31, 0x8b, 0x10, 0xa8, 0x10, 0x88, 0x00, 0x06, 0x18, 0xc8, 0x00, 0x46, 0x00, 0x65, 0x08, 0x65,
    0x08, 0x85, 0x08, 0x85, 0x08, 0x85, 0x08, 0x65, 0x08, 0x65, 0x08, 0x65, 0x08, 0x65, 0x00, 0x44,
    0x08, 0x86, 0x08, 0x87, 0x31, 0xab, 0x10, 0xa8, 0x00, 0x05, 0x10, 0x87, 0x08, 0x46, 0x08, 0x65,
    0x08, 0x65, 0x08, 0x64, 0x08, 0x64, 0x08, 0x64, 0x08, 0x64, 0x08, 0x64, 0x08, 0x65, 0x08, 0x65,
    0x08, 0x65, 0x08, 0x65, 0x08, 0x65, 0x08, 0x65, 0x08, 0x65, 0x08, 0x65, 0x08, 0x65, 0x08, 0x65,
    0x08, 0x65, 0x08, 0x65, 0x08, 0x65, 0x08, 0x65, 0x08, 0x65, 0x08, 0x65, 0x00, 0x44, 0x10, 0xa6,
    0x08, 0x65, 0x08, 0x65, 0x08, 0x65, 0x08, 0x65, 0x08, 0x65, 0x08, 0x65, 0x08, 0x65, 0x08, 0x65,
    0x08, 0x65, 0x08, 0x65, 0x08, 0x65, 0x08, 0x65, 0x08, 0x65, 0x08, 0x65, 0x08, 0x65, 0x08, 0x65,
    0x08, 0x65, 0x08, 0x65, 0x08, 0x65, 0x08, 0x65, 0x08, 0x65, 0x08, 0x65, 0x08, 0x65, 0x08, 0x65,
    0x08, 0x65, 0x08, 0x65, 0x08, 0x65, 0x08, 0x65, 0x08, 0x65, 0x08, 0x65, 0x08, 0x65, 0x08, 0x65,
    0x08, 0x65, 0x08, 0x65, 0x08, 0x65, 0x08, 0x65, 0x08, 0x65, 0x08, 0x65, 0x08, 0x65, 0x08, 0x65,
    0x08, 0x65, 0x08, 0x65, 0x08, 0x65, 0x08, 0x65, 0x08, 0x65, 0x08, 0x65, 0x08, 0x65, 0x08, 0x65,
    0x08, 0x65, 0x08, 0x65, 0x08, 0x65, 0x08, 0x65, 0x08, 0x65, 0x08, 0x65, 0x08, 0x65, 0x08, 0x65,
    0x08, 0x65, 0x08, 0x65, 0x08, 0x65, 0x08, 0x65, 0x08, 0x65, 0x08, 0x65, 0x08, 0x65, 0x08, 0x65,
    0x08, 0x65, 0x08, 0x65, 0x08, 0x65, 0x08, 0x65, 0x08, 0x65, 0x08, 0x65, 0x08, 0x65, 0x08, 0x65,
    0x08, 0x65, 0x08, 0x65, 0x08, 0x65, 0x08, 0x65, 0x08, 0x65, 0x08, 0x65, 0x08, 0x85, 0x08, 0x85,
    0x08, 0x85, 0x08, 0x85, 0x08, 0x85, 0x08, 0x85, 0x08, 0x85, 0x08, 0x85, 0x08, 0x85, 0x08, 0x85,
    0x08, 0x85, 0x08, 0x85, 0x08, 0x85, 0x08, 0x85, 0x08, 0x85, 0x08, 0x85, 0x08, 0x85, 0x08, 0x85,
    0x08, 0x85, 0x08, 0x85, 0x08, 0x85, 0x08, 0x85, 0x08, 0x85, 0x08, 0x85, 0x08, 0x85, 0x08, 0x85,
    0x08, 0x85, 0x08, 0x85, 0x08, 0x85, 0x08, 0x85, 0x08, 0x85, 0x08, 0x85, 0x08, 0x85, 0x08, 0x85,
    0x08, 0x85, 0x08, 0x85, 0x08, 0x85, 0x08, 0x85, 0x08, 0x85, 0x08, 0x85, 0x08, 0x85, 0x08, 0x85,
    0x08, 0x85, 0x08, 0x85, 0x08, 0x85, 0x08, 0x85, 0x08, 0x85, 0x08, 0x85, 0x08, 0x85, 0x08, 0x85,
    0x08, 0x85, 0x08, 0x85, 0x08, 0x85, 0x08, 0x85, 0x08, 0x85, 0x08, 0x85, 0x08, 0x85, 0x08, 0x85,
    0x08, 0x85, 0x08, 0x85, 0x08, 0x85, 0x08, 0x85, 0x08, 0x85, 0x08, 0x85, 0x08, 0x85, 0x08, 0x85,
    0x08, 0x85, 0x08, 0x85, 0x08, 0x85, 0x08, 0x85, 0x08, 0x85, 0x08, 0x85, 0x08, 0x85, 0x08, 0x85,
    0x08, 0x85, 0x08, 0x85, 0x08, 0x85, 0x08, 0x85, 0x08, 0x85, 0x08, 0x85, 0x08, 0x85, 0x08, 0x85,
    0x08, 0x85, 0x08, 0x85, 0x08, 0x85, 0x08, 0x85, 0x08, 0x85, 0x08, 0x85, 0x08, 0x65, 0x10, 0xa6,
    0x08, 0x65, 0x08, 0x66, 0x08, 0x87, 0x00, 0x46, 0x29, 0x6a, 0x29, 0x6a, 0x00, 0x46, 0x00, 0x45,
    0x08, 0x66, 0x08, 0x65, 0x08, 0x65, 0x08, 0x85, 0x08, 0x86, 0x08, 0x65, 0x08, 0x85, 0x08, 0x85,
    0x08, 0x85, 0x08, 0x85, 0x08, 0x85, 0x08, 0x86, 0x08, 0x66, 0x08, 0x86, 0x08, 0x65, 0x08, 0x85,
    0x00, 0x65, 0x00, 0x65, 0x00, 0xe8, 0x11, 0x8c, 0x11, 0xcd, 0x09, 0xad, 0x09, 0xae, 0x01, 0xae,
    0x01, 0xce, 0x01, 0xce, 0x01, 0xce, 0x01, 0xae, 0x01, 0xae, 0x01, 0xae, 0x01, 0xce, 0x01, 0xce,
    0x01, 0xce, 0x01, 0xce, 0x01, 0xce, 0x01, 0xce, 0x01, 0xce, 0x01, 0xce, 0x01, 0xce, 0x01, 0xce,
    0x01, 0xce, 0x01, 0xce, 0x01, 0xce, 0x01, 0xce, 0x01, 0xce, 0x01, 0xce, 0x01, 0xce, 0x01, 0xce,
    0x01, 0xce, 0x01, 0xce, 0x01, 0xce, 0x01, 0xce, 0x01, 0xce, 0x01, 0xce, 0x01, 0xce, 0x01, 0xce,
    0x01, 0xce, 0x01, 0xce, 0x01, 0xce, 0x01, 0xce, 0x01, 0xce, 0x01, 0xce, 0x01, 0xce, 0x01, 0xce,
    0x01, 0xce, 0x01, 0xce, 0x01, 0xce, 0x01, 0xce, 0x01, 0xce, 0x01, 0xce, 0x01, 0xce, 0x01, 0xce,
    0x01, 0xce, 0x01, 0xce, 0x01, 0xce, 0x01, 0xce, 0x01, 0xce, 0x01, 0xce, 0x01, 0x8d, 0x11, 0xee,
    0x11, 0xad, 0x09, 0x4a, 0x08, 0xc8, 0x00, 0x65, 0x00, 0x44, 0x08, 0x65, 0x08, 0x65, 0x08, 0x65,
    0x08, 0x85, 0x08, 0x85, 0x08, 0x65, 0x08, 0x65, 0x08, 0x65, 0x08, 0x65, 0x08, 0x66, 0x08, 0x66,
    0x18, 0xe9, 0x29, 0x6b, 0x10, 0xc9, 0x00, 0x06, 0x00, 0x26, 0x10, 0xa8, 0x08, 0x87, 0x00, 0x65,
    0x08, 0x65, 0x08, 0x85, 0x08, 0x65, 0x08, 0x65, 0x08, 0x65, 0x08, 0x65, 0x08, 0x65, 0x00, 0x44,
    0x08, 0x86, 0x00, 0x25, 0x31, 0xac, 0x21, 0x0a, 0x00, 0x06, 0x08, 0x67, 0x08, 0x46, 0x08, 0x65,
    0x08, 0x65, 0x08, 0x64, 0x08, 0x64, 0x08, 0x64, 0x08, 0x64, 0x08, 0x64, 0x08, 0x65, 0x08, 0x65,
    0x08, 0x65, 0x08, 0x65, 0x08, 0x65, 0x08, 0x65, 0x08, 0x65, 0x08, 0x65, 0x08, 0x65, 0x08, 0x65,
    0x08, 0x65, 0x08, 0x65, 0x08, 0x65, 0x08, 0x65, 0x08, 0x65, 0x08, 0x65, 0x00, 0x44, 0x10, 0xa6,
    0x08, 0x65, 0x08, 0x65, 0x08, 0x65, 0x08, 0x65, 0x08, 0x65, 0x08, 0x65, 0x08, 0x65, 0x08, 0x65,
    0x08, 0x65, 0x08, 0x65, 0x08, 0x65, 0x08, 0x65, 0x08, 0x65, 0x08, 0x65, 0x08, 0x65, 0x08, 0x65,
    0x08, 0x65, 0x08, 0x65, 0x08, 0x65, 0x08, 0x65, 0x08, 0x65, 0x08, 0x65, 0x08, 0x65, 0x08, 0x65,
    0x08, 0x65, 0x08, 0x65, 0x08, 0x65, 0x08, 0x65, 0x08, 0x65, 0x08, 0x65, 0x08, 0x65, 0x08, 0x65,
    0x08, 0x65, 0x08, 0x65, 0x08, 0x65, 0x08, 0x65, 0x08, 0x65, 0x08, 0x65, 0x08, 0x65, 0x08, 0x65,
    0x08, 0x65, 0x08, 0x65, 0x08, 0x65, 0x08, 0x65, 0x08, 0x65, 0x08, 0x65, 0x08, 0x65, 0x08, 0x65,
    0x08, 0x65, 0x08, 0x65, 0x08, 0x65, 0x08, 0x65, 0x08, 0x65, 0x08, 0x65, 0x08, 0x65, 0x08, 0x65,
    0x08, 0x65, 0x08, 0x65, 0x08, 0x65, 0x08, 0x65, 0x08, 0x65, 0x08, 0x65, 0x08, 0x65, 0x08, 0x65,
    0x08, 0x65, 0x08, 0x65, 0x08, 0x65, 0x08, 0x65, 0x08, 0x65, 0x08, 0x65, 0x08, 0x65, 0x08, 0x65,
    0x08, 0x65, 0x08, 0x65, 0x08, 0x65, 0x08, 0x65, 0x08, 0x65, 0x08, 0x65, 0x08, 0x85, 0x08, 0x85,
    0x08, 0x85, 0x08, 0x85, 0x08, 0x85, 0x08, 0x85, 0x08, 0x85, 0x08, 0x85, 0x08, 0x85, 0x08, 0x85,
    0x08, 0x85, 0x08, 0x85, 0x08, 0x85, 0x08, 0x85, 0x08, 0x85, 0x08, 0x85, 0x08, 0x85, 0x08, 0x85,
    0x08, 0x85, 0x08, 0x85, 0x08, 0x85, 0x08, 0x85, 0x08, 0x85, 0x08, 0x85, 0x08, 0x85, 0x08, 0x85,
    0x08, 0x85, 0x08, 0x85, 0x08, 0x85, 0x08, 0x85, 0x08, 0x85, 0x08, 0x85, 0x08, 0x85, 0x08, 0x85,
    0x08, 0x85, 0x08, 0x85, 0x08, 0x85, 0x08, 0x85, 0x08, 0x85, 0x08, 0x85, 0x08, 0x85, 0x08, 0x85,
    0x08, 0x85, 0x08, 0x85, 0x08, 0x85, 0x08, 0x85, 0x08, 0x85, 0x08, 0x85, 0x08, 0x85, 0x08, 0x85,
    0x08, 0x85, 0x08, 0x85, 0x08, 0x85, 0x08, 0x85, 0x08, 0x85, 0x08, 0x85, 0x08, 0x85, 0x08, 0x85,
    0x08, 0x85, 0x08, 0x85, 0x08, 0x85, 0x08, 0x85, 0x08, 0x85, 0x08, 0x85, 0x08, 0x85, 0x08, 0x85,
    0x08, 0x85, 0x08, 0x85, 0x08, 0x85, 0x08, 0x85, 0x08, 0x85, 0x08, 0x85, 0x08, 0x85, 0x08, 0x85,
    0x08, 0x85, 0x08, 0x85, 0x08, 0x85, 0x08, 0x85, 0x08, 0x85, 0x08, 0x85, 0x08, 0x85, 0x08, 0x85,
    0x08, 0x85, 0x08, 0x85, 0x08, 0x85, 0x08, 0x85, 0x08, 0x85, 0x08, 0x85, 0x08, 0x86, 0x00, 0x44,
    0x10, 0xa6, 0x00, 0x45, 0x10, 0xa7, 0x10, 0xa7, 0x31, 0xcc, 0x08, 0x66, 0x08, 0x65, 0x08, 0x86,
    0x08, 0x86, 0x08, 0x65, 0x08, 0x65, 0x08, 0x85, 0x08, 0x85, 0x08, 0x85, 0x08, 0x85, 0x08, 0x85,
    0x08, 0x85, 0x08, 0x85, 0x08, 0x85, 0x08, 0x86, 0x08, 0x66, 0x08, 0x86, 0x08, 0x85, 0x00, 0x65,
    0x00, 0x86, 0x00, 0xa7, 0x09, 0x4a, 0x19, 0xcc, 0x11, 0xcd, 0x09, 0x8d, 0x09, 0xae, 0x01, 0xce,
    0x01, 0xce, 0x01, 0xce, 0x01, 0xce, 0x01, 0xce, 0x01, 0xce, 0x01, 0xce, 0x01, 0xce, 0x01, 0xce,
    0x01, 0xce, 0x01, 0xce, 0x01, 0xce, 0x01, 0xce, 0x01, 0xce, 0x01, 0xce, 0x01, 0xce, 0x01, 0xce,
    0x01, 0xce, 0x01, 0xce, 0x01, 0xce, 0x01, 0xce, 0x01, 0xce, 0x01, 0xce, 0x01, 0xce, 0x01, 0xce,
    0x01, 0xce, 0x01, 0xce, 0x01, 0xce, 0x01, 0xce, 0x01, 0xce, 0x01, 0xce, 0x01, 0xce, 0x01, 0xce,
    0x01, 0xce, 0x01, 0xce, 0x01, 0xce, 0x01, 0xce, 0x01, 0xce, 0x01, 0xce, 0x01, 0xce, 0x01, 0xce,
    0x01, 0xce, 0x01, 0xce, 0x01, 0xce, 0x01, 0xce, 0x01, 0xce, 0x01, 0xce, 0x01, 0xce, 0x01, 0xce,
    0x01, 0xce, 0x01, 0xce, 0x01, 0xce, 0x01, 0xce, 0x01, 0xce, 0x01, 0xce, 0x01, 0x8d, 0x09, 0xce,
    0x11, 0xcd, 0x11, 0x8b, 0x09, 0x29, 0x00, 0x86, 0x00, 0x45, 0x08, 0x85, 0x08, 0x85, 0x08, 0x85,
    0x08, 0x85, 0x08, 0x85, 0x08, 0x65, 0x08, 0x65, 0x08, 0x64, 0x08, 0x65, 0x00, 0x25, 0x00, 0x66,
    0x08, 0x87, 0x21, 0x4b, 0x29, 0x6c, 0x08, 0x68, 0x00, 0x06, 0x18, 0xea, 0x10, 0xc8, 0x00, 0x46,
    0x00, 0x45, 0x08, 0x85, 0x00, 0x44, 0x08, 0x44, 0x10, 0x85, 0x08, 0x65, 0x08, 0x85, 0x00, 0x44,
    0x08, 0x86, 0x00, 0x25, 0x19, 0x09, 0x29, 0x6a, 0x10, 0x87, 0x00, 0x25, 0x08, 0x46, 0x08, 0x65,
    0x08, 0x65, 0x08, 0x64, 0x08, 0x64, 0x08, 0x64, 0x08, 0x65, 0x08, 0x65, 0x08, 0x65, 0x08, 0x65,
    0x08, 0x65, 0x08, 0x65, 0x08, 0x65, 0x08, 0x65, 0x08, 0x65, 0x08, 0x65, 0x08, 0x65, 0x08, 0x65,
    0x08, 0x65, 0x08, 0x65, 0x08, 0x65, 0x08, 0x65, 0x08, 0x65, 0x08, 0x65, 0x00, 0x44, 0x10, 0xa6,
    0x08, 0x65, 0x08, 0x65, 0x08, 0x65, 0x08, 0x65, 0x08, 0x65, 0x08, 0x65, 0x08, 0x65, 0x08, 0x65,
    0x08, 0x65, 0x08, 0x65, 0x08, 0x65, 0x08, 0x65, 0x08, 0x65, 0x08, 0x65, 0x08, 0x65, 0x08, 0x65,
    0x08, 0x65, 0x08, 0x65, 0x08, 0x65, 0x08, 0x65, 0x08, 0x65, 0x08, 0x65, 0x08, 0x65, 0x08, 0x65,
    0x08, 0x65, 0x08, 0x65, 0x08, 0x65, 0x08, 0x65, 0x08, 0x65, 0x08, 0x65, 0x08, 0x65, 0x08, 0x65,
    0x08, 0x65, 0x08, 0x65, 0x08, 0x65, 0x08, 0x65, 0x08, 0x65, 0x08, 0x65, 0x08, 0x65, 0x08, 0x65,
    0x08, 0x65, 0x08, 0x65, 0x08, 0x65, 0x08, 0x65, 0x08, 0x65, 0x08, 0x65, 0x08, 0x65, 0x08, 0x65,
    0x08, 0x65, 0x08, 0x65, 0x08, 0x65, 0x08, 0x65, 0x08, 0x65, 0x08, 0x65, 0x08, 0x65, 0x08, 0x65,
    0x08, 0x65, 0x08, 0x65, 0x08, 0x65, 0x08, 0x65, 0x08, 0x65, 0x08, 0x65, 0x08, 0x65, 0x08, 0x65,
    0x08, 0x65, 0x08, 0x65, 0x08, 0x65, 0x08, 0x65, 0x08, 0x65, 0x08, 0x65, 0x08, 0x65, 0x08, 0x65,
    0x08, 0x65, 0x08, 0x65, 0x08, 0x65, 0x08, 0x65, 0x08, 0x65, 0x08, 0x65, 0x08, 0x85, 0x08, 0x85,
    0x08, 0x85, 0x08, 0x85, 0x08, 0x85, 0x08, 0x85, 0x08, 0x85, 0x08, 0x85, 0x08, 0x85, 0x08, 0x85,
    0x08, 0x85, 0x08, 0x85, 0x08, 0x85, 0x08, 0x85, 0x08, 0x85, 0x08, 0x85, 0x08, 0x85, 0x08, 0x85,
    0x08, 0x85, 0x08, 0x85, 0x08, 0x85, 0x08, 0x85, 0x08, 0x85, 0x08, 0x85, 0x08, 0x85, 0x08, 0x85,
    0x08, 0x85, 0x08, 0x85, 0x08, 0x85, 0x08, 0x85, 0x08, 0x85, 0x08, 0x85, 0x08, 0x85, 0x08, 0x85,
    0x08, 0x85, 0x08, 0x85, 0x08, 0x85, 0x08, 0x85, 0x08, 0x85, 0x08, 0x85, 0x08, 0x85, 0x08, 0x85,
    0x08, 0x85, 0x08, 0x85, 0x08, 0x85, 0x08, 0x85, 0x08, 0x85, 0x08, 0x85, 0x08, 0x85, 0x08, 0x85,
    0x08, 0x85, 0x08, 0x85, 0x08, 0x85, 0x08, 0x85, 0x08, 0x85, 0x08, 0x85, 0x08, 0x85, 0x08, 0x85,
    0x08, 0x85, 0x08, 0x85, 0x08, 0x85, 0x08, 0x85, 0x08, 0x85, 0x08, 0x85, 0x08, 0x85, 0x08, 0x85,
    0x08, 0x85, 0x08, 0x85, 0x08, 0x85, 0x08, 0x85, 0x08, 0x85, 0x08, 0x85, 0x08, 0x85, 0x08, 0x85,
    0x08, 0x85, 0x08, 0x85, 0x08, 0x85, 0x08, 0x85, 0x08, 0x85, 0x08, 0x85, 0x08, 0x85, 0x08, 0x85,
    0x08, 0x85, 0x08, 0x85, 0x08, 0x85, 0x08, 0x85, 0x08, 0x85, 0x08, 0x85, 0x08, 0x86, 0x00, 0x45,
    0x08, 0x66, 0x08, 0x86, 0x08, 0x66, 0x29, 0x8b, 0x29, 0x6b, 0x00, 0x04, 0x08, 0x86, 0x10, 0xc6,
    0x08, 0x86, 0x08, 0x65, 0x08, 0x85, 0x08, 0x85, 0x08, 0x64, 0x08, 0xa5, 0x08, 0x85, 0x08, 0x85,
    0x08, 0x85, 0x08, 0x85, 0x08, 0x85, 0x08, 0x85, 0x08, 0x86, 0x08, 0x86, 0x08, 0x86, 0x00, 0x66,
    0x00, 0x86, 0x09, 0x08, 0x11, 0x8b, 0x11, 0xad, 0x09, 0xad, 0x09, 0xad, 0x01, 0xce, 0x01, 0xce,
    0x01, 0xcf, 0x01, 0xcf, 0x01, 0xcf, 0x01, 0xce, 0x01, 0xce, 0x01, 0xce, 0x01, 0xce, 0x01, 0xce,
    0x01, 0xce, 0x01, 0xce, 0x01, 0xce, 0x01, 0xce, 0x01, 0xce, 0x01, 0xce, 0x01, 0xce, 0x01, 0xce,
    0x01, 0xce, 0x01, 0xce, 0x01, 0xce, 0x01, 0xce, 0x01, 0xce, 0x01, 0xce, 0x01, 0xce, 0x01, 0xce,
    0x01, 0xce, 0x01, 0xce, 0x01, 0xce, 0x01, 0xce, 0x01, 0xce, 0x01, 0xce, 0x01, 0xce, 0x01, 0xce,
    0x01, 0xce, 0x01, 0xce, 0x01, 0xce, 0x01, 0xce, 0x01, 0xce, 0x01, 0xce, 0x01, 0xce, 0x01, 0xce,
    0x01, 0xce, 0x01, 0xce, 0x01, 0xce, 0x01, 0xce, 0x01, 0xce, 0x01, 0xce, 0x01, 0xce, 0x01, 0xce,
    0x01, 0xce, 0x01, 0xce, 0x01, 0xce, 0x01, 0xce, 0x01, 0xce, 0x01, 0xce, 0x01, 0xae, 0x09, 0xce,
    0x11, 0xce, 0x11, 0xac, 0x11, 0x6a, 0x08, 0xc7, 0x00, 0x65, 0x08, 0x86, 0x00, 0x85, 0x08, 0x85,
    0x08, 0x85, 0x08, 0x85, 0x08, 0x85, 0x08, 0x65, 0x08, 0x64, 0x08, 0x65, 0x00, 0x45, 0x00, 0x66,
    0x08, 0x87, 0x00, 0x26, 0x29, 0xad, 0x18, 0xeb, 0x19, 0x0b, 0x29, 0xad, 0x10, 0xea, 0x00, 0x46,
    0x00, 0x45, 0x08, 0x86, 0x00, 0x44, 0x08, 0x44, 0x10, 0x85, 0x08, 0x85, 0x08, 0x85, 0x00, 0x44,
    0x08, 0x86, 0x00, 0x46, 0x00, 0x46, 0x21, 0x4a, 0x21, 0x29, 0x00, 0x25, 0x08, 0x65, 0x08, 0x65,
    0x08, 0x65, 0x08, 0x64, 0x08, 0x64, 0x08, 0x64, 0x08, 0x65, 0x08, 0x65, 0x08, 0x65, 0x08, 0x65,
    0x08, 0x65, 0x08, 0x65, 0x08, 0x65, 0x08, 0x65, 0x08, 0x65, 0x08, 0x65, 0x08, 0x65, 0x08, 0x65,
    0x08, 0x65, 0x08, 0x65, 0x08, 0x65, 0x08, 0x65, 0x08, 0x65, 0x08, 0x65, 0x00, 0x44, 0x10, 0xa6,
    0x08, 0x65, 0x08, 0x65, 0x08, 0x65, 0x08, 0x65, 0x08, 0x65, 0x08, 0x65, 0x08, 0x65, 0x08, 0x65,
    0x08, 0x65, 0x08, 0x65, 0x08, 0x65, 0x08, 0x65, 0x08, 0x65, 0x08, 0x65, 0x08, 0x65, 0x08, 0x65,
    0x08, 0x65, 0x08, 0x65, 0x08, 0x65, 0x08, 0x65, 0x08, 0x85, 0x08, 0x85, 0x08, 0x65, 0x08, 0x65,
    0x08, 0x65, 0x08, 0x65, 0x08, 0x65, 0x08, 0x65, 0x08, 0x65, 0x08, 0x65, 0x08, 0x65, 0x08, 0x65,
    0x08, 0x65, 0x08, 0x65, 0x08, 0x65, 0x08, 0x65, 0x08, 0x65, 0x08, 0x65, 0x08, 0x65, 0x08, 0x65,
    0x08, 0x65, 0x08, 0x65, 0x08, 0x65, 0x08, 0x65, 0x08, 0x65, 0x08, 0x65, 0x08, 0x65, 0x08, 0x65,
    0x08, 0x65, 0x08, 0x65, 0x08, 0x65, 0x08, 0x65, 0x08, 0x65, 0x08, 0x65, 0x08, 0x65, 0x08, 0x65,
    0x08, 0x65, 0x08, 0x65, 0x08, 0x65, 0x08, 0x65, 0x08, 0x65, 0x08, 0x65, 0x08, 0x65, 0x08, 0x65,
    0x08, 0x65, 0x08, 0x65, 0x08, 0x65, 0x08, 0x65, 0x08, 0x65, 0x08, 0x65, 0x08, 0x65, 0x08, 0x65,
    0x08, 0x65, 0x08, 0x65, 0x08, 0x65, 0x08, 0x65, 0x08, 0x65, 0x08, 0x65, 0x08, 0x85, 0x08, 0x85,
    0x08, 0x85, 0x08, 0x85, 0x08, 0x85, 0x08, 0x85, 0x08, 0x85, 0x08, 0x85, 0x08, 0x85, 0x08, 0x85,
    0x08, 0x85, 0x08, 0x85, 0x08, 0x85, 0x08, 0x85, 0x08, 0x85, 0x08, 0x85, 0x08, 0x85, 0x08, 0x85,
    0x08, 0x85, 0x08, 0x85, 0x08, 0x85, 0x08, 0x85, 0x08, 0x85, 0x08, 0x85, 0x08, 0x85, 0x08, 0x85,
    0x08, 0x85, 0x08, 0x85, 0x08, 0x85, 0x08, 0x85, 0x08, 0x85, 0x08, 0x85, 0x08, 0x85, 0x08, 0x85,
    0x08, 0x85, 0x08, 0x85, 0x08, 0x85, 0x08, 0x85, 0x08, 0x85, 0x08, 0x85, 0x08, 0x85, 0x08, 0x85,
    0x08, 0x85, 0x08, 0x85, 0x08, 0x85, 0x08, 0x85, 0x08, 0x85, 0x08, 0x85, 0x08, 0x85, 0x08, 0x85,
    0x08, 0x85, 0x08, 0x85, 0x08, 0x85, 0x08, 0x85, 0x08, 0x85, 0x08, 0x85, 0x08, 0x85, 0x08, 0x85,
    0x08, 0x85, 0x08, 0x85, 0x08, 0x85, 0x08, 0x85, 0x08, 0x85, 0x08, 0x85, 0x08, 0x85, 0x08, 0x85,
    0x08, 0x85, 0x08, 0x85, 0x08, 0x85, 0x08, 0x85, 0x08, 0x85, 0x08, 0x85, 0x08, 0x85, 0x08, 0x85,
    0x08, 0x85, 0x08, 0x85, 0x08, 0x85, 0x08, 0x85, 0x08, 0x85, 0x08, 0x85, 0x08, 0x85, 0x08, 0x85,
    0x08, 0x85, 0x08, 0x85, 0x08, 0x85, 0x08, 0x85, 0x08, 0x85, 0x08, 0x85, 0x08, 0x65, 0x08, 0x86,
    0x00, 0x45, 0x08, 0x86, 0x08, 0x87, 0x42, 0x0d, 0x10, 0xa8, 0x00, 0x05, 0x08, 0x86, 0x10, 0xa6,
    0x08, 0x85, 0x08, 0x65, 0x10, 0xa6, 0x08, 0x85, 0x00, 0x64, 0x08, 0xa5, 0x08, 0x85, 0x08, 0x85,
    0x08, 0x85, 0x08, 0x85, 0x08, 0x85, 0x08, 0x85, 0x08, 0x86, 0x08, 0x86, 0x00, 0x86, 0x00, 0x45,
    0x00, 0x87, 0x11, 0x2a, 0x19, 0xac, 0x11, 0x8c, 0x09, 0x8d, 0x09, 0xce, 0x09, 0xce, 0x01, 0xcf,
    0x01, 0xcf, 0x01, 0xcf, 0x01, 0xcf, 0x01, 0xcf, 0x01, 0xcf, 0x01, 0xcf, 0x01, 0xce, 0x01, 0xce,
    0x01, 0xce, 0x01, 0xce, 0x01, 0xce, 0x01, 0xce, 0x01, 0xce, 0x01, 0xce, 0x01, 0xce, 0x01, 0xce,
    0x01, 0xce, 0x01, 0xce, 0x01, 0xce, 0x01, 0xce, 0x01, 0xce, 0x01, 0xce, 0x01, 0xcf, 0x01, 0xcf,
    0x01, 0xcf, 0x01, 0xcf, 0x01, 0xcf, 0x01, 0xcf, 0x01, 0xcf, 0x01, 0xcf, 0x01, 0xcf, 0x01, 0xcf,
    0x01, 0xcf, 0x01, 0xcf, 0x01, 0xcf, 0x01, 0xcf, 0x01, 0xcf, 0x01, 0xcf, 0x01, 0xcf, 0x01, 0xcf,
    0x01, 0xcf, 0x01, 0xcf, 0x01, 0xcf, 0x01, 0xcf, 0x01, 0xcf, 0x01, 0xcf, 0x01, 0xce, 0x01, 0xce,
    0x01, 0xce, 0x01, 0xce, 0x01, 0xce, 0x01, 0xce, 0x01, 0xce, 0x01, 0xce, 0x01, 0xcf, 0x01, 0xce,
    0x09, 0xae, 0x11, 0xcd, 0x19, 0xab, 0x09, 0x08, 0x00, 0x85, 0x00, 0x85, 0x00, 0x85, 0x00, 0x85,
    0x00, 0x85, 0x08, 0x85, 0x08, 0x85, 0x08, 0x84, 0x08, 0x64, 0x08, 0x84, 0x08, 0xa6, 0x00, 0x66,
    0x08, 0x87, 0x00, 0x27, 0x29, 0x8d, 0x21, 0x6d, 0x31, 0xef, 0x3a, 0x0f, 0x19, 0x0a, 0x00, 0x47,
    0x00, 0x46, 0x08, 0x86, 0x00, 0x44, 0x08, 0x44, 0x10, 0x85, 0x08, 0x64, 0x00, 0x64, 0x00, 0x65,
    0x08, 0x86, 0x00, 0x46, 0x00, 0x25, 0x10, 0xc8, 0x29, 0x6a, 0x08, 0x86, 0x08, 0x65, 0x08, 0x65,
    0x08, 0x65, 0x08, 0x64, 0x08, 0x64, 0x08, 0x64, 0x08, 0x65, 0x08, 0x65, 0x08, 0x65, 0x08, 0x65,
    0x08, 0x65, 0x08, 0x65, 0x08, 0x65, 0x08, 0x65, 0x08, 0x65, 0x08, 0x65, 0x08, 0x65, 0x08, 0x65,
    0x08, 0x65, 0x08, 0x65, 0x08, 0x65, 0x08, 0x65, 0x08, 0x65, 0x08, 0x65, 0x00, 0x44, 0x10, 0xa6,
    0x08, 0x65, 0x08, 0x65, 0x08, 0x65, 0x08, 0x65, 0x08, 0x65, 0x08, 0x65, 0x08, 0x65, 0x08, 0x65,
    0x08, 0x65, 0x08, 0x65, 0x08, 0x65, 0x08, 0x65, 0x08, 0x65, 0x08, 0x65, 0x08, 0x65, 0x08, 0x65,
    0x08, 0x65, 0x08, 0x65, 0x08, 0x65, 0x08, 0x85, 0x08, 0x85, 0x08, 0x85, 0x08, 0x65, 0x08, 0x65,
    0x08, 0x65, 0x08, 0x65, 0x08, 0x65, 0x08, 0x65, 0x08, 0x65, 0x08, 0x65, 0x08, 0x65, 0x08, 0x65,
    0x08, 0x65, 0x08, 0x65, 0x08, 0x65, 0x08, 0x65, 0x08, 0x65, 0x08, 0x65, 0x08, 0x65, 0x08, 0x65,
    0x08, 0x65, 0x08, 0x65, 0x08, 0x65, 0x08, 0x65, 0x08, 0x65, 0x08, 0x65, 0x08, 0x65, 0x08, 0x65,
    0x08, 0x65, 0x08, 0x65, 0x08, 0x65, 0x08, 0x65, 0x08, 0x65, 0x08, 0x65, 0x08, 0x65, 0x08, 0x65,
    0x08, 0x65, 0x08, 0x65, 0x08, 0x65, 0x08, 0x65, 0x08, 0x65, 0x08, 0x65, 0x08, 0x65, 0x08, 0x65,
    0x08, 0x65, 0x08, 0x65, 0x08, 0x65, 0x08, 0x65, 0x08, 0x65, 0x08, 0x65, 0x08, 0x65, 0x08, 0x65,
    0x08, 0x65, 0x08, 0x65, 0x08, 0x65, 0x08, 0x65, 0x08, 0x65, 0x08, 0x65, 0x08, 0x85, 0x08, 0x85,
    0x08, 0x85, 0x08, 0x85, 0x08, 0x85, 0x08, 0x85, 0x08, 0x85, 0x08, 0x85, 0x08, 0x85, 0x08, 0x85,
    0x08, 0x85, 0x08, 0x85, 0x08, 0x85, 0x08, 0x85, 0x08, 0x85, 0x08, 0x85, 0x08, 0x85, 0x08, 0x85,
    0x08, 0x85, 0x08, 0x85, 0x08, 0x85, 0x08, 0x85, 0x08, 0x85, 0x08, 0x85, 0x08, 0x85, 0x08, 0x85,
    0x08, 0x85, 0x08, 0x85, 0x08, 0x85, 0x08, 0x85, 0x08, 0x85, 0x08, 0x85, 0x08, 0x85, 0x08, 0x85,
    0x08, 0x85, 0x08, 0x85, 0x08, 0x85, 0x08, 0x85, 0x08, 0x85, 0x08, 0x85, 0x08, 0x85, 0x08, 0x85,
    0x08, 0x85, 0x08, 0x85, 0x08, 0x85, 0x08, 0x85, 0x08, 0x85, 0x08, 0x85, 0x08, 0x85, 0x08, 0x85,
    0x08, 0x85, 0x08, 0x85, 0x08, 0x85, 0x08, 0x85, 0x08, 0x85, 0x08, 0x85, 0x08, 0x85, 0x08, 0x85,
    0x08, 0x85, 0x08, 0x85, 0x08, 0x85, 0x08, 0x85, 0x08, 0x85, 0x08, 0x85, 0x08, 0x85, 0x08, 0x85,
    0x08, 0x85, 0x08, 0x85, 0x08, 0x85, 0x08, 0x85, 0x08, 0x85, 0x08, 0x85, 0x08, 0x85, 0x08, 0x85,
    0x08, 0x85, 0x08, 0x85, 0x08, 0x85, 0x08, 0x85, 0x08, 0x85, 0x08, 0x85, 0x08, 0x85, 0x08, 0x85,
    0x08, 0x85, 0x08, 0x85, 0x08, 0x85, 0x08, 0x85, 0x08, 0x85, 0x08, 0x85, 0x00, 0x65, 0x08, 0xa6,
    0x00, 0x45, 0x00, 0x25, 0x18, 0xe8, 0x42, 0x2e, 0x00, 0x26, 0x08, 0x87, 0x08, 0x65, 0x08, 0x85,
    0x00, 0x64, 0x08, 0x65, 0x10, 0xc6, 0x08, 0x85, 0x00, 0x44, 0x10, 0xa5, 0x08, 0x85, 0x08, 0x85,
    0x08, 0x85, 0x08, 0x85, 0x08, 0x85, 0x08, 0x85, 0x08, 0x86, 0x08, 0x86, 0x00, 0x86, 0x00, 0x45,
    0x00, 0x87, 0x11, 0x4a, 0x19, 0xac, 0x09, 0x6c, 0x09, 0x8d, 0x12, 0x0f, 0x09, 0xce, 0x01, 0xcf,
    0x01, 0xcf, 0x01, 0xcf, 0x01, 0xcf, 0x01, 0xcf, 0x01, 0xcf, 0x01, 0xcf, 0x01, 0xce, 0x01, 0xce,
    0x01, 0xce, 0x01, 0xce, 0x01, 0xce, 0x01, 0xce, 0x01, 0xce, 0x01, 0xce, 0x01, 0xce, 0x01, 0xce,
    0x01, 0xce, 0x01, 0xce, 0x01, 0xce, 0x01, 0xce, 0x01, 0xce, 0x01, 0xce, 0x01, 0xcf, 0x01, 0xcf,
    0x01, 0xcf, 0x01, 0xcf, 0x01, 0xcf, 0x01, 0xcf, 0x01, 0xcf, 0x01, 0xcf, 0x01, 0xcf, 0x01, 0xcf,
    0x01, 0xcf, 0x01, 0xcf, 0x01, 0xcf, 0x01, 0xcf, 0x01, 0xcf, 0x01, 0xcf, 0x01, 0xcf, 0x01, 0xcf,
    0x01, 0xcf, 0x01, 0xcf, 0x01, 0xcf, 0x01, 0xcf, 0x01, 0xcf, 0x01, 0xcf, 0x01, 0xce, 0x01, 0xce,
    0x01, 0xce, 0x01, 0xce, 0x01, 0xce, 0x01, 0xce, 0x01, 0xce, 0x01, 0xce, 0x01, 0xcf, 0x01, 0xae,
    0x01, 0xad, 0x11, 0xcd, 0x19, 0xac, 0x09, 0x08, 0x00, 0x65, 0x00, 0x65, 0x00, 0x85, 0x00, 0x85,
    0x00, 0x85, 0x08, 0x85, 0x08, 0x85, 0x08, 0x84, 0x08, 0x64, 0x08, 0x84, 0x08, 0xa6, 0x00, 0x45,
    0x00, 0x87, 0x29, 0x8c, 0x31, 0xce, 0x31, 0xef, 0x31, 0xef, 0x31, 0xcf, 0x19, 0x0a, 0x00, 0x47,
    0x00, 0x66, 0x10, 0xa7, 0x00, 0x44, 0x08, 0x44, 0x10, 0x85, 0x08, 0x44, 0x00, 0x44, 0x00, 0x65,
    0x08, 0x65, 0x00, 0x25, 0x00, 0x46, 0x08, 0x46, 0x29, 0x8b, 0x18, 0xe8, 0x08, 0x65, 0x08, 0x65,
    0x08, 0x65, 0x08, 0x64, 0x08, 0x64, 0x08, 0x65, 0x08, 0x65, 0x08, 0x65, 0x08, 0x65, 0x08, 0x65,
    0x08, 0x65, 0x08, 0x65, 0x08, 0x65, 0x08, 0x65, 0x08, 0x65, 0x08, 0x65, 0x08, 0x65, 0x08, 0x65,
    0x08, 0x65, 0x08, 0x65, 0x08, 0x65, 0x08, 0x65, 0x08, 0x65, 0x08, 0x65, 0x00, 0x44, 0x10, 0xa6,
    0x08, 0x65, 0x08, 0x65, 0x08, 0x65, 0x08, 0x65, 0x08, 0x65, 0x08, 0x65, 0x08, 0x65, 0x08, 0x65,
    0x08, 0x65, 0x08, 0x65, 0x08, 0x65, 0x08, 0x65, 0x08, 0x65, 0x08, 0x65, 0x08, 0x65, 0x08, 0x65,
    0x08, 0x65, 0x08, 0x65, 0x08, 0x65, 0x08, 0x65, 0x08, 0x65, 0x08, 0x65, 0x08, 0x65, 0x08, 0x65,
    0x08, 0x65, 0x08, 0x65, 0x08, 0x65, 0x08, 0x65, 0x08, 0x65, 0x08, 0x65, 0x08, 0x65, 0x08, 0x65,
    0x08, 0x65, 0x08, 0x65, 0x08, 0x65, 0x08, 0x65, 0x08, 0x65, 0x08, 0x65, 0x08, 0x65, 0x08, 0x65,
    0x08, 0x65, 0x08, 0x65, 0x08, 0x65, 0x08, 0x65, 0x08, 0x65, 0x08, 0x65, 0x08, 0x65, 0x08, 0x65,
    0x08, 0x65, 0x08, 0x65, 0x08, 0x65, 0x08, 0x65, 0x08, 0x65, 0x08, 0x65, 0x08, 0x65, 0x08, 0x65,
    0x08, 0x65, 0x08, 0x65, 0x08, 0x65, 0x08, 0x65, 0x08, 0x65, 0x08, 0x65, 0x08, 0x65, 0x08, 0x65,
    0x08, 0x65, 0x08, 0x65, 0x08, 0x65, 0x08, 0x65, 0x08, 0x65, 0x08, 0x65, 0x08, 0x85, 0x08, 0x85,
    0x08, 0x85, 0x08, 0x85, 0x08, 0x85, 0x08, 0x85, 0x08, 0x85, 0x08, 0x85, 0x08, 0x85, 0x08, 0x85,
    0x08, 0x85, 0x08, 0x85, 0x08, 0x85, 0x08, 0x85, 0x08, 0x85, 0x08, 0x85, 0x08, 0x85, 0x08, 0x85,
    0x08, 0x85, 0x08, 0x85, 0x08, 0x85, 0x08, 0x85, 0x08, 0x85, 0x08, 0x85, 0x08, 0x85, 0x08, 0x85,
    0x08, 0x85, 0x08, 0x85, 0x08, 0x85, 0x08, 0x85, 0x08, 0x85, 0x08, 0x85, 0x08, 0x85, 0x08, 0x85,
    0x08, 0x85, 0x08, 0x85, 0x08, 0x85, 0x08, 0x85, 0x08, 0x85, 0x08, 0x85, 0x08, 0x85, 0x08, 0x85,
    0x08, 0x85, 0x08, 0x85, 0x08, 0x85, 0x08, 0x85, 0x08, 0x85, 0x08, 0x85, 0x08, 0x85, 0x08, 0x85,
    0x08, 0x85, 0x08, 0x85, 0x08, 0x85, 0x08, 0x85, 0x08, 0x85, 0x08, 0x85, 0x08, 0x85, 0x08, 0x85,
    0x08, 0x85, 0x08, 0x85, 0x08, 0x85, 0x08, 0x85, 0x08, 0x85, 0x08, 0x85, 0x08, 0x85, 0x08, 0x85,
    0x08, 0x85, 0x08, 0x85, 0x08, 0x85, 0x08, 0x85, 0x08, 0x85, 0x08, 0x85, 0x08, 0x85, 0x08, 0x85,
    0x08, 0x85, 0x08, 0x85, 0x08, 0x85, 0x08, 0x85, 0x08, 0x85, 0x08, 0x85, 0x08, 0x85, 0x08, 0x85,
    0x08, 0x85, 0x08, 0x85, 0x08, 0x85, 0x08, 0x85, 0x08, 0x85, 0x08, 0x85, 0x08, 0x85, 0x08, 0x85,
    0x08, 0x85, 0x08, 0x85, 0x08, 0x85, 0x08, 0x85, 0x08, 0x85, 0x08, 0x85, 0x08, 0x65, 0x00, 0x45,
    0x10, 0xa6, 0x08, 0x66, 0x00, 0x05, 0x21, 0x4a, 0x31, 0xac, 0x00, 0x25, 0x08, 0x65, 0x10, 0xa6,
    0x08, 0xa5, 0x08, 0x85, 0x08, 0x85, 0x00, 0x64, 0x00, 0x64, 0x08, 0xa5, 0x08, 0x85, 0x08, 0x85,
    0x08, 0x85, 0x08, 0x85, 0x08, 0x85, 0x08, 0x65, 0x08, 0x65, 0x08, 0x65, 0x00, 0x66, 0x00, 0x86,
    0x00, 0x86, 0x00, 0xa7, 0x09, 0x4a, 0x19, 0xcd, 0x11, 0xcd, 0x01, 0x6d, 0x09, 0xae, 0x01, 0xce,
    0x01, 0xcf, 0x01, 0xcf, 0x01, 0xcf, 0x01, 0xcf, 0x01, 0xcf, 0x01, 0xcf, 0x01, 0xce, 0x01, 0xce,
    0x01, 0xce, 0x01, 0xce, 0x01, 0xce, 0x01, 0xce, 0x01, 0xce, 0x01, 0xce, 0x01, 0xce, 0x01, 0xce,
    0x01, 0xce, 0x01, 0xce, 0x01, 0xce, 0x01, 0xce, 0x01, 0xce, 0x01, 0xce, 0x01, 0xce, 0x01, 0xce,
    0x01, 0xce, 0x01, 0xce, 0x01, 0xce, 0x01, 0xce, 0x01, 0xce, 0x01, 0xce, 0x01, 0xcf, 0x01, 0xcf,
    0x01, 0xcf, 0x01, 0xcf, 0x01, 0xcf, 0x01, 0xcf, 0x01, 0xcf, 0x01, 0xcf, 0x01, 0xce, 0x01, 0xce,
    0x01, 0xce, 0x01, 0xce, 0x01, 0xce, 0x01, 0xce, 0x01, 0xce, 0x01, 0xce, 0x01, 0xce, 0x01, 0xce,
    0x01, 0xce, 0x01, 0xce, 0x01, 0xce, 0x01, 0xce, 0x01, 0xce, 0x01, 0xce, 0x01, 0xcf, 0x01, 0xce,
    0x09, 0xad, 0x09, 0x8c, 0x09, 0x2a, 0x00, 0xc7, 0x00, 0x85, 0x00, 0x65, 0x00, 0x85, 0x00, 0x85,
    0x00, 0x85, 0x08, 0x85, 0x08, 0x85, 0x08, 0x84, 0x08, 0x64, 0x08, 0x84, 0x08, 0x85, 0x08, 0xc7,
    0x19, 0x4a, 0x31, 0xed, 0x3a, 0x50, 0x3a, 0x30, 0x31, 0xef, 0x31, 0xcf, 0x21, 0x6c, 0x00, 0x05,
    0x08, 0x66, 0x08, 0x86, 0x00, 0x44, 0x10, 0x85, 0x00, 0x23, 0x08, 0x64, 0x08, 0x85, 0x08, 0x85,
    0x00, 0x45, 0x08, 0x86, 0x00, 0x26, 0x21, 0x4a, 0x21, 0x09, 0x00, 0x25, 0x08, 0x65, 0x08, 0x65,
    0x08, 0x64, 0x08, 0x64, 0x08, 0x64, 0x08, 0x65, 0x08, 0x65, 0x08, 0x65, 0x08, 0x65, 0x08, 0x65,
    0x08, 0x65, 0x08, 0x65, 0x08, 0x65, 0x08, 0x65, 0x08, 0x65, 0x08, 0x65, 0x08, 0x65, 0x08, 0x65,
    0x08, 0x65, 0x08, 0x65, 0x08, 0x65, 0x08, 0x65, 0x08, 0x65, 0x08, 0x65, 0x00, 0x44, 0x10, 0xa6,
    0x08, 0x65, 0x08, 0x65, 0x08, 0x65, 0x08, 0x65, 0x08, 0x65, 0x08, 0x65, 0x08, 0x65, 0x08, 0x65,
    0x08, 0x65, 0x08, 0x65, 0x08, 0x65, 0x08, 0x65, 0x08, 0x65, 0x08, 0x65, 0x08, 0x65, 0x08, 0x65,
    0x08, 0x65, 0x08, 0x65, 0x08, 0x65, 0x08, 0x65, 0x08, 0x65, 0x08, 0x65, 0x08, 0x65, 0x08, 0x65,
    0x08, 0x65, 0x08, 0x65, 0x08, 0x65, 0x08, 0x65, 0x08, 0x65, 0x08, 0x65, 0x08, 0x65, 0x08, 0x65,
    0x08, 0x65, 0x08, 0x65, 0x08, 0x65, 0x08, 0x65, 0x08, 0x65, 0x08, 0x65, 0x08, 0x65, 0x08, 0x65,
    0x08, 0x65, 0x08, 0x65, 0x08, 0x65, 0x08, 0x65, 0x08, 0x65, 0x08, 0x65, 0x08, 0x65, 0x08, 0x65,
    0x08, 0x65, 0x08, 0x65, 0x08, 0x65, 0x08, 0x65, 0x08, 0x65, 0x08, 0x65, 0x08, 0x65, 0x08, 0x65,
    0x08, 0x65, 0x08, 0x65, 0x08, 0x65, 0x08, 0x65, 0x08, 0x65, 0x08, 0x65, 0x08, 0x65, 0x08, 0x65,
    0x08, 0x65, 0x08, 0x65, 0x08, 0x65, 0x08, 0x65, 0x08, 0x65, 0x08, 0x65, 0x08, 0x85, 0x08, 0x85,
    0x08, 0x85, 0x08, 0x85, 0x08, 0x85, 0x08, 0x85, 0x08, 0x85, 0x08, 0x85, 0x08, 0x85, 0x08, 0x85,
    0x08, 0x85, 0x08, 0x85, 0x08, 0x85, 0x08, 0x85, 0x08, 0x85, 0x08, 0x85, 0x08, 0x85, 0x08, 0x85,
    0x08, 0x85, 0x08, 0x85, 0x08, 0x85, 0x08, 0x85, 0x08, 0x85, 0x08, 0x85, 0x08, 0x85, 0x08, 0x85,
    0x08, 0x85, 0x08, 0x85, 0x08, 0x85, 0x08, 0x85, 0x08, 0x85, 0x08, 0x85, 0x08, 0x85, 0x08, 0x85,
    0x08, 0x85, 0x08, 0x85, 0x08, 0x85, 0x08, 0x85, 0x08, 0x85, 0x08, 0x85, 0x08, 0x85, 0x08, 0x85,
    0x08, 0x85, 0x08, 0x85, 0x08, 0x85, 0x08, 0x85, 0x08, 0x85, 0x08, 0x85, 0x08, 0x85, 0x08, 0x85,
    0x08, 0x85, 0x08, 0x85, 0x08, 0x85, 0x08, 0x85, 0x08, 0x85, 0x08, 0x85, 0x08, 0x85, 0x08, 0x85,
    0x08, 0x85, 0x08, 0x85, 0x08, 0x85, 0x08, 0x85, 0x08, 0x85, 0x08, 0x85, 0x08, 0x85, 0x08, 0x85,
    0x08, 0x85, 0x08, 0x85, 0x08, 0x85, 0x08, 0x85, 0x08, 0x85, 0x08, 0x85, 0x08, 0x85, 0x08, 0x85,
    0x08, 0x85, 0x08, 0x85, 0x08, 0x85, 0x08, 0x85, 0x08, 0x85, 0x08, 0x85, 0x08, 0x85, 0x08, 0x85,
    0x08, 0x85, 0x08, 0x85, 0x08, 0x85, 0x08, 0x85, 0x08, 0x85, 0x08, 0x85, 0x08, 0x85, 0x08, 0x85,
    0x08, 0x85, 0x08, 0x85, 0x08, 0x85, 0x08, 0x85, 0x08, 0x85, 0x08, 0x85, 0x08, 0x85, 0x00, 0x44,
    0x08, 0x86, 0x08, 0x66, 0x00, 0x25, 0x18, 0xe8, 0x29, 0x8b, 0x18, 0xe9, 0x00, 0x45, 0x08, 0x65,
    0x08, 0x85, 0x08, 0x85, 0x08, 0x65, 0x08, 0x64, 0x08, 0x85, 0x08, 0x85, 0x08, 0x85, 0x08, 0x85,
    0x08, 0x85, 0x08, 0x85, 0x08, 0x85, 0x08, 0x65, 0x08, 0x65, 0x08, 0x85, 0x00, 0x65, 0x00, 0x86,
    0x00, 0x86, 0x00, 0x87, 0x09, 0x09, 0x11, 0x8c, 0x11, 0xad, 0x01, 0x8c, 0x09, 0xae, 0x01, 0xae,
    0x01, 0xce, 0x01, 0xcf, 0x01, 0xcf, 0x01, 0xcf, 0x01, 0xcf, 0x01, 0xcf, 0x01, 0xcf, 0x01, 0xce,
    0x01, 0xce, 0x01, 0xce, 0x01, 0xce, 0x01, 0xce, 0x01, 0xce, 0x01, 0xce, 0x01, 0xce, 0x01, 0xce,
    0x01, 0xce, 0x01, 0xce, 0x01, 0xce, 0x01, 0xce, 0x01, 0xce, 0x01, 0xce, 0x01, 0xce, 0x01, 0xce,
    0x01, 0xce, 0x01, 0xce, 0x01, 0xce, 0x01, 0xce, 0x01, 0xce, 0x01, 0xce, 0x01, 0xcf, 0x01, 0xcf,
    0x01, 0xcf, 0x01, 0xcf, 0x01, 0xcf, 0x01, 0xcf, 0x01, 0xcf, 0x01, 0xcf, 0x01, 0xce, 0x01, 0xce,
    0x01, 0xce, 0x01, 0xce, 0x01, 0xce, 0x01, 0xce, 0x01, 0xce, 0x01, 0xce, 0x01, 0xce, 0x01, 0xce,
    0x01, 0xce, 0x01, 0xce, 0x01, 0xce, 0x01, 0xce, 0x01, 0xce, 0x01, 0xce, 0x01, 0xae, 0x09, 0xce,
    0x09, 0xcd, 0x09, 0x6b, 0x00, 0xe8, 0x00, 0xa6, 0x00, 0x85, 0x00, 0x65, 0x00, 0x85, 0x00, 0x85,
    0x00, 0x85, 0x08, 0x85, 0x08, 0x85, 0x08, 0x65, 0x08, 0x64, 0x08, 0x84, 0x00, 0x65, 0x00, 0x65,
    0x08, 0xa7, 0x19, 0x0a, 0x21, 0x6c, 0x29, 0xce, 0x3a, 0x10, 0x42, 0x50, 0x21, 0x6c, 0x00, 0x05,
    0x08, 0x86, 0x08, 0x86, 0x00, 0x44, 0x10, 0x85, 0x00, 0x24, 0x08, 0x64, 0x08, 0x65, 0x08, 0x85,
    0x00, 0x45, 0x00, 0x46, 0x18, 0xe8, 0x21, 0x09, 0x10, 0xc7, 0x00, 0x25, 0x08, 0x65, 0x08, 0x65,
    0x08, 0x64, 0x08, 0x64, 0x08, 0x64, 0x08, 0x65, 0x08, 0x65, 0x08, 0x65, 0x08, 0x65, 0x08, 0x65,
    0x08, 0x65, 0x08, 0x65, 0x08, 0x65, 0x08, 0x65, 0x08, 0x65, 0x08, 0x65, 0x08, 0x65, 0x08, 0x65,
    0x08, 0x65, 0x08, 0x65, 0x08, 0x65, 0x08, 0x65, 0x08, 0x65, 0x08, 0x65, 0x00, 0x44, 0x10, 0xa6,
    0x08, 0x65, 0x08, 0x65, 0x08, 0x65, 0x08, 0x65, 0x08, 0x65, 0x08, 0x65, 0x08, 0x65, 0x08, 0x65,
    0x08, 0x65, 0x08, 0x65, 0x08, 0x65, 0x08, 0x65, 0x08, 0x65, 0x08, 0x65, 0x08, 0x65, 0x08, 0x65,
    0x08, 0x65, 0x08, 0x65, 0x08, 0x65, 0x08, 0x65, 0x08, 0x65, 0x08, 0x65, 0x08, 0x65, 0x08, 0x65,
    0x08, 0x65, 0x08, 0x65, 0x08, 0x65, 0x08, 0x65, 0x08, 0x65, 0x08, 0x65, 0x08, 0x65, 0x08, 0x65,
    0x08, 0x65, 0x08, 0x65, 0x08, 0x65, 0x08, 0x65, 0x08, 0x65, 0x08, 0x65, 0x08, 0x65, 0x08, 0x65,
    0x08, 0x65, 0x08, 0x65, 0x08, 0x65, 0x08, 0x65, 0x08, 0x65, 0x08, 0x65, 0x08, 0x65, 0x08, 0x65,
    0x08, 0x65, 0x08, 0x65, 0x08, 0x65, 0x08, 0x65, 0x08, 0x65, 0x08, 0x65, 0x08, 0x65, 0x08, 0x65,
    0x08, 0x65, 0x08, 0x65, 0x08, 0x65, 0x08, 0x65, 0x08, 0x65, 0x08, 0x65, 0x08, 0x65, 0x08, 0x65,
    0x08, 0x65, 0x08, 0x65, 0x08, 0x65, 0x08, 0x65, 0x08, 0x65, 0x08, 0x65, 0x08, 0x85, 0x08, 0x85,
    0x08, 0x85, 0x08, 0x85, 0x08, 0x85, 0x08, 0x85, 0x08, 0x85, 0x08, 0x85, 0x08, 0x85, 0x08, 0x85,
    0x08, 0x85, 0x08, 0x85, 0x08, 0x85, 0x08, 0x85, 0x08, 0x85, 0x08, 0x85, 0x08, 0x85, 0x08, 0x85,
    0x08, 0x85, 0x08, 0x85, 0x08, 0x85, 0x08, 0x85, 0x08, 0x85, 0x08, 0x85, 0x08, 0x85, 0x08, 0x85,
    0x08, 0x85, 0x08, 0x85, 0x08, 0x85, 0x08, 0x85, 0x08, 0x85, 0x08, 0x85, 0x08, 0x85, 0x08, 0x85,
    0x08, 0x85, 0x08, 0x85, 0x08, 0x85, 0x08, 0x85, 0x08, 0x85, 0x08, 0x85, 0x08, 0x85, 0x08, 0x85,
    0x08, 0x85, 0x08, 0x85, 0x08, 0x85, 0x08, 0x85, 0x08, 0x85, 0x08, 0x85, 0x08, 0x85, 0x08, 0x85,
    0x08, 0x85, 0x08, 0x85, 0x08, 0x85, 0x08, 0x85, 0x08, 0x85, 0x08, 0x85, 0x08, 0x85, 0x08, 0x85,
    0x08, 0x85, 0x08, 0x85, 0x08, 0x85, 0x08, 0x85, 0x08, 0x85, 0x08, 0x85, 0x08, 0x85, 0x08, 0x85,
    0x08, 0x85, 0x08, 0x85, 0x08, 0x85, 0x08, 0x85, 0x08, 0x85, 0x08, 0x85, 0x08, 0x85, 0x08, 0x85,
    0x08, 0x85, 0x08, 0x85, 0x08, 0x85, 0x08, 0x85, 0x08, 0x85, 0x08, 0x85, 0x08, 0x85, 0x08, 0x85,
    0x08, 0x85, 0x08, 0x85, 0x08, 0x85, 0x08, 0x85, 0x08, 0x85, 0x08, 0x85, 0x08, 0x85, 0x08, 0x85,
    0x08, 0x85, 0x08, 0x85, 0x08, 0x85, 0x08, 0x85, 0x08, 0x85, 0x08, 0x85, 0x10, 0xa6, 0x00, 0x44,
    0x00, 0x65, 0x08, 0x86, 0x00, 0x46, 0x08, 0x86, 0x21, 0x29, 0x29, 0x8b, 0x08, 0x65, 0x00, 0x45,
    0x08, 0x65, 0x08, 0x85, 0x08, 0x65, 0x08, 0x85, 0x08, 0x85, 0x00, 0x64, 0x08, 0x85, 0x08, 0x85,
    0x08, 0x85, 0x08, 0x85, 0x08, 0x85, 0x08, 0x65, 0x08, 0x65, 0x08, 0x85, 0x00, 0x65, 0x00, 0x86,
    0x00, 0x86, 0x00, 0x86, 0x00, 0xa8, 0x09, 0x2a, 0x11, 0x8c, 0x09, 0x8d, 0x09, 0xae, 0x09, 0xae,
    0x01, 0xce, 0x01, 0xcf, 0x01, 0xcf, 0x01, 0xcf, 0x01, 0xcf, 0x01, 0xcf, 0x01, 0xcf, 0x01, 0xce,
    0x01, 0xce, 0x01, 0xce, 0x01, 0xce, 0x01, 0xce, 0x01, 0xce, 0x01, 0xce, 0x01, 0xce, 0x01, 0xce,
    0x01, 0xce, 0x01, 0xce, 0x01, 0xce, 0x01, 0xce, 0x01, 0xce, 0x01, 0xce, 0x01, 0xce, 0x01, 0xce,
    0x01, 0xce, 0x01, 0xce, 0x01, 0xce, 0x01, 0xce, 0x01, 0xce, 0x01, 0xce, 0x01, 0xce, 0x01, 0xce,
    0x01, 0xce, 0x01, 0xce, 0x01, 0xce, 0x01, 0xce, 0x01, 0xce, 0x01, 0xce, 0x01, 0xce, 0x01, 0xce,
    0x01, 0xce, 0x01, 0xce, 0x01, 0xce, 0x01, 0xce, 0x01, 0xce, 0x01, 0xce, 0x01, 0xce, 0x01, 0xce,
    0x01, 0xce, 0x01, 0xce, 0x01, 0xce, 0x01, 0xce, 0x01, 0xce, 0x01, 0xce, 0x01, 0xae, 0x09, 0xce,
    0x11, 0xad, 0x01, 0x2a, 0x00, 0x87, 0x00, 0x65, 0x00, 0x65, 0x08, 0x85, 0x08, 0x85, 0x08, 0x85,
    0x08, 0x85, 0x08, 0x85, 0x08, 0x85, 0x08, 0x65, 0x08, 0x64, 0x08, 0x84, 0x08, 0x85, 0x00, 0x65,
    0x00, 0x66, 0x00, 0x67, 0x08, 0xa9, 0x19, 0x0a, 0x29, 0xad, 0x3a, 0x0f, 0x21, 0x2a, 0x00, 0x25,
    0x08, 0x86, 0x08, 0x86, 0x08, 0x65, 0x10, 0x85, 0x08, 0x44, 0x08, 0x65, 0x08, 0x65, 0x08, 0x65,
    0x08, 0x65, 0x08, 0x66, 0x29, 0x8b, 0x10, 0xc8, 0x00, 0x46, 0x00, 0x45, 0x08, 0x65, 0x08, 0x65,
    0x08, 0x64, 0x08, 0x64, 0x08, 0x64, 0x08, 0x65, 0x08, 0x65, 0x08, 0x65, 0x08, 0x65, 0x08, 0x65,
    0x08, 0x65, 0x08, 0x65, 0x08, 0x65, 0x08, 0x65, 0x08, 0x65, 0x08, 0x65, 0x08, 0x65, 0x08, 0x65,
    0x08, 0x65, 0x08, 0x65, 0x08, 0x65, 0x08, 0x65, 0x08, 0x65, 0x08, 0x65, 0x00, 0x44, 0x10, 0xa6,
    0x08, 0x65, 0x08, 0x65, 0x08, 0x65, 0x08, 0x65, 0x08, 0x65, 0x08, 0x65, 0x08, 0x65, 0x08, 0x65,
    0x08, 0x65, 0x08, 0x65, 0x08, 0x65, 0x08, 0x65, 0x08, 0x65, 0x08, 0x65, 0x08, 0x65, 0x08, 0x65,
    0x08, 0x65, 0x08, 0x65, 0x08, 0x65, 0x08, 0x65, 0x08, 0x65, 0x08, 0x65, 0x08, 0x65, 0x08, 0x65,
    0x08, 0x65, 0x08, 0x65, 0x08, 0x65, 0x08, 0x65, 0x08, 0x65, 0x08, 0x65, 0x08, 0x65, 0x08, 0x65,
    0x08, 0x65, 0x08, 0x65, 0x08, 0x65, 0x08, 0x65, 0x08, 0x65, 0x08, 0x65, 0x08, 0x65, 0x08, 0x65,
    0x08, 0x65, 0x08, 0x65, 0x08, 0x65, 0x08, 0x65, 0x08, 0x65, 0x08, 0x65, 0x08, 0x65, 0x08, 0x65,
    0x08, 0x65, 0x08, 0x65, 0x08, 0x65, 0x08, 0x65, 0x08, 0x65, 0x08, 0x65, 0x08, 0x85, 0x08, 0x85,
    0x08, 0x85, 0x08, 0x85, 0x08, 0x85, 0x08, 0x85, 0x08, 0x85, 0x08, 0x85, 0x08, 0x85, 0x08, 0x85,
    0x08, 0x85, 0x08, 0x85, 0x08, 0x85, 0x08, 0x85, 0x08, 0x85, 0x08, 0x85, 0x08, 0x85, 0x08, 0x85,
    0x08, 0x85, 0x08, 0x85, 0x08, 0x85, 0x08, 0x85, 0x08, 0x85, 0x08, 0x85, 0x08, 0x85, 0x08, 0x85,
    0x08, 0x85, 0x08, 0x85, 0x08, 0x85, 0x08, 0x85, 0x08, 0x85, 0x08, 0x85, 0x08, 0x85, 0x08, 0x85,
    0x08, 0x85, 0x08, 0x85, 0x08, 0x85, 0x08, 0x85, 0x08, 0x85, 0x08, 0x85, 0x08, 0x85, 0x08, 0x85,
    0x08, 0x85, 0x08, 0x85, 0x08, 0x85, 0x08, 0x85, 0x08, 0x85, 0x08, 0x85, 0x08, 0x85, 0x08, 0x85,
    0x08, 0x85, 0x08, 0x85, 0x08, 0x85, 0x08, 0x85, 0x08, 0x85, 0x08, 0x85, 0x08, 0x85, 0x08, 0x85,
    0x08, 0x85, 0x08, 0x85, 0x08, 0x85, 0x08, 0x85, 0x08, 0x85, 0x08, 0x85, 0x08, 0x85, 0x08, 0x85,
    0x08, 0x85, 0x08, 0x85, 0x08, 0x85, 0x08, 0x85, 0x08, 0x85, 0x08, 0x85, 0x08, 0x85, 0x08, 0x85,
    0x08, 0x85, 0x08, 0x85, 0x08, 0x85, 0x08, 0x85, 0x08, 0x85, 0x08, 0x85, 0x08, 0x85, 0x08, 0x85,
    0x08, 0x85, 0x08, 0x85, 0x08, 0x85, 0x08, 0x85, 0x08, 0x85, 0x08, 0x85, 0x08, 0x85, 0x08, 0x85,
    0x08, 0x85, 0x08, 0x85, 0x08, 0x85, 0x08, 0x85, 0x08, 0x85, 0x08, 0x85, 0x08, 0x85, 0x08, 0x85,
    0x08, 0x85, 0x08, 0x85, 0x08, 0x85, 0x08, 0x85, 0x08, 0x85, 0x08, 0x85, 0x08, 0x85, 0x08, 0x85,
    0x08, 0x85, 0x08, 0x85, 0x08, 0x85, 0x08, 0x85, 0x08, 0x85, 0x08, 0x85, 0x10, 0xa6, 0x08, 0x65,
    0x00, 0x45, 0x08, 0x86, 0x08, 0x66, 0x00, 0x25, 0x08, 0x87, 0x29, 0x6a, 0x19, 0x08, 0x08, 0x66,
    0x00, 0x45, 0x08, 0x86, 0x08, 0x85, 0x08, 0x85, 0x08, 0x85, 0x08, 0x65, 0x08, 0x85, 0x08, 0x85,
    0x08, 0x85, 0x08, 0x85, 0x08, 0x85, 0x08, 0x65, 0x08, 0x65, 0x08, 0x65, 0x00, 0x65, 0x08, 0x65,
    0x00, 0x65, 0x00, 0x66, 0x00, 0x86, 0x00, 0xc8, 0x09, 0x4b, 0x11, 0xad, 0x09, 0xad, 0x09, 0xae,
    0x09, 0xae, 0x01, 0xce, 0x01, 0xcf, 0x01, 0xcf, 0x01, 0xcf, 0x01, 0xcf, 0x01, 0xcf, 0x01, 0xce,
    0x01, 0xce, 0x01, 0xce, 0x01, 0xce, 0x01, 0xce, 0x01, 0xce, 0x01, 0xce, 0x01, 0xce, 0x01, 0xce,
    0x01, 0xce, 0x01, 0xce, 0x01, 0xce, 0x01, 0xce, 0x01, 0xce, 0x01, 0xce, 0x01, 0xce, 0x01, 0xce,
    0x01, 0xce, 0x01, 0xce, 0x01, 0xce, 0x01, 0xce, 0x01, 0xce, 0x01, 0xce, 0x01, 0xce, 0x01, 0xce,
    0x01, 0xce, 0x01, 0xce, 0x01, 0xce, 0x01, 0xce, 0x01, 0xce, 0x01, 0xce, 0x01, 0xce, 0x01, 0xce,
    0x01, 0xce, 0x01, 0xce, 0x01, 0xce, 0x01, 0xce, 0x01, 0xce, 0x01, 0xce, 0x01, 0xce, 0x01, 0xce,
    0x01, 0xce, 0x01, 0xce, 0x01, 0xce, 0x01, 0xce, 0x01, 0xce, 0x01, 0xce, 0x09, 0xad, 0x11, 0xcd,
    0x09, 0x6b, 0x00, 0xc8, 0x00, 0x65, 0x00, 0x65, 0x08, 0x65, 0x08, 0x85, 0x08, 0x65, 0x08, 0x85,
    0x08, 0x85, 0x08, 0x85, 0x08, 0x65, 0x08, 0x85, 0x08, 0x65, 0x08, 0x65, 0x08, 0x85, 0x08, 0x85,
    0x08, 0x66, 0x00, 0x46, 0x00, 0x47, 0x00, 0x67, 0x10, 0xc9, 0x19, 0x0a, 0x18, 0xe9, 0x00, 0x25,
    0x08, 0x66, 0x08, 0x85, 0x08, 0x65, 0x10, 0x85, 0x08, 0x45, 0x08, 0x65, 0x08, 0x65, 0x00, 0x45,
    0x08, 0x86, 0x18, 0xe8, 0x29, 0x8b, 0x10, 0xa7, 0x00, 0x25, 0x08, 0x65, 0x08, 0x65, 0x08, 0x65,
    0x08, 0x64, 0x08, 0x64, 0x08, 0x65, 0x08, 0x65, 0x08, 0x65, 0x08, 0x65, 0x08, 0x65, 0x08, 0x65,
    0x08, 0x65, 0x08, 0x65, 0x08, 0x65, 0x08, 0x65, 0x08, 0x65, 0x08, 0x65, 0x08, 0x65, 0x08, 0x65,
    0x08, 0x65, 0x08, 0x65, 0x08, 0x65, 0x08, 0x65, 0x08, 0x65, 0x08, 0x65, 0x00, 0x44, 0x10, 0xa6,
    0x08, 0x65, 0x08, 0x65, 0x08, 0x65, 0x08, 0x65, 0x08, 0x65, 0x08, 0x65, 0x08, 0x65, 0x08, 0x65,
    0x08, 0x65, 0x08, 0x65, 0x08, 0x65, 0x08, 0x65, 0x08, 0x65, 0x08, 0x65, 0x08, 0x65, 0x08, 0x65,
    0x08, 0x65, 0x08, 0x65, 0x08, 0x65, 0x08, 0x65, 0x08, 0x65, 0x08, 0x65, 0x08, 0x65, 0x08, 0x65,
    0x08, 0x65, 0x08, 0x65, 0x08, 0x65, 0x08, 0x65, 0x08, 0x65, 0x08, 0x65, 0x08, 0x65, 0x08, 0x65,
    0x08, 0x65, 0x08, 0x65, 0x08, 0x65, 0x08, 0x65, 0x08, 0x65, 0x08, 0x65, 0x08, 0x65, 0x08, 0x65,
    0x08, 0x65, 0x08, 0x65, 0x08, 0x65, 0x08, 0x65, 0x08, 0x65, 0x08, 0x65, 0x08, 0x65, 0x08, 0x65,
    0x08, 0x65, 0x08, 0x65, 0x08, 0x65, 0x08, 0x65, 0x08, 0x65, 0x08, 0x65, 0x08, 0x85, 0x08, 0x85,
    0x08, 0x85, 0x08, 0x85, 0x08, 0x85, 0x08, 0x85, 0x08, 0x85, 0x08, 0x85, 0x08, 0x85, 0x08, 0x85,
    0x08, 0x85, 0x08, 0x85, 0x08, 0x85, 0x08, 0x85, 0x08, 0x85, 0x08, 0x85, 0x08, 0x85, 0x08, 0x85,
    0x08, 0x85, 0x08, 0x85, 0x08, 0x85, 0x08, 0x85, 0x08, 0x85, 0x08, 0x85, 0x08, 0x85, 0x08, 0x85,
    0x08, 0x85, 0x08, 0x85, 0x08, 0x85, 0x08, 0x85, 0x08, 0x85, 0x08, 0x85, 0x08, 0x85, 0x08, 0x85,
    0x08, 0x85, 0x08, 0x85, 0x08, 0x85, 0x08, 0x85, 0x08, 0x85, 0x08, 0x85, 0x08, 0x85, 0x08, 0x85,
    0x08, 0x85, 0x08, 0x85, 0x08, 0x85, 0x08, 0x85, 0x08, 0x85, 0x08, 0x85, 0x08, 0x85, 0x08, 0x85,
    0x08, 0x85, 0x08, 0x85, 0x08, 0x85, 0x08, 0x85, 0x08, 0x85, 0x08, 0x85, 0x08, 0x85, 0x08, 0x85,
    0x08, 0x85, 0x08, 0x85, 0x08, 0x85, 0x08, 0x85, 0x08, 0x85, 0x08, 0x85, 0x08, 0x85, 0x08, 0x85,
    0x08, 0x85, 0x08, 0x85, 0x08, 0x85, 0x08, 0x85, 0x08, 0x85, 0x08, 0x85, 0x08, 0x85, 0x08, 0x85,
    0x08, 0x85, 0x08, 0x85, 0x08, 0x85, 0x08, 0x85, 0x08, 0x85, 0x08, 0x85, 0x08, 0x85, 0x08, 0x85,
    0x08, 0x85, 0x08, 0x85, 0x08, 0x85, 0x08, 0x85, 0x08, 0x85, 0x08, 0x85, 0x08, 0x85, 0x08, 0x85,
    0x08, 0x85, 0x08, 0x85, 0x08, 0x85, 0x08, 0x85, 0x08, 0x85, 0x08, 0x85, 0x08, 0x85, 0x08, 0x85,
    0x08, 0x85, 0x08, 0x85, 0x08, 0x85, 0x08, 0x85, 0x08, 0x85, 0x08, 0x85, 0x08, 0x86, 0x08, 0x86,
    0x08, 0x86, 0x08, 0x85, 0x08, 0x85, 0x08, 0x85, 0x08, 0x85, 0x08, 0x85, 0x08, 0x85, 0x08, 0x85,
    0x00, 0x65, 0x08, 0x86, 0x08, 0xa6, 0x00, 0x45, 0x00, 0x45, 0x18, 0xe8, 0x31, 0xab, 0x10, 0xa7,
    0x00, 0x25, 0x08, 0x66, 0x08, 0x86, 0x08, 0x65, 0x08, 0x65, 0x08, 0x85, 0x08, 0x85, 0x08, 0x85,
    0x08, 0x85, 0x08, 0x85, 0x08, 0x85, 0x08, 0x85, 0x08, 0x85, 0x08, 0x65, 0x08, 0x64, 0x08, 0x64,
    0x08, 0x65, 0x00, 0x65, 0x00, 0x66, 0x00, 0xa7, 0x09, 0x2a, 0x11, 0xac, 0x11, 0xad, 0x09, 0xad,
    0x09, 0xae, 0x01, 0xae, 0x01, 0xcf, 0x01, 0xcf, 0x01, 0xcf, 0x01, 0xcf, 0x01, 0xcf, 0x01, 0xce,
    0x01, 0xce, 0x01, 0xce, 0x01, 0xce, 0x01, 0xce, 0x01, 0xce, 0x01, 0xce, 0x01, 0xce, 0x01, 0xce,
    0x01, 0xce, 0x01, 0xce, 0x01, 0xce, 0x01, 0xce, 0x01, 0xce, 0x01, 0xce, 0x01, 0xce, 0x01, 0xce,
    0x01, 0xce, 0x01, 0xce, 0x01, 0xce, 0x01, 0xce, 0x01, 0xce, 0x01, 0xce, 0x01, 0xce, 0x01, 0xce,
    0x01, 0xce, 0x01, 0xce, 0x01, 0xce, 0x01, 0xce, 0x01, 0xce, 0x01, 0xce, 0x01, 0xce, 0x01, 0xce,
    0x01, 0xce, 0x01, 0xce, 0x01, 0xce, 0x01, 0xce, 0x01, 0xce, 0x01, 0xce, 0x01, 0xce, 0x01, 0xce,
    0x01, 0xce, 0x01, 0xce, 0x01, 0xce, 0x01, 0xce, 0x01, 0xce, 0x01, 0xce, 0x09, 0xad, 0x09, 0x6c,
    0x09, 0x09, 0x00, 0x86, 0x00, 0x45, 0x08, 0x65, 0x08, 0x65, 0x08, 0x64, 0x08, 0x65, 0x08, 0x65,
    0x08, 0x65, 0x08, 0x85, 0x08, 0x85, 0x08, 0x65, 0x08, 0x65, 0x08, 0x65, 0x00, 0x24, 0x00, 0x45,
    0x08, 0x66, 0x08, 0x66, 0x00, 0x46, 0x00, 0x46, 0x00, 0x46, 0x08, 0x66, 0x08, 0xa7, 0x00, 0x45,
    0x00, 0x65, 0x08, 0x65, 0x08, 0x65, 0x08, 0x85, 0x08, 0x65, 0x08, 0x85, 0x08, 0x86, 0x00, 0x45,
    0x10, 0xa7, 0x29, 0x8a, 0x18, 0xc8, 0x08, 0x66, 0x00, 0x45, 0x08, 0x65, 0x08, 0x65, 0x08, 0x65,
    0x08, 0x64, 0x08, 0x64, 0x08, 0x65, 0x08, 0x65, 0x08, 0x65, 0x08, 0x65, 0x08, 0x65, 0x08, 0x65,
    0x08, 0x65, 0x08, 0x65, 0x08, 0x65, 0x08, 0x65, 0x08, 0x65, 0x08, 0x65, 0x08, 0x65, 0x08, 0x65,
    0x08, 0x65, 0x08, 0x65, 0x08, 0x65, 0x08, 0x65, 0x08, 0x65, 0x08, 0x65, 0x00, 0x44, 0x10, 0xa6,
    0x08, 0x65, 0x08, 0x65, 0x08, 0x65, 0x08, 0x65, 0x08, 0x65, 0x08, 0x65, 0x08, 0x65, 0x08, 0x65,
    0x08, 0x65, 0x08, 0x65, 0x08, 0x65, 0x08, 0x65, 0x08, 0x65, 0x08, 0x65, 0x08, 0x65, 0x08, 0x65,
    0x08, 0x65, 0x08, 0x65, 0x08, 0x65, 0x08, 0x65, 0x08, 0x65, 0x08, 0x65, 0x08, 0x65, 0x08, 0x65,
    0x08, 0x65, 0x08, 0x65, 0x08, 0x65, 0x08, 0x65, 0x08, 0x65, 0x08, 0x65, 0x08, 0x65, 0x08, 0x65,
    0x08, 0x65, 0x08, 0x65, 0x08, 0x65, 0x08, 0x65, 0x08, 0x65, 0x08, 0x65, 0x08, 0x65, 0x08, 0x65,
    0x08, 0x65, 0x08, 0x65, 0x08, 0x65, 0x08, 0x65, 0x08, 0x65, 0x08, 0x65, 0x08, 0x65, 0x08, 0x65,
    0x08, 0x65, 0x08, 0x65, 0x08, 0x65, 0x08, 0x65, 0x08, 0x65, 0x08, 0x65, 0x08, 0x85, 0x08, 0x85,
    0x08, 0x85, 0x08, 0x85, 0x08, 0x85, 0x08, 0x85, 0x08, 0x85, 0x08, 0x85, 0x08, 0x85, 0x08, 0x85,
    0x08, 0x85, 0x08, 0x85, 0x08, 0x85, 0x08, 0x85, 0x08, 0x85, 0x08, 0x85, 0x08, 0x85, 0x08, 0x85,
    0x08, 0x85, 0x08, 0x85, 0x08, 0x85, 0x08, 0x85, 0x08, 0x85, 0x08, 0x85, 0x08, 0x85, 0x08, 0x85,
    0x08, 0x85, 0x08, 0x85, 0x08, 0x85, 0x08, 0x85, 0x08, 0x85, 0x08, 0x85, 0x08, 0x85, 0x08, 0x85,
    0x08, 0x85, 0x08, 0x85, 0x08, 0x85, 0x08, 0x85, 0x08, 0x85, 0x08, 0x85, 0x08, 0x85, 0x08, 0x85,
    0x08, 0x85, 0x08, 0x85, 0x08, 0x85, 0x08, 0x85, 0x08, 0x85, 0x08, 0x85, 0x08, 0x85, 0x08, 0x85,
    0x08, 0x85, 0x08, 0x85, 0x08, 0x85, 0x08, 0x85, 0x08, 0x85, 0x08, 0x85, 0x08, 0x85, 0x08, 0x85,
    0x08, 0x85, 0x08, 0x85, 0x08, 0x85, 0x08, 0x85, 0x08, 0x85, 0x08, 0x85, 0x08, 0x85, 0x08, 0x85,
    0x08, 0x85, 0x08, 0x85, 0x08, 0x85, 0x08, 0x85, 0x08, 0x85, 0x08, 0x85, 0x08, 0x85, 0x08, 0x85,
    0x08, 0x85, 0x08, 0x85, 0x08, 0x85, 0x08, 0x85, 0x08, 0x85, 0x08, 0x85, 0x08, 0x85, 0x08, 0x85,
    0x08, 0x85, 0x08, 0x85, 0x08, 0x85, 0x08, 0x85, 0x08, 0x85, 0x08, 0x85, 0x08, 0x85, 0x08, 0x85,
    0x08, 0x85, 0x08, 0x85, 0x08, 0x85, 0x08, 0x85, 0x08, 0x85, 0x08, 0x85, 0x08, 0x85, 0x08, 0x85,
    0x08, 0x85, 0x08, 0x85, 0x08, 0x85, 0x08, 0x85, 0x08, 0x85, 0x08, 0x85, 0x08, 0x66, 0x08, 0x66,
    0x08, 0x66, 0x08, 0x86, 0x08, 0x86, 0x08, 0x85, 0x08, 0x85, 0x08, 0x85, 0x08, 0x65, 0x08, 0x85,
    0x08, 0x65, 0x08, 0x85, 0x10, 0xa6, 0x08, 0x86, 0x08, 0x65, 0x08, 0x86, 0x31, 0xab, 0x21, 0x2a,
    0x08, 0x66, 0x00, 0x45, 0x08, 0x86, 0x08, 0x66, 0x00, 0x65, 0x08, 0xa6, 0x08, 0x85, 0x08, 0x85,
    0x08, 0x85, 0x08, 0x85, 0x08, 0x85, 0x08, 0x85, 0x08, 0x85, 0x08, 0x65, 0x10, 0x64, 0x08, 0x44,
    0x08, 0x64, 0x08, 0x65, 0x00, 0x65, 0x00, 0x86, 0x08, 0xe9, 0x11, 0x6b, 0x11, 0xac, 0x09, 0xad,
    0x09, 0xae, 0x01, 0xae, 0x01, 0xce, 0x01, 0xcf, 0x01, 0xcf, 0x01, 0xcf, 0x01, 0xcf, 0x01, 0xce,
    0x01, 0xce, 0x01, 0xce, 0x01, 0xce, 0x01, 0xce, 0x01, 0xce, 0x01, 0xce, 0x01, 0xce, 0x01, 0xce,
    0x01, 0xce, 0x01, 0xce, 0x01, 0xce, 0x01, 0xce, 0x01, 0xce, 0x01, 0xce, 0x01, 0xce, 0x01, 0xce,
    0x01, 0xce, 0x01, 0xce, 0x01, 0xce, 0x01, 0xce, 0x01, 0xce, 0x01, 0xce, 0x01, 0xae, 0x01, 0xae,
    0x01, 0xae, 0x01, 0xae, 0x01, 0xae, 0x01, 0xae, 0x01, 0xae, 0x01, 0xae, 0x01, 0xce, 0x01, 0xce,
    0x01, 0xce, 0x01, 0xce, 0x01, 0xce, 0x01, 0xce, 0x01, 0xce, 0x01, 0xce, 0x01, 0xce, 0x01, 0xce,
    0x01, 0xce, 0x01, 0xce, 0x01, 0xce, 0x01, 0xce, 0x01, 0xce, 0x09, 0xae, 0x09, 0x8c, 0x09, 0x2a,
    0x00, 0xa7, 0x00, 0x66, 0x00, 0x65, 0x08, 0x65, 0x08, 0x64, 0x08, 0x44, 0x08, 0x65, 0x08, 0x65,
    0x08, 0x65, 0x08, 0x85, 0x08, 0x85, 0x08, 0x85, 0x08, 0x65, 0x08, 0x65, 0x00, 0x44, 0x08, 0x65,
    0x10, 0x86, 0x08, 0x86, 0x08, 0x66, 0x08, 0x66, 0x08, 0x66, 0x08, 0x66, 0x08, 0x65, 0x00, 0x65,
    0x00, 0x64, 0x08, 0x65, 0x08, 0x65, 0x08, 0x65, 0x08, 0x65, 0x08, 0x86, 0x08, 0x65, 0x08, 0x86,
    0x18, 0xe8, 0x29, 0x8a, 0x00, 0x46, 0x08, 0x66, 0x08, 0x66, 0x00, 0x45, 0x08, 0x65, 0x08, 0x64,
    0x08, 0x64, 0x08, 0x64, 0x08, 0x65, 0x08, 0x65, 0x08, 0x65, 0x08, 0x65, 0x08, 0x65, 0x08, 0x65,
    0x08, 0x65, 0x08, 0x65, 0x08, 0x65, 0x08, 0x65, 0x08, 0x65, 0x08, 0x65, 0x08, 0x65, 0x08, 0x65,
    0x08, 0x65, 0x08, 0x65, 0x08, 0x65, 0x08, 0x65, 0x08, 0x65, 0x08, 0x65, 0x00, 0x44, 0x10, 0xa6,
    0x08, 0x65, 0x08, 0x65, 0x08, 0x65, 0x08, 0x65, 0x08, 0x65, 0x08, 0x65, 0x08, 0x65, 0x08, 0x65,
    0x08, 0x65, 0x08, 0x65, 0x08, 0x65, 0x08, 0x65, 0x08, 0x65, 0x08, 0x65, 0x08, 0x65, 0x08, 0x65,
    0x08, 0x65, 0x08, 0x65, 0x08, 0x65, 0x08, 0x65, 0x08, 0x65, 0x08, 0x65, 0x08, 0x65, 0x08, 0x65,
    0x08, 0x65, 0x08, 0x65, 0x08, 0x65, 0x08, 0x65, 0x08, 0x65, 0x08, 0x65, 0x08, 0x65, 0x08, 0x65,
    0x08, 0x65, 0x08, 0x65, 0x08, 0x65, 0x08, 0x65, 0x08, 0x65, 0x08, 0x65, 0x08, 0x65, 0x08, 0x65,
    0x08, 0x65, 0x08, 0x65, 0x08, 0x65, 0x08, 0x65, 0x08, 0x65, 0x08, 0x65, 0x08, 0x65, 0x08, 0x65,
    0x08, 0x65, 0x08, 0x65, 0x08, 0x65, 0x08, 0x65, 0x08, 0x65, 0x08, 0x65, 0x08, 0x85, 0x08, 0x85,
    0x08, 0x85, 0x08, 0x85, 0x08, 0x85, 0x08, 0x85, 0x08, 0x85, 0x08, 0x85, 0x08, 0x85, 0x08, 0x85,
    0x08, 0x85, 0x08, 0x85, 0x08, 0x85, 0x08, 0x85, 0x08, 0x85, 0x08, 0x85, 0x08, 0x85, 0x08, 0x85,
    0x08, 0x85, 0x08, 0x85, 0x08, 0x85, 0x08, 0x85, 0x08, 0x85, 0x08, 0x85, 0x08, 0x85, 0x08, 0x85,
    0x08, 0x85, 0x08, 0x85, 0x08, 0x85, 0x08, 0x85, 0x08, 0x85, 0x08, 0x85, 0x08, 0x85, 0x08, 0x85,
    0x08, 0x85, 0x08, 0x85, 0x08, 0x85, 0x08, 0x85, 0x08, 0x85, 0x08, 0x85, 0x08, 0x85, 0x08, 0x85,
    0x08, 0x85, 0x08, 0x85, 0x08, 0x85, 0x08, 0x85, 0x08, 0x85, 0x08, 0x85, 0x08, 0x85, 0x08, 0x85,
    0x08, 0x85, 0x08, 0x85, 0x08, 0x85, 0x08, 0x85, 0x08, 0x85, 0x08, 0x85, 0x08, 0x85, 0x08, 0x85,
    0x08, 0x85, 0x08, 0x85, 0x08, 0x85, 0x08, 0x85, 0x08, 0x85, 0x08, 0x85, 0x08, 0x85, 0x08, 0x85,
    0x08, 0x85, 0x08, 0x85, 0x08, 0x85, 0x08, 0x85, 0x08, 0x85, 0x08, 0x85, 0x08, 0x85, 0x08, 0x85,
    0x08, 0x85, 0x08, 0x85, 0x08, 0x85, 0x08, 0x85, 0x08, 0x85, 0x08, 0x85, 0x08, 0x85, 0x08, 0x85,
    0x08, 0x85, 0x08, 0x85, 0x08, 0x85, 0x08, 0x85, 0x08, 0x85, 0x08, 0x85, 0x08, 0x85, 0x08, 0x85,
    0x08, 0x85, 0x08, 0x85, 0x08, 0x85, 0x08, 0x85, 0x08, 0x85, 0x08, 0x85, 0x08, 0x85, 0x08, 0x85,
    0x08, 0x85, 0x08, 0x85, 0x08, 0x85, 0x08, 0x85, 0x08, 0x85, 0x08, 0x85, 0x08, 0x66, 0x08, 0x66,
    0x08, 0x66, 0x08, 0x66, 0x08, 0x86, 0x08, 0x85, 0x08, 0x85, 0x08, 0x85, 0x08, 0x65, 0x08, 0x65,
    0x08, 0x65, 0x08, 0x85, 0x08, 0xa6, 0x08, 0xa6, 0x08, 0x85, 0x08, 0x66, 0x18, 0xe9, 0x29, 0x8b,
    0x18, 0xe9, 0x00, 0x05, 0x08, 0x66, 0x08, 0x86, 0x00, 0x45, 0x08, 0x86, 0x08, 0x85, 0x08, 0x85,
    0x08, 0x85, 0x08, 0x85, 0x08, 0x85, 0x08, 0x85, 0x08, 0x85, 0x08, 0x65, 0x10, 0x84, 0x08, 0x43,
    0x08, 0x43, 0x08, 0x64, 0x00, 0x65, 0x00, 0x65, 0x00, 0xa7, 0x09, 0x09, 0x11, 0xac, 0x11, 0xad,
    0x09, 0xae, 0x09, 0xae, 0x01, 0xce, 0x01, 0xcf, 0x01, 0xcf, 0x01, 0xcf, 0x01, 0xcf, 0x01, 0xce,
    0x01, 0xce, 0x01, 0xce, 0x01, 0xce, 0x01, 0xce, 0x01, 0xce, 0x01, 0xce, 0x01, 0xce, 0x01, 0xce,
    0x01, 0xce, 0x01, 0xce, 0x01, 0xce, 0x01, 0xce, 0x01, 0xce, 0x01, 0xce, 0x01, 0xce, 0x01, 0xce,
    0x01, 0xce, 0x01, 0xce, 0x01, 0xce, 0x01, 0xce, 0x01, 0xce, 0x01, 0xce, 0x01, 0xae, 0x01, 0xae,
    0x01, 0xae, 0x01, 0xae, 0x01, 0xae, 0x01, 0xae, 0x01, 0xae, 0x01, 0xae, 0x01, 0xce, 0x01, 0xce,
    0x01, 0xce, 0x01, 0xce, 0x01, 0xce, 0x01, 0xce, 0x01, 0xce, 0x01, 0xce, 0x01, 0xce, 0x01, 0xce,
    0x01, 0xce, 0x01, 0xce, 0x01, 0xce, 0x01, 0xce, 0x01, 0xce, 0x09, 0xae, 0x09, 0x6b, 0x00, 0xc8,
    0x00, 0x66, 0x00, 0x66, 0x08, 0x85, 0x10, 0x64, 0x08, 0x44, 0x08, 0x44, 0x08, 0x65, 0x08, 0x65,
    0x08, 0x65, 0x08, 0x65, 0x08, 0x65, 0x08, 0x85, 0x08, 0x65, 0x08, 0x65, 0x10, 0x85, 0x10, 0x85,
    0x10, 0x86, 0x08, 0x66, 0x08, 0x66, 0x08, 0x86, 0x08, 0x86, 0x08, 0x65, 0x08, 0x65, 0x08, 0xa5,
    0x08, 0x64, 0x08, 0x64, 0x08, 0x85, 0x08, 0x65, 0x08, 0x66, 0x08, 0x66, 0x00, 0x45, 0x19, 0x08,
    0x21, 0x49, 0x10, 0xc8, 0x00, 0x25, 0x08, 0x66, 0x08, 0x86, 0x08, 0x65, 0x08, 0x65, 0x08, 0x64,
    0x08, 0x64, 0x08, 0x64, 0x08, 0x65, 0x08, 0x65, 0x08, 0x65, 0x08, 0x65, 0x08, 0x65, 0x08, 0x65,
    0x08, 0x65, 0x08, 0x65, 0x08, 0x65, 0x08, 0x65, 0x08, 0x65, 0x08, 0x65, 0x08, 0x65, 0x08, 0x65,
    0x08, 0x65, 0x08, 0x65, 0x08, 0x65, 0x08, 0x65, 0x08, 0x65, 0x08, 0x65, 0x00, 0x44, 0x10, 0xa6,
    0x08, 0x65, 0x08, 0x65, 0x08, 0x65, 0x08, 0x65, 0x08, 0x65, 0x08, 0x65, 0x08, 0x65, 0x08, 0x65,
    0x08, 0x65, 0x08, 0x65, 0x08, 0x65, 0x08, 0x65, 0x08, 0x65, 0x08, 0x65, 0x08, 0x65, 0x08, 0x65,
    0x08, 0x65, 0x08, 0x65, 0x08, 0x65, 0x08, 0x65, 0x08, 0x65, 0x08, 0x65, 0x08, 0x65, 0x08, 0x65,
    0x08, 0x65, 0x08, 0x65, 0x08, 0x65, 0x08, 0x65, 0x08, 0x65, 0x08, 0x65, 0x08, 0x65, 0x08, 0x65,
    0x08, 0x65, 0x08, 0x65, 0x08, 0x65, 0x08, 0x65, 0x08, 0x65, 0x08, 0x65, 0x08, 0x65, 0x08, 0x65,
    0x08, 0x65, 0x08, 0x65, 0x08, 0x65, 0x08, 0x65, 0x08, 0x65, 0x08, 0x65, 0x08, 0x65, 0x08, 0x65,
    0x08, 0x65, 0x08, 0x65, 0x08, 0x65, 0x08, 0x65, 0x08, 0x65, 0x08, 0x65, 0x08, 0x85, 0x08, 0x85,
    0x08, 0x85, 0x08, 0x85, 0x08, 0x85, 0x08, 0x85, 0x08, 0x85, 0x08, 0x85, 0x08, 0x85, 0x08, 0x85,
    0x08, 0x85, 0x08, 0x85, 0x08, 0x85, 0x08, 0x85, 0x08, 0x85, 0x08, 0x85, 0x08, 0x85, 0x08, 0x85,
    0x08, 0x85, 0x08, 0x85, 0x08, 0x85, 0x08, 0x85, 0x08, 0x85, 0x08, 0x85, 0x08, 0x85, 0x08, 0x85,
    0x08, 0x85, 0x08, 0x85, 0x08, 0x85, 0x08, 0x85, 0x08, 0x85, 0x08, 0x85, 0x08, 0x85, 0x08, 0x85,
    0x08, 0x85, 0x08, 0x85, 0x08, 0x85, 0x08, 0x85, 0x08, 0x85, 0x08, 0x85, 0x08, 0x85, 0x08, 0x85,
    0x08, 0x85, 0x08, 0x85, 0x08, 0x85, 0x08, 0x85, 0x08, 0x85, 0x08, 0x85, 0x08, 0x85, 0x08, 0x85,
    0x08, 0x85, 0x08, 0x85, 0x08, 0x85, 0x08, 0x85, 0x08, 0x85, 0x08, 0x85, 0x08, 0x85, 0x08, 0x85,
    0x08, 0x85, 0x08, 0x85, 0x08, 0x85, 0x08, 0x85, 0x08, 0x85, 0x08, 0x85, 0x08, 0x85, 0x08, 0x85,
    0x08, 0x85, 0x08, 0x85, 0x08, 0x85, 0x08, 0x85, 0x08, 0x85, 0x08, 0x85, 0x08, 0x85, 0x08, 0x85,
    0x08, 0x85, 0x08, 0x85, 0x08, 0x85, 0x08, 0x85, 0x08, 0x85, 0x08, 0x85, 0x08, 0x85, 0x08, 0x85,
    0x08, 0x85, 0x08, 0x85, 0x08, 0x85, 0x08, 0x85, 0x08, 0x85, 0x08, 0x85, 0x08, 0x85, 0x08, 0x85,
    0x08, 0x85, 0x08, 0x85, 0x08, 0x85, 0x08, 0x85, 0x08, 0x85, 0x08, 0x85, 0x08, 0x85, 0x08, 0x85,
    0x08, 0x85, 0x08, 0x85, 0x08, 0x85, 0x08, 0x85, 0x08, 0x85, 0x08, 0x85, 0x08, 0x66, 0x08, 0x66,
    0x08, 0x66, 0x08, 0x66, 0x08, 0x86, 0x08, 0x85, 0x08, 0x85, 0x08, 0x85, 0x10, 0xa6, 0x00, 0x65,
    0x08, 0x65, 0x08, 0x85, 0x08, 0x65, 0x08, 0x65, 0x08, 0x85, 0x00, 0x45, 0x00, 0x25, 0x31, 0xcc,
    0x29, 0x4b, 0x00, 0x05, 0x00, 0x46, 0x10, 0xa7, 0x00, 0x45, 0x08, 0x65, 0x08, 0x85, 0x08, 0x85,
    0x08, 0x85, 0x08, 0x85, 0x08, 0x85, 0x08, 0x85, 0x08, 0x85, 0x08, 0x65, 0x10, 0x85, 0x08, 0x43,
    0x08, 0x23, 0x08, 0x64, 0x08, 0x65, 0x00, 0x45, 0x00, 0x66, 0x00, 0xa8, 0x11, 0x8c, 0x11, 0xac,
    0x09, 0xad, 0x09, 0xae, 0x01, 0xce, 0x01, 0xce, 0x01, 0xcf, 0x01, 0xcf, 0x01, 0xcf, 0x01, 0xce,
    0x01, 0xce, 0x01, 0xce, 0x01, 0xce, 0x01, 0xce, 0x01, 0xce, 0x01, 0xce, 0x01, 0xce, 0x01, 0xce,
    0x01, 0xce, 0x01, 0xce, 0x01, 0xce, 0x01, 0xce, 0x01, 0xce, 0x01, 0xce, 0x01, 0xce, 0x01, 0xce,
    0x01, 0xce, 0x01, 0xce, 0x01, 0xce, 0x01, 0xce, 0x01, 0xce, 0x01, 0xce, 0x01, 0xae, 0x01, 0xae,
    0x01, 0xae, 0x01, 0xae, 0x01, 0xae, 0x01, 0xae, 0x01, 0xae, 0x01, 0xae, 0x01, 0xcf, 0x01, 0xcf,
    0x01, 0xce, 0x01, 0xce, 0x01, 0xae, 0x01, 0xce, 0x01, 0xce, 0x01, 0xce, 0x01, 0xce, 0x01, 0xcf,
    0x01, 0xcf, 0x01, 0xcf, 0x01, 0xce, 0x01, 0xce, 0x01, 0xce, 0x09, 0xad, 0x09, 0x4a, 0x00, 0x87,
    0x00, 0x45, 0x08, 0x65, 0x10, 0x85, 0x08, 0x64, 0x08, 0x44, 0x10, 0x64, 0x08, 0x65, 0x08, 0x65,
    0x08, 0x65, 0x08, 0x65, 0x08, 0x65, 0x08, 0x85, 0x08, 0x65, 0x08, 0x65, 0x08, 0x44, 0x08, 0x65,
    0x08, 0x45, 0x00, 0x44, 0x08, 0x45, 0x08, 0x85, 0x08, 0x85, 0x08, 0x65, 0x08, 0x64, 0x10, 0xc5,
    0x08, 0x85, 0x08, 0x65, 0x08, 0x85, 0x08, 0x65, 0x08, 0x45, 0x08, 0x46, 0x00, 0x45, 0x29, 0x6a,
    0x29, 0x6a, 0x00, 0x25, 0x08, 0x66, 0x08, 0x66, 0x08, 0x86, 0x08, 0x65, 0x08, 0x65, 0x08, 0x65,
    0x08, 0x64, 0x08, 0x64, 0x08, 0x65, 0x08, 0x65, 0x08, 0x65, 0x08, 0x65, 0x08, 0x65, 0x08, 0x65,
    0x08, 0x65, 0x08, 0x65, 0x08, 0x65, 0x08, 0x65, 0x08, 0x65, 0x08, 0x65, 0x08, 0x65, 0x08, 0x65,
    0x08, 0x65, 0x08, 0x65, 0x08, 0x65, 0x08, 0x65, 0x08, 0x65, 0x08, 0x65, 0x00, 0x44, 0x10, 0xa6,
    0x08, 0x65, 0x08, 0x65, 0x08, 0x65, 0x08, 0x65, 0x08, 0x65, 0x08, 0x65, 0x08, 0x65, 0x08, 0x65,
    0x08, 0x65, 0x08, 0x65, 0x08, 0x65, 0x08, 0x65, 0x08, 0x65, 0x08, 0x65, 0x08, 0x65, 0x08, 0x65,
    0x08, 0x65, 0x08, 0x65, 0x08, 0x65, 0x08, 0x65, 0x08, 0x65, 0x08, 0x65, 0x08, 0x65, 0x08, 0x65,
    0x08, 0x65, 0x08, 0x65, 0x08, 0x65, 0x08, 0x65, 0x08, 0x65, 0x08, 0x65, 0x08, 0x65, 0x08, 0x65,
    0x08, 0x65, 0x08, 0x65, 0x08, 0x65, 0x08, 0x65, 0x08, 0x65, 0x08, 0x65, 0x08, 0x65, 0x08, 0x65,
    0x08, 0x65, 0x08, 0x65, 0x08, 0x65, 0x08, 0x65, 0x08, 0x65, 0x08, 0x65, 0x08, 0x85, 0x08, 0x85,
    0x08, 0x85, 0x08, 0x85, 0x08, 0x85, 0x08, 0x85, 0x08, 0x85, 0x08, 0x85, 0x08, 0x85, 0x08, 0x85,
    0x08, 0x85, 0x08, 0x85, 0x08, 0x85, 0x08, 0x85, 0x08, 0x85, 0x08, 0x85, 0x08, 0x85, 0x08, 0x85,
    0x08, 0x85, 0x08, 0x85, 0x08, 0x85, 0x08, 0x85, 0x08, 0x85, 0x08, 0x85, 0x08, 0x85, 0x08, 0x85,
    0x08, 0x85, 0x08, 0x85, 0x08, 0x85, 0x08, 0x85, 0x08, 0x85, 0x08, 0x85, 0x08, 0x85, 0x08, 0x85,
    0x08, 0x85, 0x08, 0x85, 0x08, 0x85, 0x08, 0x85, 0x08, 0x85, 0x08, 0x85, 0x08, 0x85, 0x08, 0x85,
    0x08, 0x85, 0x08, 0x85, 0x08, 0x85, 0x08, 0x85, 0x08, 0x85, 0x08, 0x85, 0x08, 0x85, 0x08, 0x85,
    0x08, 0x85, 0x08, 0x85, 0x08, 0x85, 0x08, 0x85, 0x08, 0x85, 0x08, 0x85, 0x08, 0x85, 0x08, 0x85,
    0x08, 0x85, 0x08, 0x85, 0x08, 0x85, 0x08, 0x85, 0x08, 0x85, 0x08, 0x85, 0x08, 0x85, 0x08, 0x85,
    0x08, 0x85, 0x08, 0x85, 0x08, 0x85, 0x08, 0x85, 0x08, 0x85, 0x08, 0x85, 0x08, 0x85, 0x08, 0x85,
    0x08, 0x85, 0x08, 0x85, 0x08, 0x85, 0x08, 0x85, 0x08, 0x85, 0x08, 0x85, 0x08, 0x85, 0x08, 0x85,
    0x08, 0x85, 0x08, 0x85, 0x08, 0x85, 0x08, 0x85, 0x08, 0x85, 0x08, 0x85, 0x08, 0x85, 0x08, 0x85,
    0x08, 0x85, 0x08, 0x85, 0x08, 0x85, 0x08, 0x85, 0x08, 0x85, 0x08, 0x85, 0x08, 0x85, 0x08, 0x85,
    0x08, 0x85, 0x08, 0x85, 0x08, 0x85, 0x08, 0x85, 0x08, 0x85, 0x08, 0x85, 0x08, 0x85, 0x08, 0x85,
    0x08, 0x85, 0x08, 0x85, 0x08, 0x85, 0x08, 0x85, 0x08, 0x85, 0x08, 0x85, 0x08, 0x86, 0x08, 0x86,
    0x08, 0x86, 0x08, 0x86, 0x08, 0x85, 0x08, 0x85, 0x08, 0x85, 0x08, 0x85, 0x08, 0x85, 0x08, 0x85,
    0x08, 0x85, 0x08, 0x85, 0x08, 0x85, 0x08, 0x85, 0x08, 0x85, 0x08, 0x66, 0x08, 0x66, 0x10, 0xa8,
    0x31, 0xab, 0x18, 0xe8, 0x00, 0x25, 0x10, 0xa7, 0x08, 0x86, 0x08, 0x86, 0x08, 0x85, 0x08, 0x85,
    0x08, 0x85, 0x08, 0x85, 0x08, 0x85, 0x08, 0x85, 0x08, 0x85, 0x08, 0x85, 0x08, 0x64, 0x08, 0x64,
    0x08, 0x64, 0x08, 0x64, 0x08, 0x65, 0x00, 0x65, 0x00, 0x66, 0x00, 0x66, 0x00, 0xc8, 0x11, 0x8b,
    0x19, 0xce, 0x09, 0xcd, 0x01, 0xad, 0x01, 0xce, 0x01, 0xef, 0x01, 0xce, 0x01, 0xce, 0x01, 0xce,
    0x01, 0xce, 0x01, 0xce, 0x01, 0xce, 0x01, 0xce, 0x01, 0xce, 0x01, 0xce, 0x01, 0xce, 0x01, 0xce,
    0x01, 0xce, 0x01, 0xce, 0x01, 0xce, 0x01, 0xce, 0x01, 0xce, 0x01, 0xce, 0x01, 0xce, 0x01, 0xce,
    0x01, 0xce, 0x01, 0xce, 0x01, 0xce, 0x01, 0xce, 0x01, 0xce, 0x01, 0xce, 0x01, 0xce, 0x01, 0xce,
    0x01, 0xce, 0x01, 0xce, 0x01, 0xce, 0x01, 0xce, 0x01, 0xce, 0x01, 0xcf, 0x01, 0xcf, 0x01, 0xcf,
    0x01, 0xce, 0x09, 0xae, 0x09, 0xae, 0x09, 0xad, 0x09, 0xae, 0x01, 0xce, 0x01, 0xae, 0x01, 0xcf,
    0x01, 0xcf, 0x01, 0xae, 0x01, 0xae, 0x09, 0xae, 0x09, 0xad, 0x11, 0x8b, 0x00, 0x86, 0x00, 0x65,
    0x00, 0x65, 0x08, 0x65, 0x08, 0x65, 0x08, 0x65, 0x08, 0x65, 0x08, 0x65, 0x08, 0x65, 0x08, 0x65,
    0x08, 0x65, 0x08, 0x65, 0x08, 0x65, 0x08, 0x65, 0x08, 0x65, 0x08, 0x65, 0x08, 0x65, 0x08, 0x65,
    0x08, 0x65, 0x08, 0x65, 0x08, 0x65, 0x08, 0x65, 0x08, 0x65, 0x08, 0x65, 0x10, 0x85, 0x08, 0x64,
    0x08, 0x44, 0x08, 0x65, 0x10, 0x85, 0x08, 0x45, 0x21, 0x08, 0x00, 0x04, 0x29, 0x6a, 0x21, 0x09,
    0x00, 0x25, 0x00, 0x05, 0x10, 0xa7, 0x08, 0x86, 0x00, 0x24, 0x10, 0xa6, 0x08, 0x65, 0x08, 0x65,
    0x08, 0x65, 0x08, 0x65, 0x08, 0x65, 0x08, 0x65, 0x08, 0x65, 0x08, 0x65, 0x08, 0x65, 0x08, 0x65,
    0x08, 0x65, 0x08, 0x65, 0x08, 0x65, 0x08, 0x65, 0x08, 0x65, 0x08, 0x65, 0x08, 0x65, 0x08, 0x65,
    0x08, 0x65, 0x08, 0x65, 0x08, 0x65, 0x08, 0x65, 0x08, 0x65, 0x08, 0x65, 0x00, 0x44, 0x18, 0xe7,
    0x08, 0x65, 0x08, 0x65, 0x08, 0x65, 0x08, 0x65, 0x08, 0x65, 0x08, 0x65, 0x08, 0x65, 0x08, 0x65,
    0x08, 0x65, 0x08, 0x65, 0x08, 0x65, 0x08, 0x65, 0x08, 0x65, 0x08, 0x65, 0x08, 0x65, 0x08, 0x65,
    0x08, 0x65, 0x08, 0x65, 0x08, 0x65, 0x08, 0x65, 0x08, 0x65, 0x08, 0x65, 0x08, 0x65, 0x08, 0x65,
    0x08, 0x65, 0x08, 0x65, 0x08, 0x65, 0x08, 0x65, 0x08, 0x65, 0x08, 0x65, 0x08, 0x65, 0x08, 0x65,
    0x08, 0x65, 0x08, 0x65, 0x08, 0x65, 0x08, 0x65, 0x08, 0x65, 0x08, 0x65, 0x08, 0x65, 0x08, 0x65,
    0x08, 0x65, 0x08, 0x65, 0x08, 0x65, 0x08, 0x65, 0x08, 0x65, 0x08, 0x65, 0x08, 0x85, 0x08, 0x85,
    0x08, 0x85, 0x08, 0x85, 0x08, 0x85, 0x08, 0x85, 0x08, 0x85, 0x08, 0x85, 0x08, 0x85, 0x08, 0x85,
    0x08, 0x85, 0x08, 0x85, 0x08, 0x85, 0x08, 0x85, 0x08, 0x85, 0x08, 0x85, 0x08, 0x85, 0x08, 0x85,
    0x08, 0x85, 0x08, 0x85, 0x08, 0x85, 0x08, 0x85, 0x08, 0x85, 0x08, 0x85, 0x08, 0x85, 0x08, 0x85,
    0x08, 0x85, 0x08, 0x85, 0x08, 0x85, 0x08, 0x85, 0x08, 0x85, 0x08, 0x85, 0x08, 0x85, 0x08, 0x85,
    0x08, 0x85, 0x08, 0x85, 0x08, 0x85, 0x08, 0x85, 0x08, 0x85, 0x08, 0x85, 0x08, 0x85, 0x08, 0x85,
    0x08, 0x85, 0x08, 0x85, 0x08, 0x85, 0x08, 0x85, 0x08, 0x85, 0x08, 0x85, 0x08, 0x85, 0x08, 0x85,
    0x08, 0x85, 0x08, 0x85, 0x08, 0x85, 0x08, 0x85, 0x08, 0x85, 0x08, 0x85, 0x08, 0x85, 0x08, 0x85,
    0x08, 0x85, 0x08, 0x85, 0x08, 0x85, 0x08, 0x85, 0x08, 0x85, 0x08, 0x85, 0x08, 0x85, 0x08, 0x85,
    0x08, 0x85, 0x08, 0x85, 0x08, 0x85, 0x08, 0x85, 0x08, 0x85, 0x08, 0x85, 0x08, 0x85, 0x08, 0x85,
    0x08, 0x85, 0x08, 0x85, 0x08, 0x85, 0x08, 0x85, 0x08, 0x85, 0x08, 0x85, 0x08, 0x85, 0x08, 0x85,
    0x08, 0x85, 0x08, 0x85, 0x08, 0x85, 0x08, 0x85, 0x08, 0x85, 0x08, 0x85, 0x08, 0x85, 0x08, 0x85,
    0x08, 0x85, 0x08, 0x85, 0x08, 0x85, 0x08, 0x85, 0x08, 0x85, 0x08, 0x85, 0x08, 0x85, 0x08, 0x85,
    0x08, 0x85, 0x08, 0x85, 0x08, 0x85, 0x08, 0x85, 0x08, 0x85, 0x08, 0x85, 0x08, 0x85, 0x08, 0x85,
    0x08, 0x85, 0x08, 0x85, 0x08, 0x85, 0x08, 0x85, 0x08, 0x85, 0x08, 0x85, 0x08, 0x85, 0x08, 0x85,
    0x08, 0x85, 0x08, 0x85, 0x08, 0x85, 0x08, 0x85, 0x08, 0x85, 0x08, 0x85, 0x08, 0x85, 0x08, 0x85,
    0x08, 0x85, 0x08, 0x85, 0x08, 0x85, 0x08, 0x85, 0x08, 0x85, 0x08, 0x86, 0x08, 0x66, 0x00, 0x05,
    0x19, 0x09, 0x29, 0x8b, 0x08, 0x66, 0x00, 0x04, 0x10, 0xa7, 0x00, 0x45, 0x08, 0x85, 0x08, 0x85,
    0x08, 0x85, 0x08, 0x85, 0x08, 0x85, 0x08, 0x85, 0x08, 0x85, 0x08, 0x85, 0x08, 0x64, 0x08, 0x64,
    0x08, 0x64, 0x08, 0x64, 0x08, 0x65, 0x00, 0x65, 0x00, 0x66, 0x00, 0x66, 0x00, 0xc8, 0x09, 0x4b,
    0x11, 0xad, 0x11, 0xcd, 0x09, 0xad, 0x01, 0xce, 0x01, 0xce, 0x01, 0xce, 0x01, 0xce, 0x01, 0xce,
    0x01, 0xce, 0x01, 0xce, 0x01, 0xce, 0x01, 0xce, 0x01, 0xce, 0x01, 0xce, 0x01, 0xae, 0x01, 0xae,
    0x01, 0xce, 0x01, 0xce, 0x01, 0xce, 0x01, 0xce, 0x01, 0xce, 0x01, 0xce, 0x01, 0xce, 0x01, 0xce,
    0x01, 0xce, 0x01, 0xce, 0x01, 0xce, 0x01, 0xce, 0x01, 0xce, 0x01, 0xce, 0x01, 0xce, 0x01, 0xce,
    0x01, 0xce, 0x01, 0xce, 0x01, 0xce, 0x01, 0xce, 0x01, 0xce, 0x01, 0xcf, 0x01, 0xcf, 0x01, 0xcf,
    0x01, 0xae, 0x09, 0xae, 0x09, 0xad, 0x09, 0xad, 0x09, 0xae, 0x09, 0xae, 0x01, 0xaf, 0x01, 0xcf,
    0x01, 0xcf, 0x01, 0xaf, 0x01, 0xae, 0x09, 0xad, 0x09, 0x8c, 0x09, 0x4a, 0x00, 0x66, 0x08, 0x65,
    0x08, 0x65, 0x08, 0x65, 0x08, 0x65, 0x08, 0x65, 0x08, 0x65, 0x08, 0x65, 0x08, 0x65, 0x08, 0x65,
    0x08, 0x65, 0x08, 0x65, 0x08, 0x65, 0x08, 0x65, 0x08, 0x65, 0x08, 0x65, 0x08, 0x65, 0x08, 0x65,
    0x08, 0x65, 0x08, 0x65, 0x08, 0x65, 0x08, 0x65, 0x08, 0x65, 0x08, 0x65, 0x08, 0x85, 0x08, 0x65,
    0x08, 0x65, 0x08, 0x65, 0x08, 0x65, 0x08, 0x45, 0x08, 0x45, 0x10, 0xa7, 0x29, 0x6b, 0x10, 0xc8,
    0x08, 0x46, 0x08, 0x46, 0x08, 0x66, 0x08, 0x65, 0x08, 0x65, 0x08, 0x64, 0x08, 0x65, 0x08, 0x65,
    0x08, 0x65, 0x08, 0x65, 0x08, 0x65, 0x08, 0x65, 0x08, 0x65, 0x08, 0x65, 0x08, 0x65, 0x08, 0x65,
    0x08, 0x65, 0x08, 0x65, 0x08, 0x65, 0x08, 0x65, 0x08, 0x65, 0x08, 0x65, 0x08, 0x65, 0x08, 0x65,
    0x08, 0x65, 0x08, 0x65, 0x08, 0x65, 0x08, 0x65, 0x08, 0x65, 0x08, 0x65, 0x00, 0x44, 0x18, 0xe7,
    0x08, 0x65, 0x08, 0x65, 0x08, 0x65, 0x08, 0x65, 0x08, 0x65, 0x08, 0x65, 0x08, 0x65, 0x08, 0x65,
    0x08, 0x65, 0x08, 0x65, 0x08, 0x65, 0x08, 0x65, 0x08, 0x65, 0x08, 0x65, 0x08, 0x65, 0x08, 0x65,
    0x08, 0x65, 0x08, 0x65, 0x08, 0x65, 0x08, 0x65, 0x08, 0x65, 0x08, 0x65, 0x08, 0x65, 0x08, 0x65,
    0x08, 0x65, 0x08, 0x65, 0x08, 0x65, 0x08, 0x65, 0x08, 0x65, 0x08, 0x65, 0x08, 0x65, 0x08, 0x65,
    0x08, 0x65, 0x08, 0x65, 0x08, 0x65, 0x08, 0x65, 0x08, 0x65, 0x08, 0x65, 0x08, 0x65, 0x08, 0x65,
    0x08, 0x65, 0x08, 0x65, 0x08, 0x65, 0x08, 0x65, 0x08, 0x65, 0x08, 0x65, 0x08, 0x85, 0x08, 0x85,
    0x08, 0x85, 0x08, 0x85, 0x08, 0x85, 0x08, 0x85, 0x08, 0x85, 0x08, 0x85, 0x08, 0x85, 0x08, 0x85,
    0x08, 0x85, 0x08, 0x85, 0x08, 0x85, 0x08, 0x85, 0x08, 0x85, 0x08, 0x85, 0x08, 0x85, 0x08, 0x85,
    0x08, 0x85, 0x08, 0x85, 0x08, 0x85, 0x08, 0x85, 0x08, 0x85, 0x08, 0x85, 0x08, 0x85, 0x08, 0x85,
    0x08, 0x85, 0x08, 0x85, 0x08, 0x85, 0x08, 0x85, 0x08, 0x85, 0x08, 0x85, 0x08, 0x85, 0x08, 0x85,
    0x08, 0x85, 0x08, 0x85, 0x08, 0x85, 0x08, 0x85, 0x08, 0x85, 0x08, 0x85, 0x08, 0x85, 0x08, 0x85,
    0x08, 0x85, 0x08, 0x85, 0x08, 0x85, 0x08, 0x85, 0x08, 0x85, 0x08, 0x85, 0x08, 0x85, 0x08, 0x85,
    0x08, 0x85, 0x08, 0x85, 0x08, 0x85, 0x08, 0x85, 0x08, 0x85, 0x08, 0x85, 0x08, 0x85, 0x08, 0x85,
    0x08, 0x85, 0x08, 0x85, 0x08, 0x85, 0x08, 0x85, 0x08, 0x85, 0x08, 0x85, 0x08, 0x85, 0x08, 0x85,
    0x08, 0x85, 0x08, 0x85, 0x08, 0x85, 0x08, 0x85, 0x08, 0x85, 0x08, 0x85, 0x08, 0x85, 0x08, 0x85,
    0x08, 0x85, 0x08, 0x85, 0x08, 0x85, 0x08, 0x85, 0x08, 0x85, 0x08, 0x85, 0x08, 0x85, 0x08, 0x85,
    0x08, 0x85, 0x08, 0x85, 0x08, 0x85, 0x08, 0x85, 0x08, 0x85, 0x08, 0x85, 0x08, 0x85, 0x08, 0x85,
    0x08, 0x85, 0x08, 0x85, 0x08, 0x85, 0x08, 0x85, 0x08, 0x85, 0x08, 0x85, 0x08, 0x85, 0x08, 0x85,
    0x08, 0x85, 0x08, 0x85, 0x08, 0x85, 0x08, 0x85, 0x08, 0x85, 0x08, 0x85, 0x08, 0x85, 0x08, 0x85,
    0x08, 0x85, 0x08, 0x85, 0x08, 0x85, 0x08, 0x85, 0x08, 0x85, 0x08, 0x85, 0x08, 0x85, 0x08, 0x85,
    0x08, 0x85, 0x08, 0x85, 0x08, 0x85, 0x08, 0x85, 0x08, 0x85, 0x08, 0x85, 0x08, 0x85, 0x08, 0x85,
    0x08, 0x85, 0x08, 0x85, 0x08, 0x85, 0x08, 0x85, 0x08, 0x85, 0x08, 0x86, 0x08, 0x66, 0x00, 0x05,
    0x08, 0x66, 0x31, 0xcc, 0x21, 0x49, 0x00, 0x04, 0x08, 0x66, 0x08, 0x86, 0x08, 0x85, 0x08, 0x85,
    0x08, 0x85, 0x08, 0x85, 0x08, 0x65, 0x08, 0x65, 0x08, 0x85, 0x08, 0x85, 0x08, 0x84, 0x08, 0x84,
    0x08, 0x84, 0x08, 0x65, 0x08, 0x65, 0x08, 0x65, 0x00, 0x65, 0x00, 0x66, 0x00, 0xa7, 0x00, 0xe9,
    0x09, 0x6b, 0x11, 0xad, 0x09, 0xce, 0x01, 0xce, 0x01, 0xce, 0x01, 0xce, 0x01, 0xce, 0x01, 0xce,
    0x01, 0xce, 0x01, 0xce, 0x01, 0xce, 0x01, 0xce, 0x01, 0xce, 0x01, 0xce, 0x01, 0xae, 0x01, 0xae,
    0x01, 0xce, 0x01, 0xce, 0x01, 0xce, 0x01, 0xce, 0x01, 0xce, 0x01, 0xce, 0x01, 0xce, 0x01, 0xce,
    0x01, 0xce, 0x01, 0xce, 0x01, 0xce, 0x01, 0xce, 0x01, 0xce, 0x01, 0xce, 0x01, 0xce, 0x01, 0xce,
    0x01, 0xce, 0x01, 0xce, 0x01, 0xce, 0x01, 0xce, 0x01, 0xce, 0x01, 0xcf, 0x01, 0xcf, 0x01, 0xcf,
    0x01, 0xae, 0x09, 0xae, 0x09, 0xae, 0x09, 0xae, 0x09, 0xae, 0x01, 0xae, 0x01, 0xcf, 0x01, 0xcf,
    0x01, 0xcf, 0x01, 0xcf, 0x09, 0xce, 0x09, 0xad, 0x09, 0x4b, 0x08, 0xe9, 0x00, 0x65, 0x08, 0x65,
    0x08, 0x65, 0x08, 0x65, 0x08, 0x65, 0x08, 0x65, 0x08, 0x65, 0x08, 0x65, 0x08, 0x65, 0x08, 0x65,
    0x08, 0x65, 0x08, 0x65, 0x08, 0x65, 0x08, 0x65, 0x08, 0x65, 0x08, 0x65, 0x08, 0x65, 0x08, 0x65,
    0x08, 0x65, 0x08, 0x65, 0x08, 0x65, 0x08, 0x65, 0x08, 0x65, 0x08, 0x65, 0x08, 0x65, 0x08, 0x65,
    0x08, 0x65, 0x08, 0x85, 0x08, 0x45, 0x08, 0x66, 0x00, 0x04, 0x31, 0xab, 0x21, 0x29, 0x08, 0x66,
    0x08, 0x66, 0x10, 0x86, 0x00, 0x24, 0x00, 0x45, 0x10, 0xa6, 0x00, 0x44, 0x08, 0x65, 0x08, 0x65,
    0x08, 0x65, 0x08, 0x65, 0x08, 0x65, 0x08, 0x65, 0x08, 0x65, 0x08, 0x65, 0x08, 0x65, 0x08, 0x65,
    0x08, 0x65, 0x08, 0x65, 0x08, 0x65, 0x08, 0x65, 0x08, 0x65, 0x08, 0x65, 0x08, 0x65, 0x08, 0x65,
    0x08, 0x65, 0x08, 0x65, 0x08, 0x65, 0x08, 0x65, 0x08, 0x65, 0x08, 0x65, 0x00, 0x44, 0x18, 0xe7,
    0x08, 0x65, 0x08, 0x65, 0x08, 0x65, 0x08, 0x65, 0x08, 0x65, 0x08, 0x65, 0x08, 0x65, 0x08, 0x65,
    0x08, 0x65, 0x08, 0x65, 0x08, 0x65, 0x08, 0x65, 0x08, 0x65, 0x08, 0x65, 0x08, 0x65, 0x08, 0x65,
    0x08, 0x65, 0x08, 0x65, 0x08, 0x65, 0x08, 0x65, 0x08, 0x65, 0x08, 0x65, 0x08, 0x65, 0x08, 0x65,
    0x08, 0x65, 0x08, 0x65, 0x08, 0x65, 0x08, 0x65, 0x08, 0x65, 0x08, 0x65, 0x08, 0x65, 0x08, 0x65,
    0x08, 0x65, 0x08, 0x65, 0x08, 0x65, 0x08, 0x65, 0x08, 0x65, 0x08, 0x65, 0x08, 0x85, 0x08, 0x85,
    0x08, 0x85, 0x08, 0x85, 0x08, 0x85, 0x08, 0x85, 0x08, 0x85, 0x08, 0x85, 0x08, 0x85, 0x08, 0x85,
    0x08, 0x85, 0x08, 0x85, 0x08, 0x85, 0x08, 0x85, 0x08, 0x85, 0x08, 0x85, 0x08, 0x85, 0x08, 0x85,
    0x08, 0x85, 0x08, 0x85, 0x08, 0x85, 0x08, 0x85, 0x08, 0x85, 0x08, 0x85, 0x08, 0x85, 0x08, 0x85,
    0x08, 0x85, 0x08, 0x85, 0x08, 0x85, 0x08, 0x85, 0x08, 0x85, 0x08, 0x85, 0x08, 0x85, 0x08, 0x85,
    0x08, 0x85, 0x08, 0x85, 0x08, 0x85, 0x08, 0x85, 0x08, 0x85, 0x08, 0x85, 0x08, 0x85, 0x08, 0x85,
    0x08, 0x85, 0x08, 0x85, 0x08, 0x85, 0x08, 0x85, 0x08, 0x85, 0x08, 0x85, 0x08, 0x85, 0x08, 0x85,
    0x08, 0x85, 0x08, 0x85, 0x08, 0x85, 0x08, 0x85, 0x08, 0x85, 0x08, 0x85, 0x08, 0x85, 0x08, 0x85,
    0x08, 0x85, 0x08, 0x85, 0x08, 0x85, 0x08, 0x85, 0x08, 0x85, 0x08, 0x85, 0x08, 0x85, 0x08, 0x85,
    0x08, 0x85, 0x08, 0x85, 0x08, 0x85, 0x08, 0x85, 0x08, 0x85, 0x08, 0x85, 0x08, 0x85, 0x08, 0x85,
    0x08, 0x85, 0x08, 0x85, 0x08, 0x85, 0x08, 0x85, 0x08, 0x85, 0x08, 0x85, 0x08, 0x85, 0x08, 0x85,
    0x08, 0x85, 0x08, 0x85, 0x08, 0x85, 0x08, 0x85, 0x08, 0x85, 0x08, 0x85, 0x08, 0x85, 0x08, 0x85,
    0x08, 0x85, 0x08, 0x85, 0x08, 0x85, 0x08, 0x85, 0x08, 0x85, 0x08, 0x85, 0x08, 0x85, 0x08, 0x85,
    0x08, 0x85, 0x08, 0x85, 0x08, 0x85, 0x08, 0x85, 0x08, 0x85, 0x08, 0x85, 0x08, 0x85, 0x08, 0x85,
    0x08, 0x85, 0x08, 0x85, 0x08, 0x85, 0x08, 0x85, 0x08, 0x85, 0x08, 0x85, 0x08, 0x85, 0x08, 0x85,
    0x08, 0x85, 0x08, 0x85, 0x08, 0x85, 0x08, 0x85, 0x08, 0x85, 0x08, 0x85, 0x08, 0x85, 0x08, 0x85,
    0x08, 0x85, 0x08, 0x85, 0x08, 0x85, 0x08, 0x85, 0x08, 0x85, 0x08, 0x85, 0x08, 0x85, 0x08, 0x85,
    0x08, 0x85, 0x08, 0x85, 0x08, 0x85, 0x08, 0x85, 0x08, 0x85, 0x08, 0x86, 0x00, 0x46, 0x10, 0xa7,
    0x00, 0x25, 0x19, 0x09, 0x3a, 0x0d, 0x10, 0xc7, 0x00, 0x04, 0x10, 0xc7, 0x08, 0x86, 0x08, 0x85,
    0x08, 0x85, 0x08, 0x85, 0x08, 0x85, 0x08, 0x65, 0x08, 0x65, 0x08, 0x85, 0x08, 0x85, 0x08, 0x85,
    0x08, 0x85, 0x08, 0x85, 0x08, 0x65, 0x08, 0x65, 0x08, 0x65, 0x00, 0x65, 0x00, 0x86, 0x00, 0xa7,
    0x01, 0x2a, 0x11, 0xac, 0x09, 0xcd, 0x01, 0xce, 0x01, 0xce, 0x01, 0xef, 0x01, 0xce, 0x01, 0xce,
    0x01, 0xce, 0x01, 0xce, 0x01, 0xce, 0x01, 0xce, 0x01, 0xce, 0x01, 0xce, 0x01, 0xae, 0x01, 0xae,
    0x01, 0xce, 0x01, 0xce, 0x01, 0xce, 0x01, 0xce, 0x01, 0xce, 0x01, 0xce, 0x01, 0xce, 0x01, 0xce,
    0x01, 0xce, 0x01, 0xce, 0x01, 0xce, 0x01, 0xce, 0x01, 0xce, 0x01, 0xce, 0x01, 0xce, 0x01, 0xce,
    0x01, 0xce, 0x01, 0xce, 0x01, 0xce, 0x01, 0xce, 0x01, 0xce, 0x01, 0xce, 0x01, 0xcf, 0x01, 0xcf,
    0x01, 0xae, 0x09, 0xae, 0x09, 0xae, 0x09, 0xae, 0x01, 0xce, 0x01, 0xce, 0x01, 0xcf, 0x01, 0xcf,
    0x01, 0xcf, 0x09, 0xce, 0x09, 0xce, 0x09, 0x8c, 0x01, 0x09, 0x00, 0xa7, 0x00, 0x65, 0x08, 0x65,
    0x08, 0x65, 0x08, 0x65, 0x08, 0x65, 0x08, 0x65, 0x08, 0x65, 0x08, 0x65, 0x08, 0x65, 0x08, 0x65,
    0x08, 0x65, 0x08, 0x65, 0x08, 0x65, 0x08, 0x65, 0x08, 0x65, 0x08, 0x65, 0x08, 0x65, 0x08, 0x65,
    0x08, 0x65, 0x08, 0x65, 0x08, 0x65, 0x08, 0x65, 0x08, 0x65, 0x08, 0x65, 0x08, 0x44, 0x08, 0x45,
    0x08, 0x65, 0x10, 0x86, 0x08, 0x45, 0x08, 0x66, 0x10, 0x86, 0x39, 0xec, 0x10, 0xa7, 0x00, 0x45,
    0x08, 0x46, 0x08, 0x86, 0x00, 0x45, 0x08, 0x65, 0x08, 0x85, 0x08, 0x65, 0x08, 0x65, 0x08, 0x65,
    0x08, 0x65, 0x08, 0x65, 0x08, 0x65, 0x08, 0x65, 0x08, 0x65, 0x08, 0x65, 0x08, 0x65, 0x08, 0x65,
    0x08, 0x65, 0x08, 0x65, 0x08, 0x65, 0x08, 0x65, 0x08, 0x65, 0x08, 0x65, 0x08, 0x65, 0x08, 0x65,
    0x08, 0x65, 0x08, 0x65, 0x08, 0x65, 0x08, 0x65, 0x08, 0x65, 0x08, 0x65, 0x00, 0x44, 0x18, 0xe7,
    0x08, 0x65, 0x08, 0x65, 0x08, 0x65, 0x08, 0x65, 0x08, 0x65, 0x08, 0x65, 0x08, 0x65, 0x08, 0x65,
    0x08, 0x65, 0x08, 0x65, 0x08, 0x65, 0x08, 0x65, 0x08, 0x65, 0x08, 0x65, 0x08, 0x65, 0x08, 0x65,
    0x08, 0x65, 0x08, 0x65, 0x08, 0x65, 0x08, 0x65, 0x08, 0x65, 0x08, 0x65, 0x08, 0x65, 0x08, 0x65,
    0x08, 0x65, 0x08, 0x65, 0x08, 0x65, 0x08, 0x65, 0x08, 0x65, 0x08, 0x65, 0x08, 0x65, 0x08, 0x65,
    0x08, 0x65, 0x08, 0x65, 0x08, 0x65, 0x08, 0x65, 0x08, 0x65, 0x08, 0x65, 0x08, 0x85, 0x08, 0x85,
    0x08, 0x85, 0x08, 0x85, 0x08, 0x85, 0x08, 0x85, 0x08, 0x85, 0x08, 0x85, 0x08, 0x85, 0x08, 0x85,
    0x08, 0x85, 0x08, 0x85, 0x08, 0x85, 0x08, 0x85, 0x08, 0x85, 0x08, 0x85, 0x08, 0x85, 0x08, 0x85,
    0x08, 0x85, 0x08, 0x85, 0x08, 0x85, 0x08, 0x85, 0x08, 0x85, 0x08, 0x85, 0x08, 0x85, 0x08, 0x85,
    0x08, 0x85, 0x08, 0x85, 0x08, 0x85, 0x08, 0x85, 0x08, 0x85, 0x08, 0x85, 0x08, 0x85, 0x08, 0x85,
    0x08, 0x85, 0x08, 0x85, 0x08, 0x85, 0x08, 0x85, 0x08, 0x85, 0x08, 0x85, 0x08, 0x85, 0x08, 0x85,
    0x08, 0x85, 0x08, 0x85, 0x08, 0x85, 0x08, 0x85, 0x08, 0x85, 0x08, 0x85, 0x08, 0x85, 0x08, 0x85,
    0x08, 0x85, 0x08, 0x85, 0x08, 0x85, 0x08, 0x85, 0x08, 0x85, 0x08, 0x85, 0x08, 0x85, 0x08, 0x85,
    0x08, 0x85, 0x08, 0x85, 0x08, 0x85, 0x08, 0x85, 0x08, 0x85, 0x08, 0x85, 0x08, 0x85, 0x08, 0x85,
    0x08, 0x85, 0x08, 0x85, 0x08, 0x85, 0x08, 0x85, 0x08, 0x85, 0x08, 0x85, 0x08, 0x85, 0x08, 0x85,
    0x08, 0x85, 0x08, 0x85, 0x08, 0x85, 0x08, 0x85, 0x08, 0x85, 0x08, 0x85, 0x08, 0x85, 0x08, 0x85,
    0x08, 0x85, 0x08, 0x85, 0x08, 0x85, 0x08, 0x85, 0x08, 0x85, 0x08, 0x85, 0x08, 0x85, 0x08, 0x85,
    0x08, 0x85, 0x08, 0x85, 0x08, 0x85, 0x08, 0x85, 0x08, 0x85, 0x08, 0x85, 0x08, 0x85, 0x08, 0x85,
    0x08, 0x85, 0x08, 0x85, 0x08, 0x85, 0x08, 0x85, 0x08, 0x85, 0x08, 0x85, 0x08, 0x85, 0x08, 0x85,
    0x08, 0x85, 0x08, 0x85, 0x08, 0x85, 0x08, 0x85, 0x08, 0x85, 0x08, 0x85, 0x08, 0x85, 0x08, 0x85,
    0x08, 0x85, 0x08, 0x85, 0x08, 0x85, 0x08, 0x85, 0x08, 0x85, 0x08, 0x85, 0x08, 0x85, 0x08, 0x85,
    0x08, 0x85, 0x08, 0x85, 0x08, 0x85, 0x08, 0x85, 0x08, 0x85, 0x08, 0x85, 0x08, 0x85, 0x08, 0x85,
    0x08, 0x85, 0x08, 0x85, 0x08, 0x85, 0x08, 0x85, 0x08, 0x85, 0x08, 0x86, 0x08, 0x66, 0x10, 0xa7,
    0x00, 0x25, 0x00, 0x25, 0x31, 0xab, 0x29, 0x8b, 0x00, 0x24, 0x08, 0x65, 0x08, 0x86, 0x08, 0x86,
    0x08, 0x86, 0x08, 0x85, 0x08, 0x85, 0x08, 0x85, 0x08, 0x85, 0x08, 0x85, 0x08, 0x85, 0x08, 0x85,
    0x08, 0x85, 0x08, 0x85, 0x08, 0x85, 0x08, 0x65, 0x08, 0x65, 0x08, 0x65, 0x00, 0x65, 0x00, 0x66,
    0x00, 0xc8, 0x09, 0x6b, 0x09, 0xcd, 0x01, 0xce, 0x01, 0xce, 0x01, 0xef, 0x01, 0xce, 0x01, 0xce,
    0x01, 0xce, 0x01, 0xce, 0x01, 0xce, 0x01, 0xce, 0x01, 0xce, 0x01, 0xce, 0x01, 0xce, 0x01, 0xce,
    0x01, 0xce, 0x01, 0xce, 0x01, 0xce, 0x01, 0xce, 0x01, 0xce, 0x01, 0xce, 0x01, 0xce, 0x01, 0xce,
    0x01, 0xce, 0x01, 0xce, 0x01, 0xce, 0x01, 0xce, 0x01, 0xce, 0x01, 0xce, 0x01, 0xce, 0x01, 0xce,
    0x01, 0xce, 0x01, 0xce, 0x01, 0xce, 0x01, 0xce, 0x01, 0xce, 0x01, 0xce, 0x01, 0xce, 0x01, 0xce,
    0x01, 0xae, 0x01, 0xae, 0x01, 0xce, 0x01, 0xce, 0x01, 0xce, 0x01, 0xcf, 0x01, 0xcf, 0x01, 0xaf,
    0x01, 0xce, 0x09, 0xce, 0x11, 0xad, 0x09, 0x4a, 0x00, 0xc8, 0x00, 0x65, 0x08, 0x65, 0x08, 0x65,
    0x08, 0x65, 0x08, 0x65, 0x08, 0x65, 0x08, 0x65, 0x08, 0x65, 0x08, 0x65, 0x08, 0x65, 0x08, 0x65,
    0x08, 0x65, 0x08, 0x65, 0x08, 0x65, 0x08, 0x65, 0x08, 0x65, 0x08, 0x65, 0x08, 0x65, 0x08, 0x65,
    0x08, 0x65, 0x08, 0x65, 0x08, 0x65, 0x08, 0x65, 0x08, 0x65, 0x08, 0x65, 0x08, 0x65, 0x00, 0x44,
    0x08, 0x65, 0x08, 0x66, 0x08, 0x66, 0x08, 0x66, 0x29, 0x6a, 0x29, 0x4a, 0x08, 0x46, 0x08, 0x86,
    0x00, 0x45, 0x00, 0x45, 0x08, 0x86, 0x08, 0x65, 0x00, 0x44, 0x10, 0xa5, 0x08, 0x65, 0x08, 0x84,
    0x08, 0x84, 0x08, 0x84, 0x08, 0x65, 0x08, 0x65, 0x08, 0x65, 0x08, 0x65, 0x08, 0x65, 0x08, 0x65,
    0x08, 0x65, 0x08, 0x65, 0x08, 0x65, 0x08, 0x65, 0x08, 0x65, 0x08, 0x65, 0x08, 0x65, 0x08, 0x65,
    0x08, 0x65, 0x08, 0x65, 0x08, 0x65, 0x08, 0x65, 0x08, 0x65, 0x08, 0x65, 0x00, 0x44, 0x18, 0xe7,
    0x08, 0x65, 0x08, 0x65, 0x08, 0x65, 0x08, 0x65, 0x08, 0x65, 0x08, 0x65, 0x08, 0x65, 0x08, 0x65,
    0x08, 0x65, 0x08, 0x65, 0x08, 0x65, 0x08, 0x65, 0x08, 0x65, 0x08, 0x65, 0x08, 0x65, 0x08, 0x65,
    0x08, 0x65, 0x08, 0x65, 0x08, 0x65, 0x08, 0x65, 0x08, 0x65, 0x08, 0x65, 0x08, 0x65, 0x08, 0x65,
    0x08, 0x65, 0x08, 0x65, 0x08, 0x65, 0x08, 0x65, 0x08, 0x65, 0x08, 0x65, 0x08, 0x85, 0x08, 0x85,
    0x08, 0x85, 0x08, 0x85, 0x08, 0x85, 0x08, 0x85, 0x08, 0x85, 0x08, 0x85, 0x08, 0x85, 0x08, 0x85,
    0x08, 0x85, 0x08, 0x85, 0x08, 0x85, 0x08, 0x85, 0x08, 0x85, 0x08, 0x85, 0x08, 0x85, 0x08, 0x85,
    0x08, 0x85, 0x08, 0x85, 0x08, 0x85, 0x08, 0x85, 0x08, 0x85, 0x08, 0x85, 0x08, 0x85, 0x08, 0x85,
    0x08, 0x85, 0x08, 0x85, 0x08, 0x85, 0x08, 0x85, 0x08, 0x85, 0x08, 0x85, 0x08, 0x85, 0x08, 0x85,
    0x08, 0x85, 0x08, 0x85, 0x08, 0x85, 0x08, 0x85, 0x08, 0x85, 0x08, 0x85, 0x08, 0x85, 0x08, 0x85,
    0x08, 0x85, 0x08, 0x85, 0x08, 0x85, 0x08, 0x85, 0x08, 0x85, 0x08, 0x85, 0x08, 0x85, 0x08, 0x85,
    0x08, 0x85, 0x08, 0x85, 0x08, 0x85, 0x08, 0x85, 0x08, 0x85, 0x08, 0x85, 0x08, 0x85, 0x08, 0x85,
    0x08, 0x85, 0x08, 0x85, 0x08, 0x85, 0x08, 0x85, 0x08, 0x85, 0x08, 0x85, 0x08, 0x85, 0x08, 0x85,
    0x08, 0x85, 0x08, 0x85, 0x08, 0x85, 0x08, 0x85, 0x08, 0x85, 0x08, 0x85, 0x08, 0x85, 0x08, 0x85,
    0x08, 0x85, 0x08, 0x85, 0x08, 0x85, 0x08, 0x85, 0x08, 0x85, 0x08, 0x85, 0x08, 0x85, 0x08, 0x85,
    0x08, 0x85, 0x08, 0x85, 0x08, 0x85, 0x08, 0x85, 0x08, 0x85, 0x08, 0x85, 0x08, 0x85, 0x08, 0x85,
    0x08, 0x85, 0x08, 0x85, 0x08, 0x85, 0x08, 0x85, 0x08, 0x85, 0x08, 0x85, 0x08, 0x85, 0x08, 0x85,
    0x08, 0x85, 0x08, 0x85, 0x08, 0x85, 0x08, 0x85, 0x08, 0x85, 0x08, 0x85, 0x08, 0x85, 0x08, 0x85,
    0x08, 0x85, 0x08, 0x85, 0x08, 0x85, 0x08, 0x85, 0x08, 0x85, 0x08, 0x85, 0x08, 0x85, 0x08, 0x85,
    0x08, 0x85, 0x08, 0x85, 0x08, 0x85, 0x08, 0x85, 0x08, 0x85, 0x08, 0x85, 0x08, 0x85, 0x08, 0x85,
    0x08, 0x85, 0x08, 0x85, 0x08, 0x85, 0x08, 0x85, 0x08, 0x85, 0x08, 0x85, 0x08, 0x85, 0x08, 0x85,
    0x08, 0x85, 0x08, 0x85, 0x08, 0x85, 0x08, 0x85, 0x08, 0x85, 0x08, 0x85, 0x08, 0x85, 0x08, 0x85,
    0x08, 0x85, 0x08, 0x85, 0x08, 0x85, 0x08, 0x85, 0x08, 0x85, 0x08, 0x86, 0x10, 0xc7, 0x00, 0x25,
    0x08, 0x86, 0x00, 0x25, 0x08, 0x87, 0x31, 0xcb, 0x19, 0x08, 0x00, 0x04, 0x08, 0x86, 0x08, 0x86,
    0x08, 0x86, 0x08, 0x86, 0x08, 0x86, 0x08, 0x85, 0x08, 0x85, 0x08, 0x85, 0x08, 0x86, 0x00, 0xa6,
    0x08, 0x85, 0x08, 0x85, 0x08, 0x85, 0x08, 0x64, 0x08, 0x64, 0x08, 0x64, 0x00, 0x65, 0x00, 0x65,
    0x00, 0xa7, 0x01, 0x2a, 0x09, 0x8c, 0x01, 0xad, 0x01, 0xce, 0x01, 0xce, 0x01, 0xce, 0x01, 0xce,
    0x01, 0xce, 0x01, 0xce, 0x01, 0xce, 0x01, 0xce, 0x01, 0xce, 0x01, 0xce, 0x01, 0xce, 0x01, 0xce,
    0x01, 0xce, 0x01, 0xce, 0x01, 0xce, 0x01, 0xce, 0x01, 0xce, 0x01, 0xce, 0x01, 0xce, 0x01, 0xce,
    0x01, 0xce, 0x01, 0xce, 0x01, 0xce, 0x01, 0xce, 0x01, 0xce, 0x01, 0xce, 0x01, 0xce, 0x01, 0xce,
    0x01, 0xce, 0x01, 0xce, 0x01, 0xce, 0x01, 0xce, 0x01, 0xce, 0x01, 0xce, 0x01, 0xce, 0x01, 0xae,
    0x01, 0xae, 0x01, 0xce, 0x01, 0xce, 0x01, 0xcf, 0x01, 0xcf, 0x01, 0xcf, 0x01, 0xcf, 0x01, 0xaf,
    0x09, 0xae, 0x09, 0x8d, 0x09, 0x6b, 0x08, 0xe8, 0x00, 0x86, 0x00, 0x45, 0x08, 0x65, 0x08, 0x65,
    0x08, 0x65, 0x08, 0x65, 0x08, 0x65, 0x08, 0x65, 0x08, 0x65, 0x08, 0x65, 0x08, 0x65, 0x08, 0x65,
    0x08, 0x65, 0x08, 0x65, 0x08, 0x65, 0x08, 0x65, 0x08, 0x65, 0x08, 0x65, 0x08, 0x65, 0x08, 0x65,
    0x08, 0x65, 0x08, 0x65, 0x08, 0x65, 0x08, 0x65, 0x08, 0x65, 0x08, 0x65, 0x08, 0x65, 0x00, 0x45,
    0x08, 0x65, 0x08, 0x65, 0x10, 0x87, 0x10, 0x87, 0x31, 0xab, 0x08, 0x66, 0x00, 0x45, 0x10, 0xa6,
    0x08, 0x65, 0x00, 0x24, 0x10, 0xa6, 0x08, 0x65, 0x00, 0x23, 0x08, 0x85, 0x08, 0x84, 0x08, 0x84,
    0x08, 0x84, 0x08, 0x84, 0x08, 0x65, 0x08, 0x65, 0x08, 0x65, 0x08, 0x65, 0x08, 0x65, 0x08, 0x65,
    0x08, 0x65, 0x08, 0x65, 0x08, 0x65, 0x08, 0x65, 0x08, 0x65, 0x08, 0x65, 0x08, 0x65, 0x08, 0x65,
    0x08, 0x65, 0x08, 0x65, 0x08, 0x65, 0x08, 0x65, 0x08, 0x65, 0x08, 0x65, 0x00, 0x44, 0x18, 0xe7,
    0x08, 0x65, 0x08, 0x65, 0x08, 0x65, 0x08, 0x65, 0x08, 0x65, 0x08, 0x65, 0x08, 0x65, 0x08, 0x65,
    0x08, 0x65, 0x08, 0x65, 0x08, 0x65, 0x08, 0x65, 0x08, 0x65, 0x08, 0x65, 0x08, 0x65, 0x08, 0x65,
    0x08, 0x65, 0x08, 0x65, 0x08, 0x65, 0x08, 0x65, 0x08, 0x65, 0x08, 0x65, 0x08, 0x65, 0x08, 0x65,
    0x08, 0x65, 0x08, 0x65, 0x08, 0x65, 0x08, 0x65, 0x08, 0x65, 0x08, 0x65, 0x08, 0x85, 0x08, 0x85,
    0x08, 0x85, 0x08, 0x85, 0x08, 0x85, 0x08, 0x85, 0x08, 0x85, 0x08, 0x85, 0x08, 0x85, 0x08, 0x85,
    0x08, 0x85, 0x08, 0x85, 0x08, 0x85, 0x08, 0x85, 0x08, 0x85, 0x08, 0x85, 0x08, 0x85, 0x08, 0x85,
    0x08, 0x85, 0x08, 0x85, 0x08, 0x85, 0x08, 0x85, 0x08, 0x85, 0x08, 0x85, 0x08, 0x85, 0x08, 0x85,
    0x08, 0x85, 0x08, 0x85, 0x08, 0x85, 0x08, 0x85, 0x08, 0x85, 0x08, 0x85, 0x08, 0x85, 0x08, 0x85,
    0x08, 0x85, 0x08, 0x85, 0x08, 0x85, 0x08, 0x85, 0x08, 0x85, 0x08, 0x85, 0x08, 0x85, 0x08, 0x85,
    0x08, 0x85, 0x08, 0x85, 0x08, 0x85, 0x08, 0x85, 0x08, 0x85, 0x08, 0x85, 0x08, 0x85, 0x08, 0x85,
    0x08, 0x85, 0x08, 0x85, 0x08, 0x85, 0x08, 0x85, 0x08, 0x85, 0x08, 0x85, 0x08, 0x85, 0x08, 0x85,
    0x08, 0x85, 0x08, 0x85, 0x08, 0x85, 0x08, 0x85, 0x08, 0x85, 0x08, 0x85, 0x08, 0x85, 0x08, 0x85,
    0x08, 0x85, 0x08, 0x85, 0x08, 0x85, 0x08, 0x85, 0x08, 0x85, 0x08, 0x85, 0x08, 0x85, 0x08, 0x85,
    0x08, 0x85, 0x08, 0x85, 0x08, 0x85, 0x08, 0x85, 0x08, 0x85, 0x08, 0x85, 0x08, 0x85, 0x08, 0x85,
    0x08, 0x85, 0x08, 0x85, 0x08, 0x85, 0x08, 0x85, 0x08, 0x85, 0x08, 0x85, 0x08, 0x85, 0x08, 0x85,
    0x08, 0x85, 0x08, 0x85, 0x08, 0x85, 0x08, 0x85, 0x08, 0x85, 0x08, 0x85, 0x08, 0x85, 0x08, 0x85,
    0x08, 0x85, 0x08, 0x85, 0x08, 0x85, 0x08, 0x85, 0x08, 0x85, 0x08, 0x85, 0x08, 0x85, 0x08, 0x85,
    0x08, 0x85, 0x08, 0x85, 0x08, 0x85, 0x08, 0x85, 0x08, 0x85, 0x08, 0x85, 0x08, 0x85, 0x08, 0x85,
    0x08, 0x85, 0x08, 0x85, 0x08, 0x85, 0x08, 0x85, 0x08, 0x85, 0x08, 0x85, 0x08, 0x85, 0x08, 0x85,
    0x08, 0x85, 0x08, 0x85, 0x08, 0x85, 0x08, 0x85, 0x08, 0x85, 0x08, 0x85, 0x08, 0x85, 0x08, 0x85,
    0x08, 0x85, 0x08, 0x85, 0x08, 0x85, 0x08, 0x85, 0x08, 0x85, 0x08, 0x85, 0x08, 0x85, 0x08, 0x85,
    0x08, 0x85, 0x08, 0x85, 0x08, 0x85, 0x08, 0x85, 0x08, 0x85, 0x08, 0x86, 0x10, 0xc7, 0x00, 0x25,
    0x10, 0xa7, 0x08, 0x86, 0x00, 0x25, 0x21, 0x49, 0x31, 0xcb, 0x08, 0x66, 0x08, 0x86, 0x08, 0x86,
    0x08, 0x86, 0x08, 0x86, 0x08, 0x86, 0x08, 0x85, 0x08, 0x85, 0x08, 0x86, 0x00, 0x86, 0x00, 0xa6,
    0x08, 0xa6, 0x08, 0x85, 0x08, 0x85, 0x08, 0x84, 0x10, 0x64, 0x08, 0x64, 0x08, 0x64, 0x00, 0x65,
    0x00, 0x86, 0x00, 0xe8, 0x01, 0x4b, 0x09, 0xad, 0x01, 0xce, 0x01, 0xce, 0x01, 0xce, 0x01, 0xce,
    0x01, 0xce, 0x01, 0xce, 0x01, 0xce, 0x01, 0xce, 0x01, 0xce, 0x01, 0xce, 0x01, 0xce, 0x01, 0xce,
    0x01, 0xce, 0x01, 0xce, 0x01, 0xce, 0x01, 0xce, 0x01, 0xce, 0x01, 0xce, 0x01, 0xce, 0x01, 0xce,
    0x01, 0xce, 0x01, 0xce, 0x01, 0xce, 0x01, 0xce, 0x01, 0xce, 0x01, 0xce, 0x01, 0xce, 0x01, 0xce,
    0x01, 0xce, 0x01, 0xce, 0x01, 0xce, 0x01, 0xce, 0x01, 0xce, 0x01, 0xce, 0x01, 0xae, 0x01, 0xae,
    0x01, 0xae, 0x01, 0xce, 0x01, 0xcf, 0x01, 0xcf, 0x01, 0xcf, 0x01, 0xcf, 0x01, 0xcf, 0x01, 0xae,
    0x09, 0x8d, 0x09, 0x6c, 0x09, 0x09, 0x00, 0xa7, 0x00, 0x45, 0x00, 0x44, 0x08, 0x65, 0x08, 0x65,
    0x08, 0x65, 0x08, 0x65, 0x08, 0x65, 0x08, 0x65, 0x08, 0x85, 0x08, 0x85, 0x08, 0x65, 0x08, 0x65,
    0x08, 0x65, 0x08, 0x65, 0x08, 0x65, 0x08, 0x65, 0x08, 0x65, 0x08, 0x85, 0x08, 0x65, 0x08, 0x65,
    0x08, 0x65, 0x08, 0x65, 0x08, 0x65, 0x08, 0x65, 0x08, 0x65, 0x08, 0x65, 0x08, 0x65, 0x08, 0x65,
    0x00, 0x45, 0x00, 0x45, 0x10, 0xc8, 0x21, 0x29, 0x19, 0x09, 0x00, 0x05, 0x08, 0x65, 0x08, 0x85,
    0x08, 0x65, 0x08, 0x65, 0x08, 0x85, 0x08, 0x85, 0x08, 0x64, 0x08, 0x64, 0x08, 0x84, 0x08, 0x84,
    0x08, 0x84, 0x08, 0x84, 0x08, 0x84, 0x08, 0x84, 0x08, 0x84, 0x08, 0x65, 0x08, 0x65, 0x08, 0x65,
    0x08, 0x65, 0x08, 0x65, 0x08, 0x65, 0x08, 0x65, 0x08, 0x65, 0x08, 0x65, 0x08, 0x65, 0x08, 0x65,
    0x08, 0x65, 0x08, 0x65, 0x08, 0x65, 0x08, 0x65, 0x08, 0x65, 0x08, 0x65, 0x00, 0x44, 0x18, 0xe7,
    0x08, 0x65, 0x08, 0x65, 0x08, 0x65, 0x08, 0x65, 0x08, 0x65, 0x08, 0x65, 0x08, 0x65, 0x08, 0x65,
    0x08, 0x65, 0x08, 0x65, 0x08, 0x65, 0x08, 0x65, 0x08, 0x65, 0x08, 0x65, 0x08, 0x65, 0x08, 0x65,
    0x08, 0x65, 0x08, 0x65, 0x08, 0x65, 0x08, 0x65, 0x08, 0x65, 0x08, 0x65, 0x08, 0x65, 0x08, 0x65,
    0x08, 0x65, 0x08, 0x65, 0x08, 0x65, 0x08, 0x65, 0x08, 0x65, 0x08, 0x65, 0x08, 0x85, 0x08, 0x85,
    0x08, 0x85, 0x08, 0x85, 0x08, 0x85, 0x08, 0x85, 0x08, 0x85, 0x08, 0x85, 0x08, 0x85, 0x08, 0x85,
    0x08, 0x85, 0x08, 0x85, 0x08, 0x85, 0x08, 0x85, 0x08, 0x85, 0x08, 0x85, 0x08, 0x85, 0x08, 0x85,
    0x08, 0x85, 0x08, 0x85, 0x08, 0x85, 0x08, 0x85, 0x08, 0x85, 0x08, 0x85, 0x08, 0x85, 0x08, 0x85,
    0x08, 0x85, 0x08, 0x85, 0x08, 0x85, 0x08, 0x85, 0x08, 0x85, 0x08, 0x85, 0x08, 0x85, 0x08, 0x85,
    0x08, 0x85, 0x08, 0x85, 0x08, 0x85, 0x08, 0x85, 0x08, 0x85, 0x08, 0x85, 0x08, 0x85, 0x08, 0x85,
    0x08, 0x85, 0x08, 0x85, 0x08, 0x85, 0x08, 0x85, 0x08, 0x85, 0x08, 0x85, 0x08, 0x85, 0x08, 0x85,
    0x08, 0x85, 0x08, 0x85, 0x08, 0x85, 0x08, 0x85, 0x08, 0x85, 0x08, 0x85, 0x08, 0x85, 0x08, 0x85,
    0x08, 0x85, 0x08, 0x85, 0x08, 0x85, 0x08, 0x85, 0x08, 0x85, 0x08, 0x85, 0x08, 0x85, 0x08, 0x85,
    0x08, 0x85, 0x08, 0x85, 0x08, 0x85, 0x08, 0x85, 0x08, 0x85, 0x08, 0x85, 0x08, 0x85, 0x08, 0x85,
    0x08, 0x85, 0x08, 0x85, 0x08, 0x85, 0x08, 0x85, 0x08, 0x85, 0x08, 0x85, 0x08, 0x85, 0x08, 0x85,
    0x08, 0x85, 0x08, 0x85, 0x08, 0x85, 0x08, 0x85, 0x08, 0x85, 0x08, 0x85, 0x08, 0x85, 0x08, 0x85,
    0x08, 0x85, 0x08, 0x85, 0x08, 0x85, 0x08, 0x85, 0x08, 0x85, 0x08, 0x85, 0x08, 0x85, 0x08, 0x85,
    0x08, 0x85, 0x08, 0x85, 0x08, 0x85, 0x08, 0x85, 0x08, 0x85, 0x08, 0x85, 0x08, 0x85, 0x08, 0x85,
    0x08, 0x85, 0x08, 0x85, 0x08, 0x85, 0x08, 0x85, 0x08, 0x85, 0x08, 0x85, 0x08, 0x85, 0x08, 0x85,
    0x08, 0x85, 0x08, 0x85, 0x08, 0x85, 0x08, 0x85, 0x08, 0x85, 0x08, 0x85, 0x08, 0x85, 0x08, 0x85,
    0x08, 0x85, 0x08, 0x85, 0x08, 0x85, 0x08, 0x85, 0x08, 0x85, 0x08, 0x85, 0x08, 0x85, 0x08, 0x85,
    0x08, 0x85, 0x08, 0x85, 0x08, 0x85, 0x08, 0x85, 0x08, 0x85, 0x08, 0x85, 0x08, 0x85, 0x08, 0x85,
    0x08, 0x85, 0x08, 0x85, 0x08, 0x85, 0x08, 0x85, 0x08, 0x85, 0x08, 0x85, 0x00, 0x45, 0x08, 0xa6,
    0x08, 0x66, 0x08, 0x86, 0x00, 0x66, 0x10, 0xc7, 0x29, 0xab, 0x19, 0x08, 0x08, 0x66, 0x08, 0x66,
    0x08, 0x66, 0x08, 0x66, 0x08, 0x86, 0x08, 0x86, 0x08, 0x86, 0x08, 0x86, 0x00, 0x86, 0x00, 0xa6,
    0x08, 0xa6, 0x08, 0x85, 0x08, 0x85, 0x10, 0x64, 0x10, 0x64, 0x10, 0x64, 0x08, 0x64, 0x00, 0x64,
    0x00, 0x65, 0x00, 0xa7, 0x01, 0x2a, 0x09, 0xac, 0x09, 0xce, 0x01, 0xae, 0x01, 0xce, 0x01, 0xce,
    0x01, 0xce, 0x01, 0xce, 0x01, 0xce, 0x01, 0xce, 0x01, 0xce, 0x01, 0xce, 0x01, 0xce, 0x01, 0xce,
    0x01, 0xce, 0x01, 0xce, 0x01, 0xce, 0x01, 0xce, 0x01, 0xce, 0x01, 0xce, 0x01, 0xce, 0x01, 0xce,
    0x01, 0xce, 0x01, 0xce, 0x01, 0xce, 0x01, 0xce, 0x01, 0xce, 0x01, 0xce, 0x01, 0xce, 0x01, 0xce,
    0x01, 0xce, 0x01, 0xce, 0x01, 0xce, 0x01, 0xce, 0x01, 0xce, 0x01, 0xce, 0x01, 0xce, 0x01, 0xce,
    0x01, 0xce, 0x01, 0xcf, 0x01, 0xcf, 0x01, 0xcf, 0x01, 0xcf, 0x01, 0xcf, 0x01, 0xcf, 0x09, 0xae,
    0x09, 0x8d, 0x09, 0x4b, 0x08, 0xe9, 0x00, 0x66, 0x00, 0x24, 0x08, 0x44, 0x08, 0x65, 0x08, 0x65,
    0x08, 0x65, 0x08, 0x65, 0x08, 0x65, 0x08, 0x85, 0x08, 0x85, 0x08, 0x85, 0x08, 0x65, 0x08, 0x65,
    0x08, 0x65, 0x08, 0x65, 0x08, 0x65, 0x08, 0x65, 0x08, 0x65, 0x08, 0x85, 0x08, 0x65, 0x08, 0x84,
    0x08, 0x65, 0x08, 0x65, 0x08, 0x65, 0x08, 0x65, 0x08, 0x65, 0x08, 0x65, 0x08, 0x45, 0x08, 0x66,
    0x00, 0x25, 0x08, 0x46, 0x19, 0x09, 0x31, 0xcc, 0x08, 0x46, 0x00, 0x45, 0x08, 0x86, 0x00, 0x24,
    0x08, 0x85, 0x10, 0xa6, 0x00, 0x44, 0x08, 0x85, 0x10, 0xc6, 0x00, 0x44, 0x08, 0x65, 0x08, 0x84,
    0x08, 0x84, 0x08, 0x84, 0x08, 0x84, 0x08, 0x84, 0x08, 0x84, 0x08, 0x84, 0x08, 0x65, 0x08, 0x65,
    0x08, 0x65, 0x08, 0x65, 0x08, 0x65, 0x08, 0x65, 0x08, 0x65, 0x08, 0x65, 0x08, 0x65, 0x08, 0x65,
    0x08, 0x65, 0x08, 0x65, 0x08, 0x65, 0x08, 0x65, 0x08, 0x65, 0x08, 0x65, 0x00, 0x44, 0x18, 0xe7,
    0x08, 0x65, 0x08, 0x65, 0x08, 0x65, 0x08, 0x65, 0x08, 0x65, 0x08, 0x65, 0x08, 0x65, 0x08, 0x65,
    0x08, 0x65, 0x08, 0x65, 0x08, 0x65, 0x08, 0x65, 0x08, 0x65, 0x08, 0x65, 0x08, 0x65, 0x08, 0x65,
    0x08, 0x65, 0x08, 0x65, 0x08, 0x65, 0x08, 0x65, 0x08, 0x65, 0x08, 0x65, 0x08, 0x85, 0x08, 0x85,
    0x08, 0x85, 0x08, 0x85, 0x08, 0x85, 0x08, 0x85, 0x08, 0x85, 0x08, 0x85, 0x08, 0x85, 0x08, 0x85,
    0x08, 0x85, 0x08, 0x85, 0x08, 0x85, 0x08, 0x85, 0x08, 0x85, 0x08, 0x85, 0x08, 0x85, 0x08, 0x85,
    0x08, 0x85, 0x08, 0x85, 0x08, 0x85, 0x08, 0x85, 0x08, 0x85, 0x08, 0x85, 0x08, 0x85, 0x08, 0x85,
    0x08, 0x85, 0x08, 0x85, 0x08, 0x85, 0x08, 0x85, 0x08, 0x85, 0x08, 0x85, 0x08, 0x85, 0x08, 0x85,
    0x08, 0x85, 0x08, 0x85, 0x08, 0x85, 0x08, 0x85, 0x08, 0x85, 0x08, 0x85, 0x08, 0x85, 0x08, 0x85,
    0x08, 0x85, 0x08, 0x85, 0x08, 0x85, 0x08, 0x85, 0x08, 0x85, 0x08, 0x85, 0x08, 0x85, 0x08, 0x85,
    0x08, 0x85, 0x08, 0x85, 0x08, 0x85, 0x08, 0x85, 0x08, 0x85, 0x08, 0x85, 0x08, 0x85, 0x08, 0x85,
    0x08, 0x85, 0x08, 0x85, 0x08, 0x85, 0x08, 0x85, 0x08, 0x85, 0x08, 0x85, 0x08, 0x85, 0x08, 0x85,
    0x08, 0x85, 0x08, 0x85, 0x08, 0x85, 0x08, 0x85, 0x08, 0x85, 0x08, 0x85, 0x08, 0x85, 0x08, 0x85,
    0x08, 0x85, 0x08, 0x85, 0x08, 0x85, 0x08, 0x85, 0x08, 0x85, 0x08, 0x85, 0x08, 0x85, 0x08, 0x85,
    0x08, 0x85, 0x08, 0x85, 0x08, 0x85, 0x08, 0x85, 0x08, 0x85, 0x08, 0x85, 0x08, 0x85, 0x08, 0x85,
    0x08, 0x85, 0x08, 0x85, 0x08, 0x85, 0x08, 0x85, 0x08, 0x85, 0x08, 0x85, 0x08, 0x85, 0x08, 0x85,
    0x08, 0x85, 0x08, 0x85, 0x08, 0x85, 0x08, 0x85, 0x08, 0x85, 0x08, 0x85, 0x08, 0x85, 0x08, 0x85,
    0x08, 0x85, 0x08, 0x85, 0x08, 0x85, 0x08, 0x85, 0x08, 0x85, 0x08, 0x85, 0x08, 0x85, 0x08, 0x85,
    0x08, 0x85, 0x08, 0x85, 0x08, 0x85, 0x08, 0x85, 0x08, 0x85, 0x08, 0x85, 0x08, 0x85, 0x08, 0x85,
    0x08, 0x85, 0x08, 0x85, 0x08, 0x85, 0x08, 0x85, 0x08, 0x85, 0x08, 0x85, 0x08, 0x85, 0x08, 0x85,
    0x08, 0x85, 0x08, 0x85, 0x08, 0x85, 0x08, 0x85, 0x08, 0x85, 0x08, 0x85, 0x08, 0x85, 0x08, 0x85,
    0x08, 0x85, 0x08, 0x85, 0x08, 0x85, 0x08, 0x85, 0x08, 0x85, 0x08, 0x85, 0x08, 0x85, 0x08, 0x85,
    0x08, 0x85, 0x08, 0x85, 0x08, 0x85, 0x08, 0x85, 0x08, 0x85, 0x08, 0x85, 0x00, 0x65, 0x10, 0xc7,
    0x08, 0x86, 0x08, 0x66, 0x08, 0x86, 0x00, 0x45, 0x10, 0xc8, 0x42, 0x6e, 0x08, 0x66, 0x00, 0x25,
    0x10, 0xc8, 0x00, 0x45, 0x08, 0x86, 0x08, 0x86, 0x00, 0x65, 0x00, 0x86, 0x00, 0x86, 0x00, 0x86,
    0x00, 0x86, 0x08, 0x85, 0x08, 0x85, 0x10, 0x64, 0x10, 0x64, 0x10, 0x64, 0x08, 0x43, 0x08, 0x85,
    0x08, 0xa6, 0x00, 0x86, 0x00, 0xc8, 0x09, 0x6b, 0x09, 0xcd, 0x09, 0xad, 0x01, 0xce, 0x01, 0xae,
    0x01, 0xce, 0x01, 0xce, 0x01, 0xae, 0x01, 0xae, 0x01, 0xce, 0x09, 0xef, 0x01, 0xce, 0x01, 0xce,
    0x01, 0xce, 0x01, 0xce, 0x01, 0xcf, 0x01, 0xcf, 0x01, 0xaf, 0x01, 0xaf, 0x01, 0xce, 0x01, 0xce,
    0x01, 0xce, 0x01, 0xce, 0x01, 0xce, 0x01, 0xce, 0x01, 0xce, 0x01, 0xce, 0x01, 0xce, 0x01, 0xce,
    0x01, 0xce, 0x01, 0xce, 0x01, 0xce, 0x01, 0xce, 0x01, 0xce, 0x01, 0xce, 0x01, 0xae, 0x01, 0xae,
    0x01, 0xae, 0x01, 0xef, 0x01, 0xef, 0x01, 0xcf, 0x01, 0xcf, 0x01, 0xcf, 0x09, 0xae, 0x09, 0x8d,
    0x11, 0x8c, 0x00, 0xe9, 0x00, 0x05, 0x08, 0x66, 0x18, 0xc7, 0x08, 0x44, 0x08, 0x85, 0x08, 0x85,
    0x08, 0x85, 0x08, 0x85, 0x08, 0x85, 0x08, 0x85, 0x08, 0x85, 0x08, 0x85, 0x08, 0x85, 0x08, 0x85,
    0x08, 0x85, 0x08, 0x85, 0x08, 0x85, 0x08, 0x85, 0x08, 0x85, 0x08, 0x85, 0x08, 0x64, 0x08, 0x84,
    0x08, 0x85, 0x08, 0x85, 0x08, 0x85, 0x08, 0x85, 0x08, 0x65, 0x08, 0x65, 0x08, 0x86, 0x00, 0x25,
    0x08, 0x66, 0x08, 0x66, 0x3a, 0x0d, 0x10, 0x87, 0x00, 0x05, 0x08, 0x86, 0x08, 0x65, 0x08, 0x65,
    0x08, 0x65, 0x08, 0x65, 0x08, 0x65, 0x08, 0x65, 0x08, 0x65, 0x08, 0x65, 0x08, 0x65, 0x08, 0x65,
    0x08, 0x65, 0x08, 0x65, 0x08, 0x84, 0x08, 0x84, 0x08, 0x84, 0x08, 0x84, 0x08, 0x65, 0x08, 0x65,
    0x08, 0x65, 0x08, 0x65, 0x08, 0x65, 0x08, 0x65, 0x08, 0x65, 0x08, 0x65, 0x08, 0x65, 0x08, 0x65,
    0x08, 0x65, 0x08, 0x65, 0x08, 0x65, 0x08, 0x65, 0x08, 0x65, 0x08, 0x65, 0x00, 0x44, 0x18, 0xe7,
    0x08, 0x65, 0x08, 0x65, 0x08, 0x65, 0x08, 0x65, 0x08, 0x65, 0x08, 0x65, 0x08, 0x65, 0x08, 0x65,
    0x08, 0x65, 0x08, 0x65, 0x08, 0x65, 0x08, 0x65, 0x08, 0x65, 0x08, 0x65, 0x08, 0x65, 0x08, 0x65,
    0x08, 0x65, 0x08, 0x65, 0x08, 0x65, 0x08, 0x65, 0x08, 0x65, 0x08, 0x65, 0x08, 0x85, 0x08, 0x85,
    0x08, 0x85, 0x08, 0x85, 0x08, 0x85, 0x08, 0x85, 0x08, 0x85, 0x08, 0x85, 0x08, 0x85, 0x08, 0x85,
    0x08, 0x85, 0x08, 0x85, 0x08, 0x85, 0x08, 0x85, 0x08, 0x85, 0x08, 0x85, 0x08, 0x85, 0x08, 0x85,
    0x08, 0x85, 0x08, 0x85, 0x08, 0x85, 0x08, 0x85, 0x08, 0x85, 0x08, 0x85, 0x08, 0x85, 0x08, 0x85,
    0x08, 0x85, 0x08, 0x85, 0x08, 0x85, 0x08, 0x85, 0x08, 0x85, 0x08, 0x85, 0x08, 0x85, 0x08, 0x85,
    0x08, 0x85, 0x08, 0x85, 0x08, 0x85, 0x08, 0x85, 0x08, 0x85, 0x08, 0x85, 0x08, 0x85, 0x08, 0x85,
    0x08, 0x85, 0x08, 0x85, 0x08, 0x85, 0x08, 0x85, 0x08, 0x85, 0x08, 0x85, 0x08, 0x85, 0x08, 0x85,
    0x08, 0x85, 0x08, 0x85, 0x08, 0x85, 0x08, 0x85, 0x08, 0x85, 0x08, 0x85, 0x08, 0x85, 0x08, 0x85,
    0x08, 0x85, 0x08, 0x85, 0x08, 0x85, 0x08, 0x85, 0x08, 0x85, 0x08, 0x85, 0x08, 0x85, 0x08, 0x85,
    0x08, 0x85, 0x08, 0x85, 0x08, 0x85, 0x08, 0x85, 0x08, 0x85, 0x08, 0x85, 0x08, 0x85, 0x08, 0x85,
    0x08, 0x85, 0x08, 0x85, 0x08, 0x85, 0x08, 0x85, 0x08, 0x85, 0x08, 0x85, 0x08, 0x85, 0x08, 0x85,
    0x08, 0x85, 0x08, 0x85, 0x08, 0x85, 0x08, 0x85, 0x08, 0x85, 0x08, 0x85, 0x08, 0x85, 0x08, 0x85,
    0x08, 0x85, 0x08, 0x85, 0x08, 0x85, 0x08, 0x85, 0x08, 0x85, 0x08, 0x85, 0x08, 0x85, 0x08, 0x85,
    0x08, 0x85, 0x08, 0x85, 0x08, 0x85, 0x08, 0x85, 0x08, 0x85, 0x08, 0x85, 0x08, 0x85, 0x08, 0x85,
    0x08, 0x85, 0x08, 0x85, 0x08, 0x85, 0x08, 0x85, 0x08, 0x85, 0x08, 0x85, 0x08, 0x85, 0x08, 0x85,
    0x08, 0x85, 0x08, 0x85, 0x08, 0x85, 0x08, 0x85, 0x08, 0x85, 0x08, 0x85, 0x08, 0x85, 0x08, 0x85,
    0x08, 0x85, 0x08, 0x85, 0x08, 0x85, 0x08, 0x85, 0x08, 0x85, 0x08, 0x85, 0x08, 0x85, 0x08, 0x85,
    0x08, 0x85, 0x08, 0x85, 0x08, 0x85, 0x08, 0x85, 0x08, 0x85, 0x08, 0x85, 0x08, 0x85, 0x08, 0x85,
    0x08, 0x85, 0x08, 0x85, 0x08, 0x85, 0x08, 0x85, 0x08, 0x85, 0x08, 0x85, 0x08, 0x85, 0x08, 0x85,
    0x08, 0x85, 0x08, 0x85, 0x08, 0x85, 0x08, 0x85, 0x08, 0x85, 0x08, 0x85, 0x08, 0x85, 0x10, 0xc6,
    0x08, 0x85, 0x08, 0x65, 0x08, 0xa6, 0x00, 0x46, 0x08, 0x87, 0x31, 0xab, 0x21, 0x4a, 0x08, 0x66,
    0x00, 0x66, 0x08, 0x87, 0x08, 0x86, 0x08, 0x86, 0x08, 0x66, 0x08, 0x86, 0x00, 0x86, 0x00, 0x86,
    0x08, 0x86, 0x08, 0x85, 0x08, 0x85, 0x10, 0x84, 0x10, 0x84, 0x10, 0x84, 0x08, 0x43, 0x08, 0x84,
    0x00, 0x85, 0x00, 0x65, 0x00, 0xa7, 0x01, 0x09, 0x09, 0x6b, 0x09, 0x8c, 0x09, 0xce, 0x01, 0xce,
    0x01, 0xce, 0x01, 0xce, 0x01, 0xce, 0x01, 0xae, 0x01, 0xce, 0x01, 0xce, 0x01, 0xce, 0x01, 0xce,
    0x01, 0xce, 0x01, 0xce, 0x01, 0xcf, 0x01, 0xcf, 0x01, 0xaf, 0x01, 0xaf, 0x01, 0xce, 0x01, 0xce,
    0x01, 0xce, 0x01, 0xce, 0x01, 0xce, 0x01, 0xce, 0x01, 0xce, 0x01, 0xce, 0x01, 0xce, 0x01, 0xce,
    0x01, 0xce, 0x01, 0xce, 0x01, 0xce, 0x01, 0xce, 0x01, 0xce, 0x01, 0xce, 0x01, 0xce, 0x01, 0xae,
    0x01, 0xae, 0x01, 0xcf, 0x01, 0xcf, 0x01, 0xaf, 0x01, 0xaf, 0x01, 0xcf, 0x09, 0x8d, 0x11, 0xad,
    0x11, 0x4b, 0x00, 0xa7, 0x00, 0x66, 0x08, 0x66, 0x08, 0x65, 0x08, 0x65, 0x08, 0x85, 0x08, 0x85,
    0x08, 0x85, 0x08, 0x85, 0x08, 0x85, 0x08, 0x85, 0x08, 0x85, 0x08, 0x85, 0x08, 0x85, 0x08, 0x85,
    0x08, 0x85, 0x08, 0x85, 0x08, 0x85, 0x08, 0x85, 0x08, 0x85, 0x08, 0x85, 0x08, 0x64, 0x08, 0x84,
    0x08, 0x85, 0x08, 0x85, 0x08, 0x85, 0x08, 0x65, 0x08, 0x65, 0x08, 0x65, 0x08, 0x86, 0x10, 0xa7,
    0x00, 0x04, 0x29, 0x8b, 0x21, 0x4a, 0x08, 0x87, 0x08, 0x66, 0x08, 0x66, 0x08, 0x65, 0x08, 0x65,
    0x08, 0x65, 0x08, 0x65, 0x08, 0x65, 0x08, 0x65, 0x08, 0x65, 0x08, 0x65, 0x08, 0x65, 0x08, 0x65,
    0x08, 0x65, 0x08, 0x65, 0x08, 0x65, 0x08, 0x84, 0x08, 0x84, 0x08, 0x65, 0x08, 0x65, 0x08, 0x65,
    0x08, 0x65, 0x08, 0x65, 0x08, 0x65, 0x08, 0x65, 0x08, 0x65, 0x08, 0x65, 0x08, 0x65, 0x08, 0x65,
    0x08, 0x65, 0x08, 0x65, 0x08, 0x65, 0x08, 0x65, 0x08, 0x65, 0x08, 0x65, 0x00, 0x44, 0x18, 0xe7,
    0x08, 0x65, 0x08, 0x65, 0x08, 0x65, 0x08, 0x65, 0x08, 0x65, 0x08, 0x65, 0x08, 0x65, 0x08, 0x65,
    0x08, 0x65, 0x08, 0x65, 0x08, 0x65, 0x08, 0x65, 0x08, 0x65, 0x08, 0x65, 0x08, 0x65, 0x08, 0x65,
    0x08, 0x65, 0x08, 0x65, 0x08, 0x65, 0x08, 0x65, 0x08, 0x65, 0x08, 0x65, 0x08, 0x85, 0x08, 0x85,
    0x08, 0x85, 0x08, 0x85, 0x08, 0x85, 0x08, 0x85, 0x08, 0x85, 0x08, 0x85, 0x08, 0x85, 0x08, 0x85,
    0x08, 0x85, 0x08, 0x85, 0x08, 0x85, 0x08, 0x85, 0x08, 0x85, 0x08, 0x85, 0x08, 0x85, 0x08, 0x85,
    0x08, 0x85, 0x08, 0x85, 0x08, 0x85, 0x08, 0x85, 0x08, 0x85, 0x08, 0x85, 0x08, 0x85, 0x08, 0x85,
    0x08, 0x85, 0x08, 0x85, 0x08, 0x85, 0x08, 0x85, 0x08, 0x85, 0x08, 0x85, 0x08, 0x85, 0x08, 0x85,
    0x08, 0x85, 0x08, 0x85, 0x08, 0x85, 0x08, 0x85, 0x08, 0x85, 0x08, 0x85, 0x08, 0x85, 0x08, 0x85,
    0x08, 0x85, 0x08, 0x85, 0x08, 0x85, 0x08, 0x85, 0x08, 0x85, 0x08, 0x85, 0x08, 0x85, 0x08, 0x85,
    0x08, 0x85, 0x08, 0x85, 0x08, 0x85, 0x08, 0x85, 0x08, 0x85, 0x08, 0x85, 0x08, 0x85, 0x08, 0x85,
    0x08, 0x85, 0x08, 0x85, 0x08, 0x85, 0x08, 0x85, 0x08, 0x85, 0x08, 0x85, 0x08, 0x85, 0x08, 0x85,
    0x08, 0x85, 0x08, 0x85, 0x08, 0x85, 0x08, 0x85, 0x08, 0x85, 0x08, 0x85, 0x08, 0x85, 0x08, 0x85,
    0x08, 0x85, 0x08, 0x85, 0x08, 0x85, 0x08, 0x85, 0x08, 0x85, 0x08, 0x85, 0x08, 0x85, 0x08, 0x85,
    0x08, 0x85, 0x08, 0x85, 0x08, 0x85, 0x08, 0x85, 0x08, 0x85, 0x08, 0x85, 0x08, 0x85, 0x08, 0x85,
    0x08, 0x85, 0x08, 0x85, 0x08, 0x85, 0x08, 0x85, 0x08, 0x85, 0x08, 0x85, 0x08, 0x85, 0x08, 0x85,
    0x08, 0x85, 0x08, 0x85, 0x08, 0x85, 0x08, 0x85, 0x08, 0x85, 0x08, 0x85, 0x08, 0x85, 0x08, 0x85,
    0x08, 0x85, 0x08, 0x85, 0x08, 0x85, 0x08, 0x85, 0x08, 0x85, 0x08, 0x85, 0x08, 0x85, 0x08, 0x85,
    0x08, 0x85, 0x08, 0x85, 0x08, 0x85, 0x08, 0x85, 0x08, 0x85, 0x08, 0x85, 0x08, 0x85, 0x08, 0x85,
    0x08, 0x85, 0x08, 0x85, 0x08, 0x85, 0x08, 0x85, 0x08, 0x85, 0x08, 0x85, 0x08, 0x85, 0x08, 0x85,
    0x08, 0x85, 0x08, 0x85, 0x08, 0x85, 0x08, 0x85, 0x08, 0x85, 0x08, 0x85, 0x08, 0x85, 0x08, 0x85,
    0x08, 0x85, 0x08, 0x85, 0x08, 0x85, 0x08, 0x85, 0x08, 0x85, 0x08, 0x85, 0x08, 0x85, 0x08, 0x85,
    0x08, 0x85, 0x08, 0x85, 0x08, 0x85, 0x08, 0x85, 0x08, 0x85, 0x08, 0x85, 0x08, 0xa6, 0x10, 0xc6,
    0x08, 0x85, 0x00, 0x65, 0x08, 0xa7, 0x08, 0x86, 0x00, 0x66, 0x10, 0xc8, 0x31, 0xed, 0x19, 0x09,
    0x00, 0x05, 0x10, 0xc8, 0x08, 0x86, 0x08, 0xa7, 0x08, 0x86, 0x08, 0xa6, 0x00, 0x86, 0x00, 0x86,
    0x08, 0x86, 0x08, 0x85, 0x08, 0x85, 0x10, 0x84, 0x10, 0x84, 0x10, 0x84, 0x08, 0x64, 0x08, 0x64,
    0x00, 0x65, 0x00, 0x65, 0x00, 0x86, 0x00, 0xc8, 0x01, 0x2a, 0x09, 0x6b, 0x09, 0xad, 0x01, 0xae,
    0x09, 0xae, 0x01, 0xce, 0x01, 0xce, 0x01, 0xce, 0x01, 0xce, 0x01, 0xae, 0x01, 0xce, 0x01, 0xce,
    0x01, 0xcf, 0x01, 0xcf, 0x01, 0xaf, 0x01, 0xaf, 0x01, 0xaf, 0x01, 0xaf, 0x01, 0xce, 0x01, 0xce,
    0x01, 0xce, 0x01, 0xce, 0x01, 0xce, 0x01, 0xce, 0x01, 0xce, 0x01, 0xce, 0x01, 0xce, 0x01, 0xce,
    0x01, 0xce, 0x01, 0xce, 0x01, 0xce, 0x01, 0xce, 0x01, 0xce, 0x01, 0xce, 0x09, 0xce, 0x01, 0xae,
    0x01, 0xae, 0x01, 0xaf, 0x01, 0xcf, 0x01, 0xaf, 0x01, 0xae, 0x09, 0xae, 0x09, 0x6c, 0x19, 0x8c,
    0x08, 0xc8, 0x00, 0x46, 0x10, 0xa7, 0x08, 0x85, 0x00, 0x24, 0x08, 0x65, 0x08, 0x85, 0x08, 0x85,
    0x08, 0x85, 0x08, 0x85, 0x08, 0x85, 0x08, 0x85, 0x08, 0x85, 0x08, 0x85, 0x08, 0x85, 0x08, 0x85,
    0x08, 0x85, 0x08, 0x85, 0x08, 0x85, 0x08, 0x85, 0x08, 0x85, 0x08, 0x85, 0x08, 0x64, 0x08, 0x85,
    0x08, 0x85, 0x08, 0x85, 0x08, 0x85, 0x08, 0x65, 0x08, 0x65, 0x08, 0x66, 0x08, 0x66, 0x08, 0x66,
    0x08, 0x86, 0x39, 0xec, 0x08, 0x66, 0x08, 0x66, 0x08, 0x66, 0x00, 0x45, 0x08, 0x65, 0x08, 0x65,
    0x08, 0x65, 0x08, 0x65, 0x08, 0x65, 0x08, 0x65, 0x08, 0x65, 0x08, 0x65, 0x08, 0x65, 0x08, 0x65,
    0x08, 0x65, 0x08, 0x65, 0x08, 0x65, 0x08, 0x65, 0x08, 0x65, 0x08, 0x65, 0x08, 0x65, 0x08, 0x65,
    0x08, 0x65, 0x08, 0x65, 0x08, 0x65, 0x08, 0x65, 0x08, 0x65, 0x08, 0x65, 0x08, 0x65, 0x08, 0x65,
    0x08, 0x65, 0x08, 0x65, 0x08, 0x65, 0x08, 0x65, 0x08, 0x65, 0x08, 0x65, 0x00, 0x44, 0x18, 0xe7,
    0x08, 0x65, 0x08, 0x65, 0x08, 0x65, 0x08, 0x65, 0x08, 0x65, 0x08, 0x65, 0x08, 0x65, 0x08, 0x65,
    0x08, 0x65, 0x08, 0x65, 0x08, 0x65, 0x08, 0x65, 0x08, 0x65, 0x08, 0x65, 0x08, 0x65, 0x08, 0x65,
    0x08, 0x65, 0x08, 0x65, 0x08, 0x65, 0x08, 0x65, 0x08, 0x65, 0x08, 0x65, 0x08, 0x85, 0x08, 0x85,
    0x08, 0x85, 0x08, 0x85, 0x08, 0x85, 0x08, 0x85, 0x08, 0x85, 0x08, 0x85, 0x08, 0x85, 0x08, 0x85,
    0x08, 0x85, 0x08, 0x85, 0x08, 0x85, 0x08, 0x85, 0x08, 0x85, 0x08, 0x85, 0x08, 0x85, 0x08, 0x85,
    0x08, 0x85, 0x08, 0x85, 0x08, 0x85, 0x08, 0x85, 0x08, 0x85, 0x08, 0x85, 0x08, 0x85, 0x08, 0x85,
    0x08, 0x85, 0x08, 0x85, 0x08, 0x85, 0x08, 0x85, 0x08, 0x85, 0x08, 0x85, 0x08, 0x85, 0x08, 0x85,
    0x08, 0x85, 0x08, 0x85, 0x08, 0x85, 0x08, 0x85, 0x08, 0x85, 0x08, 0x85, 0x08, 0x85, 0x08, 0x85,
    0x08, 0x85, 0x08, 0x85, 0x08, 0x85, 0x08, 0x85, 0x08, 0x85, 0x08, 0x85, 0x08, 0x85, 0x08, 0x85,
    0x08, 0x85, 0x08, 0x85, 0x08, 0x85, 0x08, 0x85, 0x08, 0x85, 0x08, 0x85, 0x08, 0x85, 0x08, 0x85,
    0x08, 0x85, 0x08, 0x85, 0x08, 0x85, 0x08, 0x85, 0x08, 0x85, 0x08, 0x85, 0x08, 0x85, 0x08, 0x85,
    0x08, 0x85, 0x08, 0x85, 0x08, 0x85, 0x08, 0x85, 0x08, 0x85, 0x08, 0x85, 0x08, 0x85, 0x08, 0x85,
    0x08, 0x85, 0x08, 0x85, 0x08, 0x85, 0x08, 0x85, 0x08, 0x85, 0x08, 0x85, 0x08, 0x85, 0x08, 0x85,
    0x08, 0x85, 0x08, 0x85, 0x08, 0x85, 0x08, 0x85, 0x08, 0x85, 0x08, 0x85, 0x08, 0x85, 0x08, 0x85,
    0x08, 0x85, 0x08, 0x85, 0x08, 0x85, 0x08, 0x85, 0x08, 0x85, 0x08, 0x85, 0x08, 0x85, 0x08, 0x85,
    0x08, 0x85, 0x08, 0x85, 0x08, 0x85, 0x08, 0x85, 0x08, 0x85, 0x08, 0x85, 0x08, 0x85, 0x08, 0x85,
    0x08, 0x85, 0x08, 0x85, 0x08, 0x85, 0x08, 0x85, 0x08, 0x85, 0x08, 0x85, 0x08, 0x85, 0x08, 0x85,
    0x08, 0x85, 0x08, 0x85, 0x08, 0x85, 0x08, 0x85, 0x08, 0x85, 0x08, 0x85, 0x08, 0x85, 0x08, 0x85,
    0x08, 0x85, 0x08, 0x85, 0x08, 0x85, 0x08, 0x85, 0x08, 0x85, 0x08, 0x85, 0x08, 0x85, 0x08, 0x85,
    0x08, 0x85, 0x08, 0x85, 0x08, 0x85, 0x08, 0x85, 0x08, 0x85, 0x08, 0x85, 0x08, 0x85, 0x08, 0x85,
    0x08, 0x85, 0x08, 0x85, 0x08, 0x85, 0x08, 0x85, 0x08, 0x85, 0x08, 0x85, 0x08, 0x85, 0x08, 0x85,
    0x08, 0x85, 0x08, 0x85, 0x08, 0x85, 0x08, 0x85, 0x08, 0x85, 0x08, 0x85, 0x08, 0x85, 0x08, 0xc6,
    0x08, 0x85, 0x00, 0x65, 0x08, 0xa6, 0x08, 0xa7, 0x00, 0x66, 0x00, 0x46, 0x29, 0xac, 0x29, 0xab,
    0x00, 0x66, 0x08, 0x87, 0x08, 0x87, 0x08, 0x86, 0x08, 0x86, 0x08, 0x86, 0x08, 0x86, 0x08, 0x86,
    0x08, 0x86, 0x08, 0x85, 0x08, 0x85, 0x08, 0x85, 0x10, 0x84, 0x10, 0x84, 0x08, 0x84, 0x08, 0x64,
    0x00, 0x85, 0x00, 0x85, 0x00, 0x86, 0x00, 0x86, 0x00, 0xc8, 0x09, 0x4a, 0x09, 0x8d, 0x01, 0xae,
    0x01, 0xae, 0x01, 0xae, 0x09, 0xce, 0x09, 0xee, 0x01, 0xce, 0x01, 0xce, 0x01, 0xce, 0x01, 0xce,
    0x01, 0xcf, 0x01, 0xcf, 0x01, 0xaf, 0x01, 0xaf, 0x01, 0xaf, 0x01, 0xaf, 0x01, 0xcf, 0x01, 0xce,
    0x01, 0xce, 0x01, 0xce, 0x01, 0xce, 0x01, 0xce, 0x01, 0xce, 0x01, 0xce, 0x01, 0xce, 0x01, 0xce,
    0x01, 0xce, 0x01, 0xce, 0x01, 0xce, 0x01, 0xce, 0x01, 0xce, 0x01, 0xce, 0x01, 0xce, 0x01, 0xae,
    0x01, 0xae, 0x01, 0xaf, 0x01, 0xcf, 0x01, 0xaf, 0x09, 0xae, 0x09, 0xad, 0x11, 0x8c, 0x11, 0x2a,
    0x00, 0x87, 0x00, 0x45, 0x10, 0x86, 0x08, 0x65, 0x00, 0x25, 0x08, 0x65, 0x08, 0x65, 0x08, 0x85,
    0x08, 0x85, 0x08, 0x85, 0x08, 0x85, 0x08, 0x85, 0x08, 0x85, 0x08, 0x85, 0x08, 0x85, 0x08, 0x85,
    0x08, 0x85, 0x08, 0x85, 0x08, 0x85, 0x08, 0x85, 0x08, 0x85, 0x08, 0x85, 0x08, 0x65, 0x08, 0x85,
    0x08, 0x85, 0x08, 0x85, 0x08, 0x85, 0x08, 0x65, 0x08, 0x66, 0x08, 0x66, 0x08, 0x66, 0x00, 0x04,
    0x31, 0xcb, 0x21, 0x29, 0x00, 0x25, 0x08, 0x66, 0x00, 0x25, 0x08, 0x65, 0x08, 0x65, 0x08, 0x65,
    0x08, 0x65, 0x08, 0x65, 0x08, 0x65, 0x08, 0x65, 0x08, 0x65, 0x08, 0x65, 0x08, 0x65, 0x08, 0x65,
    0x08, 0x65, 0x08, 0x65, 0x08, 0x65, 0x08, 0x65, 0x08, 0x65, 0x08, 0x65, 0x08, 0x65, 0x08, 0x65,
    0x08, 0x65, 0x08, 0x65, 0x08, 0x65, 0x08, 0x65, 0x08, 0x65, 0x08, 0x65, 0x08, 0x65, 0x08, 0x65,
    0x08, 0x65, 0x08, 0x65, 0x08, 0x65, 0x08, 0x65, 0x08, 0x65, 0x08, 0x65, 0x00, 0x44, 0x18, 0xe7,
    0x08, 0x65, 0x08, 0x65, 0x08, 0x65, 0x08, 0x65, 0x08, 0x65, 0x08, 0x65, 0x08, 0x65, 0x08, 0x65,
    0x08, 0x65, 0x08, 0x65, 0x08, 0x65, 0x08, 0x65, 0x08, 0x65, 0x08, 0x65, 0x08, 0x65, 0x08, 0x65,
    0x08, 0x65, 0x08, 0x65, 0x08, 0x65, 0x08, 0x65, 0x08, 0x65, 0x08, 0x65, 0x08, 0x85, 0x08, 0x85,
    0x08, 0x85, 0x08, 0x85, 0x08, 0x85, 0x08, 0x85, 0x08, 0x85, 0x08, 0x85, 0x08, 0x85, 0x08, 0x85,
    0x08, 0x85, 0x08, 0x85, 0x08, 0x85, 0x08, 0x85, 0x08, 0x85, 0x08, 0x85, 0x08, 0x85, 0x08, 0x85,
    0x08, 0x85, 0x08, 0x85, 0x08, 0x85, 0x08, 0x85, 0x08, 0x85, 0x08, 0x85, 0x08, 0x85, 0x08, 0x85,
    0x08, 0x85, 0x08, 0x85, 0x08, 0x85, 0x08, 0x85, 0x08, 0x85, 0x08, 0x85, 0x08, 0x85, 0x08, 0x85,
    0x08, 0x85, 0x08, 0x85, 0x08, 0x85, 0x08, 0x85, 0x08, 0x85, 0x08, 0x85, 0x08, 0x85, 0x08, 0x85,
    0x08, 0x85, 0x08, 0x85, 0x08, 0x85, 0x08, 0x85, 0x08, 0x85, 0x08, 0x85, 0x08, 0x85, 0x08, 0x85,
    0x08, 0x85, 0x08, 0x85, 0x08, 0x85, 0x08, 0x85, 0x08, 0x85, 0x08, 0x85, 0x08, 0x85, 0x08, 0x85,
    0x08, 0x85, 0x08, 0x85, 0x08, 0x85, 0x08, 0x85, 0x08, 0x85, 0x08, 0x85, 0x08, 0x85, 0x08, 0x85,
    0x08, 0x85, 0x08, 0x85, 0x08, 0x85, 0x08, 0x85, 0x08, 0x85, 0x08, 0x85, 0x08, 0x85, 0x08, 0x85,
    0x08, 0x85, 0x08, 0x85, 0x08, 0x85, 0x08, 0x85, 0x08, 0x85, 0x08, 0x85, 0x08, 0x85, 0x08, 0x85,
    0x08, 0x85, 0x08, 0x85, 0x08, 0x85, 0x08, 0x85, 0x08, 0x85, 0x08, 0x85, 0x08, 0x85, 0x08, 0x85,
    0x08, 0x85, 0x08, 0x85, 0x08, 0x85, 0x08, 0x85, 0x08, 0x85, 0x08, 0x85, 0x08, 0x85, 0x08, 0x85,
    0x08, 0x85, 0x08, 0x85, 0x08, 0x85, 0x08, 0x85, 0x08, 0x85, 0x08, 0x85, 0x08, 0x85, 0x08, 0x85,
    0x08, 0x85, 0x08, 0x85, 0x08, 0x85, 0x08, 0x85, 0x08, 0x85, 0x08, 0x85, 0x08, 0x85, 0x08, 0x85,
    0x08, 0x85, 0x08, 0x85, 0x08, 0x85, 0x08, 0x85, 0x08, 0x85, 0x08, 0x85, 0x08, 0x85, 0x08, 0x85,
    0x08, 0x85, 0x08, 0x85, 0x08, 0x85, 0x08, 0x85, 0x08, 0x85, 0x08, 0x85, 0x08, 0x85, 0x08, 0x85,
    0x08, 0x85, 0x08, 0x85, 0x08, 0x85, 0x08, 0x85, 0x08, 0x85, 0x08, 0x85, 0x08, 0x85, 0x08, 0x85,
    0x08, 0x85, 0x08, 0x85, 0x08, 0x85, 0x08, 0x85, 0x08, 0x85, 0x08, 0x85, 0x08, 0x85, 0x08, 0x85,
    0x08, 0x85, 0x08, 0x85, 0x08, 0x85, 0x08, 0x85, 0x08, 0x85, 0x08, 0x85, 0x08, 0x85, 0x08, 0xa5,
    0x08, 0x85, 0x00, 0x65, 0x08, 0x86, 0x08, 0xa7, 0x08, 0x86, 0x00, 0x66, 0x10, 0xc8, 0x39, 0xed,
    0x19, 0x2a, 0x00, 0x05, 0x08, 0xa7, 0x00, 0x46, 0x08, 0x86, 0x00, 0x86, 0x08, 0x86, 0x08, 0x86,
    0x08, 0x86, 0x08, 0x85, 0x08, 0x85, 0x08, 0x85, 0x08, 0x85, 0x08, 0x84, 0x08, 0x84, 0x00, 0x64,
    0x00, 0x85, 0x08, 0xa6, 0x00, 0x86, 0x00, 0x65, 0x00, 0x86, 0x00, 0xe8, 0x09, 0xad, 0x09, 0xce,
    0x09, 0xae, 0x01, 0xad, 0x01, 0xae, 0x09, 0xce, 0x09, 0xef, 0x01, 0xce, 0x01, 0xce, 0x01, 0xce,
    0x01, 0xcf, 0x01, 0xcf, 0x01, 0xaf, 0x01, 0xaf, 0x01, 0xaf, 0x01, 0xaf, 0x01, 0xcf, 0x01, 0xce,
    0x01, 0xce, 0x01, 0xce, 0x01, 0xce, 0x01, 0xce, 0x01, 0xce, 0x01, 0xce, 0x01, 0xce, 0x01, 0xce,
    0x01, 0xce, 0x01, 0xce, 0x01, 0xce, 0x01, 0xce, 0x01, 0xce, 0x01, 0xce, 0x01, 0xce, 0x01, 0xce,
    0x01, 0xae, 0x01, 0xaf, 0x01, 0xcf, 0x09, 0xcf, 0x09, 0xce, 0x11, 0xad, 0x19, 0x8c, 0x00, 0xa7,
    0x00, 0x45, 0x08, 0x65, 0x08, 0x45, 0x08, 0x65, 0x08, 0x86, 0x08, 0x66, 0x08, 0x85, 0x08, 0x85,
    0x08, 0x85, 0x08, 0x85, 0x08, 0x85, 0x08, 0x85, 0x08, 0x85, 0x08, 0x85, 0x08, 0x85, 0x08, 0x85,
    0x08, 0x85, 0x08, 0x85, 0x08, 0x85, 0x08, 0x85, 0x08, 0x85, 0x08, 0x85, 0x08, 0x65, 0x08, 0x85,
    0x08, 0x65, 0x08, 0x85, 0x08, 0x86, 0x08, 0x66, 0x08, 0x66, 0x08, 0x66, 0x08, 0x66, 0x08, 0x86,
    0x3a, 0x0d, 0x08, 0x66, 0x08, 0x66, 0x08, 0x86, 0x00, 0x45, 0x08, 0xa6, 0x08, 0x65, 0x08, 0x65,
    0x08, 0x65, 0x08, 0x65, 0x08, 0x65, 0x08, 0x65, 0x08, 0x65, 0x08, 0x65, 0x08, 0x65, 0x08, 0x65,
    0x08, 0x65, 0x08, 0x65, 0x08, 0x65, 0x08, 0x65, 0x08, 0x65, 0x08, 0x65, 0x08, 0x65, 0x08, 0x65,
    0x08, 0x65, 0x08, 0x65, 0x08, 0x65, 0x08, 0x65, 0x08, 0x65, 0x08, 0x65, 0x08, 0x65, 0x08, 0x65,
    0x08, 0x65, 0x08, 0x65, 0x08, 0x65, 0x08, 0x65, 0x08, 0x65, 0x08, 0x65, 0x00, 0x44, 0x18, 0xe7,
    0x08, 0x65, 0x08, 0x65, 0x08, 0x65, 0x08, 0x65, 0x08, 0x65, 0x08, 0x65, 0x08, 0x65, 0x08, 0x65,
    0x08, 0x65, 0x08, 0x65, 0x08, 0x65, 0x08, 0x65, 0x08, 0x65, 0x08, 0x65, 0x08, 0x85, 0x08, 0x85,
    0x08, 0x85, 0x08, 0x85, 0x08, 0x85, 0x08, 0x85, 0x08, 0x85, 0x08, 0x85, 0x08, 0x85, 0x08, 0x85,
    0x08, 0x85, 0x08, 0x85, 0x08, 0x85, 0x08, 0x85, 0x08, 0x85, 0x08, 0x85, 0x08, 0x85, 0x08, 0x85,
    0x08, 0x85, 0x08, 0x85, 0x08, 0x85, 0x08, 0x85, 0x08, 0x85, 0x08, 0x85, 0x08, 0x85, 0x08, 0x85,
    0x08, 0x85, 0x08, 0x85, 0x08, 0x85, 0x08, 0x85, 0x08, 0x85, 0x08, 0x85, 0x08, 0x85, 0x08, 0x85,
    0x08, 0x85, 0x08, 0x85, 0x08, 0x85, 0x08, 0x85, 0x08, 0x85, 0x08, 0x85, 0x08, 0x85, 0x08, 0x85,
    0x08, 0x85, 0x08, 0x85, 0x08, 0x85, 0x08, 0x85, 0x08, 0x85, 0x08, 0x85, 0x08, 0x85, 0x08, 0x85,
    0x08, 0x85, 0x08, 0x85, 0x08, 0x85, 0x08, 0x85, 0x08, 0x85, 0x08, 0x85, 0x08, 0x85, 0x08, 0x85,
    0x08, 0x85, 0x08, 0x85, 0x08, 0x85, 0x08, 0x85, 0x08, 0x85, 0x08, 0x85, 0x08, 0x85, 0x08, 0x85,
    0x08, 0x85, 0x08, 0x85, 0x08, 0x85, 0x08, 0x85, 0x08, 0x85, 0x08, 0x85, 0x08, 0x85, 0x08, 0x85,
    0x08, 0x85, 0x08, 0x85, 0x08, 0x85, 0x08, 0x85, 0x08, 0x85, 0x08, 0x85, 0x08, 0x85, 0x08, 0x85,
    0x08, 0x85, 0x08, 0x85, 0x08, 0x85, 0x08, 0x85, 0x08, 0x85, 0x08, 0x85, 0x08, 0x85, 0x08, 0x85,
    0x08, 0x85, 0x08, 0x85, 0x08, 0x85, 0x08, 0x85, 0x08, 0x85, 0x08, 0x85, 0x08, 0x85, 0x08, 0x85,
    0x08, 0x85, 0x08, 0x85, 0x08, 0x85, 0x08, 0x85, 0x08, 0x85, 0x08, 0x85, 0x08, 0x85, 0x08, 0x85,
    0x08, 0x85, 0x08, 0x85, 0x08, 0x85, 0x08, 0x85, 0x08, 0x85, 0x08, 0x85, 0x08, 0x85, 0x08, 0x85,
    0x08, 0x85, 0x08, 0x85, 0x08, 0x85, 0x08, 0x85, 0x08, 0x85, 0x08, 0x85, 0x08, 0x85, 0x08, 0x85,
    0x08, 0x85, 0x08, 0x85, 0x08, 0x85, 0x08, 0x85, 0x08, 0x85, 0x08, 0x85, 0x08, 0x85, 0x08, 0x85,
    0x08, 0x85, 0x08, 0x85, 0x08, 0x85, 0x08, 0x85, 0x08, 0x85, 0x08, 0x85, 0x08, 0x85, 0x08, 0x85,
    0x08, 0x85, 0x08, 0x85, 0x08, 0x85, 0x08, 0x85, 0x08, 0x85, 0x08, 0x85, 0x08, 0x85, 0x08, 0x85,
    0x08, 0x85, 0x08, 0x85, 0x08, 0x85, 0x08, 0x85, 0x08, 0x85, 0x08, 0x85, 0x08, 0x85, 0x08, 0x85,
    0x08, 0x85, 0x08, 0x85, 0x08, 0x85, 0x08, 0x85, 0x08, 0x85, 0x08, 0x85, 0x08, 0x85, 0x08, 0x85,
    0x08, 0x85, 0x00, 0x85, 0x08, 0x86, 0x08, 0x87, 0x08, 0xa7, 0x08, 0x87, 0x00, 0x26, 0x29, 0x8c,
    0x31, 0xac, 0x00, 0x66, 0x08, 0x87, 0x00, 0x46, 0x08, 0xa7, 0x08, 0x66, 0x08, 0x86, 0x08, 0x86,
    0x08, 0x86, 0x08, 0x85, 0x08, 0x85, 0x08, 0x85, 0x08, 0xa5, 0x08, 0xa5, 0x08, 0x84, 0x00, 0x64,
    0x00, 0x65, 0x08, 0x85, 0x08, 0x85, 0x00, 0x45, 0x00, 0x65, 0x00, 0x86, 0x11, 0x8c, 0x09, 0xce,
    0x09, 0xce, 0x01, 0xae, 0x01, 0xae, 0x01, 0xce, 0x01, 0xce, 0x01, 0xae, 0x01, 0xce, 0x01, 0xce,
    0x01, 0xcf, 0x01, 0xcf, 0x01, 0xaf, 0x01, 0xaf, 0x01, 0xaf, 0x01, 0xaf, 0x01, 0xaf, 0x01, 0xce,
    0x01, 0xce, 0x01, 0xce, 0x01, 0xce, 0x01, 0xce, 0x01, 0xce, 0x01, 0xce, 0x01, 0xce, 0x01, 0xce,
    0x01, 0xce, 0x01, 0xce, 0x01, 0xce, 0x01, 0xce, 0x01, 0xce, 0x01, 0xce, 0x01, 0xce, 0x01, 0xce,
    0x01, 0xcf, 0x01, 0xaf, 0x01, 0xcf, 0x09, 0xcf, 0x11, 0xce, 0x11, 0x8c, 0x19, 0x4a, 0x00, 0x66,
    0x00, 0x45, 0x10, 0x86, 0x00, 0x25, 0x08, 0x45, 0x10, 0xa7, 0x08, 0x66, 0x08, 0x86, 0x08, 0x85,
    0x08, 0x85, 0x08, 0x85, 0x08, 0x85, 0x08, 0x85, 0x08, 0x85, 0x08, 0x85, 0x08, 0x85, 0x08, 0x85,
    0x08, 0x85, 0x08, 0x85, 0x08, 0x85, 0x08, 0x85, 0x08, 0x85, 0x08, 0x85, 0x08, 0x65, 0x08, 0x65,
    0x08, 0x65, 0x08, 0x86, 0x08, 0x66, 0x08, 0x66, 0x08, 0x66, 0x08, 0x66, 0x08, 0x66, 0x29, 0x6a,
    0x19, 0x08, 0x08, 0x66, 0x08, 0x66, 0x08, 0x65, 0x08, 0x86, 0x08, 0x65, 0x08, 0x65, 0x08, 0x65,
    0x08, 0x65, 0x08, 0x65, 0x08, 0x65, 0x08, 0x65, 0x08, 0x65, 0x08, 0x66, 0x08, 0x66, 0x08, 0x66,
    0x08, 0x66, 0x08, 0x65, 0x08, 0x65, 0x08, 0x65, 0x08, 0x65, 0x08, 0x65, 0x08, 0x65, 0x08, 0x65,
    0x08, 0x65, 0x08, 0x65, 0x08, 0x65, 0x08, 0x65, 0x08, 0x65, 0x08, 0x65, 0x08, 0x85, 0x08, 0x85,
    0x08, 0x85, 0x08, 0x85, 0x08, 0x85, 0x08, 0x85, 0x08, 0x85, 0x08, 0x85, 0x00, 0x44, 0x18, 0xe7,
    0x08, 0x65, 0x08, 0x65, 0x08, 0x65, 0x08, 0x65, 0x08, 0x65, 0x08, 0x65, 0x08, 0x65, 0x08, 0x65,
    0x08, 0x65, 0x08, 0x65, 0x08, 0x65, 0x08, 0x65, 0x08, 0x65, 0x08, 0x65, 0x08, 0x85, 0x08, 0x85,
    0x08, 0x85, 0x08, 0x85, 0x08, 0x85, 0x08, 0x85, 0x08, 0x85, 0x08, 0x85, 0x08, 0x85, 0x08, 0x85,
    0x08, 0x85, 0x08, 0x85, 0x08, 0x85, 0x08, 0x85, 0x08, 0x85, 0x08, 0x85, 0x08, 0x85, 0x08, 0x85,
    0x08, 0x85, 0x08, 0x85, 0x08, 0x85, 0x08, 0x85, 0x08, 0x85, 0x08, 0x85, 0x08, 0x85, 0x08, 0x85,
    0x08, 0x85, 0x08, 0x85, 0x08, 0x85, 0x08, 0x85, 0x08, 0x85, 0x08, 0x85, 0x08, 0x85, 0x08, 0x85,
    0x08, 0x85, 0x08, 0x85, 0x08, 0x85, 0x08, 0x85, 0x08, 0x85, 0x08, 0x85, 0x08, 0x85, 0x08, 0x85,
    0x08, 0x85, 0x08, 0x85, 0x08, 0x85, 0x08, 0x85, 0x08, 0x85, 0x08, 0x85, 0x08, 0x85, 0x08, 0x85,
    0x08, 0x85, 0x08, 0x85, 0x08, 0x85, 0x08, 0x85, 0x08, 0x85, 0x08, 0x85, 0x08, 0x85, 0x08, 0x85,
    0x08, 0x85, 0x08, 0x85, 0x08, 0x85, 0x08, 0x85, 0x08, 0x85, 0x08, 0x85, 0x08, 0x85, 0x08, 0x85,
    0x08, 0x85, 0x08, 0x85, 0x08, 0x85, 0x08, 0x85, 0x08, 0x85, 0x08, 0x85, 0x08, 0x85, 0x08, 0x85,
    0x08, 0x85, 0x08, 0x85, 0x08, 0x85, 0x08, 0x85, 0x08, 0x85, 0x08, 0x85, 0x08, 0x85, 0x08, 0x85,
    0x08, 0x85, 0x08, 0x85, 0x08, 0x85, 0x08, 0x85, 0x08, 0x85, 0x08, 0x85, 0x08, 0x85, 0x08, 0x85,
    0x08, 0x85, 0x08, 0x85, 0x08, 0x85, 0x08, 0x85, 0x08, 0x85, 0x08, 0x85, 0x08, 0x85, 0x08, 0x85,
    0x08, 0x85, 0x08, 0x85, 0x08, 0x85, 0x08, 0x85, 0x08, 0x85, 0x08, 0x85, 0x08, 0x85, 0x08, 0x85,
    0x08, 0x85, 0x08, 0x85, 0x08, 0x85, 0x08, 0x85, 0x08, 0x85, 0x08, 0x85, 0x08, 0x85, 0x08, 0x85,
    0x08, 0x85, 0x08, 0x85, 0x08, 0x85, 0x08, 0x85, 0x08, 0x85, 0x08, 0x85, 0x08, 0x85, 0x08, 0x85,
    0x08, 0x85, 0x08, 0x85, 0x08, 0x85, 0x08, 0x85, 0x08, 0x85, 0x08, 0x85, 0x08, 0x85, 0x08, 0x85,
    0x08, 0x85, 0x08, 0x85, 0x08, 0x85, 0x08, 0x85, 0x08, 0x85, 0x08, 0x85, 0x08, 0x85, 0x08, 0x85,
    0x08, 0x85, 0x08, 0x85, 0x08, 0x85, 0x08, 0x85, 0x08, 0x85, 0x08, 0x85, 0x08, 0x85, 0x08, 0x85,
    0x08, 0x85, 0x08, 0x85, 0x08, 0x85, 0x08, 0x85, 0x08, 0x85, 0x08, 0x85, 0x08, 0x85, 0x08, 0x85,
    0x08, 0x85, 0x08, 0x85, 0x08, 0x85, 0x08, 0x85, 0x08, 0x85, 0x08, 0x85, 0x08, 0xa5, 0x00, 0x84,
    0x00, 0x85, 0x08, 0x86, 0x08, 0x86, 0x08, 0x86, 0x08, 0x87, 0x08, 0x87, 0x00, 0x67, 0x08, 0xa8,
    0x31, 0xcc, 0x21, 0x6a, 0x00, 0x46, 0x00, 0x66, 0x10, 0xc8, 0x08, 0x66, 0x08, 0x86, 0x08, 0x85,
    0x08, 0x85, 0x08, 0x85, 0x08, 0x85, 0x08, 0x85, 0x08, 0xa5, 0x08, 0xa5, 0x08, 0x85, 0x00, 0x85,
    0x00, 0x65, 0x00, 0x85, 0x08, 0x85, 0x08, 0x65, 0x00, 0x65, 0x00, 0x65, 0x01, 0x2b, 0x09, 0x8d,
    0x09, 0xce, 0x09, 0xae, 0x01, 0xae, 0x01, 0xce, 0x01, 0xce, 0x01, 0xae, 0x01, 0xce, 0x01, 0xce,
    0x01, 0xcf, 0x01, 0xcf, 0x01, 0xaf, 0x01, 0xaf, 0x01, 0xaf, 0x01, 0xaf, 0x01, 0xaf, 0x01, 0xce,
    0x01, 0xce, 0x01, 0xce, 0x01, 0xce, 0x01, 0xce, 0x01, 0xce, 0x01, 0xce, 0x01, 0xce, 0x01, 0xce,
    0x01, 0xce, 0x01, 0xce, 0x01, 0xce, 0x01, 0xce, 0x01, 0xce, 0x01, 0xce, 0x01, 0xcf, 0x01, 0xcf,
    0x01, 0xcf, 0x01, 0xaf, 0x01, 0xcf, 0x09, 0xcf, 0x11, 0xad, 0x11, 0x6b, 0x08, 0xc8, 0x08, 0x66,
    0x08, 0x45, 0x10, 0x65, 0x08, 0x65, 0x08, 0x66, 0x08, 0x87, 0x08, 0x87, 0x08, 0x86, 0x08, 0x85,
    0x08, 0x85, 0x08, 0x85, 0x08, 0x85, 0x08, 0x85, 0x08, 0x85, 0x08, 0x85, 0x08, 0x85, 0x08, 0x85,
    0x08, 0x85, 0x08, 0x85, 0x08, 0x85, 0x08, 0x85, 0x08, 0x85, 0x08, 0x85, 0x08, 0x65, 0x08, 0x85,
    0x08, 0x85, 0x08, 0x86, 0x08, 0x86, 0x08, 0x66, 0x08, 0x66, 0x08, 0x66, 0x18, 0xe8, 0x29, 0x8a,
    0x00, 0x45, 0x08, 0x86, 0x00, 0x65, 0x00, 0x45, 0x08, 0x86, 0x00, 0x45, 0x08, 0x65, 0x08, 0x65,
    0x08, 0x65, 0x08, 0x65, 0x08, 0x65, 0x08, 0x65, 0x08, 0x66, 0x08, 0x66, 0x08, 0x66, 0x08, 0x66,
    0x08, 0x66, 0x08, 0x65, 0x08, 0x65, 0x08, 0x65, 0x08, 0x65, 0x08, 0x65, 0x08, 0x65, 0x08, 0x65,
    0x08, 0x65, 0x08, 0x65, 0x08, 0x65, 0x08, 0x65, 0x08, 0x65, 0x08, 0x65, 0x08, 0x85, 0x08, 0x85,
    0x08, 0x85, 0x08, 0x85, 0x08, 0x85, 0x08, 0x85, 0x08, 0x85, 0x08, 0x85, 0x00, 0x44, 0x18, 0xe7,
    0x08, 0x65, 0x08, 0x65, 0x08, 0x65, 0x08, 0x65, 0x08, 0x65, 0x08, 0x65, 0x08, 0x65, 0x08, 0x65,
    0x08, 0x65, 0x08, 0x65, 0x08, 0x65, 0x08, 0x65, 0x08, 0x65, 0x08, 0x65, 0x08, 0x85, 0x08, 0x85,
    0x08, 0x85, 0x08, 0x85, 0x08, 0x85, 0x08, 0x85, 0x08, 0x85, 0x08, 0x85, 0x08, 0x85, 0x08, 0x85,
    0x08, 0x85, 0x08, 0x85, 0x08, 0x85, 0x08, 0x85, 0x08, 0x85, 0x08, 0x85, 0x08, 0x85, 0x08, 0x85,
    0x08, 0x85, 0x08, 0x85, 0x08, 0x85, 0x08, 0x85, 0x08, 0x85, 0x08, 0x85, 0x08, 0x85, 0x08, 0x85,
    0x08, 0x85, 0x08, 0x85, 0x08, 0x85, 0x08, 0x85, 0x08, 0x85, 0x08, 0x85, 0x08, 0x85, 0x08, 0x85,
    0x08, 0x85, 0x08, 0x85, 0x08, 0x85, 0x08, 0x85, 0x08, 0x85, 0x08, 0x85, 0x08, 0x85, 0x08, 0x85,
    0x08, 0x85, 0x08, 0x85, 0x08, 0x85, 0x08, 0x85, 0x08, 0x85, 0x08, 0x85, 0x08, 0x85, 0x08, 0x85,
    0x08, 0x85, 0x08, 0x85, 0x08, 0x85, 0x08, 0x85, 0x08, 0x85, 0x08, 0x85, 0x08, 0x85, 0x08, 0x85,
    0x08, 0x85, 0x08, 0x85, 0x08, 0x85, 0x08, 0x85, 0x08, 0x85, 0x08, 0x85, 0x08, 0x85, 0x08, 0x85,
    0x08, 0x85, 0x08, 0x85, 0x08, 0x85, 0x08, 0x85, 0x08, 0x85, 0x08, 0x85, 0x08, 0x85, 0x08, 0x85,
    0x08, 0x85, 0x08, 0x85, 0x08, 0x85, 0x08, 0x85, 0x08, 0x85, 0x08, 0x85, 0x08, 0x85, 0x08, 0x85,
    0x08, 0x85, 0x08, 0x85, 0x08, 0x85, 0x08, 0x85, 0x08, 0x85, 0x08, 0x85, 0x08, 0x85, 0x08, 0x85,
    0x08, 0x85, 0x08, 0x85, 0x08, 0x85, 0x08, 0x85, 0x08, 0x85, 0x08, 0x85, 0x08, 0x85, 0x08, 0x85,
    0x08, 0x85, 0x08, 0x85, 0x08, 0x85, 0x08, 0x85, 0x08, 0x85, 0x08, 0x85, 0x08, 0x85, 0x08, 0x85,
    0x08, 0x85, 0x08, 0x85, 0x08, 0x85, 0x08, 0x85, 0x08, 0x85, 0x08, 0x85, 0x08, 0x85, 0x08, 0x85,
    0x08, 0x85, 0x08, 0x85, 0x08, 0x85, 0x08, 0x85, 0x08, 0x85, 0x08, 0x85, 0x08, 0x85, 0x08, 0x85,
    0x08, 0x85, 0x08, 0x85, 0x08, 0x85, 0x08, 0x85, 0x08, 0x85, 0x08, 0x85, 0x08, 0x85, 0x08, 0x85,
    0x08, 0x85, 0x08, 0x85, 0x08, 0x85, 0x08, 0x85, 0x08, 0x85, 0x08, 0x85, 0x08, 0x85, 0x08, 0x85,
    0x08, 0x85, 0x08, 0x85, 0x08, 0x85, 0x08, 0x85, 0x08, 0x85, 0x08, 0x85, 0x08, 0x85, 0x08, 0x85,
    0x08, 0x85, 0x08, 0x85, 0x08, 0x85, 0x08, 0x85, 0x08, 0x85, 0x08, 0x85, 0x08, 0x85, 0x08, 0x85,
    0x08, 0x85, 0x08, 0x85, 0x08, 0x85, 0x08, 0x85, 0x08, 0x85, 0x08, 0x85, 0x10, 0xa6, 0x00, 0x64,
    0x00, 0x65, 0x08, 0xa6, 0x08, 0x86, 0x00, 0x66, 0x08, 0x87, 0x00, 0x67, 0x10, 0xe8, 0x00, 0x04,
    0x29, 0xac, 0x42, 0x6e, 0x00, 0x25, 0x08, 0x87, 0x10, 0xe8, 0x08, 0x86, 0x08, 0x86, 0x08, 0x86,
    0x08, 0x86, 0x08, 0x85, 0x08, 0x85, 0x08, 0x85, 0x08, 0xa5, 0x08, 0xa5, 0x08, 0xa5, 0x08, 0xa5,
    0x00, 0x85, 0x00, 0x64, 0x08, 0x85, 0x08, 0x85, 0x08, 0x85, 0x00, 0x65, 0x00, 0xa8, 0x01, 0x4c,
    0x09, 0xad, 0x09, 0xad, 0x09, 0xae, 0x09, 0xce, 0x09, 0xce, 0x01, 0xce, 0x01, 0xce, 0x01, 0xce,
    0x01, 0xcf, 0x01, 0xaf, 0x01, 0xaf, 0x01, 0xaf, 0x01, 0xaf, 0x01, 0xae, 0x01, 0xce, 0x01, 0xce,
    0x01, 0xce, 0x01, 0xce, 0x01, 0xce, 0x01, 0xce, 0x01, 0xce, 0x01, 0xce, 0x01, 0xce, 0x01, 0xce,
    0x01, 0xce, 0x01, 0xce, 0x01, 0xce, 0x01, 0xce, 0x01, 0xce, 0x01, 0xce, 0x01, 0xcf, 0x01, 0xef,
    0x01, 0xce, 0x01, 0xae, 0x01, 0xae, 0x09, 0xce, 0x11, 0x8c, 0x11, 0x4a, 0x00, 0x46, 0x08, 0x86,
    0x08, 0x65, 0x08, 0x45, 0x10, 0xa7, 0x08, 0x86, 0x00, 0x46, 0x08, 0xa7, 0x08, 0x86, 0x08, 0x85,
    0x08, 0x85, 0x08, 0x85, 0x08, 0x85, 0x08, 0x85, 0x08, 0x85, 0x08, 0x85, 0x08, 0x85, 0x08, 0x85,
    0x08, 0x85, 0x08, 0x85, 0x08, 0x85, 0x08, 0x85, 0x08, 0x85, 0x08, 0x85, 0x08, 0x65, 0x08, 0x85,
    0x08, 0x85, 0x08, 0x86, 0x08, 0x86, 0x08, 0x66, 0x08, 0x66, 0x08, 0x66, 0x31, 0xcc, 0x18, 0xe8,
    0x08, 0x66, 0x08, 0x66, 0x08, 0x86, 0x08, 0x65, 0x08, 0x65, 0x08, 0x65, 0x08, 0x65, 0x08, 0x65,
    0x08, 0x65, 0x08, 0x65, 0x08, 0x65, 0x08, 0x65, 0x08, 0x65, 0x08, 0x65, 0x08, 0x65, 0x08, 0x65,
    0x08, 0x66, 0x08, 0x65, 0x08, 0x65, 0x08, 0x65, 0x08, 0x65, 0x08, 0x65, 0x08, 0x65, 0x08, 0x65,
    0x08, 0x65, 0x08, 0x65, 0x08, 0x65, 0x08, 0x65, 0x08, 0x65, 0x08, 0x65, 0x08, 0x85, 0x08, 0x85,
    0x08, 0x85, 0x08, 0x85, 0x08, 0x85, 0x08, 0x85, 0x08, 0x85, 0x08, 0x85, 0x00, 0x44, 0x18, 0xe6,
    0x08, 0x65, 0x08, 0x65, 0x08, 0x65, 0x08, 0x65, 0x08, 0x65, 0x08, 0x65, 0x08, 0x65, 0x08, 0x65,
    0x08, 0x65, 0x08, 0x85, 0x08, 0x85, 0x08, 0x85, 0x08, 0x85, 0x08, 0x85, 0x08, 0x85, 0x08, 0x85,
    0x08, 0x85, 0x08, 0x85, 0x08, 0x85, 0x08, 0x85, 0x08, 0x85, 0x08, 0x85, 0x08, 0x85, 0x08, 0x85,
    0x08, 0x85, 0x08, 0x85, 0x08, 0x85, 0x08, 0x85, 0x08, 0x85, 0x08, 0x85, 0x08, 0x85, 0x08, 0x85,
    0x08, 0x85, 0x08, 0x85, 0x08, 0x85, 0x08, 0x85, 0x08, 0x85, 0x08, 0x85, 0x08, 0x85, 0x08, 0x85,
    0x08, 0x85, 0x08, 0x85, 0x08, 0x85, 0x08, 0x85, 0x08, 0x85, 0x08, 0x85, 0x08, 0x85, 0x08, 0x85,
    0x08, 0x85, 0x08, 0x85, 0x08, 0x85, 0x08, 0x85, 0x08, 0x85, 0x08, 0x85, 0x08, 0x85, 0x08, 0x85,
    0x08, 0x85, 0x08, 0x85, 0x08, 0x85, 0x08, 0x85, 0x08, 0x85, 0x08, 0x85, 0x08, 0x85, 0x08, 0x85,
    0x08, 0x85, 0x08, 0x85, 0x08, 0x85, 0x08, 0x85, 0x08, 0x85, 0x08, 0x85, 0x08, 0x85, 0x08, 0x85,
    0x08, 0x85, 0x08, 0x85, 0x08, 0x85, 0x08, 0x85, 0x08, 0x85, 0x08, 0x85, 0x08, 0x85, 0x08, 0x85,
    0x08, 0x85, 0x08, 0x85, 0x08, 0x85, 0x08, 0x85, 0x08, 0x85, 0x08, 0x85, 0x08, 0x85, 0x08, 0x85,
    0x08, 0x85, 0x08, 0x85, 0x08, 0x85, 0x08, 0x85, 0x08, 0x85, 0x08, 0x85, 0x08, 0x85, 0x08, 0x85,
    0x08, 0x85, 0x08, 0x85, 0x08, 0x85, 0x08, 0x85, 0x08, 0x85, 0x08, 0x85, 0x08, 0x85, 0x08, 0x85,
    0x08, 0x85, 0x08, 0x85, 0x08, 0x85, 0x08, 0x85, 0x08, 0x85, 0x08, 0x85, 0x08, 0x85, 0x08, 0x85,
    0x08, 0x85, 0x08, 0x85, 0x08, 0x85, 0x08, 0x85, 0x08, 0x85, 0x08, 0x85, 0x08, 0x85, 0x08, 0x85,
    0x08, 0x85, 0x08, 0x85, 0x08, 0x85, 0x08, 0x85, 0x08, 0x85, 0x08, 0x85, 0x08, 0x86, 0x08, 0x86,
    0x08, 0x86, 0x08, 0x86, 0x08, 0x86, 0x08, 0x86, 0x08, 0x86, 0x08, 0x86, 0x08, 0x86, 0x08, 0x86,
    0x08, 0x86, 0x08, 0x86, 0x08, 0x86, 0x08, 0x86, 0x08, 0x86, 0x08, 0x86, 0x08, 0x86, 0x08, 0x86,
    0x08, 0x86, 0x08, 0x86, 0x08, 0x86, 0x08, 0x86, 0x08, 0x86, 0x08, 0x86, 0x08, 0x86, 0x08, 0x86,
    0x08, 0x86, 0x08, 0x86, 0x08, 0x86, 0x08, 0x86, 0x08, 0x86, 0x08, 0x85, 0x08, 0x85, 0x08, 0x85,
    0x08, 0x85, 0x08, 0x85, 0x08, 0x85, 0x08, 0x85, 0x08, 0x85, 0x08, 0x85, 0x08, 0x85, 0x08, 0x85,
    0x08, 0x85, 0x08, 0x86, 0x08, 0x86, 0x08, 0x86, 0x08, 0x86, 0x08, 0xa6, 0x08, 0x86, 0x08, 0x86,
    0x08, 0x86, 0x08, 0x86, 0x08, 0x86, 0x08, 0x86, 0x08, 0x86, 0x08, 0x86, 0x08, 0x86, 0x00, 0x46,
    0x08, 0x87, 0x21, 0x4a, 0x42, 0x4e, 0x00, 0x26, 0x00, 0x47, 0x08, 0xa7, 0x08, 0x66, 0x10, 0xc7,
    0x08, 0x86, 0x08, 0x65, 0x10, 0xc6, 0x08, 0x85, 0x00, 0x64, 0x08, 0xc6, 0x08, 0x85, 0x08, 0x85,
    0x08, 0x85, 0x08, 0x85, 0x08, 0x85, 0x08, 0x65, 0x00, 0x65, 0x00, 0x66, 0x00, 0xa7, 0x00, 0xe9,
    0x09, 0x4b, 0x11, 0xad, 0x11, 0xcd, 0x09, 0xce, 0x09, 0xce, 0x01, 0xae, 0x01, 0xae, 0x01, 0xae,
    0x01, 0xae, 0x01, 0xae, 0x01, 0xae, 0x09, 0xae, 0x09, 0xae, 0x09, 0xae, 0x01, 0xae, 0x01, 0xce,
    0x01, 0xce, 0x01, 0xce, 0x01, 0xce, 0x01, 0xce, 0x01, 0xce, 0x01, 0xce, 0x01, 0xae, 0x01, 0xae,
    0x01, 0xae, 0x01, 0xae, 0x01, 0xae, 0x01, 0xae, 0x01, 0xae, 0x01, 0xae, 0x01, 0xef, 0x01, 0xce,
    0x01, 0xae, 0x09, 0xce, 0x11, 0xce, 0x11, 0xac, 0x09, 0x2a, 0x00, 0xc8, 0x00, 0x86, 0x08, 0x86,
    0x08, 0x66, 0x08, 0x66, 0x08, 0x66, 0x08, 0x86, 0x08, 0x86, 0x08, 0x86, 0x08, 0x65, 0x08, 0x85,
    0x08, 0x86, 0x08, 0x85, 0x08, 0x85, 0x08, 0x85, 0x08, 0x85, 0x08, 0x86, 0x08, 0x85, 0x08, 0x85,
    0x08, 0x85, 0x08, 0x85, 0x08, 0x85, 0x08, 0x85, 0x08, 0x85, 0x08, 0x85, 0x08, 0xa5, 0x00, 0x64,
    0x08, 0xa6, 0x08, 0x65, 0x08, 0x65, 0x00, 0x45, 0x00, 0x45, 0x29, 0xab, 0x19, 0x08, 0x10, 0xa7,
    0x08, 0x66, 0x08, 0x65, 0x08, 0x65, 0x08, 0x65, 0x08, 0x65, 0x08, 0x65, 0x08, 0x65, 0x08, 0x65,
    0x08, 0x65, 0x08, 0x44, 0x08, 0x44, 0x10, 0x85, 0x10, 0x65, 0x08, 0x45, 0x10, 0x45, 0x10, 0x65,
    0x10, 0x45, 0x10, 0x65, 0x08, 0x66, 0x08, 0x66, 0x08, 0x66, 0x08, 0x65, 0x08, 0x65, 0x08, 0x64,
    0x08, 0x64, 0x08, 0x85, 0x10, 0x85, 0x10, 0x85, 0x08, 0x65, 0x08, 0x65, 0x08, 0x65, 0x08, 0x65,
    0x08, 0x65, 0x08, 0x85, 0x08, 0x85, 0x08, 0x85, 0x08, 0x85, 0x08, 0x84, 0x00, 0x44, 0x19, 0x07,
    0x08, 0x65, 0x08, 0x65, 0x08, 0x65, 0x08, 0x65, 0x08, 0x65, 0x08, 0x65, 0x08, 0x65, 0x08, 0x65,
    0x08, 0x65, 0x08, 0x85, 0x08, 0x85, 0x08, 0x85, 0x08, 0x85, 0x08, 0x85, 0x08, 0x85, 0x08, 0x85,
    0x08, 0x85, 0x08, 0x85, 0x08, 0x85, 0x08, 0x85, 0x08, 0x85, 0x08, 0x85, 0x08, 0x85, 0x08, 0x85,
    0x08, 0x85, 0x08, 0x85, 0x08, 0x85, 0x08, 0x85, 0x08, 0x85, 0x08, 0x85, 0x08, 0x85, 0x08, 0x85,
    0x08, 0x85, 0x08, 0x85, 0x08, 0x85, 0x08, 0x85, 0x08, 0x85, 0x08, 0x85, 0x08, 0x85, 0x08, 0x85,
    0x08, 0x85, 0x08, 0x85, 0x08, 0x85, 0x08, 0x85, 0x08, 0x85, 0x08, 0x85, 0x08, 0x85, 0x08, 0x85,
    0x08, 0x85, 0x08, 0x85, 0x08, 0x85, 0x08, 0x85, 0x08, 0x85, 0x08, 0x85, 0x08, 0x85, 0x08, 0x85,
    0x08, 0x85, 0x08, 0x85, 0x08, 0x85, 0x08, 0x85, 0x08, 0x85, 0x08, 0x85, 0x08, 0x85, 0x08, 0x85,
    0x08, 0x85, 0x08, 0x85, 0x08, 0x85, 0x08, 0x85, 0x08, 0x85, 0x08, 0x85, 0x08, 0x85, 0x08, 0x85,
    0x08, 0x85, 0x08, 0x85, 0x08, 0x85, 0x08, 0x85, 0x08, 0x85, 0x08, 0x85, 0x08, 0x85, 0x08, 0x85,
    0x08, 0x85, 0x08, 0x85, 0x08, 0x85, 0x08, 0x85, 0x08, 0x85, 0x08, 0x85, 0x08, 0x85, 0x08, 0x85,
    0x08, 0x85, 0x08, 0x85, 0x08, 0x85, 0x08, 0x85, 0x08, 0x85, 0x08, 0x85, 0x08, 0x85, 0x08, 0x85,
    0x08, 0x85, 0x08, 0x85, 0x08, 0x85, 0x08, 0x85, 0x08, 0x85, 0x08, 0x85, 0x08, 0x85, 0x08, 0x85,
    0x08, 0x85, 0x08, 0x85, 0x08, 0x85, 0x08, 0x85, 0x08, 0x85, 0x08, 0x85, 0x08, 0x85, 0x08, 0x85,
    0x08, 0x85, 0x08, 0x85, 0x08, 0x85, 0x08, 0x85, 0x08, 0x85, 0x08, 0x85, 0x08, 0x85, 0x08, 0x85,
    0x08, 0x85, 0x08, 0x85, 0x08, 0x85, 0x08, 0x85, 0x08, 0x85, 0x08, 0x85, 0x08, 0x86, 0x08, 0x86,
    0x08, 0x86, 0x08, 0x86, 0x08, 0x86, 0x08, 0x86, 0x08, 0x86, 0x08, 0x86, 0x08, 0x86, 0x08, 0x86,
    0x08, 0x86, 0x08, 0x86, 0x08, 0x86, 0x08, 0x86, 0x08, 0x86, 0x08, 0x86, 0x08, 0x86, 0x08, 0x86,
    0x08, 0x86, 0x08, 0x86, 0x08, 0x86, 0x08, 0x86, 0x08, 0x86, 0x08, 0x86, 0x08, 0x86, 0x08, 0x86,
    0x08, 0x86, 0x08, 0x86, 0x08, 0x86, 0x08, 0x86, 0x08, 0x86, 0x08, 0x85, 0x08, 0x85, 0x08, 0x85,
    0x08, 0x85, 0x08, 0x85, 0x08, 0x85, 0x08, 0x85, 0x08, 0x85, 0x08, 0x85, 0x08, 0x85, 0x08, 0x85,
    0x08, 0x86, 0x08, 0x86, 0x08, 0x86, 0x08, 0x86, 0x08, 0xa6, 0x08, 0xa6, 0x08, 0x86, 0x08, 0x86,
    0x08, 0x86, 0x08, 0x86, 0x08, 0x86, 0x08, 0x86, 0x08, 0x86, 0x08, 0x86, 0x08, 0x86, 0x08, 0x86,
    0x00, 0x66, 0x10, 0xe8, 0x32, 0x0d, 0x21, 0x4a, 0x00, 0x26, 0x08, 0xa8, 0x08, 0x86, 0x10, 0xa7,
    0x08, 0x86, 0x08, 0x65, 0x10, 0xc6, 0x10, 0xc6, 0x08, 0x85, 0x10, 0xc6, 0x08, 0x85, 0x08, 0x85,
    0x08, 0x85, 0x08, 0x85, 0x08, 0x85, 0x08, 0x85, 0x00, 0x85, 0x00, 0x86, 0x00, 0x87, 0x00, 0xc8,
    0x09, 0x2a, 0x11, 0x6b, 0x11, 0x8c, 0x11, 0xad, 0x09, 0xad, 0x09, 0xae, 0x09, 0xae, 0x09, 0xae,
    0x09, 0xae, 0x09, 0xae, 0x09, 0xae, 0x09, 0xad, 0x09, 0xad, 0x09, 0xad, 0x09, 0xce, 0x09, 0xce,
    0x09, 0xce, 0x09, 0xce, 0x09, 0xce, 0x09, 0xce, 0x09, 0xce, 0x09, 0xce, 0x09, 0xcd, 0x09, 0xcd,
    0x09, 0xcd, 0x09, 0xcd, 0x09, 0xcd, 0x09, 0xcd, 0x09, 0xcd, 0x09, 0xce, 0x09, 0xef, 0x09, 0xee,
    0x09, 0xce, 0x11, 0xcd, 0x11, 0xcd, 0x11, 0x6b, 0x00, 0xe8, 0x00, 0x86, 0x00, 0x86, 0x08, 0x86,
    0x08, 0x86, 0x08, 0x86, 0x08, 0x86, 0x08, 0x86, 0x08, 0x86, 0x08, 0x86, 0x08, 0x65, 0x08, 0x86,
    0x08, 0x86, 0x08, 0x86, 0x08, 0x85, 0x08, 0x85, 0x08, 0x85, 0x08, 0x86, 0x08, 0x85, 0x08, 0x85,
    0x08, 0x85, 0x08, 0x85, 0x08, 0x85, 0x08, 0x85, 0x08, 0x85, 0x08, 0x85, 0x00, 0x44, 0x10, 0xc6,
    0x08, 0x65, 0x00, 0x44, 0x08, 0xa6, 0x08, 0x66, 0x10, 0xc7, 0x31, 0xab, 0x10, 0xa7, 0x08, 0x66,
    0x00, 0x45, 0x08, 0x65, 0x08, 0x65, 0x08, 0x65, 0x08, 0x65, 0x08, 0x85, 0x00, 0x65, 0x08, 0x86,
    0x08, 0x85, 0x08, 0x65, 0x08, 0x65, 0x10, 0x85, 0x10, 0x85, 0x10, 0x85, 0x08, 0x45, 0x08, 0x45,
    0x08, 0x45, 0x08, 0x45, 0x08, 0x46, 0x08, 0x46, 0x00, 0x46, 0x00, 0x46, 0x10, 0x86, 0x10, 0x85,
    0x10, 0x85, 0x08, 0x85, 0x08, 0x85, 0x08, 0x85, 0x08, 0x65, 0x08, 0x65, 0x08, 0x65, 0x08, 0x65,
    0x08, 0x65, 0x08, 0x85, 0x08, 0x85, 0x08, 0x85, 0x08, 0x84, 0x08, 0x84, 0x00, 0x64, 0x19, 0x07,
    0x08, 0x65, 0x08, 0x65, 0x08, 0x65, 0x08, 0x65, 0x08, 0x65, 0x08, 0x65, 0x08, 0x65, 0x08, 0x65,
    0x08, 0x65, 0x08, 0x85, 0x08, 0x85, 0x08, 0x85, 0x08, 0x85, 0x08, 0x85, 0x08, 0x85, 0x08, 0x85,
    0x08, 0x85, 0x08, 0x85, 0x08, 0x85, 0x08, 0x85, 0x08, 0x85, 0x08, 0x85, 0x08, 0x85, 0x08, 0x85,
    0x08, 0x85, 0x08, 0x85, 0x08, 0x85, 0x08, 0x85, 0x08, 0x85, 0x08, 0x85, 0x08, 0x85, 0x08, 0x85,
    0x08, 0x85, 0x08, 0x85, 0x08, 0x85, 0x08, 0x85, 0x08, 0x85, 0x08, 0x85, 0x08, 0x85, 0x08, 0x85,
    0x08, 0x85, 0x08, 0x85, 0x08, 0x85, 0x08, 0x85, 0x08, 0x85, 0x08, 0x85, 0x08, 0x85, 0x08, 0x85,
    0x08, 0x85, 0x08, 0x85, 0x08, 0x85, 0x08, 0x85, 0x08, 0x85, 0x08, 0x85, 0x08, 0x85, 0x08, 0x85,
    0x08, 0x85, 0x08, 0x85, 0x08, 0x85, 0x08, 0x85, 0x08, 0x85, 0x08, 0x85, 0x08, 0x85, 0x08, 0x85,
    0x08, 0x85, 0x08, 0x85, 0x08, 0x85, 0x08, 0x85, 0x08, 0x85, 0x08, 0x85, 0x08, 0x85, 0x08, 0x85,
    0x08, 0x85, 0x08, 0x85, 0x08, 0x85, 0x08, 0x85, 0x08, 0x85, 0x08, 0x85, 0x08, 0x85, 0x08, 0x85,
    0x08, 0x85, 0x08, 0x85, 0x08, 0x85, 0x08, 0x85, 0x08, 0x85, 0x08, 0x85, 0x08, 0x85, 0x08, 0x85,
    0x08, 0x85, 0x08, 0x85, 0x08, 0x85, 0x08, 0x85, 0x08, 0x85, 0x08, 0x85, 0x08, 0x85, 0x08, 0x85,
    0x08, 0x85, 0x08, 0x85, 0x08, 0x85, 0x08, 0x85, 0x08, 0x85, 0x08, 0x85, 0x08, 0x85, 0x08, 0x85,
    0x08, 0x85, 0x08, 0x85, 0x08, 0x85, 0x08, 0x85, 0x08, 0x85, 0x08, 0x85, 0x08, 0x85, 0x08, 0x85,
    0x08, 0x85, 0x08, 0x85, 0x08, 0x85, 0x08, 0x85, 0x08, 0x85, 0x08, 0x85, 0x08, 0x85, 0x08, 0x85,
    0x08, 0x85, 0x08, 0x85, 0x08, 0x85, 0x08, 0x85, 0x08, 0x85, 0x08, 0x85, 0x08, 0x86, 0x08, 0x86,
    0x08, 0x86, 0x08, 0x86, 0x08, 0x86, 0x08, 0x86, 0x08, 0x86, 0x08, 0x86, 0x08, 0x86, 0x08, 0x86,
    0x08, 0x86, 0x08, 0x86, 0x08, 0x86, 0x08, 0x86, 0x08, 0x86, 0x08, 0x86, 0x08, 0x86, 0x08, 0x86,
    0x08, 0x86, 0x08, 0x86, 0x08, 0x86, 0x08, 0x86, 0x08, 0x86, 0x08, 0x86, 0x08, 0x86, 0x08, 0x86,
    0x08, 0x86, 0x08, 0x86, 0x08, 0x86, 0x08, 0x86, 0x08, 0x86, 0x08, 0x85, 0x08, 0x85, 0x08, 0x85,
    0x08, 0x85, 0x08, 0x85, 0x08, 0x85, 0x08, 0x85, 0x08, 0x85, 0x08, 0x85, 0x08, 0x86, 0x08, 0x86,
    0x08, 0x86, 0x08, 0x86, 0x08, 0x86, 0x08, 0xa6, 0x08, 0xa6, 0x08, 0xa6, 0x08, 0x86, 0x08, 0x86,
    0x08, 0xa6, 0x08, 0xa6, 0x08, 0xa6, 0x08, 0xa6, 0x08, 0xa6, 0x08, 0xa6, 0x08, 0xa6, 0x10, 0xc7,
    0x00, 0x45, 0x08, 0x87, 0x21, 0x6b, 0x3a, 0x4e, 0x00, 0x47, 0x08, 0x87, 0x08, 0x86, 0x10, 0xc7,
    0x08, 0x86, 0x00, 0x65, 0x08, 0xa6, 0x10, 0xc6, 0x08, 0xa6, 0x08, 0x85, 0x08, 0xa5, 0x08, 0xa5,
    0x08, 0xa6, 0x08, 0xa6, 0x08, 0xa6, 0x08, 0x86, 0x08, 0x86, 0x00, 0x86, 0x00, 0x66, 0x00, 0xa7,
    0x09, 0x08, 0x09, 0x4a, 0x11, 0x6b, 0x11, 0x8c, 0x09, 0x8c, 0x09, 0xad, 0x11, 0xcd, 0x11, 0xcd,
    0x11, 0xad, 0x11, 0xad, 0x11, 0xad, 0x11, 0xad, 0x11, 0xac, 0x11, 0xac, 0x11, 0xad, 0x09, 0xad,
    0x09, 0xad, 0x09, 0xad, 0x09, 0xad, 0x09, 0xad, 0x09, 0xad, 0x09, 0xad, 0x11, 0xcd, 0x11, 0xcd,
    0x11, 0xcd, 0x11, 0xcd, 0x11, 0xcd, 0x11, 0xcd, 0x11, 0xcd, 0x11, 0xcd, 0x09, 0xcd, 0x09, 0xcd,
    0x09, 0xcd, 0x11, 0xcc, 0x11, 0x8b, 0x09, 0x49, 0x00, 0xc7, 0x00, 0x65, 0x00, 0x86, 0x08, 0x85,
    0x08, 0x85, 0x08, 0x85, 0x08, 0x85, 0x08, 0x85, 0x08, 0x86, 0x08, 0x86, 0x08, 0x86, 0x08, 0x86,
    0x08, 0x86, 0x08, 0x86, 0x08, 0x86, 0x08, 0x86, 0x08, 0x85, 0x08, 0x85, 0x08, 0x85, 0x08, 0x85,
    0x08, 0x85, 0x08, 0x85, 0x08, 0x85, 0x08, 0x85, 0x08, 0x85, 0x08, 0x85, 0x08, 0x65, 0x10, 0xc6,
    0x00, 0x65, 0x08, 0x85, 0x08, 0x65, 0x10, 0xa7, 0x31, 0xab, 0x21, 0x29, 0x00, 0x45, 0x00, 0x45,
    0x00, 0x45, 0x08, 0x65, 0x08, 0x65, 0x08, 0x65, 0x08, 0x65, 0x08, 0x85, 0x08, 0x65, 0x08, 0x86,
    0x08, 0xa6, 0x00, 0x65, 0x00, 0x45, 0x00, 0x45, 0x00, 0x65, 0x00, 0x65, 0x08, 0x66, 0x00, 0x66,
    0x00, 0x66, 0x00, 0x66, 0x00, 0x67, 0x00, 0x87, 0x00, 0x87, 0x00, 0x87, 0x00, 0x65, 0x00, 0x65,
    0x00, 0x65, 0x00, 0x65, 0x00, 0x65, 0x08, 0x65, 0x08, 0x85, 0x08, 0x86, 0x08, 0x65, 0x08, 0x65,
    0x08, 0x65, 0x08, 0x85, 0x08, 0x85, 0x08, 0x85, 0x00, 0x85, 0x08, 0x85, 0x00, 0x64, 0x19, 0x07,
    0x08, 0x65, 0x08, 0x65, 0x08, 0x65, 0x08, 0x65, 0x08, 0x65, 0x08, 0x65, 0x08, 0x65, 0x08, 0x65,
    0x08, 0x65, 0x08, 0x85, 0x08, 0x85, 0x08, 0x85, 0x08, 0x85, 0x08, 0x85, 0x08, 0x85, 0x08, 0x85,
    0x08, 0x85, 0x08, 0x85, 0x08, 0x85, 0x08, 0x85, 0x08, 0x85, 0x08, 0x85, 0x08, 0x85, 0x08, 0x85,
    0x08, 0x85, 0x08, 0x85, 0x08, 0x85, 0x08, 0x85, 0x08, 0x85, 0x08, 0x85, 0x08, 0x85, 0x08, 0x85,
    0x08, 0x85, 0x08, 0x85, 0x08, 0x85, 0x08, 0x85, 0x08, 0x85, 0x08, 0x85, 0x08, 0x85, 0x08, 0x85,
    0x08, 0x85, 0x08, 0x85, 0x08, 0x85, 0x08, 0x85, 0x08, 0x85, 0x08, 0x85, 0x08, 0x85, 0x08, 0x85,
    0x08, 0x85, 0x08, 0x85, 0x08, 0x85, 0x08, 0x85, 0x08, 0x85, 0x08, 0x85, 0x08, 0x85, 0x08, 0x85,
    0x08, 0x85, 0x08, 0x85, 0x08, 0x85, 0x08, 0x85, 0x08, 0x85, 0x08, 0x85, 0x08, 0x85, 0x08, 0x85,
    0x08, 0x85, 0x08, 0x85, 0x08, 0x85, 0x08, 0x85, 0x08, 0x85, 0x08, 0x85, 0x08, 0x85, 0x08, 0x85,
    0x08, 0x85, 0x08, 0x85, 0x08, 0x85, 0x08, 0x85, 0x08, 0x85, 0x08, 0x85, 0x08, 0x85, 0x08, 0x85,
    0x08, 0x85, 0x08, 0x85, 0x08, 0x85, 0x08, 0x85, 0x08, 0x85, 0x08, 0x85, 0x08, 0x85, 0x08, 0x85,
    0x08, 0x85, 0x08, 0x85, 0x08, 0x85, 0x08, 0x85, 0x08, 0x85, 0x08, 0x85, 0x08, 0x85, 0x08, 0x85,
    0x08, 0x85, 0x08, 0x85, 0x08, 0x85, 0x08, 0x85, 0x08, 0x85, 0x08, 0x85, 0x08, 0x85, 0x08, 0x85,
    0x08, 0x85, 0x08, 0x85, 0x08, 0x85, 0x08, 0x85, 0x08, 0x85, 0x08, 0x85, 0x08, 0x85, 0x08, 0x85,
    0x08, 0x85, 0x08, 0x85, 0x08, 0x85, 0x08, 0x85, 0x08, 0x85, 0x08, 0x85, 0x08, 0x85, 0x08, 0x85,
    0x08, 0x85, 0x08, 0x85, 0x08, 0x85, 0x08, 0x85, 0x08, 0x85, 0x08, 0x85, 0x08, 0x86, 0x08, 0x86,
    0x08, 0x86, 0x08, 0x86, 0x08, 0x86, 0x08, 0x86, 0x08, 0x86, 0x08, 0x86, 0x08, 0x86, 0x08, 0x86,
    0x08, 0x86, 0x08, 0x86, 0x08, 0x86, 0x08, 0x86, 0x08, 0x86, 0x08, 0x86, 0x08, 0x86, 0x08, 0x86,
    0x08, 0x86, 0x08, 0x86, 0x08, 0x86, 0x08, 0x86, 0x08, 0x86, 0x08, 0x86, 0x08, 0x86, 0x08, 0x86,
    0x08, 0x86, 0x08, 0x86, 0x08, 0x86, 0x08, 0x86, 0x08, 0x86, 0x08, 0x85, 0x08, 0x85, 0x08, 0x85,
    0x08, 0x85, 0x08, 0x85, 0x08, 0x85, 0x08, 0x85, 0x08, 0x85, 0x08, 0x85, 0x08, 0x86, 0x08, 0x86,
    0x08, 0x86, 0x08, 0x86, 0x08, 0xa6, 0x08, 0xa6, 0x08, 0xa6, 0x08, 0xa6, 0x08, 0x86, 0x08, 0x86,
    0x08, 0xa6, 0x08, 0xa6, 0x08, 0xa6, 0x08, 0xa6, 0x08, 0xa6, 0x08, 0xa6, 0x08, 0xc7, 0x10, 0xe8,
    0x00, 0x66, 0x00, 0x66, 0x08, 0xc8, 0x3a, 0x2e, 0x11, 0x09, 0x00, 0x67, 0x08, 0x87, 0x10, 0xc7,
    0x10, 0xa7, 0x08, 0x86, 0x08, 0x86, 0x08, 0xa6, 0x08, 0x86, 0x00, 0x65, 0x08, 0xa5, 0x08, 0xa5,
    0x08, 0xa6, 0x08, 0xa6, 0x08, 0xa6, 0x08, 0x86, 0x08, 0x86, 0x08, 0x86, 0x00, 0x65, 0x00, 0x86,
    0x08, 0xc7, 0x08, 0xe8, 0x09, 0x09, 0x09, 0x29, 0x09, 0x2a, 0x09, 0x2a, 0x09, 0x4a, 0x09, 0x4a,
    0x09, 0x4a, 0x09, 0x4a, 0x09, 0x4a, 0x09, 0x2a, 0x09, 0x4a, 0x09, 0x4a, 0x09, 0x4a, 0x09, 0x4a,
    0x09, 0x4a, 0x09, 0x4a, 0x09, 0x4a, 0x09, 0x4a, 0x09, 0x4a, 0x09, 0x4a, 0x09, 0x4a, 0x09, 0x4a,
    0x09, 0x4a, 0x09, 0x4a, 0x09, 0x4a, 0x09, 0x4a, 0x09, 0x4a, 0x09, 0x4a, 0x01, 0x4a, 0x01, 0x4a,
    0x01, 0x6a, 0x09, 0x4a, 0x09, 0x29, 0x00, 0xe7, 0x00, 0xa6, 0x00, 0x65, 0x08, 0xa5, 0x08, 0x85,
    0x08, 0x85, 0x08, 0x85, 0x08, 0x85, 0x08, 0x85, 0x08, 0x85, 0x08, 0x86, 0x08, 0x86, 0x08, 0x86,
    0x08, 0x86, 0x08, 0x86, 0x08, 0x86, 0x08, 0x86, 0x08, 0x85, 0x08, 0x85, 0x08, 0x85, 0x08, 0x85,
    0x08, 0x85, 0x08, 0x85, 0x08, 0x85, 0x08, 0x85, 0x08, 0x85, 0x08, 0x85, 0x10, 0xc6, 0x00, 0x65,
    0x08, 0x86, 0x10, 0xa6, 0x00, 0x24, 0x19, 0x08, 0x3a, 0x0c, 0x00, 0x66, 0x08, 0x66, 0x08, 0x66,
    0x08, 0x86, 0x08, 0x86, 0x08, 0x85, 0x08, 0x65, 0x08, 0x65, 0x08, 0x85, 0x00, 0x65, 0x00, 0x86,
    0x00, 0x86, 0x00, 0x86, 0x00, 0x66, 0x00, 0x86, 0x00, 0x86, 0x00, 0x87, 0x00, 0x87, 0x00, 0x87,
    0x00, 0x87, 0x00, 0x87, 0x00, 0x87, 0x00, 0x87, 0x00, 0x87, 0x00, 0x87, 0x00, 0x87, 0x00, 0x87,
    0x00, 0xa7, 0x00, 0x86, 0x00, 0x66, 0x00, 0x65, 0x08, 0x65, 0x08, 0x85, 0x08, 0x65, 0x08, 0x65,
    0x08, 0x85, 0x08, 0x85, 0x08, 0x85, 0x08, 0x85, 0x00, 0x85, 0x08, 0x85, 0x00, 0x64, 0x19, 0x07,
    0x08, 0x65, 0x08, 0x65, 0x08, 0x65, 0x08, 0x65, 0x08, 0x65, 0x08, 0x65, 0x08, 0x65, 0x08, 0x65,
    0x08, 0x65, 0x08, 0x85, 0x08, 0x85, 0x08, 0x85, 0x08, 0x85, 0x08, 0x85, 0x08, 0x85, 0x08, 0x85,
    0x08, 0x85, 0x08, 0x85, 0x08, 0x85, 0x08, 0x85, 0x08, 0x85, 0x08, 0x85, 0x08, 0x85, 0x08, 0x85,
    0x08, 0x85, 0x08, 0x85, 0x08, 0x85, 0x08, 0x85, 0x08, 0x85, 0x08, 0x85, 0x08, 0x85, 0x08, 0x85,
    0x08, 0x85, 0x08, 0x85, 0x08, 0x85, 0x08, 0x85, 0x08, 0x85, 0x08, 0x85, 0x08, 0x85, 0x08, 0x85,
    0x08, 0x85, 0x08, 0x85, 0x08, 0x85, 0x08, 0x85, 0x08, 0x85, 0x08, 0x85, 0x08, 0x85, 0x08, 0x85,
    0x08, 0x85, 0x08, 0x85, 0x08, 0x85, 0x08, 0x85, 0x08, 0x85, 0x08, 0x85, 0x08, 0x85, 0x08, 0x85,
    0x08, 0x85, 0x08, 0x85, 0x08, 0x85, 0x08, 0x85, 0x08, 0x85, 0x08, 0x85, 0x08, 0x85, 0x08, 0x85,
    0x08, 0x85, 0x08, 0x85, 0x08, 0x85, 0x08, 0x85, 0x08, 0x85, 0x08, 0x85, 0x08, 0x85, 0x08, 0x85,
    0x08, 0x85, 0x08, 0x85, 0x08, 0x85, 0x08, 0x85, 0x08, 0x85, 0x08, 0x85, 0x08, 0x85, 0x08, 0x85,
    0x08, 0x85, 0x08, 0x85, 0x08, 0x85, 0x08, 0x85, 0x08, 0x85, 0x08, 0x85, 0x08, 0x85, 0x08, 0x85,
    0x08, 0x85, 0x08, 0x85, 0x08, 0x85, 0x08, 0x85, 0x08, 0x85, 0x08, 0x85, 0x08, 0x85, 0x08, 0x85,
    0x08, 0x85, 0x08, 0x85, 0x08, 0x85, 0x08, 0x85, 0x08, 0x85, 0x08, 0x85, 0x08, 0x85, 0x08, 0x85,
    0x08, 0x85, 0x08, 0x85, 0x08, 0x85, 0x08, 0x85, 0x08, 0x85, 0x08, 0x85, 0x08, 0x85, 0x08, 0x85,
    0x08, 0x85, 0x08, 0x85, 0x08, 0x85, 0x08, 0x85, 0x08, 0x85, 0x08, 0x85, 0x08, 0x85, 0x08, 0x85,
    0x08, 0x85, 0x08, 0x85, 0x08, 0x85, 0x08, 0x85, 0x08, 0x85, 0x08, 0x85, 0x08, 0x86, 0x08, 0x86,
    0x08, 0x86, 0x08, 0x86, 0x08, 0x86, 0x08, 0x86, 0x08, 0x86, 0x08, 0x86, 0x08, 0x86, 0x08, 0x86,
    0x08, 0x86, 0x08, 0x86, 0x08, 0x86, 0x08, 0x86, 0x08, 0x86, 0x08, 0x86, 0x08, 0x86, 0x08, 0x86,
    0x08, 0x86, 0x08, 0x86, 0x08, 0x86, 0x08, 0x86, 0x08, 0x86, 0x08, 0x86, 0x08, 0x86, 0x08, 0x86,
    0x08, 0x86, 0x08, 0x86, 0x08, 0x86, 0x08, 0x86, 0x08, 0x86, 0x08, 0x85, 0x08, 0x85, 0x08, 0x85,
    0x08, 0x85, 0x08, 0x85, 0x08, 0x85, 0x08, 0x85, 0x08, 0x85, 0x08, 0x85, 0x08, 0x86, 0x08, 0x86,
    0x08, 0xa6, 0x08, 0xa6, 0x08, 0xa6, 0x08, 0xa6, 0x08, 0xa6, 0x08, 0xa6, 0x08, 0xa6, 0x08, 0xa6,
    0x08, 0xa6, 0x08, 0xa6, 0x08, 0xa6, 0x08, 0xa6, 0x08, 0xa6, 0x08, 0xa6, 0x08, 0xc7, 0x10, 0xc7,
    0x00, 0xa6, 0x00, 0x87, 0x00, 0x66, 0x21, 0x6a, 0x32, 0x0d, 0x08, 0xc8, 0x00, 0x86, 0x08, 0xc7,
    0x10, 0xe8, 0x08, 0xc7, 0x08, 0xa6, 0x08, 0xa6, 0x08, 0xa6, 0x00, 0x85, 0x08, 0xa5, 0x08, 0xa5,
    0x08, 0x86, 0x08, 0x86, 0x08, 0x86, 0x08, 0x86, 0x08, 0x86, 0x08, 0x86, 0x00, 0x65, 0x00, 0x65,
    0x00, 0x65, 0x00, 0x86, 0x00, 0x86, 0x00, 0xa7, 0x00, 0xa7, 0x00, 0xa7, 0x00, 0x87, 0x00, 0x87,
    0x00, 0x87, 0x00, 0x86, 0x00, 0x86, 0x00, 0x86, 0x00, 0x86, 0x00, 0x86, 0x00, 0xa7, 0x00, 0xa7,
    0x00, 0xa7, 0x00, 0xa7, 0x00, 0xa7, 0x00, 0xa7, 0x00, 0xa7, 0x00, 0xa7, 0x00, 0x86, 0x00, 0x86,
    0x00, 0x86, 0x00, 0x86, 0x00, 0x86, 0x00, 0x86, 0x00, 0x86, 0x00, 0xa6, 0x00, 0xc7, 0x00, 0xc7,
    0x00, 0xc7, 0x00, 0xc7, 0x00, 0xa6, 0x00, 0xa5, 0x00, 0x85, 0x00, 0x84, 0x08, 0xa5, 0x08, 0xa5,
    0x08, 0xa5, 0x08, 0xa5, 0x08, 0xa5, 0x08, 0xa5, 0x08, 0xa6, 0x08, 0xa6, 0x08, 0x86, 0x08, 0x86,
    0x08, 0x86, 0x08, 0x86, 0x08, 0x86, 0x08, 0x86, 0x08, 0x85, 0x08, 0x85, 0x08, 0x85, 0x08, 0x85,
    0x08, 0x85, 0x08, 0x85, 0x08, 0x85, 0x08, 0x85, 0x08, 0x85, 0x08, 0x85, 0x08, 0xc6, 0x00, 0x45,
    0x08, 0xa6, 0x00, 0x66, 0x08, 0x86, 0x29, 0x8a, 0x21, 0x29, 0x00, 0x04, 0x08, 0x86, 0x08, 0xa6,
    0x10, 0xa6, 0x08, 0x86, 0x08, 0x65, 0x08, 0x65, 0x08, 0x85, 0x08, 0x85, 0x00, 0x65, 0x00, 0x65,
    0x00, 0x86, 0x00, 0xc7, 0x09, 0x29, 0x11, 0x4a, 0x09, 0x6a, 0x09, 0x4b, 0x11, 0x8c, 0x11, 0x8c,
    0x11, 0x8c, 0x11, 0x8c, 0x11, 0x8c, 0x11, 0x8c, 0x11, 0x8b, 0x11, 0x8b, 0x09, 0x4b, 0x09, 0x6b,
    0x11, 0x4a, 0x11, 0x29, 0x08, 0xe8, 0x00, 0xa7, 0x00, 0x66, 0x00, 0x45, 0x08, 0x65, 0x08, 0x65,
    0x08, 0x65, 0x08, 0x85, 0x08, 0x85, 0x08, 0x85, 0x00, 0x85, 0x08, 0x85, 0x00, 0x64, 0x19, 0x07,
    0x08, 0x65, 0x08, 0x65, 0x08, 0x65, 0x08, 0x65, 0x08, 0x65, 0x08, 0x65, 0x08, 0x65, 0x08, 0x65,
    0x08, 0x65, 0x08, 0x85, 0x08, 0x85, 0x08, 0x85, 0x08, 0x85, 0x08, 0x85, 0x08, 0x85, 0x08, 0x85,
    0x08, 0x85, 0x08, 0x85, 0x08, 0x85, 0x08, 0x85, 0x08, 0x85, 0x08, 0x85, 0x08, 0x85, 0x08, 0x85,
    0x08, 0x85, 0x08, 0x85, 0x08, 0x85, 0x08, 0x85, 0x08, 0x85, 0x08, 0x85, 0x08, 0x85, 0x08, 0x85,
    0x08, 0x85, 0x08, 0x85, 0x08, 0x85, 0x08, 0x85, 0x08, 0x85, 0x08, 0x85, 0x08, 0x85, 0x08, 0x85,
    0x08, 0x85, 0x08, 0x85, 0x08, 0x85, 0x08, 0x85, 0x08, 0x85, 0x08, 0x85, 0x08, 0x85, 0x08, 0x85,
    0x08, 0x85, 0x08, 0x85, 0x08, 0x85, 0x08, 0x85, 0x08, 0x85, 0x08, 0x85, 0x08, 0x85, 0x08, 0x85,
    0x08, 0x85, 0x08, 0x85, 0x08, 0x85, 0x08, 0x85, 0x08, 0x85, 0x08, 0x85, 0x08, 0x85, 0x08, 0x85,
    0x08, 0x85, 0x08, 0x85, 0x08, 0x85, 0x08, 0x85, 0x08, 0x85, 0x08, 0x85, 0x08, 0x85, 0x08, 0x85,
    0x08, 0x85, 0x08, 0x85, 0x08, 0x85, 0x08, 0x85, 0x08, 0x85, 0x08, 0x85, 0x08, 0x85, 0x08, 0x85,
    0x08, 0x85, 0x08, 0x85, 0x08, 0x85, 0x08, 0x85, 0x08, 0x85, 0x08, 0x85, 0x08, 0x85, 0x08, 0x85,
    0x08, 0x85, 0x08, 0x85, 0x08, 0x85, 0x08, 0x85, 0x08, 0x85, 0x08, 0x85, 0x08, 0x85, 0x08, 0x85,
    0x08, 0x85, 0x08, 0x85, 0x08, 0x85, 0x08, 0x85, 0x08, 0x85, 0x08, 0x85, 0x08, 0x85, 0x08, 0x85,
    0x08, 0x85, 0x08, 0x85, 0x08, 0x85, 0x08, 0x85, 0x08, 0x85, 0x08, 0x85, 0x08, 0x85, 0x08, 0x85,
    0x08, 0x85, 0x08, 0x85, 0x08, 0x85, 0x08, 0x85, 0x08, 0x85, 0x08, 0x85, 0x08, 0x85, 0x08, 0x85,
    0x08, 0x85, 0x08, 0x85, 0x08, 0x85, 0x08, 0x85, 0x08, 0x85, 0x08, 0x85, 0x08, 0x86, 0x08, 0x86,
    0x08, 0x86, 0x08, 0x86, 0x08, 0x86, 0x08, 0x86, 0x08, 0x86, 0x08, 0x86, 0x08, 0x86, 0x08, 0x86,
    0x08, 0x86, 0x08, 0x86, 0x08, 0x86, 0x08, 0x86, 0x08, 0x86, 0x08, 0x86, 0x08, 0x86, 0x08, 0x86,
    0x08, 0x86, 0x08, 0x86, 0x08, 0x86, 0x08, 0x86, 0x08, 0x86, 0x08, 0x86, 0x08, 0x86, 0x08, 0x86,
    0x08, 0x86, 0x08, 0x86, 0x08, 0x86, 0x08, 0x86, 0x08, 0x86, 0x08, 0x86, 0x08, 0x86, 0x08, 0x85,
    0x08, 0x85, 0x08, 0x85, 0x08, 0x85, 0x08, 0x85, 0x08, 0x86, 0x08, 0x86, 0x08, 0xa6, 0x08, 0xa6,
    0x08, 0xa6, 0x08, 0xa6, 0x08, 0xa6, 0x08, 0xa6, 0x08, 0xa6, 0x08, 0xa6, 0x08, 0xa6, 0x08, 0xa6,
    0x08, 0xa6, 0x08, 0xa6, 0x08, 0xa6, 0x08, 0xa6, 0x08, 0xa6, 0x08, 0xa6, 0x08, 0xa6, 0x08, 0xa7,
    0x08, 0xc7, 0x08, 0xc7, 0x00, 0x66, 0x08, 0xa8, 0x3a, 0x4e, 0x21, 0x8b, 0x00, 0x87, 0x00, 0x86,
    0x08, 0xa7, 0x08, 0xc7, 0x08, 0x86, 0x08, 0xa6, 0x08, 0xc6, 0x08, 0xa6, 0x08, 0xa6, 0x08, 0xa5,
    0x08, 0xa6, 0x08, 0xa6, 0x08, 0x86, 0x08, 0x86, 0x08, 0x86, 0x08, 0x85, 0x08, 0x85, 0x08, 0x85,
    0x08, 0x85, 0x00, 0x85, 0x00, 0x85, 0x00, 0x86, 0x00, 0x86, 0x00, 0x65, 0x00, 0x86, 0x00, 0x86,
    0x00, 0x66, 0x00, 0x65, 0x00, 0x65, 0x00, 0x65, 0x00, 0x65, 0x00, 0x65, 0x00, 0x85, 0x00, 0x86,
    0x00, 0x86, 0x00, 0x86, 0x00, 0x86, 0x00, 0x86, 0x00, 0x86, 0x00, 0x86, 0x00, 0x86, 0x00, 0x86,
    0x00, 0x86, 0x00, 0x86, 0x00, 0x86, 0x00, 0x86, 0x00, 0x86, 0x00, 0x86, 0x00, 0xc6, 0x00, 0xc6,
    0x00, 0xa6, 0x00, 0xa5, 0x00, 0xa5, 0x00, 0xa5, 0x08, 0xa5, 0x08, 0xa5, 0x08, 0xa4, 0x08, 0xa4,
    0x08, 0xa5, 0x08, 0xa5, 0x08, 0xa5, 0x08, 0xa5, 0x08, 0xa6, 0x08, 0xa6, 0x08, 0x86, 0x08, 0x86,
    0x08, 0x86, 0x08, 0x86, 0x08, 0x86, 0x08, 0x86, 0x08, 0x85, 0x08, 0x85, 0x08, 0x85, 0x08, 0x85,
    0x08, 0x85, 0x08, 0x85, 0x08, 0x85, 0x08, 0x85, 0x08, 0x85, 0x08, 0x85, 0x00, 0x45, 0x08, 0x86,
    0x00, 0x66, 0x00, 0x24, 0x21, 0x69, 0x29, 0xaa, 0x00, 0x04, 0x08, 0x65, 0x08, 0x65, 0x08, 0x86,
    0x08, 0x86, 0x08, 0x65, 0x08, 0x65, 0x08, 0x65, 0x08, 0x85, 0x08, 0x86, 0x00, 0x86, 0x00, 0x66,
    0x00, 0xa7, 0x09, 0x09, 0x11, 0x8b, 0x11, 0xac, 0x11, 0xad, 0x09, 0xad, 0x09, 0xad, 0x09, 0xad,
    0x09, 0xad, 0x09, 0xac, 0x09, 0xac, 0x09, 0x8c, 0x09, 0x8c, 0x09, 0x8c, 0x09, 0xad, 0x11, 0xad,
    0x11, 0xac, 0x11, 0x8c, 0x11, 0x6b, 0x09, 0x09, 0x08, 0xa7, 0x00, 0x65, 0x08, 0x65, 0x08, 0x65,
    0x08, 0x65, 0x08, 0x65, 0x08, 0x85, 0x08, 0x85, 0x00, 0x85, 0x08, 0x85, 0x00, 0x44, 0x19, 0x07,
    0x08, 0x65, 0x08, 0x65, 0x08, 0x65, 0x08, 0x65, 0x08, 0x65, 0x08, 0x65, 0x08, 0x65, 0x08, 0x65,
    0x08, 0x65, 0x08, 0x85, 0x08, 0x85, 0x08, 0x85, 0x08, 0x85, 0x08, 0x85, 0x08, 0x85, 0x08, 0x85,
    0x08, 0x85, 0x08, 0x85, 0x08, 0x85, 0x08, 0x85, 0x08, 0x85, 0x08, 0x85, 0x08, 0x85, 0x08, 0x85,
    0x08, 0x85, 0x08, 0x85, 0x08, 0x85, 0x08, 0x85, 0x08, 0x85, 0x08, 0x85, 0x08, 0x85, 0x08, 0x85,
    0x08, 0x85, 0x08, 0x85, 0x08, 0x85, 0x08, 0x85, 0x08, 0x85, 0x08, 0x85, 0x08, 0x85, 0x08, 0x85,
    0x08, 0x85, 0x08, 0x85, 0x08, 0x85, 0x08, 0x85, 0x08, 0x85, 0x08, 0x85, 0x08, 0x85, 0x08, 0x85,
    0x08, 0x85, 0x08, 0x85, 0x08, 0x85, 0x08, 0x85, 0x08, 0x85, 0x08, 0x85, 0x08, 0x85, 0x08, 0x85,
    0x08, 0x85, 0x08, 0x85, 0x08, 0x85, 0x08, 0x85, 0x08, 0x85, 0x08, 0x85, 0x08, 0x85, 0x08, 0x85,
    0x08, 0x85, 0x08, 0x85, 0x08, 0x85, 0x08, 0x85, 0x08, 0x85, 0x08, 0x85, 0x08, 0x85, 0x08, 0x85,
    0x08, 0x85, 0x08, 0x85, 0x08, 0x85, 0x08, 0x85, 0x08, 0x85, 0x08, 0x85, 0x08, 0x85, 0x08, 0x85,
    0x08, 0x85, 0x08, 0x85, 0x08, 0x85, 0x08, 0x85, 0x08, 0x85, 0x08, 0x85, 0x08, 0x85, 0x08, 0x85,
    0x08, 0x85, 0x08, 0x85, 0x08, 0x85, 0x08, 0x85, 0x08, 0x85, 0x08, 0x85, 0x08, 0x85, 0x08, 0x85,
    0x08, 0x85, 0x08, 0x85, 0x08, 0x85, 0x08, 0x85, 0x08, 0x85, 0x08, 0x85, 0x08, 0x85, 0x08, 0x85,
    0x08, 0x85, 0x08, 0x85, 0x08, 0x85, 0x08, 0x85, 0x08, 0x85, 0x08, 0x85, 0x08, 0x85, 0x08, 0x85,
    0x08, 0x85, 0x08, 0x85, 0x08, 0x85, 0x08, 0x85, 0x08, 0x85, 0x08, 0x85, 0x08, 0x85, 0x08, 0x85,
    0x08, 0x85, 0x08, 0x85, 0x08, 0x85, 0x08, 0x85, 0x08, 0x85, 0x08, 0x85, 0x08, 0x86, 0x08, 0x86,
    0x08, 0x86, 0x08, 0x86, 0x08, 0x86, 0x08, 0x86, 0x08, 0x86, 0x08, 0x86, 0x08, 0x86, 0x08, 0x86,
    0x08, 0x86, 0x08, 0x86, 0x08, 0x86, 0x08, 0x86, 0x08, 0x86, 0x08, 0x86, 0x08, 0x86, 0x08, 0x86,
    0x08, 0x86, 0x08, 0x86, 0x08, 0x86, 0x08, 0x86, 0x08, 0x86, 0x08, 0x86, 0x08, 0x86, 0x08, 0x86,
    0x08, 0x86, 0x08, 0x86, 0x08, 0x86, 0x08, 0x86, 0x08, 0x86, 0x08, 0x86, 0x08, 0x86, 0x08, 0x85,
    0x08, 0x85, 0x08, 0x85, 0x08, 0x86, 0x08, 0x86, 0x08, 0x86, 0x08, 0x86, 0x08, 0xa6, 0x08, 0xa6,
    0x08, 0xa6, 0x08, 0xa6, 0x08, 0xa6, 0x08, 0xa6, 0x08, 0xa6, 0x08, 0xa6, 0x08, 0xa6, 0x08, 0xa6,
    0x08, 0xa6, 0x08, 0xa6, 0x08, 0xa6, 0x08, 0xa6, 0x08, 0xc6, 0x08, 0xc6, 0x08, 0xc7, 0x00, 0xa6,
    0x08, 0xc7, 0x08, 0xc7, 0x08, 0xa7, 0x00, 0x67, 0x21, 0x6b, 0x3a, 0x2e, 0x11, 0x09, 0x00, 0x86,
    0x00, 0x86, 0x08, 0xc7, 0x00, 0x86, 0x00, 0x86, 0x08, 0xc6, 0x00, 0xa5, 0x08, 0xa6, 0x08, 0xc6,
    0x08, 0xa6, 0x08, 0xa6, 0x08, 0xa6, 0x08, 0xa6, 0x08, 0x86, 0x08, 0x85, 0x10, 0xc6, 0x08, 0xa5,
    0x08, 0xa5, 0x08, 0xa5, 0x08, 0xa5, 0x00, 0xa6, 0x00, 0xa6, 0x00, 0x85, 0x08, 0xc6, 0x08, 0xc6,
    0x08, 0xa6, 0x08, 0xc6, 0x08, 0xa6, 0x08, 0xa5, 0x10, 0xa5, 0x08, 0xa5, 0x08, 0xa5, 0x08, 0xa6,
    0x08, 0xa6, 0x08, 0xa6, 0x08, 0xa6, 0x08, 0xa6, 0x08, 0xa6, 0x08, 0xa6, 0x08, 0xa6, 0x08, 0xa6,
    0x08, 0xa6, 0x08, 0xa6, 0x08, 0xa6, 0x08, 0xa6, 0x08, 0xa6, 0x08, 0xc6, 0x08, 0xe6, 0x00, 0xc6,
    0x00, 0xc6, 0x00, 0xa5, 0x08, 0xc5, 0x08, 0xc5, 0x10, 0xc5, 0x10, 0xc5, 0x08, 0xa5, 0x08, 0xa5,
    0x08, 0xa5, 0x08, 0xa5, 0x08, 0xa5, 0x08, 0xa6, 0x08, 0xa6, 0x08, 0xa6, 0x08, 0xa6, 0x08, 0xa6,
    0x08, 0xa6, 0x08, 0x86, 0x08, 0x86, 0x08, 0x86, 0x08, 0x85, 0x08, 0x85, 0x08, 0x85, 0x08, 0x85,
    0x08, 0x85, 0x08, 0x85, 0x08, 0x85, 0x08, 0x85, 0x08, 0x85, 0x08, 0x86, 0x00, 0x65, 0x00, 0x86,
    0x00, 0x66, 0x08, 0xa7, 0x29, 0xaa, 0x19, 0x08, 0x00, 0x04, 0x08, 0x86, 0x08, 0x45, 0x08, 0x65,
    0x08, 0x65, 0x08, 0x65, 0x08, 0x65, 0x08, 0x85, 0x08, 0x85, 0x08, 0x86, 0x00, 0xa6, 0x00, 0xa7,
    0x00, 0xc8, 0x09, 0x4a, 0x11, 0xac, 0x11, 0xad, 0x09, 0x8d, 0x01, 0x8d, 0x01, 0xce, 0x01, 0xce,
    0x01, 0xce, 0x01, 0xce, 0x09, 0xcd, 0x09, 0xcd, 0x09, 0xcd, 0x09, 0xcd, 0x01, 0x8d, 0x01, 0x8d,
    0x09, 0x8d, 0x09, 0x8d, 0x11, 0x8c, 0x11, 0x4a, 0x08, 0xe8, 0x00, 0x86, 0x00, 0x85, 0x08, 0x65,
    0x08, 0x65, 0x08, 0x65, 0x08, 0x65, 0x08, 0x85, 0x00, 0x85, 0x08, 0x85, 0x00, 0x44, 0x19, 0x07,
    0x08, 0x65, 0x08, 0x65, 0x08, 0x65, 0x08, 0x65, 0x08, 0x65, 0x08, 0x65, 0x08, 0x65, 0x08, 0x65,
    0x08, 0x65, 0x08, 0x85, 0x08, 0x85, 0x08, 0x85, 0x08, 0x85, 0x08, 0x85, 0x08, 0x85, 0x08, 0x85,
    0x08, 0x85, 0x08, 0x85, 0x08, 0x85, 0x08, 0x85, 0x08, 0x85, 0x08, 0x85, 0x08, 0x85, 0x08, 0x85,
    0x08, 0x85, 0x08, 0x85, 0x08, 0x85, 0x08, 0x85, 0x08, 0x85, 0x08, 0x85, 0x08, 0x85, 0x08, 0x85,
    0x08, 0x85, 0x08, 0x85, 0x08, 0x85, 0x08, 0x85, 0x08, 0x85, 0x08, 0x85, 0x08, 0x85, 0x08, 0x85,
    0x08, 0x85, 0x08, 0x85, 0x08, 0x85, 0x08, 0x85, 0x08, 0x85, 0x08, 0x85, 0x08, 0x85, 0x08, 0x85,
    0x08, 0x85, 0x08, 0x85, 0x08, 0x85, 0x08, 0x85, 0x08, 0x85, 0x08, 0x85, 0x08, 0x85, 0x08, 0x85,
    0x08, 0x85, 0x08, 0x85, 0x08, 0x85, 0x08, 0x85, 0x08, 0x85, 0x08, 0x85, 0x08, 0x85, 0x08, 0x85,
    0x08, 0x85, 0x08, 0x85, 0x08, 0x85, 0x08, 0x85, 0x08, 0x85, 0x08, 0x85, 0x08, 0x85, 0x08, 0x85,
    0x08, 0x85, 0x08, 0x85, 0x08, 0x85, 0x08, 0x85, 0x08, 0x85, 0x08, 0x85, 0x08, 0x85, 0x08, 0x85,
    0x08, 0x85, 0x08, 0x85, 0x08, 0x85, 0x08, 0x85, 0x08, 0x85, 0x08, 0x85, 0x08, 0x85, 0x08, 0x85,
    0x08, 0x85, 0x08, 0x85, 0x08, 0x85, 0x08, 0x85, 0x08, 0x85, 0x08, 0x85, 0x08, 0x85, 0x08, 0x85,
    0x08, 0x85, 0x08, 0x85, 0x08, 0x85, 0x08, 0x85, 0x08, 0x85, 0x08, 0x85, 0x08, 0x85, 0x08, 0x85,
    0x08, 0x85, 0x08, 0x85, 0x08, 0x85, 0x08, 0x85, 0x08, 0x85, 0x08, 0x85, 0x08, 0x85, 0x08, 0x85,
    0x08, 0x85, 0x08, 0x85, 0x08, 0x85, 0x08, 0x85, 0x08, 0x85, 0x08, 0x85, 0x08, 0x85, 0x08, 0x85,
    0x08, 0x85, 0x08, 0x85, 0x08, 0x85, 0x08, 0x85, 0x08, 0x85, 0x08, 0x85, 0x08, 0x86, 0x08, 0x86,
    0x08, 0x86, 0x08, 0x86, 0x08, 0x86, 0x08, 0x86, 0x08, 0x86, 0x08, 0x86, 0x08, 0x86, 0x08, 0x86,
    0x08, 0x86, 0x08, 0x86, 0x08, 0x86, 0x08, 0x86, 0x08, 0x86, 0x08, 0x86, 0x08, 0x86, 0x08, 0x86,
    0x08, 0x86, 0x08, 0x86, 0x08, 0x86, 0x08, 0x86, 0x08, 0x86, 0x08, 0x86, 0x08, 0x86, 0x08, 0x86,
    0x08, 0x86, 0x08, 0x86, 0x08, 0x86, 0x08, 0x86, 0x08, 0x86, 0x08, 0x86, 0x08, 0x86, 0x08, 0x85,
    0x08, 0x85, 0x08, 0x85, 0x08, 0x86, 0x08, 0x86, 0x08, 0x86, 0x08, 0x86, 0x08, 0xa6, 0x08, 0xa6,
    0x08, 0xa6, 0x08, 0xa6, 0x08, 0xa6, 0x08, 0xa6, 0x08, 0xa6, 0x08, 0xa6, 0x08, 0xa6, 0x08, 0xa6,
    0x08, 0xa6, 0x08, 0xa6, 0x08, 0xa6, 0x08, 0xc6, 0x08, 0xc6, 0x08, 0xc6, 0x08, 0xc7, 0x00, 0xa6,
    0x08, 0xc7, 0x08, 0xa7, 0x08, 0xe8, 0x00, 0x86, 0x00, 0x66, 0x42, 0x6e, 0x29, 0xac, 0x08, 0xc8,
    0x00, 0x87, 0x08, 0xe8, 0x08, 0xc7, 0x08, 0xc7, 0x08, 0xc7, 0x08, 0xa6, 0x08, 0xc6, 0x08, 0xc6,
    0x08, 0xc6, 0x08, 0xc6, 0x08, 0xa6, 0x08, 0xa6, 0x08, 0xa6, 0x08, 0x86, 0x08, 0xa5, 0x08, 0x85,
    0x08, 0x85, 0x00, 0x85, 0x08, 0xa5, 0x00, 0xa6, 0x00, 0x85, 0x00, 0x85, 0x08, 0xa6, 0x08, 0xa6,
    0x08, 0xa6, 0x08, 0xa5, 0x08, 0xa5, 0x08, 0xa5, 0x08, 0xa5, 0x08, 0xa5, 0x08, 0x85, 0x08, 0x85,
    0x08, 0x85, 0x08, 0x85, 0x08, 0x85, 0x08, 0x85, 0x08, 0x85, 0x08, 0x85, 0x08, 0x85, 0x08, 0x85,
    0x08, 0x85, 0x08, 0x85, 0x08, 0x85, 0x08, 0x85, 0x08, 0x85, 0x08, 0xa5, 0x00, 0xa5, 0x00, 0xa5,
    0x00, 0x85, 0x00, 0x85, 0x08, 0xa5, 0x08, 0xa5, 0x08, 0xa5, 0x08, 0x85, 0x08, 0xa5, 0x08, 0xa5,
    0x08, 0xa5, 0x08, 0xa6, 0x08, 0xa6, 0x08, 0xa6, 0x08, 0xa6, 0x08, 0xa6, 0x08, 0xa6, 0x08, 0xa6,
    0x08, 0xa6, 0x08, 0x86, 0x08, 0x86, 0x08, 0x86, 0x08, 0x85, 0x08, 0x85, 0x08, 0x85, 0x08, 0x85,
    0x08, 0x85, 0x08, 0x85, 0x08, 0x85, 0x08, 0x85, 0x08, 0x85, 0x08, 0x86, 0x08, 0xc7, 0x00, 0x25,
    0x00, 0x66, 0x29, 0xab, 0x21, 0x49, 0x00, 0x45, 0x10, 0xc7, 0x00, 0x45, 0x08, 0x65, 0x08, 0x86,
    0x08, 0x85, 0x08, 0x65, 0x08, 0x65, 0x08, 0x86, 0x08, 0x85, 0x00, 0x65, 0x00, 0x87, 0x00, 0xa8,
    0x09, 0x09, 0x11, 0x6c, 0x11, 0xad, 0x09, 0xae, 0x09, 0xae, 0x01, 0xcf, 0x01, 0xcf, 0x01, 0xcf,
    0x01, 0xcf, 0x01, 0xce, 0x01, 0xce, 0x01, 0xce, 0x09, 0xcd, 0x01, 0xce, 0x01, 0xcf, 0x01, 0xae,
    0x01, 0x8e, 0x09, 0xad, 0x11, 0xad, 0x11, 0x6b, 0x09, 0x09, 0x00, 0xa7, 0x00, 0x86, 0x08, 0x85,
    0x08, 0x65, 0x08, 0x65, 0x08, 0x65, 0x08, 0x85, 0x08, 0x85, 0x08, 0x85, 0x00, 0x44, 0x19, 0x07,
    0x08, 0x85, 0x08, 0x85, 0x08, 0x85, 0x08, 0x85, 0x08, 0x85, 0x08, 0x85, 0x08, 0x85, 0x08, 0x85,
    0x08, 0x85, 0x08, 0x85, 0x08, 0x85, 0x08, 0x85, 0x08, 0x85, 0x08, 0x85, 0x08, 0x85, 0x08, 0x85,
    0x08, 0x85, 0x08, 0x85, 0x08, 0x85, 0x08, 0x85, 0x08, 0x85, 0x08, 0x85, 0x08, 0x85, 0x08, 0x85,
    0x08, 0x85, 0x08, 0x85, 0x08, 0x85, 0x08, 0x85, 0x08, 0x85, 0x08, 0x85, 0x08, 0x85, 0x08, 0x85,
    0x08, 0x85, 0x08, 0x85, 0x08, 0x85, 0x08, 0x85, 0x08, 0x85, 0x08, 0x85, 0x08, 0x85, 0x08, 0x85,
    0x08, 0x85, 0x08, 0x85, 0x08, 0x85, 0x08, 0x85, 0x08, 0x85, 0x08, 0x85, 0x08, 0x85, 0x08, 0x85,
    0x08, 0x85, 0x08, 0x85, 0x08, 0x85, 0x08, 0x85, 0x08, 0x85, 0x08, 0x85, 0x08, 0x85, 0x08, 0x85,
    0x08, 0x85, 0x08, 0x85, 0x08, 0x85, 0x08, 0x85, 0x08, 0x85, 0x08, 0x85, 0x08, 0x85, 0x08, 0x85,
    0x08, 0x85, 0x08, 0x85, 0x08, 0x85, 0x08, 0x85, 0x08, 0x85, 0x08, 0x85, 0x08, 0x85, 0x08, 0x85,
    0x08, 0x85, 0x08, 0x85, 0x08, 0x85, 0x08, 0x85, 0x08, 0x85, 0x08, 0x85, 0x08, 0x85, 0x08, 0x85,
    0x08, 0x85, 0x08, 0x85, 0x08, 0x85, 0x08, 0x85, 0x08, 0x85, 0x08, 0x85, 0x08, 0x85, 0x08, 0x85,
    0x08, 0x85, 0x08, 0x85, 0x08, 0x85, 0x08, 0x85, 0x08, 0x85, 0x08, 0x85, 0x08, 0x85, 0x08, 0x85,
    0x08, 0x85, 0x08, 0x85, 0x08, 0x85, 0x08, 0x85, 0x08, 0x85, 0x08, 0x85, 0x08, 0x85, 0x08, 0x85,
    0x08, 0x85, 0x08, 0x85, 0x08, 0x85, 0x08, 0x85, 0x08, 0x85, 0x08, 0x85, 0x08, 0x85, 0x08, 0x85,
    0x08, 0x85, 0x08, 0x85, 0x08, 0x85, 0x08, 0x85, 0x08, 0x85, 0x08, 0x85, 0x08, 0x86, 0x08, 0x86,
    0x08, 0x86, 0x08, 0x86, 0x08, 0x86, 0x08, 0x86, 0x08, 0x86, 0x08, 0x86, 0x08, 0x86, 0x08, 0x86,
    0x08, 0x86, 0x08, 0x86, 0x08, 0x86, 0x08, 0x86, 0x08, 0x86, 0x08, 0x86, 0x08, 0x86, 0x08, 0x86,
    0x08, 0x86, 0x08, 0x86, 0x08, 0x86, 0x08, 0x86, 0x08, 0x86, 0x08, 0x86, 0x08, 0x86, 0x08, 0x86,
    0x08, 0x86, 0x08, 0x86, 0x08, 0x86, 0x08, 0x86, 0x08, 0x86, 0x08, 0x86, 0x08, 0x86, 0x08, 0x86,
    0x08, 0x86, 0x08, 0x86, 0x08, 0x86, 0x08, 0x86, 0x08, 0x86, 0x08, 0x86, 0x08, 0x86, 0x08, 0x86,
    0x08, 0x86, 0x08, 0x86, 0x08, 0xa6, 0x08, 0xa6, 0x08, 0xa6, 0x08, 0xa6, 0x08, 0xa6, 0x08, 0xa6,
    0x08, 0xa6, 0x08, 0xa6, 0x08, 0xa6, 0x08, 0xa6, 0x08, 0xa6, 0x08, 0xa6, 0x08, 0xc7, 0x08, 0xc7,
    0x08, 0xc7, 0x08, 0xc7, 0x08, 0xc6, 0x08, 0xc6, 0x08, 0xa6, 0x08, 0xa6, 0x08, 0xc6, 0x08, 0xc7,
    0x08, 0xc7, 0x08, 0xc7, 0x08, 0xc8, 0x08, 0xc8, 0x08, 0xc8, 0x08, 0xc8, 0x4a, 0xf0, 0x19, 0x6a,
    0x00, 0xa7, 0x11, 0x09, 0x08, 0xc7, 0x00, 0x86, 0x08, 0xe7, 0x00, 0x86, 0x08, 0xc7, 0x08, 0xc7,
    0x08, 0xc7, 0x08, 0xc7, 0x08, 0xa6, 0x08, 0xa6, 0x08, 0xa7, 0x08, 0xa6, 0x08, 0xa6, 0x08, 0xa6,
    0x08, 0xa6, 0x08, 0xa6, 0x08, 0xa6, 0x08, 0xa6, 0x08, 0xa6, 0x08, 0xa6, 0x00, 0xa6, 0x00, 0xa6,
    0x08, 0xa6, 0x08, 0xa5, 0x08, 0xa5, 0x08, 0xa5, 0x08, 0xa5, 0x08, 0xa5, 0x08, 0xa6, 0x08, 0xa6,
    0x08, 0xa6, 0x08, 0xa6, 0x08, 0xa6, 0x08, 0xa6, 0x08, 0xa6, 0x08, 0xa6, 0x08, 0xa6, 0x08, 0xa6,
    0x08, 0xa6, 0x08, 0xa6, 0x08, 0xc6, 0x08, 0xc6, 0x08, 0xc6, 0x08, 0xc6, 0x08, 0xa6, 0x08, 0xa6,
    0x08, 0xa6, 0x08, 0xa5, 0x08, 0xa5, 0x08, 0xa5, 0x08, 0xa5, 0x08, 0xa5, 0x08, 0xa6, 0x08, 0xa6,
    0x08, 0xa6, 0x08, 0xa6, 0x08, 0xa6, 0x08, 0xa7, 0x08, 0xa7, 0x08, 0xa7, 0x08, 0xa6, 0x08, 0xa6,
    0x08, 0x86, 0x08, 0x86, 0x08, 0x86, 0x08, 0x86, 0x08, 0x86, 0x08, 0x86, 0x08, 0x86, 0x00, 0x65,
    0x08, 0xa6, 0x10, 0xc7, 0x08, 0x65, 0x08, 0x65, 0x10, 0xa6, 0x08, 0x66, 0x00, 0x86, 0x08, 0xc7,
    0x10, 0xc7, 0x3a, 0x2d, 0x00, 0x45, 0x00, 0x45, 0x10, 0xa6, 0x08, 0x65, 0x08, 0x85, 0x08, 0x85,
    0x08, 0x85, 0x08, 0x85, 0x08, 0x86, 0x08, 0x86, 0x08, 0x86, 0x00, 0x66, 0x00, 0x46, 0x09, 0x0a,
    0x19, 0x8c, 0x11, 0xad, 0x09, 0x8d, 0x09, 0xae, 0x09, 0xcf, 0x01, 0xcf, 0x01, 0xd0, 0x01, 0xcf,
    0x01, 0xcf, 0x01, 0xcf, 0x01, 0xce, 0x01, 0xce, 0x09, 0xae, 0x01, 0xce, 0x01, 0xf0, 0x01, 0xf0,
    0x01, 0xcf, 0x01, 0xae, 0x09, 0xad, 0x11, 0xac, 0x11, 0x4b, 0x08, 0xe8, 0x00, 0x66, 0x00, 0x86,
    0x08, 0x85, 0x08, 0x85, 0x08, 0x65, 0x08, 0x85, 0x08, 0x65, 0x08, 0x65, 0x00, 0x44, 0x19, 0x07,
    0x08, 0x85, 0x08, 0x85, 0x08, 0x85, 0x08, 0x85, 0x08, 0x85, 0x08, 0x85, 0x08, 0x85, 0x08, 0x85,
    0x08, 0x85, 0x08, 0x85, 0x08, 0x85, 0x08, 0x85, 0x08, 0x85, 0x08, 0x85, 0x08, 0x85, 0x08, 0x85,
    0x08, 0x85, 0x08, 0x85, 0x08, 0x85, 0x08, 0x85, 0x08, 0x85, 0x08, 0x85, 0x08, 0x85, 0x08, 0x85,
    0x08, 0x85, 0x08, 0x85, 0x08, 0x85, 0x08, 0x85, 0x08, 0x85, 0x08, 0x85, 0x08, 0x85, 0x08, 0x85,
    0x08, 0x85, 0x08, 0x85, 0x08, 0x85, 0x08, 0x85, 0x08, 0x85, 0x08, 0x85, 0x08, 0x85, 0x08, 0x85,
    0x08, 0x85, 0x08, 0x85, 0x08, 0x85, 0x08, 0x85, 0x08, 0x85, 0x08, 0x85, 0x08, 0x85, 0x08, 0x85,
    0x08, 0x85, 0x08, 0x85, 0x08, 0x85, 0x08, 0x85, 0x08, 0x85, 0x08, 0x85, 0x08, 0x85, 0x08, 0x85,
    0x08, 0x85, 0x08, 0x85, 0x08, 0x85, 0x08, 0x85, 0x08, 0x85, 0x08, 0x85, 0x08, 0x85, 0x08, 0x85,
    0x08, 0x85, 0x08, 0x85, 0x08, 0x85, 0x08, 0x85, 0x08, 0x85, 0x08, 0x85, 0x08, 0x85, 0x08, 0x85,
    0x08, 0x85, 0x08, 0x85, 0x08, 0x85, 0x08, 0x85, 0x08, 0x85, 0x08, 0x85, 0x08, 0x85, 0x08, 0x85,
    0x08, 0x85, 0x08, 0x85, 0x08, 0x85, 0x08, 0x85, 0x08, 0x85, 0x08, 0x85, 0x08, 0x85, 0x08, 0x85,
    0x08, 0x85, 0x08, 0x85, 0x08, 0x85, 0x08, 0x85, 0x08, 0x85, 0x08, 0x85, 0x08, 0x85, 0x08, 0x85,
    0x08, 0x85, 0x08, 0x85, 0x08, 0x85, 0x08, 0x85, 0x08, 0x85, 0x08, 0x85, 0x08, 0x85, 0x08, 0x85,
    0x08, 0x85, 0x08, 0x85, 0x08, 0x85, 0x08, 0x85, 0x08, 0x85, 0x08, 0x85, 0x08, 0x85, 0x08, 0x85,
    0x08, 0x85, 0x08, 0x85, 0x08, 0x85, 0x08, 0x85, 0x08, 0x85, 0x08, 0x85, 0x08, 0x86, 0x08, 0x86,
    0x08, 0x86, 0x08, 0x86, 0x08, 0x86, 0x08, 0x86, 0x08, 0x86, 0x08, 0x86, 0x08, 0x86, 0x08, 0x86,
    0x08, 0x86, 0x08, 0x86, 0x08, 0x86, 0x08, 0x86, 0x08, 0x86, 0x08, 0x86, 0x08, 0x86, 0x08, 0x86,
    0x08, 0x86, 0x08, 0x86, 0x08, 0x86, 0x08, 0x86, 0x08, 0x86, 0x08, 0x86, 0x08, 0x86, 0x08, 0x86,
    0x08, 0x86, 0x08, 0x86, 0x08, 0x86, 0x08, 0x86, 0x08, 0x86, 0x08, 0x86, 0x08, 0x86, 0x08, 0x86,
    0x08, 0x86, 0x08, 0x86, 0x08, 0x86, 0x08, 0x86, 0x08, 0x86, 0x08, 0x86, 0x08, 0x86, 0x08, 0x86,
    0x08, 0x86, 0x08, 0xa6, 0x08, 0xa6, 0x08, 0xa6, 0x08, 0xa6, 0x08, 0xa6, 0x08, 0xa6, 0x08, 0xa6,
    0x08, 0xa6, 0x08, 0xa6, 0x08, 0xa6, 0x08, 0xa6, 0x08, 0xa6, 0x08, 0xc7, 0x08, 0xc7, 0x08, 0xc7,
    0x08, 0xc7, 0x08, 0xc7, 0x08, 0xc7, 0x08, 0xc6, 0x08, 0xc6, 0x08, 0xc6, 0x08, 0xc7, 0x08, 0xe7,
    0x08, 0xc7, 0x08, 0xc7, 0x08, 0xc7, 0x08, 0xc8, 0x08, 0xc8, 0x08, 0xc8, 0x29, 0xed, 0x32, 0x4e,
    0x00, 0x87, 0x08, 0xe8, 0x08, 0xe8, 0x00, 0x86, 0x08, 0xe8, 0x08, 0xe7, 0x08, 0xc7, 0x08, 0xc7,
    0x08, 0xc7, 0x08, 0xc7, 0x08, 0xc7, 0x08, 0xa6, 0x08, 0xa7, 0x08, 0xa6, 0x08, 0xa6, 0x08, 0xa6,
    0x08, 0xa6, 0x08, 0xa6, 0x08, 0xa6, 0x08, 0xa6, 0x08, 0xa6, 0x08, 0xa6, 0x00, 0xa6, 0x08, 0xa6,
    0x08, 0xa6, 0x08, 0xa6, 0x08, 0xa6, 0x08, 0xa6, 0x08, 0xa5, 0x08, 0xa6, 0x08, 0xa6, 0x08, 0xc6,
    0x08, 0xa6, 0x08, 0xc6, 0x08, 0xa6, 0x08, 0xc6, 0x08, 0xa6, 0x08, 0xc6, 0x08, 0xa6, 0x08, 0xc6,
    0x08, 0xa6, 0x08, 0xc6, 0x08, 0xc6, 0x08, 0xc6, 0x08, 0xc6, 0x08, 0xc6, 0x08, 0xa6, 0x10, 0xa6,
    0x10, 0xa6, 0x08, 0xa6, 0x08, 0xa6, 0x08, 0xa6, 0x08, 0xa6, 0x08, 0xa6, 0x10, 0xa6, 0x08, 0xa6,
    0x08, 0xa6, 0x08, 0xa7, 0x08, 0xa7, 0x08, 0xa7, 0x08, 0xa7, 0x08, 0xa7, 0x08, 0xa6, 0x08, 0xa6,
    0x08, 0x86, 0x08, 0x86, 0x08, 0x86, 0x08, 0x86, 0x08, 0x86, 0x08, 0x86, 0x08, 0x86, 0x00, 0x45,
    0x08, 0x86, 0x08, 0xa6, 0x00, 0x65, 0x08, 0x86, 0x10, 0xa6, 0x08, 0x66, 0x00, 0x46, 0x08, 0xa7,
    0x31, 0xec, 0x10, 0xc7, 0x08, 0xa6, 0x08, 0x65, 0x08, 0x65, 0x08, 0x85, 0x08, 0x85, 0x08, 0x85,
    0x08, 0x85, 0x08, 0x86, 0x08, 0x86, 0x00, 0x86, 0x00, 0x86, 0x00, 0x87, 0x00, 0x88, 0x11, 0x2b,
    0x19, 0x8d, 0x11, 0x8d, 0x09, 0x8e, 0x09, 0xae, 0x09, 0xaf, 0x01, 0xaf, 0x01, 0xd0, 0x01, 0xd0,
    0x01, 0xcf, 0x01, 0xcf, 0x01, 0xcf, 0x01, 0xce, 0x01, 0xce, 0x01, 0xce, 0x01, 0xaf, 0x01, 0xd0,
    0x01, 0xcf, 0x01, 0xce, 0x09, 0xae, 0x09, 0xad, 0x11, 0x8c, 0x09, 0x4a, 0x00, 0x87, 0x00, 0x86,
    0x00, 0x86, 0x00, 0x85, 0x00, 0x65, 0x00, 0x65, 0x08, 0x65, 0x08, 0x85, 0x08, 0x44, 0x19, 0x07,
    0x08, 0x85, 0x08, 0x85, 0x08, 0x85, 0x08, 0x85, 0x08, 0x85, 0x08, 0x85, 0x08, 0x85, 0x08, 0x85,
    0x08, 0x85, 0x08, 0x85, 0x08, 0x85, 0x08, 0x85, 0x08, 0x85, 0x08, 0x85, 0x08, 0x85, 0x08, 0x85,
    0x08, 0x85, 0x08, 0x85, 0x08, 0x85, 0x08, 0x85, 0x08, 0x85, 0x08, 0x85, 0x08, 0x85, 0x08, 0x85,
    0x08, 0x85, 0x08, 0x85, 0x08, 0x85, 0x08, 0x85, 0x08, 0x85, 0x08, 0x85, 0x08, 0x85, 0x08, 0x85,
    0x08, 0x85, 0x08, 0x85, 0x08, 0x85, 0x08, 0x85, 0x08, 0x85, 0x08, 0x85, 0x08, 0x85, 0x08, 0x85,
    0x08, 0x85, 0x08, 0x85, 0x08, 0x85, 0x08, 0x85, 0x08, 0x85, 0x08, 0x85, 0x08, 0x85, 0x08, 0x85,
    0x08, 0x85, 0x08, 0x85, 0x08, 0x85, 0x08, 0x85, 0x08, 0x85, 0x08, 0x85, 0x08, 0x85, 0x08, 0x85,
    0x08, 0x85, 0x08, 0x85, 0x08, 0x85, 0x08, 0x85, 0x08, 0x85, 0x08, 0x85, 0x08, 0x85, 0x08, 0x85,
    0x08, 0x85, 0x08, 0x85, 0x08, 0x85, 0x08, 0x85, 0x08, 0x85, 0x08, 0x85, 0x08, 0x85, 0x08, 0x85,
    0x08, 0x85, 0x08, 0x85, 0x08, 0x85, 0x08, 0x85, 0x08, 0x85, 0x08, 0x85, 0x08, 0x85, 0x08, 0x85,
    0x08, 0x85, 0x08, 0x85, 0x08, 0x85, 0x08, 0x85, 0x08, 0x85, 0x08, 0x85, 0x08, 0x85, 0x08, 0x85,
    0x08, 0x85, 0x08, 0x85, 0x08, 0x85, 0x08, 0x85, 0x08, 0x85, 0x08, 0x85, 0x08, 0x85, 0x08, 0x85,
    0x08, 0x85, 0x08, 0x85, 0x08, 0x85, 0x08, 0x85, 0x08, 0x85, 0x08, 0x85, 0x08, 0x86, 0x08, 0x86,
    0x08, 0x86, 0x08, 0x86, 0x08, 0x86, 0x08, 0x86, 0x08, 0x86, 0x08, 0x86, 0x08, 0x86, 0x08, 0x86,
    0x08, 0x86, 0x08, 0x86, 0x08, 0x86, 0x08, 0x86, 0x08, 0x86, 0x08, 0x86, 0x08, 0x86, 0x08, 0x86,
    0x08, 0x86, 0x08, 0x86, 0x08, 0x86, 0x08, 0x86, 0x08, 0x86, 0x08, 0x86, 0x08, 0x86, 0x08, 0x86,
    0x08, 0x86, 0x08, 0x86, 0x08, 0x86, 0x08, 0x86, 0x08, 0x86, 0x08, 0x86, 0x08, 0x86, 0x08, 0x86,
    0x08, 0x86, 0x08, 0x86, 0x08, 0x86, 0x08, 0x86, 0x08, 0x86, 0x08, 0x86, 0x08, 0x86, 0x08, 0x86,
    0x08, 0x86, 0x08, 0x86, 0x08, 0x86, 0x08, 0x86, 0x08, 0x86, 0x08, 0x86, 0x08, 0x86, 0x08, 0x86,
    0x08, 0x86, 0x08, 0x86, 0x08, 0x86, 0x08, 0x86, 0x08, 0x86, 0x08, 0x86, 0x08, 0x86, 0x08, 0x86,
    0x08, 0xa6, 0x08, 0xa6, 0x08, 0xa6, 0x08, 0xa6, 0x08, 0xa6, 0x08, 0xa6, 0x08, 0xa6, 0x08, 0xa6,
    0x08, 0xa6, 0x08, 0xa6, 0x08, 0xa6, 0x08, 0xc7, 0x08, 0xc7, 0x08, 0xc7, 0x08, 0xc7, 0x08, 0xc7,
    0x08, 0xc7, 0x08, 0xc7, 0x08, 0xe7, 0x08, 0xe7, 0x08, 0xe7, 0x08, 0xe7, 0x08, 0xe7, 0x08, 0xe7,
    0x08, 0xe7, 0x08, 0xe7, 0x08, 0xc7, 0x08, 0xc7, 0x08, 0xc8, 0x08, 0xc8, 0x08, 0xe9, 0x42, 0xb0,
    0x19, 0x8b, 0x00, 0x87, 0x08, 0xe8, 0x08, 0xc8, 0x08, 0xe8, 0x08, 0xe7, 0x08, 0xc7, 0x08, 0xc7,
    0x08, 0xc7, 0x08, 0xc7, 0x08, 0xc7, 0x08, 0xc7, 0x08, 0xc7, 0x08, 0xc7, 0x08, 0xc6, 0x08, 0xc6,
    0x08, 0xc6, 0x08, 0xc6, 0x08, 0xc6, 0x08, 0xc6, 0x08, 0xc7, 0x08, 0xc6, 0x08, 0xc6, 0x08, 0xc6,
    0x08, 0xc6, 0x08, 0xa6, 0x08, 0xc6, 0x08, 0xc6, 0x08, 0xc6, 0x08, 0xc6, 0x08, 0xc7, 0x08, 0xc7,
    0x08, 0xc7, 0x08, 0xc7, 0x08, 0xc7, 0x08, 0xc7, 0x08, 0xc7, 0x08, 0xc7, 0x08, 0xc7, 0x08, 0xc7,
    0x08, 0xc7, 0x08, 0xc7, 0x08, 0xc7, 0x08, 0xc7, 0x08, 0xc7, 0x08, 0xc7, 0x10, 0xc7, 0x08, 0xc6,
    0x08, 0xc6, 0x08, 0xc6, 0x08, 0xc7, 0x08, 0xa7, 0x08, 0xa7, 0x08, 0xa7, 0x08, 0xa7, 0x08, 0xa7,
    0x08, 0xa7, 0x08, 0xc7, 0x08, 0xa7, 0x08, 0xa7, 0x08, 0xa7, 0x08, 0xa7, 0x08, 0xa6, 0x08, 0xa6,
    0x08, 0xa6, 0x08, 0xa6, 0x08, 0xa6, 0x08, 0xa6, 0x08, 0x86, 0x08, 0x86, 0x08, 0x86, 0x00, 0x65,
    0x08, 0x86, 0x08, 0x86, 0x08, 0x66, 0x08, 0xa6, 0x10, 0xa7, 0x00, 0x66, 0x00, 0x45, 0x21, 0x49,
    0x3a, 0x0d, 0x00, 0x04, 0x10, 0xa6, 0x08, 0x86, 0x08, 0x65, 0x10, 0x85, 0x08, 0x85, 0x08, 0x85,
    0x08, 0x85, 0x00, 0x85, 0x00, 0x86, 0x00, 0x66, 0x00, 0x86, 0x00, 0x87, 0x09, 0x0b, 0x11, 0x6c,
    0x19, 0xad, 0x11, 0x8e, 0x09, 0x8e, 0x09, 0x8f, 0x09, 0xaf, 0x01, 0x8f, 0x01, 0xaf, 0x01, 0xcf,
    0x01, 0xcf, 0x01, 0xcf, 0x01, 0xcf, 0x01, 0xce, 0x01, 0xce, 0x01, 0xce, 0x01, 0xaf, 0x01, 0xd0,
    0x01, 0xef, 0x01, 0xcf, 0x01, 0xae, 0x09, 0xad, 0x11, 0xac, 0x11, 0xac, 0x00, 0xe8, 0x00, 0xa7,
    0x00, 0x86, 0x00, 0x86, 0x00, 0x65, 0x00, 0x45, 0x08, 0x65, 0x10, 0x86, 0x08, 0x44, 0x18, 0xe7,
    0x08, 0x85, 0x08, 0x85, 0x08, 0x85, 0x08, 0x85, 0x08, 0x85, 0x08, 0x85, 0x08, 0x85, 0x08, 0x85,
    0x08, 0x85, 0x08, 0x85, 0x08, 0x85, 0x08, 0x85, 0x08, 0x85, 0x08, 0x85, 0x08, 0x85, 0x08, 0x85,
    0x08, 0x85, 0x08, 0x85, 0x08, 0x85, 0x08, 0x85, 0x08, 0x85, 0x08, 0x85, 0x08, 0x85, 0x08, 0x85,
    0x08, 0x85, 0x08, 0x85, 0x08, 0x85, 0x08, 0x85, 0x08, 0x85, 0x08, 0x85, 0x08, 0x85, 0x08, 0x85,
    0x08, 0x85, 0x08, 0x85, 0x08, 0x85, 0x08, 0x85, 0x08, 0x85, 0x08, 0x85, 0x08, 0x85, 0x08, 0x85,
    0x08, 0x85, 0x08, 0x85, 0x08, 0x85, 0x08, 0x85, 0x08, 0x85, 0x08, 0x85, 0x08, 0x85, 0x08, 0x85,
    0x08, 0x85, 0x08, 0x85, 0x08, 0x85, 0x08, 0x85, 0x08, 0x85, 0x08, 0x85, 0x08, 0x85, 0x08, 0x85,
    0x08, 0x85, 0x08, 0x85, 0x08, 0x85, 0x08, 0x85, 0x08, 0x85, 0x08, 0x85, 0x08, 0x85, 0x08, 0x85,
    0x08, 0x85, 0x08, 0x85, 0x08, 0x85, 0x08, 0x85, 0x08, 0x85, 0x08, 0x85, 0x08, 0x85, 0x08, 0x85,
    0x08, 0x85, 0x08, 0x85, 0x08, 0x85, 0x08, 0x85, 0x08, 0x85, 0x08, 0x85, 0x08, 0x85, 0x08, 0x85,
    0x08, 0x85, 0x08, 0x85, 0x08, 0x85, 0x08, 0x85, 0x08, 0x85, 0x08, 0x85, 0x08, 0x85, 0x08, 0x85,
    0x08, 0x85, 0x08, 0x85, 0x08, 0x85, 0x08, 0x85, 0x08, 0x85, 0x08, 0x85, 0x08, 0x85, 0x08, 0x85,
    0x08, 0x85, 0x08, 0x85, 0x08, 0x85, 0x08, 0x85, 0x08, 0x85, 0x08, 0x85, 0x08, 0x86, 0x08, 0x86,
    0x08, 0x86, 0x08, 0x86, 0x08, 0x86, 0x08, 0x86, 0x08, 0x86, 0x08, 0x86, 0x08, 0x86, 0x08, 0x86,
    0x08, 0x86, 0x08, 0x86, 0x08, 0x86, 0x08, 0x86, 0x08, 0x86, 0x08, 0x86, 0x08, 0x86, 0x08, 0x86,
    0x08, 0x86, 0x08, 0x86, 0x08, 0x86, 0x08, 0x86, 0x08, 0x86, 0x08, 0x86, 0x08, 0x86, 0x08, 0x86,
    0x08, 0x86, 0x08, 0x86, 0x08, 0x86, 0x08, 0x86, 0x08, 0x86, 0x08, 0x86, 0x08, 0x86, 0x08, 0x86,
    0x08, 0x86, 0x08, 0x86, 0x08, 0x86, 0x08, 0x86, 0x08, 0x86, 0x08, 0x86, 0x08, 0x86, 0x08, 0x86,
    0x08, 0x86, 0x08, 0x86, 0x08, 0x86, 0x08, 0x86, 0x08, 0x86, 0x08, 0x86, 0x08, 0x86, 0x08, 0x86,
    0x08, 0x86, 0x08, 0x86, 0x08, 0x86, 0x08, 0x86, 0x08, 0x86, 0x08, 0x86, 0x08, 0xa6, 0x08, 0xa6,
    0x08, 0xa6, 0x08, 0xa6, 0x08, 0xa6, 0x08, 0xa6, 0x08, 0xa6, 0x08, 0xa6, 0x08, 0xa6, 0x08, 0xa6,
    0x08, 0xa6, 0x08, 0xa6, 0x08, 0xc7, 0x08, 0xc7, 0x08, 0xc7, 0x08, 0xc7, 0x08, 0xc7, 0x08, 0xc7,
    0x08, 0xc7, 0x08, 0xc7, 0x08, 0xe7, 0x08, 0xe7, 0x08, 0xe7, 0x08, 0xe7, 0x08, 0xe7, 0x08, 0xe7,
    0x08, 0xe7, 0x08, 0xe7, 0x08, 0xe8, 0x08, 0xe8, 0x08, 0xe8, 0x08, 0xe8, 0x00, 0x87, 0x21, 0xcc,
    0x4b, 0x11, 0x00, 0x87, 0x00, 0x87, 0x09, 0x09, 0x08, 0xe8, 0x00, 0xa6, 0x08, 0xc7, 0x08, 0xc7,
    0x08, 0xc7, 0x08, 0xc7, 0x08, 0xc7, 0x08, 0xc7, 0x08, 0xc7, 0x08, 0xc7, 0x08, 0xc7, 0x08, 0xc7,
    0x08, 0xc7, 0x08, 0xc7, 0x08, 0xc7, 0x08, 0xc7, 0x08, 0xc7, 0x08, 0xc7, 0x08, 0xc7, 0x08, 0xc7,
    0x08, 0xc7, 0x08, 0xc7, 0x08, 0xc7, 0x08, 0xc7, 0x08, 0xc7, 0x08, 0xc7, 0x08, 0xc7, 0x08, 0xc7,
    0x08, 0xc7, 0x08, 0xc7, 0x08, 0xc7, 0x08, 0xc7, 0x08, 0xc7, 0x08, 0xc7, 0x08, 0xc7, 0x08, 0xc7,
    0x08, 0xc7, 0x08, 0xc7, 0x08, 0xc7, 0x08, 0xc7, 0x08, 0xc7, 0x08, 0xc7, 0x08, 0xc7, 0x08, 0xc7,
    0x08, 0xc7, 0x08, 0xc7, 0x08, 0xc7, 0x08, 0xc7, 0x08, 0xc7, 0x08, 0xc7, 0x08, 0xc7, 0x08, 0xc7,
    0x08, 0xc7, 0x08, 0xc7, 0x08, 0xc7, 0x08, 0xc7, 0x08, 0xc7, 0x08, 0xa7, 0x08, 0xa6, 0x08, 0xa6,
    0x08, 0xa6, 0x08, 0xa6, 0x08, 0xa6, 0x08, 0xa6, 0x08, 0xa6, 0x08, 0x86, 0x08, 0x86, 0x08, 0x86,
    0x08, 0x86, 0x08, 0x86, 0x08, 0x86, 0x10, 0xa7, 0x08, 0xa6, 0x00, 0x45, 0x10, 0xa7, 0x39, 0xec,
    0x18, 0xe8, 0x00, 0x45, 0x08, 0x65, 0x08, 0x85, 0x10, 0x85, 0x08, 0x65, 0x08, 0x65, 0x08, 0x85,
    0x08, 0x85, 0x00, 0x86, 0x00, 0x66, 0x00, 0x66, 0x00, 0x87, 0x00, 0xa8, 0x11, 0x8c, 0x11, 0xae,
    0x11, 0xae, 0x09, 0x8e, 0x09, 0x8e, 0x09, 0xae, 0x09, 0xaf, 0x01, 0x8e, 0x01, 0xaf, 0x01, 0xcf,
    0x01, 0xaf, 0x01, 0xaf, 0x01, 0xce, 0x01, 0xce, 0x01, 0xce, 0x01, 0xce, 0x01, 0xcf, 0x01, 0xcf,
    0x01, 0xcf, 0x01, 0xcf, 0x01, 0xce, 0x09, 0xce, 0x09, 0xad, 0x11, 0xac, 0x09, 0x6b, 0x00, 0xe9,
    0x00, 0x87, 0x00, 0x86, 0x00, 0x86, 0x00, 0x65, 0x08, 0x65, 0x10, 0x65, 0x08, 0x44, 0x18, 0xe7,
    0x08, 0x85, 0x08, 0x85, 0x08, 0x85, 0x08, 0x85, 0x08, 0x85, 0x08, 0x85, 0x08, 0x85, 0x08, 0x85,
    0x08, 0x85, 0x08, 0x85, 0x08, 0x85, 0x08, 0x85, 0x08, 0x85, 0x08, 0x85, 0x08, 0x85, 0x08, 0x85,
    0x08, 0x85, 0x08, 0x85, 0x08, 0x85, 0x08, 0x85, 0x08, 0x85, 0x08, 0x85, 0x08, 0x85, 0x08, 0x85,
    0x08, 0x85, 0x08, 0x85, 0x08, 0x85, 0x08, 0x85, 0x08, 0x85, 0x08, 0x85, 0x08, 0x85, 0x08, 0x85,
    0x08, 0x85, 0x08, 0x85, 0x08, 0x85, 0x08, 0x85, 0x08, 0x85, 0x08, 0x85, 0x08, 0x85, 0x08, 0x85,
    0x08, 0x85, 0x08, 0x85, 0x08, 0x85, 0x08, 0x85, 0x08, 0x85, 0x08, 0x85, 0x08, 0x85, 0x08, 0x85,
    0x08, 0x85, 0x08, 0x85, 0x08, 0x85, 0x08, 0x85, 0x08, 0x85, 0x08, 0x85, 0x08, 0x85, 0x08, 0x85,
    0x08, 0x85, 0x08, 0x85, 0x08, 0x85, 0x08, 0x85, 0x08, 0x85, 0x08, 0x85, 0x08, 0x85, 0x08, 0x85,
    0x08, 0x85, 0x08, 0x85, 0x08, 0x85, 0x08, 0x85, 0x08, 0x85, 0x08, 0x85, 0x08, 0x85, 0x08, 0x85,
    0x08, 0x85, 0x08, 0x85, 0x08, 0x85, 0x08, 0x85, 0x08, 0x85, 0x08, 0x85, 0x08, 0x85, 0x08, 0x85,
    0x08, 0x85, 0x08, 0x85, 0x08, 0x85, 0x08, 0x85, 0x08, 0x85, 0x08, 0x85, 0x08, 0x85, 0x08, 0x85,
    0x08, 0x85, 0x08, 0x85, 0x08, 0x85, 0x08, 0x85, 0x08, 0x85, 0x08, 0x85, 0x08, 0x85, 0x08, 0x85,
    0x08, 0x85, 0x08, 0x85, 0x08, 0x85, 0x08, 0x85, 0x08, 0x85, 0x08, 0x85, 0x08, 0x86, 0x08, 0x86,
    0x08, 0x86, 0x08, 0x86, 0x08, 0x86, 0x08, 0x86, 0x08, 0x86, 0x08, 0x86, 0x08, 0x86, 0x08, 0x86,
    0x08, 0x86, 0x08, 0x86, 0x08, 0x86, 0x08, 0x86, 0x08, 0x86, 0x08, 0x86, 0x08, 0x86, 0x08, 0x86,
    0x08, 0x86, 0x08, 0x86, 0x08, 0x86, 0x08, 0x86, 0x08, 0x86, 0x08, 0x86, 0x08, 0x86, 0x08, 0x86,
    0x08, 0x86, 0x08, 0x86, 0x08, 0x86, 0x08, 0x86, 0x08, 0x86, 0x08, 0x86, 0x08, 0x86, 0x08, 0x86,
    0x08, 0x86, 0x08, 0x86, 0x08, 0x86, 0x08, 0x86, 0x08, 0x86, 0x08, 0x86, 0x08, 0x86, 0x08, 0x86,
    0x08, 0x86, 0x08, 0x86, 0x08, 0x86, 0x08, 0x86, 0x08, 0x86, 0x08, 0x86, 0x08, 0x86, 0x08, 0x86,
    0x08, 0x86, 0x08, 0x86, 0x08, 0x86, 0x08, 0x86, 0x08, 0x86, 0x08, 0x86, 0x08, 0xa6, 0x08, 0xa6,
    0x08, 0xa6, 0x08, 0xa6, 0x08, 0xa6, 0x08, 0xa6, 0x08, 0xa6, 0x08, 0xa6, 0x08, 0xa6, 0x08, 0xa6,
    0x08, 0xa6, 0x08, 0xc7, 0x08, 0xc7, 0x08, 0xc7, 0x08, 0xc7, 0x08, 0xc7, 0x08, 0xc7, 0x08, 0xc7,
    0x08, 0xc7, 0x08, 0xe7, 0x08, 0xe7, 0x08, 0xe7, 0x08, 0xe7, 0x08, 0xe7, 0x08, 0xe7, 0x08, 0xe7,
    0x08, 0xe7, 0x08, 0xe7, 0x08, 0xe8, 0x08, 0xe8, 0x09, 0x08, 0x08, 0xe8, 0x00, 0xc8, 0x00, 0xe9,
    0x42, 0xf1, 0x2a, 0x0d, 0x00, 0x67, 0x00, 0xe8, 0x09, 0x08, 0x00, 0x86, 0x08, 0xe7, 0x08, 0xe7,
    0x08, 0xe7, 0x08, 0xe7, 0x08, 0xc7, 0x08, 0xc7, 0x08, 0xc7, 0x08, 0xc7, 0x08, 0xc7, 0x08, 0xc7,
    0x08, 0xc7, 0x08, 0xc7, 0x08, 0xc7, 0x08, 0xc7, 0x08, 0xc7, 0x08, 0xc7, 0x08, 0xc7, 0x08, 0xc7,
    0x08, 0xc7, 0x08, 0xc7, 0x08, 0xc7, 0x08, 0xc7, 0x08, 0xe7, 0x08, 0xe7, 0x08, 0xc7, 0x08, 0xc7,
    0x08, 0xc7, 0x08, 0xc7, 0x08, 0xc7, 0x08, 0xc7, 0x08, 0xc7, 0x08, 0xc7, 0x08, 0xc7, 0x08, 0xc7,
    0x08, 0xc7, 0x08, 0xc7, 0x08, 0xe7, 0x08, 0xe7, 0x08, 0xe7, 0x08, 0xe7, 0x08, 0xc7, 0x08, 0xc7,
    0x08, 0xc7, 0x08, 0xc7, 0x08, 0xc7, 0x08, 0xc7, 0x08, 0xc7, 0x08, 0xc7, 0x08, 0xc7, 0x08, 0xc7,
    0x08, 0xc7, 0x08, 0xc7, 0x08, 0xc7, 0x08, 0xc7, 0x08, 0xc7, 0x08, 0xc7, 0x08, 0xa6, 0x08, 0xa6,
    0x08, 0xa6, 0x08, 0xa6, 0x08, 0xa6, 0x08, 0xa6, 0x08, 0xa6, 0x08, 0xa6, 0x08, 0xa6, 0x08, 0xa6,
    0x08, 0x86, 0x08, 0x86, 0x08, 0xa7, 0x08, 0xa7, 0x08, 0x66, 0x00, 0x66, 0x29, 0x8b, 0x29, 0x8b,
    0x00, 0x25, 0x10, 0xa7, 0x00, 0x45, 0x10, 0x85, 0x08, 0x85, 0x08, 0x64, 0x08, 0x65, 0x08, 0x85,
    0x08, 0x86, 0x00, 0x86, 0x00, 0x66, 0x00, 0x87, 0x00, 0xa8, 0x00, 0xea, 0x11, 0xce, 0x11, 0xce,
    0x09, 0xae, 0x09, 0x8e, 0x09, 0xae, 0x09, 0xae, 0x09, 0xce, 0x01, 0xae, 0x01, 0xae, 0x01, 0xce,
    0x01, 0xae, 0x01, 0xce, 0x01, 0xce, 0x01, 0xce, 0x01, 0xce, 0x01, 0xce, 0x09, 0xef, 0x01, 0xcf,
    0x01, 0xae, 0x01, 0xce, 0x01, 0xce, 0x09, 0xce, 0x09, 0xce, 0x09, 0xad, 0x11, 0xcd, 0x01, 0x2a,
    0x00, 0x87, 0x00, 0x66, 0x00, 0x86, 0x08, 0x65, 0x08, 0x45, 0x08, 0x45, 0x08, 0x44, 0x18, 0xe7,
    0x08, 0x85, 0x08, 0x85, 0x08, 0x85, 0x08, 0x85, 0x08, 0x85, 0x08, 0x85, 0x08, 0x85, 0x08, 0x85,
    0x08, 0x85, 0x08, 0x85, 0x08, 0x85, 0x08, 0x85, 0x08, 0x85, 0x08, 0x85, 0x08, 0x85, 0x08, 0x85,
    0x08, 0x85, 0x08, 0x85, 0x08, 0x85, 0x08, 0x85, 0x08, 0x85, 0x08, 0x85, 0x08, 0x85, 0x08, 0x85,
    0x08, 0x85, 0x08, 0x85, 0x08, 0x85, 0x08, 0x85, 0x08, 0x85, 0x08, 0x85, 0x08, 0x85, 0x08, 0x85,
    0x08, 0x85, 0x08, 0x85, 0x08, 0x85, 0x08, 0x85, 0x08, 0x85, 0x08, 0x85, 0x08, 0x85, 0x08, 0x85,
    0x08, 0x85, 0x08, 0x85, 0x08, 0x85, 0x08, 0x85, 0x08, 0x85, 0x08, 0x85, 0x08, 0x85, 0x08, 0x85,
    0x08, 0x85, 0x08, 0x85, 0x08, 0x85, 0x08, 0x85, 0x08, 0x85, 0x08, 0x85, 0x08, 0x85, 0x08, 0x85,
    0x08, 0x85, 0x08, 0x85, 0x08, 0x85, 0x08, 0x85, 0x08, 0x85, 0x08, 0x85, 0x08, 0x85, 0x08, 0x85,
    0x08, 0x85, 0x08, 0x85, 0x08, 0x85, 0x08, 0x85, 0x08, 0x85, 0x08, 0x85, 0x08, 0x85, 0x08, 0x85,
    0x08, 0x85, 0x08, 0x85, 0x08, 0x85, 0x08, 0x85, 0x08, 0x85, 0x08, 0x85, 0x08, 0x85, 0x08, 0x85,
    0x08, 0x85, 0x08, 0x85, 0x08, 0x85, 0x08, 0x85, 0x08, 0x85, 0x08, 0x85, 0x08, 0x86, 0x08, 0x86,
    0x08, 0x86, 0x08, 0x86, 0x08, 0x86, 0x08, 0x86, 0x08, 0x86, 0x08, 0x86, 0x08, 0x86, 0x08, 0x86,
    0x08, 0x86, 0x08, 0x86, 0x08, 0x86, 0x08, 0x86, 0x08, 0x86, 0x08, 0x86, 0x08, 0x86, 0x08, 0x86,
    0x08, 0x86, 0x08, 0x86, 0x08, 0x86, 0x08, 0x86, 0x08, 0x86, 0x08, 0x86, 0x08, 0x86, 0x08, 0x86,
    0x08, 0x86, 0x08, 0x86, 0x08, 0x86, 0x08, 0x86, 0x08, 0x86, 0x08, 0x86, 0x08, 0x86, 0x08, 0x86,
    0x08, 0x86, 0x08, 0x86, 0x08, 0x86, 0x08, 0x86, 0x08, 0x86, 0x08, 0x86, 0x08, 0x86, 0x08, 0x86,
    0x08, 0x86, 0x08, 0x86, 0x08, 0x86, 0x08, 0x86, 0x08, 0x86, 0x08, 0x86, 0x08, 0x86, 0x08, 0x86,
    0x08, 0x86, 0x08, 0x86, 0x08, 0x86, 0x08, 0x86, 0x08, 0x86, 0x08, 0x86, 0x08, 0x86, 0x08, 0x86,
    0x08, 0x86, 0x08, 0x86, 0x08, 0x86, 0x08, 0x86, 0x08, 0x86, 0x08, 0x86, 0x08, 0x86, 0x08, 0x86,
    0x08, 0x86, 0x08, 0x86, 0x08, 0x86, 0x08, 0x86, 0x08, 0x86, 0x08, 0x86, 0x08, 0xa6, 0x08, 0xa6,
    0x08, 0xa6, 0x08, 0xa6, 0x08, 0xa6, 0x08, 0xa6, 0x08, 0xa6, 0x08, 0xa6, 0x08, 0xa6, 0x08, 0xc7,
    0x08, 0xc7, 0x08, 0xc7, 0x08, 0xc7, 0x08, 0xc7, 0x08, 0xc7, 0x08, 0xc7, 0x08, 0xc7, 0x08, 0xc7,
    0x08, 0xe7, 0x08, 0xe7, 0x08, 0xe7, 0x08, 0xe7, 0x08, 0xe7, 0x08, 0xe7, 0x08, 0xe7, 0x08, 0xe7,
    0x08, 0xe7, 0x09, 0x08, 0x09, 0x08, 0x09, 0x08, 0x09, 0x08, 0x09, 0x09, 0x08, 0xe9, 0x00, 0xc9,
    0x11, 0x4a, 0x5b, 0x73, 0x11, 0x2a, 0x00, 0xa7, 0x11, 0x29, 0x08, 0xe8, 0x08, 0xe8, 0x08, 0xe7,
    0x08, 0xe7, 0x08, 0xe7, 0x08, 0xc7, 0x08, 0xc7, 0x08, 0xc7, 0x08, 0xc7, 0x08, 0xc7, 0x08, 0xc7,
    0x08, 0xc7, 0x08, 0xc7, 0x08, 0xc7, 0x08, 0xc7, 0x08, 0xc7, 0x08, 0xc7, 0x08, 0xc7, 0x08, 0xc7,
    0x08, 0xc7, 0x08, 0xc7, 0x08, 0xe8, 0x08, 0xe8, 0x08, 0xe8, 0x08, 0xe8, 0x08, 0xc7, 0x08, 0xc7,
    0x08, 0xc7, 0x08, 0xc7, 0x08, 0xc7, 0x08, 0xc7, 0x08, 0xc7, 0x08, 0xc7, 0x08, 0xe7, 0x08, 0xe7,
    0x08, 0xe7, 0x08, 0xe7, 0x08, 0xe7, 0x08, 0xe7, 0x08, 0xe7, 0x08, 0xe7, 0x08, 0xc7, 0x08, 0xe7,
    0x08, 0xe7, 0x08, 0xe7, 0x08, 0xe7, 0x08, 0xc7, 0x08, 0xc7, 0x08, 0xc7, 0x08, 0xe7, 0x08, 0xc7,
    0x08, 0xe7, 0x08, 0xe7, 0x08, 0xc7, 0x08, 0xc6, 0x08, 0xc6, 0x08, 0xc6, 0x08, 0xc6, 0x08, 0xa6,
    0x08, 0xa6, 0x08, 0xa6, 0x08, 0xa6, 0x08, 0xa6, 0x08, 0xa6, 0x08, 0xa6, 0x08, 0x86, 0x08, 0xa6,
    0x08, 0x86, 0x08, 0x86, 0x08, 0xa7, 0x08, 0x66, 0x00, 0x66, 0x10, 0xc7, 0x3a, 0x0d, 0x08, 0x66,
    0x08, 0x66, 0x08, 0x86, 0x08, 0x65, 0x10, 0xa6, 0x08, 0x44, 0x08, 0x85, 0x08, 0x65, 0x08, 0x85,
    0x08, 0xa6, 0x00, 0x86, 0x00, 0x66, 0x00, 0xa7, 0x00, 0xe9, 0x09, 0x4b, 0x11, 0xce, 0x09, 0xcf,
    0x01, 0xae, 0x01, 0xae, 0x09, 0xae, 0x09, 0xce, 0x09, 0xce, 0x09, 0xae, 0x01, 0xce, 0x01, 0xce,
    0x01, 0xce, 0x01, 0xce, 0x01, 0xce, 0x01, 0xce, 0x01, 0xce, 0x01, 0xce, 0x09, 0xce, 0x01, 0xae,
    0x01, 0x8d, 0x01, 0xae, 0x09, 0xef, 0x09, 0xef, 0x09, 0xce, 0x01, 0xce, 0x09, 0xad, 0x01, 0x4b,
    0x00, 0xc8, 0x00, 0x67, 0x00, 0x66, 0x08, 0x66, 0x10, 0x65, 0x08, 0x44, 0x08, 0x44, 0x18, 0xe7,
    0x08, 0x85, 0x08, 0x85, 0x08, 0x85, 0x08, 0x85, 0x08, 0x85, 0x08, 0x85, 0x08, 0x85, 0x08, 0x85,
    0x08, 0x85, 0x08, 0x85, 0x08, 0x85, 0x08, 0x85, 0x08, 0x85, 0x08, 0x85, 0x08, 0x85, 0x08, 0x85,
    0x08, 0x85, 0x08, 0x85, 0x08, 0x85, 0x08, 0x85, 0x08, 0x85, 0x08, 0x85, 0x08, 0x85, 0x08, 0x85,
    0x08, 0x85, 0x08, 0x85, 0x08, 0x85, 0x08, 0x85, 0x08, 0x85, 0x08, 0x85, 0x08, 0x85, 0x08, 0x85,
    0x08, 0x85, 0x08, 0x85, 0x08, 0x85, 0x08, 0x85, 0x08, 0x85, 0x08, 0x85, 0x08, 0x85, 0x08, 0x85,
    0x08, 0x85, 0x08, 0x85, 0x08, 0x85, 0x08, 0x85, 0x08, 0x85, 0x08, 0x85, 0x08, 0x85, 0x08, 0x85,
    0x08, 0x85, 0x08, 0x85, 0x08, 0x85, 0x08, 0x85, 0x08, 0x85, 0x08, 0x85, 0x08, 0x85, 0x08, 0x85,
    0x08, 0x85, 0x08, 0x85, 0x08, 0x85, 0x08, 0x85, 0x08, 0x85, 0x08, 0x85, 0x08, 0x85, 0x08, 0x85,
    0x08, 0x85, 0x08, 0x85, 0x08, 0x85, 0x08, 0x85, 0x08, 0x85, 0x08, 0x85, 0x08, 0x85, 0x08, 0x85,
    0x08, 0x85, 0x08, 0x85, 0x08, 0x85, 0x08, 0x85, 0x08, 0x85, 0x08, 0x85, 0x08, 0x85, 0x08, 0x85,
    0x08, 0x85, 0x08, 0x85, 0x08, 0x85, 0x08, 0x85, 0x08, 0x85, 0x08, 0x85, 0x08, 0x86, 0x08, 0x86,
    0x08, 0x86, 0x08, 0x86, 0x08, 0x86, 0x08, 0x86, 0x08, 0x86, 0x08, 0x86, 0x08, 0x86, 0x08, 0x86,
    0x08, 0x86, 0x08, 0x86, 0x08, 0x86, 0x08, 0x86, 0x08, 0x86, 0x08, 0x86, 0x08, 0x86, 0x08, 0x86,
    0x08, 0x86, 0x08, 0x86, 0x08, 0x86, 0x08, 0x86, 0x08, 0x86, 0x08, 0x86, 0x08, 0x86, 0x08, 0x86,
    0x08, 0x86, 0x08, 0x86, 0x08, 0x86, 0x08, 0x86, 0x08, 0x86, 0x08, 0x86, 0x08, 0x86, 0x08, 0x86,
    0x08, 0x86, 0x08, 0x86, 0x08, 0x86, 0x08, 0x86, 0x08, 0x86, 0x08, 0x86, 0x08, 0x86, 0x08, 0x86,
    0x08, 0x86, 0x08, 0x86, 0x08, 0x86, 0x08, 0x86, 0x08, 0x86, 0x08, 0x86, 0x08, 0x86, 0x08, 0x86,
    0x08, 0x86, 0x08, 0x86, 0x08, 0x86, 0x08, 0x86, 0x08, 0x86, 0x08, 0x86, 0x08, 0x86, 0x08, 0x86,
    0x08, 0x86, 0x08, 0x86, 0x08, 0x86, 0x08, 0x86, 0x08, 0x86, 0x08, 0x86, 0x08, 0x86, 0x08, 0x86,
    0x08, 0x86, 0x08, 0x86, 0x08, 0x86, 0x08, 0x86, 0x08, 0x86, 0x08, 0x86, 0x08, 0xa6, 0x08, 0xa6,
    0x08, 0xa6, 0x08, 0xa6, 0x08, 0xa6, 0x08, 0xa6, 0x08, 0xa6, 0x08, 0xa6, 0x08, 0xc7, 0x08, 0xc7,
    0x08, 0xc7, 0x08, 0xc7, 0x08, 0xc7, 0x08, 0xc7, 0x08, 0xc7, 0x08, 0xc7, 0x08, 0xc7, 0x08, 0xe7,
    0x08, 0xe7, 0x08, 0xe7, 0x08, 0xe7, 0x09, 0x07, 0x09, 0x07, 0x09, 0x07, 0x09, 0x07, 0x09, 0x07,
    0x09, 0x08, 0x09, 0x08, 0x09, 0x08, 0x09, 0x08, 0x09, 0x08, 0x09, 0x09, 0x08, 0xe9, 0x00, 0xe9,
    0x00, 0x67, 0x42, 0xf1, 0x3a, 0x6f, 0x08, 0xe9, 0x08, 0xe8, 0x09, 0x28, 0x08, 0xe8, 0x08, 0xe8,
    0x08, 0xe8, 0x08, 0xe7, 0x08, 0xe7, 0x08, 0xe7, 0x08, 0xe7, 0x08, 0xe7, 0x08, 0xe7, 0x08, 0xc7,
    0x08, 0xc7, 0x08, 0xc7, 0x10, 0xc7, 0x08, 0xc7, 0x08, 0xc7, 0x08, 0xc7, 0x08, 0xc7, 0x08, 0xc7,
    0x08, 0xc7, 0x08, 0xc7, 0x08, 0xc7, 0x08, 0xe8, 0x08, 0xe8, 0x08, 0xe8, 0x08, 0xe7, 0x08, 0xe7,
    0x08, 0xe7, 0x08, 0xe7, 0x08, 0xe7, 0x08, 0xe7, 0x08, 0xe7, 0x08, 0xe7, 0x08, 0xe7, 0x08, 0xe7,
    0x08, 0xe7, 0x08, 0xe7, 0x08, 0xe7, 0x08, 0xe8, 0x08, 0xe8, 0x08, 0xe8, 0x08, 0xe7, 0x08, 0xe7,
    0x08, 0xe7, 0x08, 0xe7, 0x08, 0xe7, 0x08, 0xe7, 0x08, 0xe7, 0x08, 0xe7, 0x08, 0xe7, 0x08, 0xe7,
    0x08, 0xe7, 0x08, 0xe6, 0x08, 0xe6, 0x08, 0xe6, 0x08, 0xc6, 0x08, 0xc6, 0x08, 0xc6, 0x08, 0xc6,
    0x08, 0xa6, 0x08, 0xa6, 0x08, 0xa6, 0x08, 0xa6, 0x08, 0xa6, 0x08, 0xa6, 0x08, 0x86, 0x08, 0xa6,
    0x00, 0x66, 0x08, 0x86, 0x08, 0xa7, 0x00, 0x45, 0x08, 0x87, 0x29, 0x8b, 0x21, 0x4a, 0x00, 0x25,
    0x10, 0x87, 0x08, 0x45, 0x10, 0x86, 0x10, 0x85, 0x08, 0x64, 0x10, 0xa5, 0x08, 0x64, 0x08, 0x85,
    0x08, 0xa6, 0x00, 0x86, 0x00, 0x87, 0x00, 0xa8, 0x09, 0x2a, 0x11, 0xad, 0x09, 0xce, 0x01, 0xcf,
    0x01, 0xce, 0x01, 0xce, 0x01, 0xae, 0x01, 0xae, 0x09, 0xad, 0x09, 0xad, 0x09, 0xcd, 0x09, 0xcd,
    0x01, 0xce, 0x01, 0xce, 0x01, 0xce, 0x01, 0xce, 0x01, 0xce, 0x01, 0xce, 0x09, 0xae, 0x01, 0x8d,
    0x01, 0x8d, 0x09, 0xce, 0x09, 0xef, 0x01, 0xcf, 0x01, 0xce, 0x09, 0xee, 0x01, 0xad, 0x09, 0x8c,
    0x01, 0x2a, 0x00, 0xa7, 0x00, 0x66, 0x08, 0x65, 0x10, 0x65, 0x10, 0x64, 0x08, 0x44, 0x18, 0xe7,
    0x08, 0x85, 0x08, 0x85, 0x08, 0x85, 0x08, 0x85, 0x08, 0x85, 0x08, 0x85, 0x08, 0x85, 0x08, 0x85,
    0x08, 0x85, 0x08, 0x85, 0x08, 0x85, 0x08, 0x85, 0x08, 0x85, 0x08, 0x85, 0x08, 0x85, 0x08, 0x85,
    0x08, 0x85, 0x08, 0x85, 0x08, 0x85, 0x08, 0x85, 0x08, 0x85, 0x08, 0x85, 0x08, 0x85, 0x08, 0x85,
    0x08, 0x85, 0x08, 0x85, 0x08, 0x85, 0x08, 0x85, 0x08, 0x85, 0x08, 0x85, 0x08, 0x85, 0x08, 0x85,
    0x08, 0x85, 0x08, 0x85, 0x08, 0x85, 0x08, 0x85, 0x08, 0x85, 0x08, 0x85, 0x08, 0x85, 0x08, 0x85,
    0x08, 0x85, 0x08, 0x85, 0x08, 0x85, 0x08, 0x85, 0x08, 0x85, 0x08, 0x85, 0x08, 0x85, 0x08, 0x85,
    0x08, 0x85, 0x08, 0x85, 0x08, 0x85, 0x08, 0x85, 0x08, 0x85, 0x08, 0x85, 0x08, 0x85, 0x08, 0x85,
    0x08, 0x85, 0x08, 0x85, 0x08, 0x85, 0x08, 0x85, 0x08, 0x85, 0x08, 0x85, 0x08, 0x85, 0x08, 0x85,
    0x08, 0x85, 0x08, 0x85, 0x08, 0x85, 0x08, 0x85, 0x08, 0x85, 0x08, 0x85, 0x08, 0x85, 0x08, 0x85,
    0x08, 0x85, 0x08, 0x85, 0x08, 0x85, 0x08, 0x85, 0x08, 0x85, 0x08, 0x85, 0x08, 0x85, 0x08, 0x85,
    0x08, 0x85, 0x08, 0x85, 0x08, 0x85, 0x08, 0x85, 0x08, 0x85, 0x08, 0x85, 0x08, 0x86, 0x08, 0x86,
    0x08, 0x86, 0x08, 0x86, 0x08, 0x86, 0x08, 0x86, 0x08, 0x86, 0x08, 0x86, 0x08, 0x86, 0x08, 0x86,
    0x08, 0x86, 0x08, 0x86, 0x08, 0x86, 0x08, 0x86, 0x08, 0x86, 0x08, 0x86, 0x08, 0x86, 0x08, 0x86,
    0x08, 0x86, 0x08, 0x86, 0x08, 0x86, 0x08, 0x86, 0x08, 0x86, 0x08, 0x86, 0x08, 0x86, 0x08, 0x86,
    0x08, 0x86, 0x08, 0x86, 0x08, 0x86, 0x08, 0x86, 0x08, 0x86, 0x08, 0x86, 0x08, 0x86, 0x08, 0x86,
    0x08, 0x86, 0x08, 0x86, 0x08, 0x86, 0x08, 0x86, 0x08, 0x86, 0x08, 0x86, 0x08, 0x86, 0x08, 0x86,
    0x08, 0x86, 0x08, 0x86, 0x08, 0x86, 0x08, 0x86, 0x08, 0x86, 0x08, 0x86, 0x08, 0x86, 0x08, 0x86,
    0x08, 0x86, 0x08, 0x86, 0x08, 0x86, 0x08, 0x86, 0x08, 0x86, 0x08, 0x86, 0x08, 0x86, 0x08, 0x86,
    0x08, 0x86, 0x08, 0x86, 0x08, 0x86, 0x08, 0x86, 0x08, 0x86, 0x08, 0x86, 0x08, 0x86, 0x08, 0x86,
    0x08, 0x86, 0x08, 0x86, 0x08, 0x86, 0x08, 0x86, 0x08, 0x86, 0x08, 0x86, 0x08, 0xa6, 0x08, 0xa6,
    0x08, 0xa6, 0x08, 0xa6, 0x08, 0xa6, 0x08, 0xa6, 0x08, 0xa6, 0x08, 0xa6, 0x08, 0xc7, 0x08, 0xc7,
    0x08, 0xc7, 0x08, 0xc7, 0x08, 0xc7, 0x08, 0xc7, 0x08, 0xe7, 0x08, 0xe7, 0x08, 0xe7, 0x08, 0xe7,
    0x08, 0xe7, 0x09, 0x07, 0x09, 0x08, 0x09, 0x28, 0x11, 0x28, 0x11, 0x28, 0x09, 0x28, 0x09, 0x28,
    0x09, 0x28, 0x09, 0x08, 0x09, 0x08, 0x09, 0x08, 0x09, 0x08, 0x08, 0xe8, 0x00, 0xe9, 0x09, 0x0a,
    0x00, 0xc9, 0x09, 0x2a, 0x53, 0x73, 0x19, 0xab, 0x00, 0xa7, 0x09, 0x09, 0x01, 0x08, 0x09, 0x08,
    0x09, 0x08, 0x08, 0xe8, 0x08, 0xe8, 0x08, 0xe8, 0x08, 0xc8, 0x08, 0xc8, 0x08, 0xc7, 0x08, 0xc7,
    0x08, 0xc7, 0x08, 0xc7, 0x08, 0xc7, 0x08, 0xc7, 0x08, 0xc7, 0x08, 0xc7, 0x08, 0xc7, 0x08, 0xc7,
    0x08, 0xc7, 0x08, 0xc7, 0x08, 0xc7, 0x08, 0xe8, 0x08, 0xe8, 0x08, 0xe8, 0x08, 0xe8, 0x08, 0xe8,
    0x08, 0xe8, 0x08, 0xe8, 0x08, 0xe8, 0x08, 0xe8, 0x08, 0xe8, 0x08, 0xe8, 0x08, 0xe7, 0x08, 0xe7,
    0x08, 0xe7, 0x08, 0xe7, 0x08, 0xe8, 0x08, 0xe8, 0x08, 0xe8, 0x08, 0xe8, 0x08, 0xe8, 0x09, 0x08,
    0x09, 0x08, 0x09, 0x08, 0x09, 0x08, 0x08, 0xe7, 0x08, 0xe7, 0x08, 0xe7, 0x08, 0xe7, 0x08, 0xe7,
    0x08, 0xe7, 0x08, 0xe7, 0x08, 0xe6, 0x08, 0xe6, 0x08, 0xe6, 0x08, 0xe6, 0x08, 0xc6, 0x08, 0xc6,
    0x08, 0xc6, 0x08, 0xa6, 0x08, 0xa6, 0x08, 0xa6, 0x08, 0xa6, 0x08, 0xa6, 0x08, 0xa6, 0x08, 0x86,
    0x00, 0x66, 0x08, 0x87, 0x08, 0xa7, 0x00, 0x66, 0x10, 0xe8, 0x42, 0x4d, 0x00, 0x25, 0x10, 0xa7,
    0x00, 0x45, 0x08, 0x86, 0x10, 0x86, 0x08, 0x44, 0x10, 0xc6, 0x10, 0xa5, 0x00, 0x44, 0x08, 0x85,
    0x08, 0xa6, 0x00, 0xa7, 0x00, 0x87, 0x00, 0xc9, 0x09, 0x4b, 0x11, 0xce, 0x01, 0xce, 0x01, 0xcf,
    0x01, 0xce, 0x01, 0xce, 0x01, 0xae, 0x01, 0xad, 0x01, 0xad, 0x01, 0xad, 0x09, 0xcd, 0x01, 0xcd,
    0x01, 0xce, 0x01, 0xce, 0x01, 0xce, 0x01, 0xce, 0x01, 0xce, 0x01, 0xce, 0x01, 0xad, 0x09, 0x8d,
    0x09, 0xae, 0x09, 0xce, 0x01, 0xce, 0x01, 0xae, 0x01, 0xce, 0x01, 0xef, 0x01, 0xae, 0x11, 0xee,
    0x11, 0xad, 0x00, 0xc9, 0x00, 0x46, 0x00, 0x66, 0x10, 0x85, 0x10, 0x65, 0x08, 0x44, 0x18, 0xe7,
    0x08, 0x85, 0x08, 0x85, 0x08, 0x85, 0x08, 0x85, 0x08, 0x85, 0x08, 0x85, 0x08, 0x85, 0x08, 0x85,
    0x08, 0x85, 0x08, 0x85, 0x08, 0x85, 0x08, 0x85, 0x08, 0x85, 0x08, 0x85, 0x08, 0x85, 0x08, 0x85,
    0x08, 0x85, 0x08, 0x85, 0x08, 0x85, 0x08, 0x85, 0x08, 0x85, 0x08, 0x85, 0x08, 0x85, 0x08, 0x85,
    0x08, 0x85, 0x08, 0x85, 0x08, 0x85, 0x08, 0x85, 0x08, 0x85, 0x08, 0x85, 0x08, 0x85, 0x08, 0x85,
    0x08, 0x85, 0x08, 0x85, 0x08, 0x85, 0x08, 0x85, 0x08, 0x85, 0x08, 0x85, 0x08, 0x85, 0x08, 0x85,
    0x08, 0x85, 0x08, 0x85, 0x08, 0x85, 0x08, 0x85, 0x08, 0x85, 0x08, 0x85, 0x08, 0x85, 0x08, 0x85,
    0x08, 0x85, 0x08, 0x85, 0x08, 0x85, 0x08, 0x85, 0x08, 0x85, 0x08, 0x85, 0x08, 0x85, 0x08, 0x85,
    0x08, 0x85, 0x08, 0x85, 0x08, 0x85, 0x08, 0x85, 0x08, 0x85, 0x08, 0x85, 0x08, 0x86, 0x08, 0x86,
    0x08, 0x86, 0x08, 0x86, 0x08, 0x86, 0x08, 0x86, 0x08, 0x86, 0x08, 0x86, 0x08, 0x86, 0x08, 0x86,
    0x08, 0x86, 0x08, 0x86, 0x08, 0x86, 0x08, 0x86, 0x08, 0x86, 0x08, 0x85, 0x08, 0x86, 0x08, 0x85,
    0x08, 0x85, 0x08, 0x85, 0x08, 0x85, 0x08, 0x85, 0x08, 0x85, 0x08, 0x85, 0x08, 0x85, 0x08, 0x85,
    0x08, 0x85, 0x08, 0x85, 0x08, 0x85, 0x08, 0x85, 0x08, 0x85, 0x08, 0x86, 0x08, 0x86, 0x08, 0x86,
    0x08, 0x86, 0x08, 0x86, 0x08, 0x86, 0x08, 0x86, 0x08, 0x86, 0x08, 0x86, 0x08, 0x86, 0x08, 0x86,
    0x08, 0x86, 0x08, 0x86, 0x08, 0x86, 0x08, 0x86, 0x08, 0x86, 0x08, 0x86, 0x08, 0x86, 0x08, 0x86,
    0x08, 0x86, 0x08, 0x86, 0x08, 0x86, 0x08, 0x86, 0x08, 0x86, 0x08, 0x86, 0x08, 0x86, 0x08, 0x86,
    0x08, 0x86, 0x08, 0x86, 0x08, 0x86, 0x08, 0x86, 0x08, 0x86, 0x08, 0x86, 0x08, 0x86, 0x08, 0x86,
    0x08, 0x86, 0x08, 0x86, 0x08, 0x86, 0x08, 0x86, 0x08, 0x86, 0x08, 0x86, 0x08, 0x86, 0x08, 0x86,
    0x08, 0x86, 0x08, 0x86, 0x08, 0x86, 0x08, 0x86, 0x08, 0x86, 0x08, 0x86, 0x08, 0x86, 0x08, 0x86,
    0x08, 0x86, 0x08, 0x86, 0x08, 0x86, 0x08, 0x86, 0x08, 0x86, 0x08, 0x86, 0x08, 0x86, 0x08, 0xa6,
    0x08, 0xa6, 0x08, 0xa6, 0x08, 0xa6, 0x08, 0xa6, 0x08, 0xa6, 0x08, 0xa6, 0x08, 0xa7, 0x08, 0xa7,
    0x08, 0xa7, 0x08, 0xa6, 0x08, 0xa7, 0x08, 0xc7, 0x08, 0xc7, 0x08, 0xc7, 0x08, 0xc7, 0x08, 0xc7,
    0x08, 0xc7, 0x08, 0xc7, 0x08, 0xe7, 0x08, 0xe7, 0x08, 0xe7, 0x08, 0xe7, 0x08, 0xe7, 0x01, 0x07,
    0x09, 0x08, 0x01, 0x08, 0x09, 0x08, 0x09, 0x08, 0x09, 0x28, 0x09, 0x28, 0x09, 0x28, 0x09, 0x28,
    0x09, 0x08, 0x11, 0x08, 0x11, 0x08, 0x11, 0x09, 0x11, 0x09, 0x11, 0x09, 0x11, 0x2a, 0x08, 0xea,
    0x09, 0x0a, 0x11, 0x4b, 0x21, 0xed, 0x4b, 0x93, 0x00, 0xe8, 0x00, 0xc8, 0x00, 0xe8, 0x11, 0x8a,
    0x00, 0xa7, 0x11, 0x29, 0x08, 0xc8, 0x00, 0x87, 0x19, 0x09, 0x10, 0xe8, 0x08, 0xc8, 0x08, 0xe7,
    0x08, 0xe8, 0x08, 0xe7, 0x08, 0xe8, 0x08, 0xe7, 0x08, 0xe8, 0x08, 0xe8, 0x08, 0xe8, 0x08, 0xe8,
    0x08, 0xe8, 0x08, 0xe8, 0x08, 0xe8, 0x08, 0xe8, 0x08, 0xe8, 0x08, 0xe8, 0x08, 0xe8, 0x08, 0xe7,
    0x09, 0x08, 0x09, 0x08, 0x09, 0x08, 0x09, 0x08, 0x09, 0x08, 0x09, 0x08, 0x09, 0x08, 0x09, 0x08,
    0x09, 0x08, 0x09, 0x08, 0x09, 0x08, 0x09, 0x08, 0x09, 0x08, 0x09, 0x08, 0x09, 0x08, 0x09, 0x08,
    0x09, 0x08, 0x09, 0x08, 0x09, 0x07, 0x08, 0xe7, 0x08, 0xe7, 0x08, 0xe7, 0x09, 0x07, 0x09, 0x07,
    0x08, 0xe7, 0x08, 0xe7, 0x08, 0xe7, 0x08, 0xe7, 0x08, 0xe7, 0x08, 0xc7, 0x08, 0xc7, 0x08, 0xc6,
    0x08, 0xc7, 0x08, 0xc7, 0x08, 0xa6, 0x08, 0xa6, 0x08, 0xa6, 0x08, 0xa7, 0x08, 0xa7, 0x08, 0xc7,
    0x08, 0x86, 0x08, 0x87, 0x00, 0x66, 0x00, 0x66, 0x3a, 0x2d, 0x10, 0xe8, 0x08, 0x66, 0x08, 0x86,
    0x08, 0x86, 0x08, 0x86, 0x08, 0x85, 0x08, 0x85, 0x08, 0xa5, 0x08, 0xa5, 0x08, 0xa5, 0x00, 0x23,
    0x00, 0x65, 0x08, 0xc7, 0x00, 0xa8, 0x01, 0x2b, 0x11, 0xad, 0x01, 0x8d, 0x01, 0xae, 0x01, 0xce,
    0x01, 0xce, 0x01, 0xce, 0x01, 0xce, 0x01, 0xce, 0x01, 0xce, 0x01, 0xce, 0x01, 0xce, 0x01, 0xce,
    0x01, 0xce, 0x01, 0xce, 0x01, 0xce, 0x01, 0xce, 0x01, 0xce, 0x01, 0xce, 0x09, 0xae, 0x09, 0xae,
    0x09, 0xae, 0x01, 0xce, 0x01, 0xce, 0x01, 0xce, 0x01, 0xce, 0x01, 0xce, 0x09, 0xcf, 0x09, 0xaf,
    0x09, 0x8d, 0x09, 0x2c, 0x00, 0xc9, 0x00, 0x46, 0x00, 0x45, 0x08, 0x85, 0x00, 0x44, 0x19, 0x07,
    0x08, 0x85, 0x08, 0x85, 0x08, 0x85, 0x08, 0x85, 0x08, 0x85, 0x08, 0x85, 0x08, 0x85, 0x08, 0x85,
    0x08, 0x85, 0x08, 0x85, 0x08, 0x85, 0x08, 0x85, 0x08, 0x85, 0x08, 0x85, 0x08, 0x85, 0x08, 0x85,
    0x08, 0x85, 0x08, 0x85, 0x08, 0x85, 0x08, 0x85, 0x08, 0x85, 0x08, 0x85, 0x08, 0x85, 0x08, 0x85,
    0x08, 0x85, 0x08, 0x85, 0x08, 0x85, 0x08, 0x85, 0x08, 0x85, 0x08, 0x85, 0x08, 0x85, 0x08, 0x85,
    0x08, 0x85, 0x08, 0x85, 0x08, 0x85, 0x08, 0x85, 0x08, 0x85, 0x08, 0x85, 0x08, 0x85, 0x08, 0x85,
    0x08, 0x85, 0x08, 0x85, 0x08, 0x85, 0x08, 0x85, 0x08, 0x85, 0x08, 0x85, 0x08, 0x85, 0x08, 0x85,
    0x08, 0x85, 0x08, 0x85, 0x08, 0x85, 0x08, 0x85, 0x08, 0x85, 0x08, 0x85, 0x08, 0x85, 0x08, 0x85,
    0x08, 0x85, 0x08, 0x85, 0x08, 0x85, 0x08, 0x85, 0x08, 0x85, 0x08, 0x85, 0x08, 0x86, 0x08, 0x86,
    0x08, 0x86, 0x08, 0x86, 0x08, 0x86, 0x08, 0x86, 0x08, 0x86, 0x08, 0x86, 0x08, 0x86, 0x08, 0x86,
    0x08, 0x86, 0x08, 0x86, 0x08, 0x86, 0x08, 0x86, 0x08, 0x86, 0x08, 0x86, 0x08, 0x86, 0x08, 0x85,
    0x08, 0x85, 0x08, 0x85, 0x08, 0x85, 0x08, 0x85, 0x08, 0x85, 0x08, 0x85, 0x08, 0x85, 0x08, 0x85,
    0x08, 0x85, 0x08, 0x85, 0x08, 0x85, 0x08, 0x85, 0x08, 0x85, 0x08, 0x86, 0x08, 0x86, 0x08, 0x86,
    0x08, 0x86, 0x08, 0x86, 0x08, 0x86, 0x08, 0x86, 0x08, 0x86, 0x08, 0x86, 0x08, 0x86, 0x08, 0x86,
    0x08, 0x86, 0x08, 0x86, 0x08, 0x86, 0x08, 0x86, 0x08, 0x86, 0x08, 0x86, 0x08, 0x86, 0x08, 0x86,
    0x08, 0x86, 0x08, 0x86, 0x08, 0x86, 0x08, 0x86, 0x08, 0x86, 0x08, 0x86, 0x08, 0x86, 0x08, 0x86,
    0x08, 0x86, 0x08, 0x86, 0x08, 0x86, 0x08, 0x86, 0x08, 0x86, 0x08, 0x86, 0x08, 0x86, 0x08, 0x86,
    0x08, 0x86, 0x08, 0x86, 0x08, 0x86, 0x08, 0x86, 0x08, 0x86, 0x08, 0x86, 0x08, 0x86, 0x08, 0x86,
    0x08, 0x86, 0x08, 0x86, 0x08, 0x86, 0x08, 0x86, 0x08, 0x86, 0x08, 0x86, 0x08, 0x86, 0x08, 0x86,
    0x08, 0x86, 0x08, 0x86, 0x08, 0x86, 0x08, 0x86, 0x08, 0x86, 0x08, 0x86, 0x08, 0xa6, 0x08, 0xa6,
    0x08, 0xa6, 0x08, 0xa6, 0x08, 0xa6, 0x08, 0xa6, 0x08, 0xa6, 0x08, 0xa6, 0x08, 0xa7, 0x08, 0xa7,
    0x08, 0xa7, 0x08, 0xa7, 0x08, 0xc7, 0x08, 0xc7, 0x08, 0xc7, 0x08, 0xc7, 0x08, 0xc7, 0x08, 0xc7,
    0x08, 0xe7, 0x08, 0xe7, 0x08, 0xe7, 0x08, 0xe7, 0x08, 0xe7, 0x09, 0x07, 0x09, 0x07, 0x09, 0x08,
    0x09, 0x08, 0x01, 0x28, 0x09, 0x28, 0x09, 0x28, 0x09, 0x28, 0x09, 0x28, 0x09, 0x29, 0x09, 0x29,
    0x09, 0x29, 0x09, 0x29, 0x11, 0x29, 0x11, 0x29, 0x11, 0x09, 0x11, 0x09, 0x08, 0xa8, 0x00, 0xc9,
    0x11, 0x4b, 0x11, 0x4b, 0x11, 0xac, 0x43, 0x53, 0x11, 0xed, 0x01, 0x2a, 0x3b, 0x32, 0x32, 0xd0,
    0x00, 0xe9, 0x09, 0x2a, 0x09, 0x09, 0x08, 0xa8, 0x18, 0xe9, 0x08, 0x87, 0x08, 0xe8, 0x08, 0xe8,
    0x08, 0xe8, 0x08, 0xe8, 0x08, 0xe8, 0x08, 0xe8, 0x08, 0xe8, 0x08, 0xe8, 0x08, 0xe8, 0x08, 0xe8,
    0x08, 0xe8, 0x08, 0xe8, 0x08, 0xe8, 0x08, 0xe8, 0x08, 0xe8, 0x08, 0xe8, 0x09, 0x08, 0x09, 0x08,
    0x09, 0x08, 0x09, 0x08, 0x09, 0x08, 0x09, 0x08, 0x09, 0x08, 0x09, 0x08, 0x09, 0x08, 0x09, 0x08,
    0x09, 0x08, 0x09, 0x08, 0x09, 0x08, 0x09, 0x08, 0x09, 0x08, 0x09, 0x08, 0x09, 0x08, 0x09, 0x08,
    0x09, 0x08, 0x09, 0x08, 0x09, 0x08, 0x09, 0x07, 0x09, 0x07, 0x08, 0xe7, 0x09, 0x08, 0x09, 0x08,
    0x09, 0x08, 0x08, 0xe7, 0x08, 0xe7, 0x08, 0xe7, 0x08, 0xe7, 0x08, 0xc7, 0x08, 0xc7, 0x08, 0xc7,
    0x08, 0xc7, 0x08, 0xc7, 0x08, 0xc7, 0x08, 0xa6, 0x08, 0xa7, 0x08, 0xa7, 0x08, 0xc7, 0x00, 0x66,
    0x00, 0x66, 0x10, 0xe8, 0x00, 0x05, 0x21, 0x6a, 0x3a, 0x0d, 0x08, 0xa7, 0x08, 0x86, 0x08, 0x86,
    0x08, 0x86, 0x08, 0x86, 0x08, 0x85, 0x08, 0x85, 0x08, 0x85, 0x08, 0x85, 0x08, 0x85, 0x08, 0x85,
    0x00, 0x65, 0x00, 0x86, 0x09, 0x09, 0x09, 0x6c, 0x09, 0x8d, 0x09, 0xae, 0x01, 0xae, 0x01, 0xce,
    0x01, 0xce, 0x01, 0xce, 0x01, 0xae, 0x01, 0xae, 0x01, 0xae, 0x01, 0xae, 0x01, 0xce, 0x01, 0xce,
    0x01, 0xce, 0x01, 0xce, 0x01, 0xce, 0x01, 0xce, 0x01, 0xce, 0x01, 0xaf, 0x09, 0xaf, 0x09, 0xaf,
    0x09, 0xae, 0x01, 0xce, 0x01, 0xce, 0x01, 0xce, 0x01, 0xce, 0x01, 0xce, 0x09, 0xcf, 0x09, 0xaf,
    0x09, 0x8e, 0x09, 0x6d, 0x08, 0xea, 0x00, 0x87, 0x00, 0x66, 0x08, 0x85, 0x00, 0x44, 0x19, 0x07,
    0x08, 0x85, 0x08, 0x85, 0x08, 0x85, 0x08, 0x85, 0x08, 0x85, 0x08, 0x85, 0x08, 0x85, 0x08, 0x85,
    0x08, 0x85, 0x08, 0x85, 0x08, 0x85, 0x08, 0x85, 0x08, 0x85, 0x08, 0x85, 0x08, 0x85, 0x08, 0x85,
    0x08, 0x85, 0x08, 0x85, 0x08, 0x85, 0x08, 0x85, 0x08, 0x85, 0x08, 0x85, 0x08, 0x85, 0x08, 0x85,
    0x08, 0x85, 0x08, 0x85, 0x08, 0x85, 0x08, 0x85, 0x08, 0x85, 0x08, 0x85, 0x08, 0x85, 0x08, 0x85,
    0x08, 0x85, 0x08, 0x85, 0x08, 0x85, 0x08, 0x85, 0x08, 0x85, 0x08, 0x85, 0x08, 0x85, 0x08, 0x85,
    0x08, 0x85, 0x08, 0x85, 0x08, 0x85, 0x08, 0x85, 0x08, 0x85, 0x08, 0x85, 0x08, 0x85, 0x08, 0x85,
    0x08, 0x85, 0x08, 0x85, 0x08, 0x85, 0x08, 0x85, 0x08, 0x85, 0x08, 0x85, 0x08, 0x85, 0x08, 0x85,
    0x08, 0x85, 0x08, 0x85, 0x08, 0x85, 0x08, 0x85, 0x08, 0x85, 0x08, 0x85, 0x08, 0x86, 0x08, 0x86,
    0x08, 0x86, 0x08, 0x86, 0x08, 0x86, 0x08, 0x86, 0x08, 0x86, 0x08, 0x86, 0x08, 0x86, 0x08, 0x86,
    0x08, 0x86, 0x08, 0x86, 0x08, 0x86, 0x08, 0x86, 0x08, 0x86, 0x08, 0x86, 0x08, 0x86, 0x08, 0x86,
    0x08, 0x86, 0x08, 0x86, 0x08, 0x86, 0x08, 0x86, 0x08, 0x86, 0x08, 0x86, 0x08, 0x86, 0x08, 0x86,
    0x08, 0x86, 0x08, 0x86, 0x08, 0x86, 0x08, 0x86, 0x08, 0x86, 0x08, 0x86, 0x08, 0x86, 0x08, 0x86,
    0x08, 0x86, 0x08, 0x86, 0x08, 0x86, 0x08, 0x86, 0x08, 0x86, 0x08, 0x86, 0x08, 0x86, 0x08, 0x86,
    0x08, 0x86, 0x08, 0x86, 0x08, 0x86, 0x08, 0x86, 0x08, 0x86, 0x08, 0x86, 0x08, 0x86, 0x08, 0x86,
    0x08, 0x86, 0x08, 0x86, 0x08, 0x86, 0x08, 0x86, 0x08, 0x86, 0x08, 0x86, 0x08, 0x86, 0x08, 0x86,
    0x08, 0x86, 0x08, 0x86, 0x08, 0x86, 0x08, 0x86, 0x08, 0x86, 0x08, 0x86, 0x08, 0x86, 0x08, 0x86,
    0x08, 0x86, 0x08, 0x86, 0x08, 0x86, 0x08, 0x86, 0x08, 0x86, 0x08, 0x86, 0x08, 0x86, 0x08, 0x86,
    0x08, 0x86, 0x08, 0x86, 0x08, 0x86, 0x08, 0x86, 0x08, 0x86, 0x08, 0x86, 0x08, 0x86, 0x08, 0x86,
    0x08, 0x86, 0x08, 0x86, 0x08, 0x86, 0x08, 0x86, 0x08, 0x86, 0x08, 0x86, 0x08, 0xa6, 0x08, 0xa6,
    0x08, 0xa6, 0x08, 0xa6, 0x08, 0xa6, 0x08, 0xa6, 0x08, 0xa6, 0x08, 0xa6, 0x08, 0xa7, 0x08, 0xa7,
    0x08, 0xa7, 0x08, 0xa7, 0x08, 0xc7, 0x08, 0xc7, 0x08, 0xc7, 0x08, 0xc7, 0x08, 0xe7, 0x08, 0xe7,
    0x08, 0xe7, 0x08, 0xe7, 0x08, 0xe7, 0x09, 0x08, 0x09, 0x08, 0x09, 0x08, 0x09, 0x08, 0x09, 0x08,
    0x09, 0x28, 0x09, 0x28, 0x09, 0x28, 0x09, 0x49, 0x09, 0x49, 0x09, 0x49, 0x09, 0x49, 0x09, 0x49,
    0x09, 0x49, 0x09, 0x49, 0x09, 0x49, 0x09, 0x49, 0x09, 0x49, 0x11, 0x49, 0x19, 0xab, 0x00, 0xc8,
    0x01, 0x09, 0x09, 0x4b, 0x01, 0x2b, 0x22, 0x4f, 0x3b, 0x54, 0x53, 0xf6, 0x64, 0x78, 0x43, 0x54,
    0x00, 0xe9, 0x09, 0x2a, 0x09, 0x2a, 0x08, 0xc8, 0x10, 0xe8, 0x08, 0xa7, 0x08, 0xe8, 0x08, 0xe8,
    0x08, 0xe8, 0x08, 0xe8, 0x08, 0xe8, 0x08, 0xe8, 0x08, 0xe8, 0x08, 0xe8, 0x08, 0xe8, 0x08, 0xe8,
    0x08, 0xe8, 0x08, 0xe8, 0x09, 0x08, 0x09, 0x08, 0x09, 0x08, 0x09, 0x08, 0x09, 0x08, 0x09, 0x08,
    0x09, 0x08, 0x09, 0x08, 0x09, 0x08, 0x09, 0x08, 0x09, 0x28, 0x09, 0x28, 0x09, 0x28, 0x09, 0x28,
    0x09, 0x28, 0x09, 0x28, 0x09, 0x29, 0x09, 0x29, 0x09, 0x29, 0x09, 0x28, 0x09, 0x28, 0x09, 0x28,
    0x09, 0x28, 0x09, 0x08, 0x09, 0x08, 0x09, 0x08, 0x09, 0x08, 0x09, 0x08, 0x09, 0x08, 0x09, 0x08,
    0x09, 0x08, 0x08, 0xe7, 0x08, 0xe7, 0x00, 0xe7, 0x00, 0xe7, 0x08, 0xe7, 0x08, 0xc7, 0x08, 0xc7,
    0x08, 0xc7, 0x08, 0xc7, 0x08, 0xc7, 0x08, 0xa7, 0x08, 0xa7, 0x08, 0xa7, 0x08, 0xa7, 0x08, 0x86,
    0x08, 0x87, 0x08, 0xa7, 0x10, 0xc8, 0x3a, 0x0d, 0x21, 0x4a, 0x00, 0x66, 0x08, 0xa6, 0x08, 0xa6,
    0x08, 0xa6, 0x08, 0x86, 0x08, 0x85, 0x08, 0x85, 0x08, 0x85, 0x08, 0x85, 0x08, 0x64, 0x10, 0xc6,
    0x00, 0x65, 0x00, 0x65, 0x11, 0x4a, 0x11, 0xac, 0x09, 0x8d, 0x09, 0xce, 0x01, 0xae, 0x01, 0xce,
    0x01, 0xce, 0x01, 0xce, 0x01, 0xce, 0x01, 0xce, 0x01, 0xce, 0x01, 0xce, 0x01, 0xce, 0x01, 0xce,
    0x01, 0xce, 0x01, 0xce, 0x01, 0xce, 0x01, 0xce, 0x01, 0xcf, 0x01, 0xaf, 0x09, 0xaf, 0x09, 0xaf,
    0x01, 0xae, 0x01, 0xce, 0x01, 0xce, 0x01, 0xce, 0x01, 0xce, 0x01, 0xce, 0x01, 0xcf, 0x09, 0xaf,
    0x11, 0xae, 0x11, 0x6d, 0x11, 0x0a, 0x08, 0xa8, 0x00, 0x85, 0x08, 0x85, 0x00, 0x44, 0x19, 0x07,
    0x08, 0x85, 0x08, 0x85, 0x08, 0x85, 0x08, 0x85, 0x08, 0x85, 0x08, 0x85, 0x08, 0x85, 0x08, 0x85,
    0x08, 0x85, 0x08, 0x85, 0x08, 0x85, 0x08, 0x85, 0x08, 0x85, 0x08, 0x85, 0x08, 0x85, 0x08, 0x85,
    0x08, 0x85, 0x08, 0x85, 0x08, 0x85, 0x08, 0x85, 0x08, 0x85, 0x08, 0x85, 0x08, 0x85, 0x08, 0x85,
    0x08, 0x85, 0x08, 0x85, 0x08, 0x85, 0x08, 0x85, 0x08, 0x85, 0x08, 0x85, 0x08, 0x85, 0x08, 0x85,
    0x08, 0x85, 0x08, 0x85, 0x08, 0x85, 0x08, 0x85, 0x08, 0x85, 0x08, 0x85, 0x08, 0x85, 0x08, 0x85,
    0x08, 0x85, 0x08, 0x85, 0x08, 0x85, 0x08, 0x85, 0x08, 0x85, 0x08, 0x85, 0x08, 0x85, 0x08, 0x85,
    0x08, 0x85, 0x08, 0x85, 0x08, 0x85, 0x08, 0x85, 0x08, 0x85, 0x08, 0x85, 0x08, 0x85, 0x08, 0x85,
    0x08, 0x85, 0x08, 0x85, 0x08, 0x85, 0x08, 0x85, 0x08, 0x85, 0x08, 0x85, 0x08, 0x86, 0x08, 0x86,
    0x08, 0x86, 0x08, 0x86, 0x08, 0x86, 0x08, 0x86, 0x08, 0x86, 0x08, 0x86, 0x08, 0x86, 0x08, 0x86,
    0x08, 0x86, 0x08, 0x86, 0x08, 0x86, 0x08, 0x86, 0x08, 0x86, 0x08, 0x86, 0x08, 0x86, 0x08, 0x86,
    0x08, 0x86, 0x08, 0x86, 0x08, 0x86, 0x08, 0x86, 0x08, 0x86, 0x08, 0x86, 0x08, 0x86, 0x08, 0x86,
    0x08, 0x86, 0x08, 0x86, 0x08, 0x86, 0x08, 0x86, 0x08, 0x86, 0x08, 0x86, 0x08, 0x86, 0x08, 0x86,
    0x08, 0x86, 0x08, 0x86, 0x08, 0x86, 0x08, 0x86, 0x08, 0x86, 0x08, 0x86, 0x08, 0x86, 0x08, 0x86,
    0x08, 0x86, 0x08, 0x86, 0x08, 0x86, 0x08, 0x86, 0x08, 0x86, 0x08, 0x86, 0x08, 0x86, 0x08, 0x86,
    0x08, 0x86, 0x08, 0x86, 0x08, 0x86, 0x08, 0x86, 0x08, 0x86, 0x08, 0x86, 0x08, 0x86, 0x08, 0x86,
    0x08, 0x86, 0x08, 0x86, 0x08, 0x86, 0x08, 0x86, 0x08, 0x86, 0x08, 0x86, 0x08, 0x86, 0x08, 0x86,
    0x08, 0x86, 0x08, 0x86, 0x08, 0x86, 0x08, 0x86, 0x08, 0x86, 0x08, 0x86, 0x08, 0x86, 0x08, 0x86,
    0x08, 0x86, 0x08, 0x86, 0x08, 0x86, 0x08, 0x86, 0x08, 0x86, 0x08, 0x86, 0x08, 0x86, 0x08, 0x86,
    0x08, 0x86, 0x08, 0x86, 0x08, 0x86, 0x08, 0x86, 0x08, 0x86, 0x08, 0x86, 0x08, 0xa6, 0x08, 0xa6,
    0x08, 0xa6, 0x08, 0xa6, 0x08, 0xa6, 0x08, 0xa6, 0x08, 0xa6, 0x08, 0xa6, 0x08, 0xa7, 0x08, 0xa7,
    0x08, 0xa7, 0x08, 0xa7, 0x08, 0xc7, 0x08, 0xc7, 0x08, 0xc7, 0x08, 0xc7, 0x08, 0xe7, 0x08, 0xe7,
    0x08, 0xe7, 0x08, 0xe7, 0x09, 0x08, 0x09, 0x08, 0x09, 0x08, 0x09, 0x08, 0x09, 0x08, 0x09, 0x08,
    0x09, 0x28, 0x09, 0x28, 0x09, 0x29, 0x09, 0x49, 0x09, 0x49, 0x09, 0x49, 0x09, 0x69, 0x09, 0x69,
    0x09, 0x69, 0x09, 0x69, 0x09, 0x69, 0x09, 0x69, 0x09, 0x69, 0x09, 0x69, 0x09, 0x69, 0x09, 0x6a,
    0x09, 0x6b, 0x00, 0xc9, 0x09, 0x8c, 0x33, 0x13, 0x64, 0x9a, 0x5c, 0x59, 0x5c, 0x39, 0x43, 0x55,
    0x00, 0xea, 0x01, 0x2b, 0x09, 0x4a, 0x00, 0xc7, 0x08, 0xe7, 0x11, 0x08, 0x08, 0xe7, 0x08, 0xe8,
    0x08, 0xe8, 0x08, 0xe8, 0x08, 0xe8, 0x08, 0xe8, 0x08, 0xe8, 0x08, 0xe8, 0x08, 0xe8, 0x08, 0xe8,
    0x09, 0x08, 0x09, 0x08, 0x09, 0x08, 0x09, 0x08, 0x09, 0x08, 0x09, 0x08, 0x09, 0x08, 0x09, 0x08,
    0x09, 0x08, 0x09, 0x28, 0x09, 0x28, 0x09, 0x28, 0x09, 0x28, 0x09, 0x28, 0x09, 0x28, 0x09, 0x28,
    0x09, 0x28, 0x09, 0x28, 0x09, 0x29, 0x09, 0x29, 0x09, 0x29, 0x09, 0x29, 0x09, 0x28, 0x09, 0x28,
    0x09, 0x28, 0x09, 0x28, 0x09, 0x28, 0x09, 0x08, 0x09, 0x08, 0x09, 0x08, 0x09, 0x08, 0x09, 0x08,
    0x09, 0x08, 0x09, 0x08, 0x08, 0xe7, 0x00, 0xe7, 0x00, 0xe7, 0x08, 0xe7, 0x08, 0xc7, 0x08, 0xc7,
    0x08, 0xc7, 0x08, 0xc7, 0x08, 0xc7, 0x08, 0xc7, 0x08, 0xc7, 0x08, 0xc7, 0x00, 0x86, 0x10, 0xe8,
    0x08, 0x87, 0x00, 0x25, 0x3a, 0x4d, 0x29, 0xab, 0x00, 0x46, 0x08, 0x87, 0x08, 0xa6, 0x08, 0xa6,
    0x08, 0x86, 0x08, 0x86, 0x08, 0x86, 0x08, 0x85, 0x08, 0x85, 0x08, 0x85, 0x08, 0x64, 0x08, 0xa5,
    0x00, 0x65, 0x00, 0x65, 0x09, 0x29, 0x19, 0xac, 0x09, 0x8d, 0x09, 0xad, 0x01, 0xae, 0x01, 0xce,
    0x01, 0xce, 0x01, 0xce, 0x01, 0xce, 0x01, 0xce, 0x01, 0xce, 0x01, 0xce, 0x01, 0xce, 0x01, 0xce,
    0x01, 0xce, 0x01, 0xce, 0x01, 0xce, 0x01, 0xce, 0x01, 0xcf, 0x01, 0xaf, 0x01, 0xaf, 0x01, 0xaf,
    0x01, 0xce, 0x01, 0xce, 0x01, 0xce, 0x01, 0xce, 0x01, 0xce, 0x01, 0xce, 0x01, 0xae, 0x09, 0xae,
    0x11, 0x8e, 0x11, 0x4c, 0x08, 0xe9, 0x00, 0x87, 0x00, 0x65, 0x08, 0x65, 0x00, 0x44, 0x19, 0x07,
    0x08, 0x85, 0x08, 0x85, 0x08, 0x85, 0x08, 0x85, 0x08, 0x85, 0x08, 0x85, 0x08, 0x85, 0x08, 0x85,
    0x08, 0x85, 0x08, 0x85, 0x08, 0x85, 0x08, 0x85, 0x08, 0x85, 0x08, 0x85, 0x08, 0x85, 0x08, 0x85,
    0x08, 0x85, 0x08, 0x85, 0x08, 0x85, 0x08, 0x85, 0x08, 0x85, 0x08, 0x85, 0x08, 0x85, 0x08, 0x85,
    0x08, 0x85, 0x08, 0x85, 0x08, 0x85, 0x08, 0x85, 0x08, 0x85, 0x08, 0x85, 0x08, 0x85, 0x08, 0x85,
    0x08, 0x85, 0x08, 0x85, 0x08, 0x85, 0x08, 0x85, 0x08, 0x85, 0x08, 0x85, 0x08, 0x85, 0x08, 0x85,
    0x08, 0x85, 0x08, 0x85, 0x08, 0x85, 0x08, 0x85, 0x08, 0x85, 0x08, 0x85, 0x08, 0x85, 0x08, 0x85,
    0x08, 0x85, 0x08, 0x85, 0x08, 0x85, 0x08, 0x85, 0x08, 0x85, 0x08, 0x85, 0x08, 0x85, 0x08, 0x85,
    0x08, 0x85, 0x08, 0x85, 0x08, 0x85, 0x08, 0x85, 0x08, 0x85, 0x08, 0x85, 0x08, 0x86, 0x08, 0x86,
    0x08, 0x86, 0x08, 0x86, 0x08, 0x86, 0x08, 0x86, 0x08, 0x86, 0x08, 0x86, 0x08, 0x86, 0x08, 0x86,
    0x08, 0x86, 0x08, 0x86, 0x08, 0x86, 0x08, 0x86, 0x08, 0x86, 0x08, 0x86, 0x08, 0x86, 0x08, 0x86,
    0x08, 0x86, 0x08, 0x86, 0x08, 0x86, 0x08, 0x86, 0x08, 0x86, 0x08, 0x86, 0x08, 0x86, 0x08, 0x86,
    0x08, 0x86, 0x08, 0x86, 0x08, 0x86, 0x08, 0x86, 0x08, 0x86, 0x08, 0x86, 0x08, 0x86, 0x08, 0x86,
    0x08, 0x86, 0x08, 0x86, 0x08, 0x86, 0x08, 0x86, 0x08, 0x86, 0x08, 0x86, 0x08, 0x86, 0x08, 0x86,
    0x08, 0x86, 0x08, 0x86, 0x08, 0x86, 0x08, 0x86, 0x08, 0x86, 0x08, 0x86, 0x08, 0x86, 0x08, 0x86,
    0x08, 0x86, 0x08, 0x86, 0x08, 0x86, 0x08, 0x86, 0x08, 0x86, 0x08, 0x86, 0x08, 0x86, 0x08, 0x86,
    0x08, 0x86, 0x08, 0x86, 0x08, 0x86, 0x08, 0x86, 0x08, 0x86, 0x08, 0x86, 0x08, 0x86, 0x08, 0x86,
    0x08, 0x86, 0x08, 0x86, 0x08, 0x86, 0x08, 0x86, 0x08, 0x86, 0x08, 0x86, 0x08, 0x86, 0x08, 0x86,
    0x08, 0x86, 0x08, 0x86, 0x08, 0x86, 0x08, 0x86, 0x08, 0x86, 0x08, 0x86, 0x08, 0x86, 0x08, 0x86,
    0x08, 0x86, 0x08, 0x86, 0x08, 0x86, 0x08, 0x86, 0x08, 0x86, 0x08, 0x86, 0x08, 0xa6, 0x08, 0xa6,
    0x08, 0xa6, 0x08, 0xa6, 0x08, 0xa6, 0x08, 0xa6, 0x08, 0xa6, 0x08, 0xa6, 0x08, 0xa7, 0x08, 0xa7,
    0x08, 0xc7, 0x08, 0xc7, 0x08, 0xc7, 0x08, 0xc7, 0x08, 0xc7, 0x08, 0xe7, 0x08, 0xc7, 0x08, 0xc7,
    0x08, 0xe7, 0x08, 0xe7, 0x08, 0xe8, 0x09, 0x08, 0x09, 0x08, 0x09, 0x08, 0x11, 0x08, 0x11, 0x28,
    0x09, 0x28, 0x09, 0x29, 0x09, 0x49, 0x09, 0x49, 0x09, 0x49, 0x09, 0x69, 0x09, 0x69, 0x09, 0x6a,
    0x01, 0x8a, 0x01, 0x8a, 0x01, 0x8a, 0x01, 0x8a, 0x01, 0x8a, 0x01, 0x8a, 0x09, 0xaa, 0x01, 0x48,
    0x01, 0x4a, 0x22, 0x8f, 0x64, 0x79, 0x54, 0x38, 0x5c, 0x5a, 0x5c, 0x5a, 0x5c, 0x7a, 0x4b, 0xd7,
    0x01, 0x4c, 0x09, 0x4c, 0x09, 0x6b, 0x00, 0xe7, 0x01, 0x07, 0x11, 0x28, 0x08, 0xe8, 0x08, 0xe8,
    0x08, 0xe8, 0x08, 0xe8, 0x08, 0xe8, 0x08, 0xe8, 0x08, 0xe8, 0x08, 0xe8, 0x09, 0x08, 0x09, 0x08,
    0x09, 0x08, 0x09, 0x08, 0x09, 0x08, 0x09, 0x08, 0x09, 0x08, 0x09, 0x08, 0x09, 0x28, 0x09, 0x28,
    0x09, 0x28, 0x09, 0x28, 0x09, 0x28, 0x09, 0x29, 0x09, 0x29, 0x09, 0x29, 0x09, 0x29, 0x09, 0x49,
    0x09, 0x49, 0x09, 0x49, 0x09, 0x29, 0x09, 0x49, 0x09, 0x29, 0x09, 0x49, 0x09, 0x49, 0x09, 0x48,
    0x09, 0x28, 0x09, 0x28, 0x09, 0x28, 0x09, 0x28, 0x09, 0x28, 0x09, 0x28, 0x09, 0x08, 0x09, 0x08,
    0x09, 0x08, 0x09, 0x08, 0x09, 0x08, 0x08, 0xe7, 0x08, 0xe7, 0x08, 0xe7, 0x08, 0xe7, 0x08, 0xe7,
    0x08, 0xc7, 0x08, 0xc7, 0x08, 0xc7, 0x08, 0xc7, 0x08, 0xc7, 0x08, 0xc7, 0x00, 0x86, 0x10, 0xe8,
    0x00, 0x66, 0x10, 0xe8, 0x4a, 0x8f, 0x10, 0xe8, 0x00, 0x04, 0x08, 0xa7, 0x08, 0x86, 0x08, 0x86,
    0x08, 0x86, 0x08, 0x86, 0x08, 0x86, 0x08, 0x86, 0x08, 0x85, 0x08, 0x85, 0x08, 0x85, 0x00, 0x44,
    0x00, 0x65, 0x00, 0x86, 0x00, 0xc7, 0x11, 0x6b, 0x11, 0xcd, 0x01, 0x6c, 0x01, 0xce, 0x01, 0xce,
    0x01, 0xce, 0x01, 0xce, 0x01, 0xce, 0x01, 0xce, 0x01, 0xce, 0x01, 0xce, 0x01, 0xcf, 0x01, 0xcf,
    0x01, 0xcf, 0x01, 0xcf, 0x01, 0xaf, 0x01, 0xaf, 0x01, 0xaf, 0x01, 0xaf, 0x01, 0xaf, 0x01, 0xaf,
    0x01, 0xcf, 0x01, 0xce, 0x01, 0xce, 0x01, 0xce, 0x01, 0xce, 0x01, 0xce, 0x01, 0xad, 0x09, 0xae,
    0x11, 0xad, 0x09, 0x2b, 0x00, 0xa8, 0x00, 0x65, 0x00, 0x65, 0x08, 0x85, 0x00, 0x44, 0x19, 0x07,
    0x08, 0x85, 0x08, 0x85, 0x08, 0x85, 0x08, 0x85, 0x08, 0x85, 0x08, 0x85, 0x08, 0x85, 0x08, 0x85,
    0x08, 0x85, 0x08, 0x85, 0x08, 0x85, 0x08, 0x85, 0x08, 0x85, 0x08, 0x85, 0x08, 0x85, 0x08, 0x85,
    0x08, 0x85, 0x08, 0x85, 0x08, 0x85, 0x08, 0x85, 0x08, 0x85, 0x08, 0x85, 0x08, 0x85, 0x08, 0x85,
    0x08, 0x85, 0x08, 0x85, 0x08, 0x85, 0x08, 0x85, 0x08, 0x85, 0x08, 0x85, 0x08, 0x85, 0x08, 0x85,
    0x08, 0x85, 0x08, 0x85, 0x08, 0x85, 0x08, 0x85, 0x08, 0x85, 0x08, 0x85, 0x08, 0x85, 0x08, 0x85,
    0x08, 0x85, 0x08, 0x85, 0x08, 0x85, 0x08, 0x85, 0x08, 0x85, 0x08, 0x85, 0x08, 0x85, 0x08, 0x85,
    0x08, 0x85, 0x08, 0x85, 0x08, 0x85, 0x08, 0x85, 0x08, 0x85, 0x08, 0x85, 0x08, 0x85, 0x08, 0x85,
    0x08, 0x85, 0x08, 0x85, 0x08, 0x85, 0x08, 0x85, 0x08, 0x85, 0x08, 0x85, 0x08, 0x86, 0x08, 0x86,
    0x08, 0x86, 0x08, 0x86, 0x08, 0x86, 0x08, 0x86, 0x08, 0x86, 0x08, 0x86, 0x08, 0x86, 0x08, 0x86,
    0x08, 0x86, 0x08, 0x86, 0x08, 0x86, 0x08, 0x86, 0x08, 0x86, 0x08, 0x86, 0x08, 0x86, 0x08, 0x86,
    0x08, 0x86, 0x08, 0x86, 0x08, 0x86, 0x08, 0x86, 0x08, 0x86, 0x08, 0x86, 0x08, 0x86, 0x08, 0x86,
    0x08, 0x86, 0x08, 0x86, 0x08, 0x86, 0x08, 0x86, 0x08, 0x86, 0x08, 0x86, 0x08, 0x86, 0x08, 0x86,
    0x08, 0x86, 0x08, 0x86, 0x08, 0x86, 0x08, 0x86, 0x08, 0x86, 0x08, 0x86, 0x08, 0x86, 0x08, 0x86,
    0x08, 0x86, 0x08, 0x86, 0x08, 0x86, 0x08, 0x86, 0x08, 0x86, 0x08, 0x86, 0x08, 0x86, 0x08, 0x86,
    0x08, 0x86, 0x08, 0x86, 0x08, 0x86, 0x08, 0x86, 0x08, 0x86, 0x08, 0x86, 0x08, 0x86, 0x08, 0x86,
    0x08, 0x86, 0x08, 0x86, 0x08, 0x86, 0x08, 0x86, 0x08, 0x86, 0x08, 0x86, 0x08, 0x86, 0x08, 0x86,
    0x08, 0x86, 0x08, 0x86, 0x08, 0x86, 0x08, 0x86, 0x08, 0x86, 0x08, 0x86, 0x08, 0x86, 0x08, 0x86,
    0x08, 0x86, 0x08, 0x86, 0x08, 0x86, 0x08, 0x86, 0x08, 0x86, 0x08, 0x86, 0x08, 0x86, 0x08, 0x86,
    0x08, 0x86, 0x08, 0x86, 0x08, 0x86, 0x08, 0x86, 0x08, 0xa6, 0x08, 0xa6, 0x08, 0xa6, 0x08, 0xa6,
    0x08, 0xa6, 0x08, 0xa6, 0x08, 0xa6, 0x08, 0xa6, 0x08, 0xa6, 0x08, 0xa6, 0x08, 0xa7, 0x08, 0xa7,
    0x08, 0xc7, 0x08, 0xc7, 0x08, 0xc7, 0x08, 0xc7, 0x08, 0xe7, 0x08, 0xe7, 0x08, 0xc7, 0x08, 0xe7,
    0x08, 0xe7, 0x08, 0xe7, 0x09, 0x08, 0x09, 0x08, 0x09, 0x08, 0x09, 0x08, 0x11, 0x28, 0x11, 0x29,
    0x09, 0x29, 0x09, 0x29, 0x09, 0x49, 0x09, 0x49, 0x09, 0x69, 0x01, 0x69, 0x09, 0x8a, 0x01, 0x8a,
    0x01, 0x8a, 0x01, 0x8a, 0x01, 0x8a, 0x01, 0x8a, 0x01, 0x8a, 0x01, 0x8a, 0x01, 0x48, 0x11, 0xeb,
    0x09, 0xcc, 0x09, 0xcc, 0x43, 0x95, 0x54, 0x18, 0x64, 0xbb, 0x64, 0xbb, 0x64, 0xbb, 0x5c, 0x39,
    0x09, 0x8d, 0x01, 0x4b, 0x09, 0x6b, 0x01, 0x28, 0x09, 0x27, 0x09, 0x27, 0x09, 0x08, 0x09, 0x08,
    0x09, 0x08, 0x09, 0x08, 0x09, 0x08, 0x09, 0x08, 0x09, 0x08, 0x09, 0x08, 0x09, 0x08, 0x09, 0x08,
    0x09, 0x08, 0x09, 0x08, 0x09, 0x08, 0x09, 0x08, 0x09, 0x28, 0x09, 0x28, 0x09, 0x29, 0x09, 0x29,
    0x09, 0x29, 0x09, 0x29, 0x09, 0x49, 0x09, 0x49, 0x09, 0x49, 0x09, 0x49, 0x09, 0x49, 0x09, 0x49,
    0x09, 0x49, 0x09, 0x49, 0x09, 0x49, 0x09, 0x49, 0x09, 0x49, 0x09, 0x49, 0x09, 0x49, 0x09, 0x49,
    0x09, 0x49, 0x09, 0x49, 0x09, 0x28, 0x09, 0x28, 0x09, 0x28, 0x09, 0x28, 0x09, 0x08, 0x09, 0x28,
    0x09, 0x08, 0x09, 0x08, 0x09, 0x08, 0x09, 0x08, 0x08, 0xe7, 0x08, 0xe7, 0x08, 0xe7, 0x08, 0xe7,
    0x08, 0xe7, 0x08, 0xc7, 0x08, 0xc7, 0x08, 0xc7, 0x08, 0xc7, 0x08, 0xc7, 0x08, 0xa7, 0x00, 0x66,
    0x08, 0x87, 0x3a, 0x2d, 0x21, 0x6a, 0x08, 0x87, 0x00, 0x46, 0x08, 0xa7, 0x08, 0x86, 0x08, 0x86,
    0x08, 0x86, 0x08, 0x86, 0x08, 0x86, 0x08, 0xa6, 0x08, 0xa6, 0x08, 0xa5, 0x10, 0xa5, 0x00, 0x44,
    0x08, 0x85, 0x08, 0xc6, 0x00, 0x86, 0x09, 0x09, 0x11, 0xac, 0x09, 0x8c, 0x09, 0xce, 0x01, 0xce,
    0x01, 0xce, 0x01, 0xce, 0x01, 0xce, 0x01, 0xce, 0x01, 0xce, 0x01, 0xce, 0x01, 0xcf, 0x01, 0xcf,
    0x01, 0xcf, 0x01, 0xcf, 0x01, 0xaf, 0x01, 0xaf, 0x01, 0xaf, 0x01, 0xaf, 0x01, 0xaf, 0x01, 0xcf,
    0x01, 0xcf, 0x01, 0xce, 0x01, 0xce, 0x01, 0xce, 0x01, 0xce, 0x01, 0xce, 0x09, 0xad, 0x09, 0xad,
    0x11, 0x8c, 0x09, 0x09, 0x00, 0x67, 0x00, 0x45, 0x00, 0x65, 0x08, 0x85, 0x00, 0x44, 0x19, 0x07,
    0x08, 0x85, 0x08, 0x85, 0x08, 0x85, 0x08, 0x85, 0x08, 0x85, 0x08, 0x85, 0x08, 0x85, 0x08, 0x85,
    0x08, 0x85, 0x08, 0x85, 0x08, 0x85, 0x08, 0x85, 0x08, 0x85, 0x08, 0x85, 0x08, 0x85, 0x08, 0x85,
    0x08, 0x85, 0x08, 0x85, 0x08, 0x85, 0x08, 0x85, 0x08, 0x85, 0x08, 0x85, 0x08, 0x85, 0x08, 0x85,
    0x08, 0x85, 0x08, 0x85, 0x08, 0x85, 0x08, 0x85, 0x08, 0x85, 0x08, 0x85, 0x08, 0x85, 0x08, 0x85,
    0x08, 0x85, 0x08, 0x85, 0x08, 0x85, 0x08, 0x85, 0x08, 0x85, 0x08, 0x85, 0x08, 0x85, 0x08, 0x85,
    0x08, 0x85, 0x08, 0x85, 0x08, 0x85, 0x08, 0x85, 0x08, 0x85, 0x08, 0x85, 0x08, 0x85, 0x08, 0x85,
    0x08, 0x85, 0x08, 0x85, 0x08, 0x85, 0x08, 0x85, 0x08, 0x85, 0x08, 0x85, 0x08, 0x85, 0x08, 0x85,
    0x08, 0x85, 0x08, 0x85, 0x08, 0x85, 0x08, 0x85, 0x08, 0x85, 0x08, 0x85, 0x08, 0x86, 0x08, 0x86,
    0x08, 0x86, 0x08, 0x86, 0x08, 0x86, 0x08, 0x86, 0x08, 0x86, 0x08, 0x86, 0x08, 0x86, 0x08, 0x86,
    0x08, 0x86, 0x08, 0x86, 0x08, 0x86, 0x08, 0x86, 0x08, 0x86, 0x08, 0x86, 0x08, 0x86, 0x08, 0x86,
    0x08, 0x86, 0x08, 0x86, 0x08, 0x86, 0x08, 0x86, 0x08, 0x86, 0x08, 0x86, 0x08, 0x86, 0x08, 0x86,
    0x08, 0x86, 0x08, 0x86, 0x08, 0x86, 0x08, 0x86, 0x08, 0x86, 0x08, 0x86, 0x08, 0x86, 0x08, 0x86,
    0x08, 0x86, 0x08, 0x86, 0x08, 0x86, 0x08, 0x86, 0x08, 0x86, 0x08, 0x86, 0x08, 0x86, 0x08, 0x86,
    0x08, 0x86, 0x08, 0x86, 0x08, 0x86, 0x08, 0x86, 0x08, 0x86, 0x08, 0x86, 0x08, 0x86, 0x08, 0x86,
    0x08, 0x86, 0x08, 0x86, 0x08, 0x86, 0x08, 0x86, 0x08, 0x86, 0x08, 0x86, 0x08, 0x86, 0x08, 0x86,
    0x08, 0x86, 0x08, 0x86, 0x08, 0x86, 0x08, 0x86, 0x08, 0x86, 0x08, 0x86, 0x08, 0x86, 0x08, 0x86,
    0x08, 0x86, 0x08, 0x86, 0x08, 0x86, 0x08, 0x86, 0x08, 0x86, 0x08, 0x86, 0x08, 0x86, 0x08, 0x86,
    0x08, 0x86, 0x08, 0x86, 0x08, 0x86, 0x08, 0x86, 0x08, 0x86, 0x08, 0x86, 0x08, 0x86, 0x08, 0x86,
    0x08, 0x86, 0x08, 0x86, 0x08, 0x86, 0x08, 0x86, 0x08, 0xa6, 0x08, 0xa6, 0x08, 0xa6, 0x08, 0xa6,
    0x08, 0xa6, 0x08, 0xa6, 0x08, 0xa6, 0x08, 0xa6, 0x08, 0xa6, 0x08, 0xa6, 0x08, 0xa7, 0x08, 0xa7,
    0x08, 0xc7, 0x08, 0xc7, 0x08, 0xc7, 0x08, 0xc7, 0x08, 0xc7, 0x08, 0xe7, 0x08, 0xc7, 0x08, 0xe7,
    0x08, 0xe7, 0x09, 0x08, 0x09, 0x08, 0x09, 0x08, 0x09, 0x28, 0x09, 0x28, 0x11, 0x29, 0x11, 0x29,
    0x11, 0x49, 0x11, 0x49, 0x09, 0x6a, 0x09, 0x6a, 0x09, 0x6a, 0x09, 0x8a, 0x09, 0x8a, 0x09, 0xaa,
    0x09, 0xaa, 0x09, 0xaa, 0x09, 0xaa, 0x09, 0xaa, 0x09, 0xaa, 0x09, 0xaa, 0x09, 0xca, 0x01, 0x48,
    0x01, 0x29, 0x01, 0x2a, 0x01, 0x8c, 0x01, 0xad, 0x2a, 0xd3, 0x5c, 0x79, 0x5c, 0x38, 0x64, 0x58,
    0x09, 0xad, 0x01, 0x2a, 0x09, 0x4a, 0x09, 0x49, 0x09, 0x69, 0x09, 0x07, 0x09, 0x08, 0x09, 0x08,
    0x09, 0x08, 0x09, 0x08, 0x09, 0x08, 0x09, 0x08, 0x09, 0x08, 0x09, 0x08, 0x09, 0x08, 0x09, 0x08,
    0x09, 0x08, 0x09, 0x29, 0x09, 0x29, 0x09, 0x29, 0x09, 0x29, 0x09, 0x29, 0x09, 0x49, 0x09, 0x49,
    0x09, 0x49, 0x09, 0x49, 0x09, 0x49, 0x09, 0x49, 0x09, 0x49, 0x09, 0x49, 0x09, 0x49, 0x09, 0x69,
    0x09, 0x49, 0x09, 0x4a, 0x09, 0x4a, 0x09, 0x4a, 0x09, 0x4a, 0x09, 0x69, 0x09, 0x49, 0x09, 0x49,
    0x09, 0x49, 0x09, 0x49, 0x09, 0x49, 0x09, 0x49, 0x09, 0x49, 0x09, 0x28, 0x09, 0x28, 0x09, 0x28,
    0x09, 0x28, 0x09, 0x08, 0x09, 0x08, 0x09, 0x08, 0x09, 0x08, 0x08, 0xe7, 0x08, 0xe7, 0x08, 0xe7,
    0x08, 0xe7, 0x08, 0xe7, 0x08, 0xc7, 0x08, 0xc7, 0x08, 0xc7, 0x08, 0xc8, 0x08, 0xa7, 0x00, 0x46,
    0x21, 0x8b, 0x3a, 0x4e, 0x00, 0x86, 0x08, 0x87, 0x08, 0xa7, 0x08, 0x86, 0x08, 0x86, 0x08, 0x86,
    0x08, 0x86, 0x08, 0x86, 0x08, 0xa6, 0x08, 0xa6, 0x08, 0xa6, 0x08, 0xa5, 0x08, 0x85, 0x08, 0x64,
    0x08, 0x85, 0x08, 0xa6, 0x00, 0x86, 0x00, 0xa7, 0x09, 0x4a, 0x11, 0xcd, 0x09, 0xcd, 0x01, 0xce,
    0x01, 0xce, 0x01, 0xce, 0x01, 0xce, 0x01, 0xce, 0x01, 0xce, 0x01, 0xcf, 0x01, 0xcf, 0x01, 0xcf,
    0x01, 0xaf, 0x01, 0xaf, 0x01, 0xaf, 0x01, 0xaf, 0x01, 0xaf, 0x01, 0xaf, 0x01, 0xcf, 0x01, 0xcf,
    0x01, 0xcf, 0x01, 0xce, 0x01, 0xce, 0x01, 0xce, 0x01, 0xce, 0x01, 0xcd, 0x09, 0xad, 0x09, 0x8c,
    0x09, 0x2a, 0x00, 0xc8, 0x00, 0x66, 0x00, 0x65, 0x08, 0x85, 0x08, 0x65, 0x00, 0x44, 0x19, 0x07,
    0x08, 0x85, 0x08, 0x85, 0x08, 0x85, 0x08, 0x85, 0x08, 0x85, 0x08, 0x85, 0x08, 0x85, 0x08, 0x85,
    0x08, 0x85, 0x08, 0x85, 0x08, 0x85, 0x08, 0x85, 0x08, 0x85, 0x08, 0x85, 0x08, 0x85, 0x08, 0x85,
    0x08, 0x85, 0x08, 0x85, 0x08, 0x85, 0x08, 0x85, 0x08, 0x85, 0x08, 0x85, 0x08, 0x85, 0x08, 0x85,
    0x08, 0x85, 0x08, 0x85, 0x08, 0x85, 0x08, 0x85, 0x08, 0x85, 0x08, 0x85, 0x08, 0x85, 0x08, 0x85,
    0x08, 0x85, 0x08, 0x85, 0x08, 0x85, 0x08, 0x85, 0x08, 0x85, 0x08, 0x85, 0x08, 0x85, 0x08, 0x85,
    0x08, 0x85, 0x08, 0x85, 0x08, 0x85, 0x08, 0x85, 0x08, 0x85, 0x08, 0x85, 0x08, 0x85, 0x08, 0x85,
    0x08, 0x85, 0x08, 0x85, 0x08, 0x85, 0x08, 0x85, 0x08, 0x85, 0x08, 0x85, 0x08, 0x85, 0x08, 0x85,
    0x08, 0x85, 0x08, 0x85, 0x08, 0x85, 0x08, 0x85, 0x08, 0x85, 0x08, 0x85, 0x08, 0x86, 0x08, 0x86,
    0x08, 0x86, 0x08, 0x86, 0x08, 0x86, 0x08, 0x86, 0x08, 0x86, 0x08, 0x86, 0x08, 0x86, 0x08, 0x86,
    0x08, 0x86, 0x08, 0x86, 0x08, 0x86, 0x08, 0x86, 0x08, 0x86, 0x08, 0x86, 0x08, 0x86, 0x08, 0x86,
    0x08, 0x86, 0x08, 0x86, 0x08, 0x86, 0x08, 0x86, 0x08, 0x86, 0x08, 0x86, 0x08, 0x86, 0x08, 0x86,
    0x08, 0x86, 0x08, 0x86, 0x08, 0x86, 0x08, 0x86, 0x08, 0x86, 0x08, 0x86, 0x08, 0x86, 0x08, 0x86,
    0x08, 0x86, 0x08, 0x86, 0x08, 0x86, 0x08, 0x86, 0x08, 0x86, 0x08, 0x86, 0x08, 0x86, 0x08, 0x86,
    0x08, 0x86, 0x08, 0x86, 0x08, 0x86, 0x08, 0x86, 0x08, 0x86, 0x08, 0x86, 0x08, 0x86, 0x08, 0x86,
    0x08, 0x86, 0x08, 0x86, 0x08, 0x86, 0x08, 0x86, 0x08, 0x86, 0x08, 0x86, 0x08, 0x86, 0x08, 0x86,
    0x08, 0x86, 0x08, 0x86, 0x08, 0x86, 0x08, 0x86, 0x08, 0x86, 0x08, 0x86, 0x08, 0x86, 0x08, 0x86,
    0x08, 0x86, 0x08, 0x86, 0x08, 0x86, 0x08, 0x86, 0x08, 0x86, 0x08, 0x86, 0x08, 0x86, 0x08, 0x86,
    0x08, 0x86, 0x08, 0x86, 0x08, 0x86, 0x08, 0x86, 0x08, 0x86, 0x08, 0x86, 0x08, 0x86, 0x08, 0x86,
    0x08, 0x86, 0x08, 0x86, 0x08, 0x86, 0x08, 0x86, 0x08, 0xa6, 0x08, 0xa6, 0x08, 0xa6, 0x08, 0xa6,
    0x08, 0xa6, 0x08, 0xa6, 0x08, 0xa6, 0x08, 0xa6, 0x08, 0xa6, 0x08, 0xa6, 0x08, 0xa7, 0x08, 0xc7,
    0x08, 0xc7, 0x08, 0xc7, 0x08, 0xc7, 0x08, 0xe7, 0x08, 0xe7, 0x08, 0xe7, 0x08, 0xe7, 0x08, 0xe7,
    0x09, 0x08, 0x09, 0x08, 0x09, 0x08, 0x09, 0x28, 0x09, 0x29, 0x09, 0x49, 0x11, 0x49, 0x11, 0x49,
    0x09, 0x4a, 0x09, 0x6a, 0x09, 0x6a, 0x09, 0x6a, 0x09, 0x8a, 0x09, 0x8a, 0x09, 0xab, 0x09, 0xab,
    0x09, 0xab, 0x09, 0xab, 0x09, 0xab, 0x09, 0xab, 0x09, 0xab, 0x09, 0xab, 0x11, 0xec, 0x01, 0x6a,
    0x11, 0xec, 0x09, 0xed, 0x01, 0x6b, 0x01, 0x6c, 0x01, 0x8c, 0x09, 0x8d, 0x43, 0x94, 0x64, 0x57,
    0x1a, 0x0e, 0x01, 0x4a, 0x09, 0x4a, 0x09, 0x49, 0x09, 0x49, 0x01, 0x08, 0x09, 0x28, 0x09, 0x09,
    0x09, 0x09, 0x09, 0x09, 0x09, 0x09, 0x09, 0x29, 0x09, 0x29, 0x09, 0x29, 0x09, 0x08, 0x09, 0x29,
    0x09, 0x29, 0x09, 0x29, 0x09, 0x29, 0x09, 0x29, 0x09, 0x29, 0x09, 0x29, 0x09, 0x49, 0x09, 0x49,
    0x09, 0x49, 0x09, 0x49, 0x09, 0x49, 0x09, 0x49, 0x09, 0x49, 0x09, 0x69, 0x09, 0x6a, 0x09, 0x6a,
    0x09, 0x6a, 0x09, 0x6a, 0x09, 0x6a, 0x09, 0x6a, 0x09, 0x6a, 0x09, 0x6a, 0x09, 0x69, 0x09, 0x69,
    0x09, 0x49, 0x09, 0x49, 0x09, 0x49, 0x09, 0x49, 0x09, 0x49, 0x09, 0x49, 0x09, 0x29, 0x09, 0x28,
    0x09, 0x28, 0x09, 0x08, 0x09, 0x08, 0x09, 0x08, 0x09, 0x08, 0x09, 0x08, 0x08, 0xe7, 0x08, 0xe7,
    0x08, 0xe7, 0x08, 0xe7, 0x08, 0xe8, 0x08, 0xc7, 0x08, 0xc8, 0x08, 0xc8, 0x00, 0xa7, 0x00, 0xa7,
    0x4a, 0xaf, 0x21, 0x8a, 0x00, 0x66, 0x08, 0xa7, 0x08, 0xa7, 0x00, 0x66, 0x08, 0xa6, 0x08, 0xa6,
    0x08, 0x86, 0x08, 0x87, 0x08, 0xa6, 0x08, 0xa6, 0x08, 0x86, 0x08, 0x85, 0x08, 0x64, 0x10, 0xa5,
    0x08, 0x85, 0x00, 0x65, 0x00, 0xa6, 0x00, 0x66, 0x00, 0xc8, 0x1a, 0x0d, 0x09, 0xad, 0x01, 0xcd,
    0x01, 0xce, 0x01, 0xce, 0x01, 0xce, 0x01, 0xce, 0x01, 0xce, 0x01, 0xcf, 0x01, 0xcf, 0x01, 0xcf,
    0x01, 0xaf, 0x01, 0xaf, 0x01, 0xaf, 0x01, 0xaf, 0x01, 0xaf, 0x01, 0xaf, 0x01, 0xcf, 0x01, 0xcf,
    0x01, 0xcf, 0x01, 0xce, 0x01, 0xce, 0x01, 0xce, 0x01, 0xcd, 0x09, 0xcd, 0x09, 0x8c, 0x09, 0x6b,
    0x00, 0xe8, 0x00, 0x86, 0x00, 0x66, 0x08, 0x85, 0x08, 0x85, 0x08, 0x44, 0x00, 0x44, 0x19, 0x07,
    0x08, 0x85, 0x08, 0x85, 0x08, 0x85, 0x08, 0x85, 0x08, 0x85, 0x08, 0x85, 0x08, 0x85, 0x08, 0x85,
    0x08, 0x85, 0x08, 0x85, 0x08, 0x85, 0x08, 0x85, 0x08, 0x85, 0x08, 0x85, 0x08, 0x85, 0x08, 0x85,
    0x08, 0x85, 0x08, 0x85, 0x08, 0x85, 0x08, 0x85, 0x08, 0x85, 0x08, 0x85, 0x08, 0x85, 0x08, 0x85,
    0x08, 0x85, 0x08, 0x85, 0x08, 0x85, 0x08, 0x85, 0x08, 0x85, 0x08, 0x85, 0x08, 0x85, 0x08, 0x85,
    0x08, 0x85, 0x08, 0x85, 0x08, 0x85, 0x08, 0x85, 0x08, 0x85, 0x08, 0x85, 0x08, 0x85, 0x08, 0x85,
    0x08, 0x85, 0x08, 0x85, 0x08, 0x85, 0x08, 0x85, 0x08, 0x85, 0x08, 0x85, 0x08, 0x85, 0x08, 0x85,
    0x08, 0x85, 0x08, 0x85, 0x08, 0x85, 0x08, 0x85, 0x08, 0x85, 0x08, 0x85, 0x08, 0x85, 0x08, 0x85,
    0x08, 0x85, 0x08, 0x85, 0x08, 0x85, 0x08, 0x85, 0x08, 0x85, 0x08, 0x85, 0x08, 0x86, 0x08, 0x86,
    0x08, 0x86, 0x08, 0x86, 0x08, 0x86, 0x08, 0x86, 0x08, 0x86, 0x08, 0x86, 0x08, 0x86, 0x08, 0x86,
    0x08, 0x86, 0x08, 0x86, 0x08, 0x86, 0x08, 0x86, 0x08, 0x86, 0x08, 0x86, 0x08, 0x86, 0x08, 0x86,
    0x08, 0x86, 0x08, 0x86, 0x08, 0x86, 0x08, 0x86, 0x08, 0x86, 0x08, 0x86, 0x08, 0x86, 0x08, 0x86,
    0x08, 0x86, 0x08, 0x86, 0x08, 0x86, 0x08, 0x86, 0x08, 0x86, 0x08, 0x86, 0x08, 0x86, 0x08, 0x86,
    0x08, 0x86, 0x08, 0x86, 0x08, 0x86, 0x08, 0x86, 0x08, 0x86, 0x08, 0x86, 0x08, 0x86, 0x08, 0x86,
    0x08, 0x86, 0x08, 0x86, 0x08, 0x86, 0x08, 0x86, 0x08, 0x86, 0x08, 0x86, 0x08, 0x86, 0x08, 0x86,
    0x08, 0x86, 0x08, 0x86, 0x08, 0x86, 0x08, 0x86, 0x08, 0x86, 0x08, 0x86, 0x08, 0x86, 0x08, 0x86,
    0x08, 0x86, 0x08, 0x86, 0x08, 0x86, 0x08, 0x86, 0x08, 0x86, 0x08, 0x86, 0x08, 0xa6, 0x08, 0xa6,
    0x08, 0xa6, 0x08, 0xa6, 0x08, 0xa6, 0x08, 0xa6, 0x08, 0xa6, 0x08, 0xa6, 0x08, 0x86, 0x08, 0x86,
    0x08, 0x86, 0x08, 0x86, 0x08, 0x86, 0x08, 0x86, 0x08, 0x86, 0x08, 0x86, 0x08, 0x86, 0x08, 0x86,
    0x08, 0x86, 0x08, 0x86, 0x08, 0x86, 0x08, 0x86, 0x08, 0xa6, 0x08, 0xa6, 0x08, 0x86, 0x08, 0x86,
    0x08, 0xa6, 0x08, 0xa6, 0x08, 0xa6, 0x08, 0xa6, 0x08, 0xa6, 0x08, 0xa6, 0x08, 0xc7, 0x08, 0xc7,
    0x08, 0xc7, 0x08, 0xc7, 0x08, 0xc7, 0x08, 0xe7, 0x08, 0xe7, 0x08, 0xe7, 0x08, 0xe8, 0x09, 0x08,
    0x09, 0x08, 0x09, 0x08, 0x09, 0x29, 0x09, 0x29, 0x09, 0x29, 0x09, 0x49, 0x09, 0x4a, 0x09, 0x4a,
    0x09, 0x6a, 0x09, 0x6a, 0x09, 0x8a, 0x09, 0x8b, 0x09, 0xab, 0x09, 0xab, 0x09, 0x8b, 0x09, 0x8b,
    0x09, 0x8b, 0x11, 0xec, 0x11, 0xcc, 0x09, 0x8b, 0x09, 0x8b, 0x09, 0xac, 0x09, 0xcc, 0x09, 0xac,
    0x09, 0xab, 0x09, 0x8b, 0x09, 0xab, 0x09, 0xab, 0x09, 0x8b, 0x09, 0x8a, 0x01, 0x29, 0x01, 0x29,
    0x01, 0x49, 0x09, 0x4a, 0x09, 0x4a, 0x09, 0x4a, 0x09, 0x29, 0x09, 0x29, 0x09, 0x29, 0x09, 0x29,
    0x09, 0x29, 0x09, 0x29, 0x09, 0x29, 0x09, 0x29, 0x09, 0x29, 0x09, 0x29, 0x09, 0x29, 0x09, 0x29,
    0x09, 0x29, 0x09, 0x29, 0x09, 0x49, 0x09, 0x49, 0x09, 0x49, 0x09, 0x49, 0x09, 0x49, 0x09, 0x49,
    0x09, 0x49, 0x09, 0x49, 0x09, 0x69, 0x09, 0x6a, 0x09, 0x6a, 0x09, 0x6a, 0x09, 0x6a, 0x09, 0x6a,
    0x09, 0x8a, 0x09, 0x8a, 0x09, 0x8a, 0x09, 0x8a, 0x09, 0x6a, 0x09, 0x6a, 0x09, 0x6a, 0x09, 0x6a,
    0x09, 0x6a, 0x09, 0x6a, 0x09, 0x69, 0x09, 0x49, 0x09, 0x49, 0x09, 0x49, 0x09, 0x49, 0x09, 0x49,
    0x09, 0x49, 0x09, 0x28, 0x09, 0x28, 0x09, 0x28, 0x09, 0x08, 0x09, 0x08, 0x09, 0x28, 0x00, 0xc7,
    0x11, 0x49, 0x00, 0x86, 0x08, 0xe8, 0x11, 0x09, 0x08, 0xe8, 0x08, 0xc8, 0x00, 0x66, 0x21, 0xab,
    0x42, 0x6e, 0x00, 0x87, 0x00, 0x86, 0x10, 0xe8, 0x08, 0xa7, 0x08, 0xa7, 0x08, 0x86, 0x08, 0x86,
    0x08, 0x86, 0x08, 0x86, 0x08, 0xa7, 0x08, 0x86, 0x08, 0x86, 0x08, 0x86, 0x08, 0x85, 0x08, 0x85,
    0x08, 0x85, 0x00, 0x85, 0x00, 0x85, 0x00, 0xa6, 0x00, 0xc7, 0x00, 0xe8, 0x11, 0xcd, 0x09, 0xcd,
    0x01, 0xad, 0x09, 0xad, 0x09, 0xce, 0x01, 0xae, 0x01, 0xae, 0x01, 0xae, 0x01, 0xcf, 0x01, 0xcf,
    0x01, 0xaf, 0x01, 0xaf, 0x01, 0xaf, 0x01, 0xaf, 0x09, 0xaf, 0x01, 0xaf, 0x01, 0xaf, 0x01, 0xae,
    0x01, 0xcf, 0x01, 0xef, 0x01, 0xce, 0x01, 0x8d, 0x01, 0xad, 0x11, 0xed, 0x11, 0xcc, 0x01, 0x29,
    0x00, 0x86, 0x00, 0x86, 0x08, 0x86, 0x08, 0x85, 0x08, 0x65, 0x08, 0x65, 0x00, 0x44, 0x19, 0x07,
    0x08, 0x85, 0x08, 0x85, 0x08, 0x85, 0x08, 0x85, 0x08, 0x85, 0x08, 0x85, 0x08, 0x85, 0x08, 0x85,
    0x08, 0x85, 0x08, 0x85, 0x08, 0x85, 0x08, 0x85, 0x08, 0x85, 0x08, 0x85, 0x08, 0x85, 0x08, 0x85,
    0x08, 0x85, 0x08, 0x85, 0x08, 0x85, 0x08, 0x85, 0x08, 0x85, 0x08, 0x85, 0x08, 0x85, 0x08, 0x85,
    0x08, 0x85, 0x08, 0x85, 0x08, 0x85, 0x08, 0x85, 0x08, 0x85, 0x08, 0x85, 0x08, 0x85, 0x08, 0x85,
    0x08, 0x85, 0x08, 0x85, 0x08, 0x85, 0x08, 0x85, 0x08, 0x85, 0x08, 0x85, 0x08, 0x85, 0x08, 0x85,
    0x08, 0x85, 0x08, 0x85, 0x08, 0x85, 0x08, 0x85, 0x08, 0x85, 0x08, 0x85, 0x08, 0x85, 0x08, 0x85,
    0x08, 0x85, 0x08, 0x85, 0x08, 0x85, 0x08, 0x85, 0x08, 0x85, 0x08, 0x85, 0x08, 0x85, 0x08, 0x85,
    0x08, 0x85, 0x08, 0x85, 0x08, 0x85, 0x08, 0x85, 0x08, 0x85, 0x08, 0x85, 0x08, 0x86, 0x08, 0x86,
    0x08, 0x86, 0x08, 0x86, 0x08, 0x86, 0x08, 0x86, 0x08, 0x86, 0x08, 0x86, 0x08, 0x86, 0x08, 0x86,
    0x08, 0x86, 0x08, 0x86, 0x08, 0x86, 0x08, 0x86, 0x08, 0x86, 0x08, 0x86, 0x08, 0x86, 0x08, 0x86,
    0x08, 0x86, 0x08, 0x86, 0x08, 0x86, 0x08, 0x86, 0x08, 0x86, 0x08, 0x86, 0x08, 0x86, 0x08, 0x86,
    0x08, 0x86, 0x08, 0x86, 0x08, 0x86, 0x08, 0x86, 0x08, 0x86, 0x08, 0x86, 0x08, 0x86, 0x08, 0x86,
    0x08, 0x86, 0x08, 0x86, 0x08, 0x86, 0x08, 0x86, 0x08, 0x86, 0x08, 0x86, 0x08, 0x86, 0x08, 0x86,
    0x08, 0x86, 0x08, 0x86, 0x08, 0x86, 0x08, 0x86, 0x08, 0x86, 0x08, 0x86, 0x08, 0x86, 0x08, 0x86,
    0x08, 0x86, 0x08, 0x86, 0x08, 0x86, 0x08, 0x86, 0x08, 0x86, 0x08, 0x86, 0x08, 0x86, 0x08, 0x86,
    0x08, 0x86, 0x08, 0x86, 0x08, 0x86, 0x08, 0x86, 0x08, 0x86, 0x08, 0x86, 0x08, 0xa6, 0x08, 0xa6,
    0x08, 0xa6, 0x08, 0xa6, 0x08, 0xa6, 0x08, 0xa6, 0x08, 0xa6, 0x08, 0xa6, 0x08, 0x86, 0x08, 0x86,
    0x08, 0x86, 0x08, 0x86, 0x08, 0x86, 0x08, 0x86, 0x08, 0x86, 0x08, 0x86, 0x08, 0x86, 0x08, 0x86,
    0x08, 0x86, 0x08, 0x86, 0x08, 0x86, 0x08, 0x86, 0x08, 0xa6, 0x08, 0xa6, 0x08, 0x86, 0x08, 0x86,
    0x08, 0xa6, 0x08, 0xa6, 0x08, 0xa6, 0x08, 0xa6, 0x08, 0xa6, 0x08, 0xa6, 0x08, 0xc7, 0x08, 0xc7,
    0x08, 0xc7, 0x08, 0xc7, 0x08, 0xc7, 0x08, 0xe7, 0x08, 0xe7, 0x08, 0xe7, 0x09, 0x08, 0x09, 0x08,
    0x09, 0x08, 0x09, 0x28, 0x09, 0x29, 0x09, 0x49, 0x09, 0x49, 0x09, 0x49, 0x09, 0x6a, 0x09, 0x6a,
    0x09, 0x6a, 0x09, 0x8b, 0x09, 0x8b, 0x09, 0xab, 0x09, 0xab, 0x09, 0xab, 0x12, 0x0d, 0x09, 0xab,
    0x09, 0x8b, 0x11, 0xec, 0x11, 0xcc, 0x09, 0x8b, 0x11, 0xac, 0x22, 0x2e, 0x09, 0xac, 0x09, 0xac,
    0x09, 0xab, 0x09, 0xab, 0x09, 0xab, 0x09, 0xaa, 0x09, 0x8a, 0x09, 0x89, 0x09, 0x48, 0x09, 0x48,
    0x09, 0x69, 0x09, 0x69, 0x11, 0x49, 0x09, 0x4a, 0x09, 0x29, 0x09, 0x09, 0x09, 0x29, 0x09, 0x29,
    0x09, 0x29, 0x09, 0x29, 0x09, 0x29, 0x09, 0x29, 0x09, 0x29, 0x09, 0x29, 0x09, 0x29, 0x09, 0x29,
    0x09, 0x29, 0x09, 0x49, 0x09, 0x49, 0x09, 0x49, 0x09, 0x49, 0x09, 0x49, 0x09, 0x49, 0x09, 0x69,
    0x09, 0x69, 0x09, 0x6a, 0x09, 0x6a, 0x09, 0x6a, 0x09, 0x6a, 0x09, 0x8a, 0x09, 0x6a, 0x09, 0x6a,
    0x09, 0x8a, 0x09, 0x8a, 0x09, 0x8a, 0x09, 0x8b, 0x09, 0x6a, 0x09, 0x8a, 0x09, 0x6a, 0x09, 0x8a,
    0x09, 0x6a, 0x09, 0x6a, 0x09, 0x6a, 0x09, 0x69, 0x09, 0x49, 0x09, 0x49, 0x09, 0x49, 0x09, 0x49,
    0x09, 0x49, 0x09, 0x28, 0x09, 0x28, 0x09, 0x28, 0x09, 0x08, 0x09, 0x08, 0x09, 0x08, 0x00, 0xa6,
    0x09, 0x08, 0x08, 0xe7, 0x00, 0xa7, 0x11, 0x29, 0x00, 0xc8, 0x00, 0x87, 0x11, 0x29, 0x42, 0x8f,
    0x19, 0x29, 0x00, 0x66, 0x10, 0xe8, 0x00, 0xa6, 0x00, 0x66, 0x10, 0xc7, 0x08, 0x86, 0x08, 0x86,
    0x08, 0x86, 0x08, 0x86, 0x08, 0xa7, 0x08, 0x86, 0x08, 0x86, 0x08, 0x86, 0x08, 0x85, 0x08, 0x85,
    0x08, 0x84, 0x08, 0x84, 0x00, 0x65, 0x00, 0x85, 0x00, 0x86, 0x00, 0xa7, 0x09, 0x8b, 0x09, 0xac,
    0x09, 0xad, 0x09, 0xcd, 0x09, 0xcd, 0x09, 0xce, 0x09, 0xce, 0x01, 0xcf, 0x01, 0xce, 0x01, 0xcf,
    0x01, 0xaf, 0x01, 0xaf, 0x01, 0xaf, 0x01, 0xaf, 0x09, 0xaf, 0x01, 0xaf, 0x01, 0xcf, 0x01, 0xcf,
    0x01, 0xcf, 0x01, 0xcf, 0x01, 0xce, 0x01, 0xad, 0x09, 0xad, 0x11, 0xcd, 0x09, 0x6b, 0x00, 0xe8,
    0x00, 0x86, 0x00, 0x85, 0x08, 0x86, 0x08, 0x85, 0x08, 0x65, 0x08, 0x65, 0x08, 0x44, 0x19, 0x07,
    0x08, 0x85, 0x08, 0x85, 0x08, 0x85, 0x08, 0x85, 0x08, 0x85, 0x08, 0x85, 0x08, 0x85, 0x08, 0x85,
    0x08, 0x85, 0x08, 0x85, 0x08, 0x85, 0x08, 0x85, 0x08, 0x85, 0x08, 0x85, 0x08, 0x85, 0x08, 0x85,
    0x08, 0x85, 0x08, 0x85, 0x08, 0x85, 0x08, 0x85, 0x08, 0x85, 0x08, 0x85, 0x08, 0x85, 0x08, 0x85,
    0x08, 0x85, 0x08, 0x85, 0x08, 0x85, 0x08, 0x85, 0x08, 0x85, 0x08, 0x85, 0x08, 0x85, 0x08, 0x85,
    0x08, 0x85, 0x08, 0x85, 0x08, 0x85, 0x08, 0x85, 0x08, 0x85, 0x08, 0x85, 0x08, 0x85, 0x08, 0x85,
    0x08, 0x85, 0x08, 0x85, 0x08, 0x85, 0x08, 0x85, 0x08, 0x85, 0x08, 0x85, 0x08, 0x85, 0x08, 0x85,
    0x08, 0x85, 0x08, 0x85, 0x08, 0x85, 0x08, 0x85, 0x08, 0x85, 0x08, 0x85, 0x08, 0x86, 0x08, 0x86,
    0x08, 0x86, 0x08, 0x86, 0x08, 0x86, 0x08, 0x86, 0x08, 0x86, 0x08, 0x86, 0x08, 0x86, 0x08, 0x86,
    0x08, 0x86, 0x08, 0x86, 0x08, 0x86, 0x08, 0x86, 0x08, 0x86, 0x08, 0x86, 0x08, 0x86, 0x08, 0x86,
    0x08, 0x86, 0x08, 0x86, 0x08, 0x86, 0x08, 0x86, 0x08, 0x86, 0x08, 0x86, 0x08, 0x86, 0x08, 0x86,
    0x08, 0x86, 0x08, 0x86, 0x08, 0x86, 0x08, 0x86, 0x08, 0x86, 0x08, 0x86, 0x08, 0x86, 0x08, 0x86,
    0x08, 0x86, 0x08, 0x86, 0x08, 0x86, 0x08, 0x86, 0x08, 0x86, 0x08, 0x86, 0x08, 0x86, 0x08, 0x86,
    0x08, 0x86, 0x08, 0x86, 0x08, 0x86, 0x08, 0x86, 0x08, 0x86, 0x08, 0x86, 0x08, 0x86, 0x08, 0x86,
    0x08, 0x86, 0x08, 0x86, 0x08, 0x86, 0x08, 0x86, 0x08, 0x86, 0x08, 0x86, 0x08, 0x86, 0x08, 0x86,
    0x08, 0x86, 0x08, 0x86, 0x08, 0x86, 0x08, 0x86, 0x08, 0x86, 0x08, 0x86, 0x08, 0x86, 0x08, 0x86,
    0x08, 0x86, 0x08, 0x86, 0x08, 0x86, 0x08, 0x86, 0x08, 0x86, 0x08, 0x86, 0x08, 0x86, 0x08, 0x86,
    0x08, 0x86, 0x08, 0x86, 0x08, 0x86, 0x08, 0x86, 0x08, 0x86, 0x08, 0x86, 0x08, 0x86, 0x08, 0x86,
    0x08, 0x86, 0x08, 0x86, 0x08, 0x86, 0x08, 0x86, 0x08, 0x86, 0x08, 0x86, 0x08, 0x86, 0x08, 0x86,
    0x08, 0x86, 0x08, 0x86, 0x08, 0x86, 0x08, 0x86, 0x08, 0xa6, 0x08, 0xa6, 0x08, 0x86, 0x08, 0xa6,
    0x08, 0xa6, 0x08, 0xa6, 0x08, 0xa6, 0x08, 0xa6, 0x08, 0xa6, 0x08, 0xa6, 0x08, 0xc7, 0x08, 0xc7,
    0x08, 0xc7, 0x08, 0xc7, 0x08, 0xc7, 0x08, 0xe7, 0x08, 0xe7, 0x08, 0xe7, 0x09, 0x08, 0x09, 0x08,
    0x09, 0x08, 0x09, 0x29, 0x09, 0x29, 0x09, 0x49, 0x09, 0x49, 0x09, 0x4a, 0x09, 0x6a, 0x09, 0x6a,
    0x01, 0x8b, 0x09, 0x8b, 0x09, 0xab, 0x09, 0xcb, 0x09, 0xcc, 0x09, 0xcc, 0x01, 0xab, 0x01, 0x6a,
    0x1a, 0x2d, 0x09, 0xcc, 0x09, 0xcc, 0x1a, 0x2d, 0x01, 0x8b, 0x09, 0xcc, 0x09, 0xcd, 0x09, 0xcd,
    0x09, 0xac, 0x09, 0xab, 0x09, 0xaa, 0x09, 0xaa, 0x11, 0xa9, 0x09, 0x89, 0x11, 0x88, 0x11, 0x68,
    0x11, 0x69, 0x11, 0x69, 0x11, 0x4a, 0x11, 0x2a, 0x09, 0x2a, 0x09, 0x2a, 0x09, 0x29, 0x09, 0x49,
    0x09, 0x29, 0x09, 0x29, 0x09, 0x29, 0x09, 0x29, 0x09, 0x29, 0x09, 0x49, 0x09, 0x29, 0x09, 0x49,
    0x09, 0x49, 0x09, 0x49, 0x09, 0x49, 0x09, 0x49, 0x09, 0x49, 0x09, 0x49, 0x09, 0x6a, 0x09, 0x6a,
    0x09, 0x6a, 0x09, 0x6a, 0x09, 0x8a, 0x09, 0x8a, 0x09, 0x8a, 0x09, 0x8a, 0x09, 0x8b, 0x09, 0x8b,
    0x09, 0x8b, 0x09, 0x8b, 0x09, 0x8b, 0x09, 0x8b, 0x09, 0x8b, 0x09, 0x8b, 0x09, 0x8b, 0x09, 0x8a,
    0x09, 0x8a, 0x09, 0x6a, 0x09, 0x6a, 0x09, 0x6a, 0x09, 0x6a, 0x09, 0x69, 0x09, 0x49, 0x09, 0x49,
    0x09, 0x49, 0x09, 0x49, 0x09, 0x28, 0x09, 0x28, 0x09, 0x28, 0x09, 0x28, 0x09, 0x28, 0x00, 0xe7,
    0x00, 0xe8, 0x11, 0x49, 0x00, 0xa7, 0x11, 0x29, 0x00, 0xa8, 0x00, 0xa8, 0x3a, 0x6f, 0x3a, 0x6e,
    0x00, 0x66, 0x08, 0xa7, 0x10, 0xe8, 0x08, 0xa7, 0x00, 0x45, 0x10, 0xe7, 0x08, 0x86, 0x08, 0x86,
    0x08, 0x86, 0x08, 0x86, 0x08, 0xa7, 0x08, 0x86, 0x08, 0x86, 0x08, 0x86, 0x08, 0x85, 0x08, 0x85,
    0x08, 0x85, 0x08, 0x85, 0x00, 0x65, 0x00, 0x65, 0x00, 0x86, 0x00, 0x86, 0x01, 0x29, 0x09, 0x8b,
    0x11, 0xcd, 0x11, 0xcd, 0x09, 0xad, 0x09, 0xce, 0x09, 0xce, 0x09, 0xce, 0x01, 0xce, 0x01, 0xce,
    0x01, 0xaf, 0x01, 0xaf, 0x01, 0xaf, 0x01, 0xae, 0x09, 0xae, 0x01, 0xae, 0x01, 0xcf, 0x01, 0xef,
    0x01, 0xce, 0x01, 0xae, 0x01, 0xae, 0x09, 0xce, 0x09, 0xad, 0x09, 0xac, 0x00, 0xe8, 0x00, 0xa6,
    0x00, 0x65, 0x00, 0x85, 0x08, 0xa6, 0x08, 0x85, 0x08, 0x65, 0x08, 0x65, 0x08, 0x44, 0x19, 0x07,
    0x08, 0x85, 0x08, 0x85, 0x08, 0x85, 0x08, 0x85, 0x08, 0x85, 0x08, 0x85, 0x08, 0x85, 0x08, 0x85,
    0x08, 0x85, 0x08, 0x85, 0x08, 0x85, 0x08, 0x85, 0x08, 0x85, 0x08, 0x85, 0x08, 0x85, 0x08, 0x85,
    0x08, 0x85, 0x08, 0x85, 0x08, 0x85, 0x08, 0x85, 0x08, 0x85, 0x08, 0x85, 0x08, 0x85, 0x08, 0x85,
    0x08, 0x85, 0x08, 0x85, 0x08, 0x85, 0x08, 0x85, 0x08, 0x85, 0x08, 0x85, 0x08, 0x85, 0x08, 0x85,
    0x08, 0x85, 0x08, 0x85, 0x08, 0x85, 0x08, 0x85, 0x08, 0x85, 0x08, 0x85, 0x08, 0x85, 0x08, 0x85,
    0x08, 0x85, 0x08, 0x85, 0x08, 0x85, 0x08, 0x85, 0x08, 0x85, 0x08, 0x85, 0x08, 0x85, 0x08, 0x85,
    0x08, 0x85, 0x08, 0x85, 0x08, 0x85, 0x08, 0x85, 0x08, 0x85, 0x08, 0x85, 0x08, 0x86, 0x08, 0x86,
    0x08, 0x86, 0x08, 0x86, 0x08, 0x86, 0x08, 0x86, 0x08, 0x86, 0x08, 0x86, 0x08, 0x86, 0x08, 0x86,
    0x08, 0x86, 0x08, 0x86, 0x08, 0x86, 0x08, 0x86, 0x08, 0x86, 0x08, 0x86, 0x08, 0x86, 0x08, 0x86,
    0x08, 0x86, 0x08, 0x86, 0x08, 0x86, 0x08, 0x86, 0x08, 0x86, 0x08, 0x86, 0x08, 0x86, 0x08, 0x86,
    0x08, 0x86, 0x08, 0x86, 0x08, 0x86, 0x08, 0x86, 0x08, 0x86, 0x08, 0x86, 0x08, 0x86, 0x08, 0x86,
    0x08, 0x86, 0x08, 0x86, 0x08, 0x86, 0x08, 0x86, 0x08, 0x86, 0x08, 0x86, 0x08, 0x86, 0x08, 0x86,
    0x08, 0x86, 0x08, 0x86, 0x08, 0x86, 0x08, 0x86, 0x08, 0x86, 0x08, 0x86, 0x08, 0x86, 0x08, 0x86,
    0x08, 0x86, 0x08, 0x86, 0x08, 0x86, 0x08, 0x86, 0x08, 0x86, 0x08, 0x86, 0x08, 0x86, 0x08, 0x86,
    0x08, 0x86, 0x08, 0x86, 0x08, 0x86, 0x08, 0x86, 0x08, 0x86, 0x08, 0x86, 0x08, 0x86, 0x08, 0x86,
    0x08, 0x86, 0x08, 0x86, 0x08, 0x86, 0x08, 0x86, 0x08, 0x86, 0x08, 0x86, 0x08, 0x86, 0x08, 0x86,
    0x08, 0x86, 0x08, 0x86, 0x08, 0x86, 0x08, 0x86, 0x08, 0x86, 0x08, 0x86, 0x08, 0x86, 0x08, 0x86,
    0x08, 0x86, 0x08, 0x86, 0x08, 0x86, 0x08, 0x86, 0x08, 0x86, 0x08, 0x86, 0x08, 0x86, 0x08, 0x86,
    0x08, 0x86, 0x08, 0x86, 0x08, 0x86, 0x08, 0x86, 0x08, 0xa6, 0x08, 0xa6, 0x08, 0xa6, 0x08, 0xa6,
    0x08, 0xa6, 0x08, 0xa6, 0x08, 0xa6, 0x08, 0xa6, 0x08, 0xa6, 0x08, 0xa6, 0x08, 0xc7, 0x08, 0xc7,
    0x08, 0xc7, 0x08, 0xc7, 0x08, 0xe7, 0x08, 0xe7, 0x08, 0xe7, 0x09, 0x08, 0x09, 0x08, 0x09, 0x08,
    0x09, 0x28, 0x09, 0x29, 0x09, 0x49, 0x09, 0x49, 0x09, 0x49, 0x09, 0x4a, 0x09, 0x6a, 0x01, 0x8b,
    0x01, 0x8b, 0x09, 0xab, 0x09, 0xcb, 0x09, 0xcc, 0x09, 0xec, 0x09, 0xec, 0x01, 0x8b, 0x12, 0x6e,
    0x01, 0xcc, 0x12, 0x4e, 0x12, 0x4e, 0x01, 0xab, 0x12, 0x4e, 0x01, 0x8b, 0x12, 0x0e, 0x12, 0x0d,
    0x11, 0xec, 0x09, 0xcb, 0x11, 0xcb, 0x11, 0xaa, 0x11, 0x89, 0x11, 0x89, 0x11, 0x89, 0x11, 0x89,
    0x11, 0x69, 0x11, 0x69, 0x11, 0x4a, 0x09, 0x4a, 0x09, 0x2a, 0x09, 0x2a, 0x09, 0x4a, 0x09, 0x49,
    0x09, 0x49, 0x09, 0x29, 0x09, 0x29, 0x09, 0x49, 0x09, 0x49, 0x09, 0x49, 0x09, 0x49, 0x09, 0x49,
    0x09, 0x49, 0x09, 0x49, 0x09, 0x49, 0x09, 0x69, 0x09, 0x69, 0x09, 0x69, 0x09, 0x6a, 0x09, 0x6a,
    0x09, 0x6a, 0x09, 0x8a, 0x09, 0x8a, 0x09, 0x8b, 0x09, 0x8b, 0x09, 0xab, 0x09, 0x8b, 0x09, 0x8b,
    0x09, 0x8b, 0x09, 0x8b, 0x09, 0x8b, 0x09, 0x8b, 0x09, 0x8b, 0x09, 0x8b, 0x09, 0x8b, 0x09, 0x8b,
    0x09, 0x8b, 0x09, 0x8a, 0x09, 0x8a, 0x09, 0x6a, 0x09, 0x6a, 0x09, 0x6a, 0x09, 0x69, 0x09, 0x69,
    0x09, 0x49, 0x09, 0x49, 0x09, 0x49, 0x09, 0x28, 0x09, 0x28, 0x09, 0x28, 0x09, 0x28, 0x09, 0x28,
    0x00, 0xe8, 0x09, 0x29, 0x08, 0xe8, 0x00, 0xc8, 0x00, 0xc8, 0x21, 0xac, 0x4a, 0xf1, 0x08, 0xe9,
    0x00, 0xa7, 0x11, 0x08, 0x00, 0x86, 0x08, 0xe7, 0x00, 0x86, 0x10, 0xc7, 0x08, 0x86, 0x08, 0x86,
    0x08, 0x86, 0x08, 0xa6, 0x08, 0xa6, 0x08, 0x86, 0x08, 0x86, 0x08, 0x86, 0x08, 0x85, 0x08, 0x85,
    0x10, 0x85, 0x08, 0x85, 0x08, 0x85, 0x00, 0x85, 0x00, 0x86, 0x00, 0xa6, 0x00, 0xa7, 0x09, 0x4a,
    0x11, 0xac, 0x11, 0xac, 0x09, 0x8c, 0x09, 0xad, 0x09, 0xce, 0x01, 0xae, 0x01, 0xae, 0x01, 0xce,
    0x01, 0xce, 0x01, 0xce, 0x01, 0xae, 0x09, 0xae, 0x09, 0xae, 0x09, 0xae, 0x01, 0xce, 0x01, 0xce,
    0x01, 0xce, 0x01, 0x8e, 0x09, 0xae, 0x11, 0xce, 0x11, 0xad, 0x09, 0x4b, 0x00, 0xa7, 0x00, 0x86,
    0x00, 0x85, 0x08, 0xa5, 0x08, 0x85, 0x08, 0x65, 0x08, 0x65, 0x08, 0x66, 0x08, 0x44, 0x19, 0x07,
    0x08, 0x85, 0x08, 0x85, 0x08, 0x85, 0x08, 0x85, 0x08, 0x85, 0x08, 0x85, 0x08, 0x85, 0x08, 0x85,
    0x08, 0x85, 0x08, 0x85, 0x08, 0x85, 0x08, 0x85, 0x08, 0x85, 0x08, 0x85, 0x08, 0x85, 0x08, 0x85,
    0x08, 0x85, 0x08, 0x85, 0x08, 0x85, 0x08, 0x85, 0x08, 0x85, 0x08, 0x85, 0x08, 0x85, 0x08, 0x85,
    0x08, 0x85, 0x08, 0x85, 0x08, 0x85, 0x08, 0x85, 0x08, 0x85, 0x08, 0x85, 0x08, 0x85, 0x08, 0x85,
    0x08, 0x85, 0x08, 0x85, 0x08, 0x85, 0x08, 0x85, 0x08, 0x85, 0x08, 0x85, 0x08, 0x85, 0x08, 0x85,
    0x08, 0x85, 0x08, 0x85, 0x08, 0x85, 0x08, 0x85, 0x08, 0x85, 0x08, 0x85, 0x08, 0x85, 0x08, 0x85,
    0x08, 0x85, 0x08, 0x85, 0x08, 0x85, 0x08, 0x85, 0x08, 0x85, 0x08, 0x85, 0x08, 0x86, 0x08, 0x86,
    0x08, 0x86, 0x08, 0x86, 0x08, 0x86, 0x08, 0x86, 0x08, 0x86, 0x08, 0x86, 0x08, 0x86, 0x08, 0x86,
    0x08, 0x86, 0x08, 0x86, 0x08, 0x86, 0x08, 0x86, 0x08, 0x86, 0x08, 0x86, 0x08, 0x86, 0x08, 0x86,
    0x08, 0x86, 0x08, 0x86, 0x08, 0x86, 0x08, 0x86, 0x08, 0x86, 0x08, 0x86, 0x08, 0x86, 0x08, 0x86,
    0x08, 0x86, 0x08, 0x86, 0x08, 0x86, 0x08, 0x86, 0x08, 0x86, 0x08, 0x86, 0x08, 0x86, 0x08, 0x86,
    0x08, 0x86, 0x08, 0x86, 0x08, 0x86, 0x08, 0x86, 0x08, 0x86, 0x08, 0x86, 0x08, 0x86, 0x08, 0x86,
    0x08, 0x86, 0x08, 0x86, 0x08, 0x86, 0x08, 0x86, 0x08, 0x86, 0x08, 0x86, 0x08, 0x86, 0x08, 0x86,
    0x08, 0x86, 0x08, 0x86, 0x08, 0x86, 0x08, 0x86, 0x08, 0x86, 0x08, 0x86, 0x08, 0x86, 0x08, 0x86,
    0x08, 0x86, 0x08, 0x86, 0x08, 0x86, 0x08, 0x86, 0x08, 0x86, 0x08, 0x86, 0x08, 0x86, 0x08, 0x86,
    0x08, 0x86, 0x08, 0x86, 0x08, 0x86, 0x08, 0x86, 0x08, 0x86, 0x08, 0x86, 0x08, 0x86, 0x08, 0x86,
    0x08, 0x86, 0x08, 0x86, 0x08, 0x86, 0x08, 0x86, 0x08, 0x86, 0x08, 0x86, 0x08, 0x86, 0x08, 0x86,
    0x08, 0x86, 0x08, 0x86, 0x08, 0x86, 0x08, 0x86, 0x08, 0x86, 0x08, 0x86, 0x08, 0x86, 0x08, 0x86,
    0x08, 0x86, 0x08, 0x86, 0x08, 0x86, 0x08, 0x86, 0x08, 0xa6, 0x08, 0xa6, 0x08, 0xa6, 0x08, 0xa6,
    0x08, 0xa6, 0x08, 0xa6, 0x08, 0xa6, 0x08, 0xa6, 0x08, 0xc7, 0x08, 0xc7, 0x08, 0xc7, 0x08, 0xc7,
    0x08, 0xc7, 0x08, 0xe7, 0x08, 0xe7, 0x08, 0xe7, 0x08, 0xe8, 0x09, 0x08, 0x09, 0x08, 0x09, 0x08,
    0x09, 0x29, 0x09, 0x29, 0x09, 0x49, 0x09, 0x4a, 0x09, 0x4a, 0x09, 0x6a, 0x09, 0x6b, 0x09, 0x8b,
    0x09, 0xab, 0x09, 0xcc, 0x09, 0xcc, 0x09, 0xec, 0x0a, 0x0c, 0x02, 0x0d, 0x0a, 0x6e, 0x12, 0x8f,
    0x12, 0x8e, 0x01, 0x8a, 0x01, 0x8a, 0x0a, 0x8e, 0x0a, 0x8f, 0x0a, 0x6e, 0x0a, 0x2d, 0x0a, 0x0d,
    0x09, 0xec, 0x09, 0xec, 0x09, 0xcb, 0x11, 0xab, 0x11, 0x8a, 0x11, 0x8a, 0x11, 0x89, 0x11, 0x69,
    0x11, 0x69, 0x11, 0x49, 0x11, 0x49, 0x09, 0x4a, 0x09, 0x4a, 0x09, 0x4a, 0x09, 0x4a, 0x09, 0x49,
    0x09, 0x49, 0x09, 0x49, 0x09, 0x49, 0x09, 0x49, 0x09, 0x49, 0x09, 0x49, 0x09, 0x49, 0x09, 0x49,
    0x09, 0x49, 0x09, 0x69, 0x09, 0x69, 0x09, 0x6a, 0x09, 0x6a, 0x09, 0x6a, 0x09, 0x6a, 0x09, 0x6a,
    0x09, 0x8a, 0x09, 0x8b, 0x09, 0x8b, 0x09, 0xab, 0x09, 0xab, 0x09, 0xab, 0x09, 0xab, 0x09, 0xab,
    0x09, 0xab, 0x09, 0xab, 0x09, 0xac, 0x09, 0xac, 0x09, 0xab, 0x09, 0xab, 0x09, 0xab, 0x09, 0xab,
    0x09, 0xab, 0x09, 0xab, 0x09, 0x8b, 0x09, 0x8a, 0x09, 0x8a, 0x09, 0x8a, 0x09, 0x6a, 0x09, 0x6a,
    0x09, 0x49, 0x09, 0x49, 0x09, 0x49, 0x09, 0x49, 0x09, 0x28, 0x09, 0x28, 0x01, 0x07, 0x09, 0x48,
    0x00, 0xe8, 0x00, 0xc7, 0x09, 0x29, 0x00, 0x66, 0x08, 0xe9, 0x42, 0xaf, 0x29, 0xed, 0x00, 0x26,
    0x08, 0xa8, 0x08, 0xc8, 0x00, 0x86, 0x00, 0xa6, 0x08, 0xa6, 0x08, 0x86, 0x08, 0xa5, 0x08, 0xa5,
    0x08, 0xa6, 0x08, 0xa6, 0x08, 0xa6, 0x08, 0x86, 0x08, 0x86, 0x08, 0x86, 0x08, 0x85, 0x10, 0x85,
    0x10, 0x85, 0x10, 0xa5, 0x08, 0xa5, 0x08, 0xa6, 0x00, 0xa6, 0x00, 0x86, 0x00, 0x86, 0x09, 0x09,
    0x11, 0x8b, 0x11, 0x8c, 0x09, 0x8c, 0x09, 0xad, 0x09, 0xad, 0x01, 0xad, 0x01, 0xae, 0x01, 0xae,
    0x01, 0xae, 0x01, 0xae, 0x09, 0xae, 0x09, 0xae, 0x09, 0xae, 0x09, 0xae, 0x01, 0xae, 0x01, 0xce,
    0x09, 0xce, 0x09, 0xae, 0x09, 0xae, 0x11, 0xae, 0x09, 0x6c, 0x01, 0x09, 0x00, 0x86, 0x00, 0x85,
    0x00, 0x85, 0x08, 0xa5, 0x08, 0x85, 0x08, 0x65, 0x08, 0x45, 0x08, 0x65, 0x08, 0x44, 0x19, 0x07,
    0x08, 0x85, 0x08, 0x85, 0x08, 0x85, 0x08, 0x85, 0x08, 0x85, 0x08, 0x85, 0x08, 0x85, 0x08, 0x85,
    0x08, 0x85, 0x08, 0x85, 0x08, 0x85, 0x08, 0x85, 0x08, 0x85, 0x08, 0x85, 0x08, 0x85, 0x08, 0x85,
    0x08, 0x85, 0x08, 0x85, 0x08, 0x85, 0x08, 0x85, 0x08, 0x85, 0x08, 0x85, 0x08, 0x85, 0x08, 0x85,
    0x08, 0x85, 0x08, 0x85, 0x08, 0x85, 0x08, 0x85, 0x08, 0x85, 0x08, 0x85, 0x08, 0x85, 0x08, 0x85,
    0x08, 0x85, 0x08, 0x85, 0x08, 0x85, 0x08, 0x85, 0x08, 0x85, 0x08, 0x85, 0x08, 0x85, 0x08, 0x85,
    0x08, 0x85, 0x08, 0x85, 0x08, 0x85, 0x08, 0x85, 0x08, 0x85, 0x08, 0x85, 0x08, 0x86, 0x08, 0x86,
    0x08, 0x86, 0x08, 0x86, 0x08, 0x86, 0x08, 0x86, 0x08, 0x86, 0x08, 0x86, 0x08, 0x86, 0x08, 0x86,
    0x08, 0x86, 0x08, 0x86, 0x08, 0x86, 0x08, 0x86, 0x08, 0x86, 0x08, 0x86, 0x08, 0x86, 0x08, 0x86,
    0x08, 0x86, 0x08, 0x86, 0x08, 0x86, 0x08, 0x86, 0x08, 0x86, 0x08, 0x86, 0x08, 0x86, 0x08, 0x86,
    0x08, 0x86, 0x08, 0x86, 0x08, 0x86, 0x08, 0x86, 0x08, 0x86, 0x08, 0x86, 0x08, 0x86, 0x08, 0x86,
    0x08, 0x86, 0x08, 0x86, 0x08, 0x86, 0x08, 0x86, 0x08, 0x86, 0x08, 0x86, 0x08, 0x86, 0x08, 0x86,
    0x08, 0x86, 0x08, 0x86, 0x08, 0x86, 0x08, 0x86, 0x08, 0x86, 0x08, 0x86, 0x08, 0x86, 0x08, 0x86,
    0x08, 0x86, 0x08, 0x86, 0x08, 0x86, 0x08, 0x86, 0x08, 0x86, 0x08, 0x86, 0x08, 0x86, 0x08, 0x86,
    0x08, 0x86, 0x08, 0x86, 0x08, 0x86, 0x08, 0x86, 0x08, 0x86, 0x08, 0x86, 0x08, 0x86, 0x08, 0x86,
    0x08, 0x86, 0x08, 0x86, 0x08, 0x86, 0x08, 0x86, 0x08, 0x86, 0x08, 0x86, 0x08, 0x86, 0x08, 0x86,
    0x08, 0x86, 0x08, 0x86, 0x08, 0x86, 0x08, 0x86, 0x08, 0x86, 0x08, 0x86, 0x08, 0x86, 0x08, 0x86,
    0x08, 0x86, 0x08, 0x86, 0x08, 0x86, 0x08, 0x86, 0x08, 0x86, 0x08, 0x86, 0x08, 0x86, 0x08, 0x86,
    0x08, 0x86, 0x08, 0x86, 0x08, 0x86, 0x08, 0x86, 0x08, 0x86, 0x08, 0x86, 0x08, 0x86, 0x08, 0x86,
    0x08, 0x86, 0x08, 0x86, 0x08, 0x86, 0x08, 0x86, 0x08, 0xa6, 0x08, 0xa6, 0x08, 0xa6, 0x08, 0xa6,
    0x08, 0xa6, 0x08, 0xa6, 0x08, 0xa6, 0x08, 0xc7, 0x08, 0xc7, 0x08, 0xc7, 0x08, 0xc7, 0x08, 0xc7,
    0x08, 0xc7, 0x08, 0xe7, 0x08, 0xe7, 0x08, 0xe7, 0x08, 0xe8, 0x09, 0x08, 0x09, 0x08, 0x09, 0x28,
    0x09, 0x29, 0x09, 0x49, 0x09, 0x49, 0x09, 0x4a, 0x09, 0x6a, 0x09, 0x6a, 0x09, 0x8b, 0x09, 0x8b,
    0x09, 0xab, 0x09, 0xcc, 0x09, 0xec, 0x02, 0x0c, 0x02, 0x2d, 0x02, 0x2d, 0x02, 0x4d, 0x01, 0xcb,
    0x2b, 0xd3, 0x4c, 0xf7, 0x4c, 0xf8, 0x2b, 0xf4, 0x02, 0x2c, 0x02, 0xae, 0x02, 0x2d, 0x0a, 0x0c,
    0x01, 0xec, 0x09, 0xcc, 0x09, 0xcc, 0x11, 0xab, 0x11, 0xab, 0x11, 0x8b, 0x11, 0x6a, 0x11, 0x6a,
    0x11, 0x4a, 0x11, 0x4a, 0x09, 0x4a, 0x09, 0x49, 0x09, 0x6a, 0x09, 0x6a, 0x09, 0x49, 0x09, 0x49,
    0x09, 0x49, 0x09, 0x49, 0x09, 0x49, 0x09, 0x49, 0x09, 0x49, 0x09, 0x49, 0x09, 0x49, 0x09, 0x69,
    0x09, 0x69, 0x09, 0x69, 0x09, 0x6a, 0x09, 0x6a, 0x09, 0x6a, 0x09, 0x6a, 0x09, 0x6a, 0x09, 0x8a,
    0x09, 0x8b, 0x09, 0x8b, 0x09, 0xab, 0x09, 0xab, 0x09, 0xab, 0x09, 0xab, 0x09, 0xab, 0x09, 0xcc,
    0x09, 0xcc, 0x09, 0xcc, 0x09, 0xcc, 0x09, 0xcc, 0x09, 0xcc, 0x09, 0xac, 0x09, 0xcb, 0x09, 0xcb,
    0x09, 0xab, 0x09, 0xab, 0x09, 0xab, 0x09, 0x8b, 0x09, 0x8a, 0x09, 0x8a, 0x09, 0x6a, 0x09, 0x6a,
    0x09, 0x6a, 0x09, 0x49, 0x09, 0x49, 0x09, 0x49, 0x09, 0x49, 0x09, 0x28, 0x01, 0x08, 0x09, 0x49,
    0x09, 0x08, 0x00, 0xa7, 0x11, 0x2a, 0x00, 0xa8, 0x21, 0xac, 0x42, 0xb0, 0x00, 0x87, 0x08, 0xe9,
    0x00, 0x87, 0x00, 0x87, 0x19, 0x29, 0x00, 0x45, 0x08, 0xc7, 0x08, 0xa6, 0x08, 0xa5, 0x08, 0xa5,
    0x08, 0xa6, 0x08, 0xa6, 0x08, 0xa6, 0x08, 0x86, 0x08, 0x86, 0x08, 0x86, 0x10, 0xa6, 0x10, 0x85,
    0x10, 0x85, 0x10, 0x85, 0x08, 0x85, 0x08, 0x85, 0x00, 0x85, 0x00, 0x65, 0x00, 0x86, 0x00, 0xc8,
    0x09, 0x2a, 0x11, 0x8b, 0x11, 0x8c, 0x11, 0xad, 0x09, 0xad, 0x09, 0xad, 0x09, 0xae, 0x01, 0xae,
    0x01, 0xae, 0x01, 0xce, 0x09, 0xae, 0x09, 0xae, 0x09, 0xae, 0x09, 0xce, 0x01, 0xad, 0x01, 0xce,
    0x09, 0xce, 0x09, 0xae, 0x11, 0xae, 0x09, 0x6d, 0x01, 0x0a, 0x00, 0xa8, 0x00, 0x86, 0x00, 0x85,
    0x08, 0xa5, 0x08, 0x85, 0x08, 0x65, 0x08, 0x65, 0x08, 0x45, 0x08, 0x66, 0x08, 0x44, 0x19, 0x07,
    0x08, 0x85, 0x08, 0x85, 0x08, 0x85, 0x08, 0x85, 0x08, 0x85, 0x08, 0x85, 0x08, 0x85, 0x08, 0x85,
    0x08, 0x85, 0x08, 0x85, 0x08, 0x85, 0x08, 0x85, 0x08, 0x85, 0x08, 0x85, 0x08, 0x85, 0x08, 0x85,
    0x08, 0x85, 0x08, 0x85, 0x08, 0x85, 0x08, 0x85, 0x08, 0x85, 0x08, 0x85, 0x08, 0x85, 0x08, 0x85,
    0x08, 0x85, 0x08, 0x85, 0x08, 0x85, 0x08, 0x85, 0x08, 0x85, 0x08, 0x85, 0x08, 0x85, 0x08, 0x85,
    0x08, 0x85, 0x08, 0x85, 0x08, 0x85, 0x08, 0x85, 0x08, 0x85, 0x08, 0x85, 0x08, 0x85, 0x08, 0x85,
    0x08, 0x85, 0x08, 0x85, 0x08, 0x85, 0x08, 0x85, 0x08, 0x85, 0x08, 0x85, 0x08, 0x86, 0x08, 0x86,
    0x08, 0x86, 0x08, 0x86, 0x08, 0x86, 0x08, 0x86, 0x08, 0x86, 0x08, 0x86, 0x08, 0x86, 0x08, 0x86,
    0x08, 0x86, 0x08, 0x86, 0x08, 0x86, 0x08, 0x86, 0x08, 0x86, 0x08, 0x86, 0x08, 0x86, 0x08, 0x86,
    0x08, 0x86, 0x08, 0x86, 0x08, 0x86, 0x08, 0x86, 0x08, 0x86, 0x08, 0x86, 0x08, 0x86, 0x08, 0x86,
    0x08, 0x86, 0x08, 0x86, 0x08, 0x86, 0x08, 0x86, 0x08, 0x86, 0x08, 0x86, 0x08, 0x86, 0x08, 0x86,
    0x08, 0x86, 0x08, 0x86, 0x08, 0x86, 0x08, 0x86, 0x08, 0x86, 0x08, 0x86, 0x08, 0x86, 0x08, 0x86,
    0x08, 0x86, 0x08, 0x86, 0x08, 0x86, 0x08, 0x86, 0x08, 0x86, 0x08, 0x86, 0x08, 0xa6, 0x08, 0xa6,
    0x08, 0xa6, 0x08, 0xa6, 0x08, 0xa6, 0x08, 0xa6, 0x08, 0xa6, 0x08, 0xa6, 0x08, 0x86, 0x08, 0x86,
    0x08, 0x86, 0x08, 0x86, 0x08, 0x86, 0x08, 0x86, 0x08, 0x86, 0x08, 0x86, 0x08, 0x86, 0x08, 0x86,
    0x08, 0x86, 0x08, 0x86, 0x08, 0x86, 0x08, 0x86, 0x08, 0x86, 0x08, 0x86, 0x08, 0x86, 0x08, 0x86,
    0x08, 0x86, 0x08, 0x86, 0x08, 0x86, 0x08, 0x86, 0x08, 0x86, 0x08, 0x86, 0x08, 0x86, 0x08, 0x86,
    0x08, 0x86, 0x08, 0x86, 0x08, 0x86, 0x08, 0x86, 0x08, 0x86, 0x08, 0x86, 0x08, 0x86, 0x08, 0x86,
    0x08, 0x86, 0x08, 0x86, 0x08, 0x86, 0x08, 0x86, 0x08, 0x86, 0x08, 0x86, 0x08, 0x86, 0x08, 0x86,
    0x08, 0x86, 0x08, 0x86, 0x08, 0x86, 0x08, 0x86, 0x08, 0xa6, 0x08, 0xa6, 0x08, 0xa6, 0x08, 0xa6,
    0x08, 0xa6, 0x08, 0xa6, 0x08, 0xa6, 0x08, 0xc7, 0x08, 0xc7, 0x08, 0xc7, 0x08, 0xc7, 0x08, 0xc7,
    0x08, 0xc7, 0x08, 0xe7, 0x08, 0xe7, 0x08, 0xe8, 0x08, 0xe8, 0x09, 0x08, 0x09, 0x08, 0x09, 0x29,
    0x09, 0x29, 0x09, 0x49, 0x09, 0x49, 0x09, 0x4a, 0x09, 0x6a, 0x09, 0x6a, 0x09, 0x8b, 0x09, 0x8b,
    0x09, 0xac, 0x09, 0xcc, 0x09, 0xed, 0x0a, 0x0d, 0x02, 0x2d, 0x02, 0x4d, 0x13, 0x30, 0x5d, 0xba,
    0x45, 0x18, 0x4d, 0x79, 0x4d, 0x79, 0x45, 0x58, 0x5e, 0x1b, 0x13, 0xb2, 0x02, 0x6d, 0x0a, 0x2c,
    0x0a, 0x0c, 0x09, 0xec, 0x09, 0xcc, 0x11, 0xac, 0x11, 0x8c, 0x11, 0x8c, 0x11, 0x6c, 0x11, 0x6b,
    0x11, 0x6b, 0x11, 0x6a, 0x09, 0x6a, 0x09, 0x69, 0x09, 0x69, 0x09, 0x69, 0x09, 0x69, 0x09, 0x49,
    0x09, 0x49, 0x09, 0x49, 0x09, 0x49, 0x09, 0x49, 0x09, 0x49, 0x09, 0x49, 0x09, 0x69, 0x09, 0x69,
    0x09, 0x6a, 0x09, 0x6a, 0x09, 0x6a, 0x09, 0x6a, 0x09, 0x8a, 0x09, 0x8a, 0x09, 0x8a, 0x09, 0x8b,
    0x09, 0x8b, 0x09, 0xab, 0x09, 0xab, 0x11, 0xac, 0x09, 0xcc, 0x11, 0xcc, 0x11, 0xcc, 0x11, 0xcc,
    0x11, 0xcc, 0x11, 0xcc, 0x11, 0xcc, 0x11, 0xcc, 0x09, 0xcc, 0x09, 0xcc, 0x09, 0xcc, 0x09, 0xcc,
    0x09, 0xcb, 0x09, 0xcb, 0x09, 0xab, 0x09, 0xab, 0x09, 0x8b, 0x09, 0x8b, 0x09, 0x6a, 0x09, 0x6a,
    0x09, 0x6a, 0x09, 0x6a, 0x09, 0x49, 0x09, 0x49, 0x09, 0x49, 0x09, 0x49, 0x09, 0x48, 0x09, 0x28,
    0x09, 0x29, 0x09, 0x29, 0x00, 0xe8, 0x19, 0xab, 0x42, 0xb0, 0x21, 0xac, 0x00, 0x67, 0x11, 0x2a,
    0x08, 0xa8, 0x08, 0xa7, 0x19, 0x29, 0x00, 0xa6, 0x08, 0xc7, 0x08, 0xc6, 0x08, 0xa5, 0x08, 0xa5,
    0x08, 0xa5, 0x08, 0xa6, 0x08, 0xa6, 0x08, 0xa6, 0x08, 0x86, 0x08, 0x86, 0x10, 0xa6, 0x10, 0x85,
    0x10, 0x85, 0x08, 0x85, 0x08, 0x85, 0x08, 0x85, 0x00, 0x85, 0x00, 0x65, 0x00, 0x86, 0x00, 0x86,
    0x00, 0xc8, 0x11, 0x4a, 0x19, 0xac, 0x11, 0xad, 0x09, 0xad, 0x09, 0xae, 0x09, 0xae, 0x09, 0xae,
    0x01, 0xce, 0x01, 0xce, 0x09, 0xae, 0x09, 0xae, 0x09, 0xae, 0x09, 0xae, 0x09, 0xcd, 0x09, 0xad,
    0x09, 0xae, 0x09, 0xae, 0x09, 0x8d, 0x01, 0x2c, 0x00, 0xc9, 0x00, 0x87, 0x00, 0xa6, 0x00, 0xa5,
    0x08, 0xa5, 0x08, 0x84, 0x08, 0x65, 0x08, 0x65, 0x08, 0x66, 0x08, 0x66, 0x08, 0x45, 0x19, 0x07,
    0x08, 0x85, 0x08, 0x85, 0x08, 0x85, 0x08, 0x85, 0x08, 0x85, 0x08, 0x85, 0x08, 0x85, 0x08, 0x85,
    0x08, 0x85, 0x08, 0x85, 0x08, 0x85, 0x08, 0x85, 0x08, 0x85, 0x08, 0x85, 0x08, 0x85, 0x08, 0x85,
    0x08, 0x85, 0x08, 0x85, 0x08, 0x85, 0x08, 0x85, 0x08, 0x85, 0x08, 0x85, 0x08, 0x85, 0x08, 0x85,
    0x08, 0x85, 0x08, 0x85, 0x08, 0x85, 0x08, 0x85, 0x08, 0x85, 0x08, 0x85, 0x08, 0x85, 0x08, 0x85,
    0x08, 0x85, 0x08, 0x85, 0x08, 0x85, 0x08, 0x85, 0x08, 0x85, 0x08, 0x85, 0x08, 0x85, 0x08, 0x85,
    0x08, 0x85, 0x08, 0x85, 0x08, 0x85, 0x08, 0x85, 0x08, 0x85, 0x08, 0x85, 0x08, 0x86, 0x08, 0x86,
    0x08, 0x86, 0x08, 0x86, 0x08, 0x86, 0x08, 0x86, 0x08, 0x86, 0x08, 0x86, 0x08, 0x86, 0x08, 0x86,
    0x08, 0x86, 0x08, 0x86, 0x08, 0x86, 0x08, 0x86, 0x08, 0x86, 0x08, 0x86, 0x08, 0x86, 0x08, 0x86,
    0x08, 0x86, 0x08, 0x86, 0x08, 0x86, 0x08, 0x86, 0x08, 0x86, 0x08, 0x86, 0x08, 0x86, 0x08, 0x86,
    0x08, 0x86, 0x08, 0x86, 0x08, 0x86, 0x08, 0x86, 0x08, 0x86, 0x08, 0x86, 0x08, 0x86, 0x08, 0x86,
    0x08, 0x86, 0x08, 0x86, 0x08, 0x86, 0x08, 0x86, 0x08, 0x86, 0x08, 0x86, 0x08, 0x86, 0x08, 0xa6,
    0x08, 0x86, 0x08, 0xa6, 0x08, 0x86, 0x08, 0xa6, 0x08, 0x86, 0x08, 0xa6, 0x08, 0xa6, 0x08, 0xa6,
    0x08, 0xa6, 0x08, 0xa6, 0x08, 0xa6, 0x08, 0xa6, 0x08, 0xa6, 0x08, 0xa6, 0x08, 0x86, 0x08, 0x86,
    0x08, 0x86, 0x08, 0x86, 0x08, 0x86, 0x08, 0x86, 0x08, 0x86, 0x08, 0x86, 0x08, 0x86, 0x08, 0x86,
    0x08, 0x86, 0x08, 0x86, 0x08, 0x86, 0x08, 0x86, 0x08, 0x86, 0x08, 0x86, 0x08, 0x86, 0x08, 0x86,
    0x08, 0x86, 0x08, 0x86, 0x08, 0x86, 0x08, 0x86, 0x08, 0x86, 0x08, 0x86, 0x08, 0x86, 0x08, 0x86,
    0x08, 0x86, 0x08, 0x86, 0x08, 0x86, 0x08, 0x86, 0x08, 0x86, 0x08, 0x86, 0x08, 0x86, 0x08, 0x86,
    0x08, 0x86, 0x08, 0x86, 0x08, 0x86, 0x08, 0x86, 0x08, 0x86, 0x08, 0x86, 0x08, 0x86, 0x08, 0x86,
    0x08, 0x86, 0x08, 0x86, 0x08, 0x86, 0x08, 0xa6, 0x08, 0xa6, 0x08, 0xa6, 0x08, 0xa6, 0x08, 0xa6,
    0x08, 0xa6, 0x08, 0xa6, 0x08, 0xa6, 0x08, 0xc7, 0x08, 0xc7, 0x08, 0xc7, 0x08, 0xc7, 0x08, 0xc7,
    0x08, 0xc7, 0x08, 0xe7, 0x08, 0xe7, 0x08, 0xe8, 0x08, 0xe8, 0x09, 0x08, 0x09, 0x29, 0x09, 0x29,
    0x09, 0x29, 0x09, 0x49, 0x09, 0x4a, 0x09, 0x4a, 0x09, 0x6a, 0x09, 0x6a, 0x09, 0x8b, 0x09, 0xab,
    0x09, 0xac, 0x09, 0xcc, 0x09, 0xec, 0x0a, 0x0d, 0x02, 0x4d, 0x02, 0x6d, 0x5d, 0xfb, 0x35, 0x17,
    0x3d, 0x99, 0x3d, 0x99, 0x3d, 0x99, 0x3d, 0xb9, 0x35, 0x58, 0x66, 0x5c, 0x02, 0xae, 0x0a, 0x6d,
    0x0a, 0x4d, 0x0a, 0x0d, 0x11, 0xed, 0x11, 0xad, 0x11, 0x8c, 0x11, 0x6c, 0x11, 0x6c, 0x11, 0x6c,
    0x11, 0x6b, 0x11, 0x6b, 0x11, 0x6a, 0x09, 0x6a, 0x09, 0x49, 0x09, 0x49, 0x11, 0x4a, 0x11, 0x49,
    0x09, 0x49, 0x09, 0x49, 0x09, 0x49, 0x09, 0x49, 0x09, 0x49, 0x09, 0x49, 0x09, 0x69, 0x09, 0x6a,
    0x09, 0x6a, 0x09, 0x6a, 0x09, 0x6a, 0x09, 0x6a, 0x09, 0x6a, 0x09, 0x6a, 0x09, 0x8b, 0x09, 0x8b,
    0x09, 0xab, 0x09, 0xab, 0x11, 0xcc, 0x11, 0xcc, 0x11, 0xcc, 0x11, 0xec, 0x11, 0xcc, 0x11, 0xcc,
    0x11, 0xec, 0x11, 0xec, 0x11, 0xec, 0x11, 0xec, 0x11, 0xcc, 0x11, 0xcc, 0x11, 0xcc, 0x11, 0xcc,
    0x11, 0xac, 0x09, 0xab, 0x09, 0xab, 0x09, 0xab, 0x09, 0xab, 0x11, 0x8b, 0x09, 0x6a, 0x09, 0x6a,
    0x09, 0x6a, 0x09, 0x6a, 0x09, 0x49, 0x09, 0x49, 0x09, 0x49, 0x09, 0x49, 0x09, 0x49, 0x00, 0xe8,
    0x01, 0x09, 0x11, 0x8a, 0x00, 0x66, 0x32, 0x4e, 0x53, 0x32, 0x00, 0x87, 0x08, 0xe9, 0x00, 0xa7,
    0x11, 0x09, 0x11, 0x08, 0x00, 0x65, 0x11, 0x28, 0x00, 0xa6, 0x08, 0xc6, 0x08, 0xa5, 0x08, 0xa5,
    0x08, 0xa5, 0x08, 0xa6, 0x08, 0xa6, 0x08, 0x86, 0x08, 0x86, 0x08, 0x86, 0x08, 0x86, 0x08, 0x85,
    0x08, 0x65, 0x08, 0x65, 0x08, 0x86, 0x08, 0xa6, 0x08, 0x86, 0x00, 0x86, 0x00, 0x86, 0x00, 0x46,
    0x00, 0x66, 0x11, 0x2a, 0x19, 0xac, 0x19, 0xac, 0x11, 0x8c, 0x11, 0xad, 0x11, 0xad, 0x09, 0xad,
    0x09, 0xad, 0x09, 0xad, 0x09, 0xad, 0x09, 0xad, 0x09, 0xad, 0x11, 0xad, 0x11, 0xcd, 0x09, 0xac,
    0x09, 0x8c, 0x11, 0x8d, 0x11, 0x6c, 0x00, 0xea, 0x00, 0x88, 0x00, 0x87, 0x08, 0xc7, 0x08, 0xa6,
    0x08, 0x85, 0x08, 0x64, 0x08, 0x65, 0x08, 0x66, 0x10, 0x66, 0x10, 0x86, 0x00, 0x45, 0x19, 0x07,
    0x08, 0x85, 0x08, 0x85, 0x08, 0x85, 0x08, 0x85, 0x08, 0x85, 0x08, 0x85, 0x08, 0x85, 0x08, 0x85,
    0x08, 0x85, 0x08, 0x85, 0x08, 0x85, 0x08, 0x85, 0x08, 0x85, 0x08, 0x85, 0x08, 0x85, 0x08, 0x85,
    0x08, 0x85, 0x08, 0x85, 0x08, 0x85, 0x08, 0x85, 0x08, 0x85, 0x08, 0x85, 0x08, 0x85, 0x08, 0x85,
    0x08, 0x85, 0x08, 0x85, 0x08, 0x85, 0x08, 0x85, 0x08, 0x85, 0x08, 0x85, 0x08, 0x86, 0x08, 0x86,
    0x08, 0x86, 0x08, 0x86, 0x08, 0x86, 0x08, 0x86, 0x08, 0x86, 0x08, 0x86, 0x08, 0x86, 0x08, 0x86,
    0x08, 0x86, 0x08, 0x86, 0x08, 0x86, 0x08, 0x86, 0x08, 0x86, 0x08, 0x85, 0x08, 0x86, 0x08, 0x85,
    0x08, 0x85, 0x08, 0x85, 0x08, 0x85, 0x08, 0x85, 0x08, 0x85, 0x08, 0x85, 0x08, 0x85, 0x08, 0x85,
    0x08, 0x85, 0x08, 0x85, 0x08, 0x85, 0x08, 0x85, 0x08, 0x85, 0x08, 0x86, 0x08, 0x86, 0x08, 0x86,
    0x08, 0x86, 0x08, 0x86, 0x08, 0x86, 0x08, 0x86, 0x08, 0x86, 0x08, 0x86, 0x08, 0x86, 0x08, 0x86,
    0x08, 0x86, 0x08, 0x86, 0x08, 0x86, 0x08, 0x86, 0x08, 0x86, 0x08, 0x86, 0x08, 0x86, 0x08, 0xa6,
    0x08, 0x86, 0x08, 0xa6, 0x08, 0x86, 0x08, 0xa6, 0x08, 0x86, 0x08, 0xa6, 0x08, 0x86, 0x08, 0xa6,
    0x08, 0x86, 0x08, 0xa6, 0x08, 0x86, 0x08, 0xa6, 0x08, 0x86, 0x08, 0xa6, 0x08, 0xa6, 0x08, 0xa6,
    0x08, 0xa6, 0x08, 0xa6, 0x08, 0xa6, 0x08, 0xa6, 0x08, 0xa6, 0x08, 0xa6, 0x08, 0x86, 0x08, 0x86,
    0x08, 0x86, 0x08, 0x86, 0x08, 0x86, 0x08, 0x86, 0x08, 0x86, 0x08, 0x86, 0x08, 0xa6, 0x08, 0xa6,
    0x08, 0xa6, 0x08, 0xa6, 0x08, 0xa6, 0x08, 0xa6, 0x08, 0xa6, 0x08, 0xa6, 0x08, 0x86, 0x08, 0x86,
    0x08, 0x86, 0x08, 0x86, 0x08, 0x86, 0x08, 0x86, 0x08, 0x86, 0x08, 0x86, 0x08, 0xa6, 0x08, 0xa6,
    0x08, 0xa6, 0x08, 0xa6, 0x08, 0xa6, 0x08, 0xa6, 0x08, 0xa6, 0x08, 0xa6, 0x08, 0xa6, 0x08, 0xa6,
    0x08, 0xa6, 0x08, 0xa6, 0x08, 0x85, 0x08, 0x85, 0x08, 0x86, 0x08, 0xa6, 0x08, 0xa6, 0x08, 0xa6,
    0x08, 0xa6, 0x08, 0xa6, 0x08, 0x86, 0x08, 0x86, 0x08, 0xa6, 0x08, 0xc7, 0x08, 0xa6, 0x08, 0xa6,
    0x08, 0xa6, 0x08, 0xa6, 0x08, 0xa6, 0x08, 0xc7, 0x08, 0xc7, 0x08, 0xc7, 0x08, 0xc7, 0x08, 0xc7,
    0x08, 0xe7, 0x08, 0xe7, 0x08, 0xe7, 0x08, 0xe8, 0x09, 0x08, 0x09, 0x08, 0x09, 0x28, 0x09, 0x28,
    0x09, 0x49, 0x09, 0x49, 0x09, 0x49, 0x09, 0x69, 0x09, 0x6a, 0x09, 0x8a, 0x11, 0xec, 0x01, 0x4a,
    0x11, 0xcc, 0x1a, 0x0d, 0x12, 0x0d, 0x0a, 0x0d, 0x02, 0x0c, 0x45, 0x38, 0x3d, 0xb9, 0x25, 0x98,
    0x57, 0x7f, 0x57, 0x9f, 0x57, 0x7f, 0x57, 0x7f, 0x25, 0x98, 0x45, 0xd9, 0x65, 0xda, 0x01, 0xaa,
    0x0a, 0x4d, 0x1a, 0x6e, 0x1a, 0x0d, 0x22, 0x2e, 0x19, 0xad, 0x11, 0x6c, 0x19, 0x8c, 0x19, 0x8c,
    0x19, 0x6c, 0x19, 0x6b, 0x19, 0x6b, 0x19, 0x6b, 0x19, 0x4a, 0x19, 0x4a, 0x11, 0x2a, 0x11, 0x2a,
    0x11, 0x4a, 0x11, 0x4a, 0x11, 0x6a, 0x11, 0x6a, 0x11, 0x6a, 0x11, 0x8a, 0x19, 0xab, 0x11, 0x6a,
    0x11, 0x6a, 0x19, 0x6b, 0x19, 0x8b, 0x11, 0x8b, 0x11, 0x8b, 0x09, 0x6b, 0x11, 0xac, 0x11, 0xab,
    0x11, 0x8b, 0x11, 0xac, 0x1a, 0x0d, 0x1a, 0x2d, 0x1a, 0x0d, 0x11, 0xec, 0x11, 0xed, 0x11, 0xcc,
    0x1a, 0x0d, 0x22, 0x4e, 0x1a, 0x0d, 0x11, 0xed, 0x1a, 0x2e, 0x22, 0x4e, 0x19, 0xcc, 0x11, 0x6b,
    0x19, 0xed, 0x19, 0xed, 0x11, 0xec, 0x1a, 0x0d, 0x09, 0xab, 0x11, 0x8b, 0x11, 0x8b, 0x11, 0x8b,
    0x11, 0x8a, 0x11, 0x6a, 0x11, 0x6a, 0x11, 0x6a, 0x09, 0x6a, 0x09, 0x4a, 0x01, 0x09, 0x00, 0xe9,
    0x00, 0xc9, 0x09, 0x4a, 0x09, 0x09, 0x53, 0x73, 0x19, 0x8b, 0x00, 0x87, 0x08, 0xe8, 0x08, 0xe8,
    0x08, 0xc7, 0x08, 0xc7, 0x08, 0xe7, 0x08, 0xe7, 0x08, 0xc6, 0x08, 0xc6, 0x08, 0xa6, 0x08, 0xa6,
    0x08, 0xa6, 0x08, 0x86, 0x08, 0x86, 0x08, 0x86, 0x08, 0x86, 0x08, 0x85, 0x08, 0x86, 0x08, 0x86,
    0x10, 0xa6, 0x10, 0xa6, 0x10, 0xa6, 0x08, 0x86, 0x08, 0x85, 0x08, 0x86, 0x00, 0x46, 0x00, 0x67,
    0x00, 0x87, 0x00, 0xa8, 0x08, 0xe9, 0x11, 0x2a, 0x11, 0x4b, 0x19, 0x8b, 0x11, 0x4b, 0x11, 0x6b,
    0x11, 0x6b, 0x11, 0x6b, 0x11, 0x6b, 0x11, 0x6b, 0x11, 0x6b, 0x11, 0x6a, 0x19, 0x6a, 0x11, 0x69,
    0x11, 0x4a, 0x11, 0x49, 0x08, 0xe8, 0x00, 0x86, 0x00, 0x65, 0x00, 0x86, 0x08, 0xa6, 0x08, 0xa6,
    0x08, 0x86, 0x08, 0x86, 0x10, 0x86, 0x10, 0x86, 0x10, 0x86, 0x10, 0x86, 0x08, 0x45, 0x19, 0x07,
    0x08, 0x85, 0x08, 0x85, 0x08, 0x85, 0x08, 0x85, 0x08, 0x85, 0x08, 0x85, 0x08, 0x85, 0x08, 0x85,
    0x08, 0x85, 0x08, 0x85, 0x08, 0x85, 0x08, 0x85, 0x08, 0x85, 0x08, 0x85, 0x08, 0x85, 0x08, 0x85,
    0x08, 0x85, 0x08, 0x85, 0x08, 0x85, 0x08, 0x85, 0x08, 0x85, 0x08, 0x85, 0x08, 0x85, 0x08, 0x85,
    0x08, 0x85, 0x08, 0x85, 0x08, 0x85, 0x08, 0x85, 0x08, 0x85, 0x08, 0x85, 0x08, 0x86, 0x08, 0x86,
    0x08, 0x86, 0x08, 0x86, 0x08, 0x86, 0x08, 0x86, 0x08, 0x86, 0x08, 0x86, 0x08, 0x86, 0x08, 0x86,
    0x08, 0x86, 0x08, 0x86, 0x08, 0x86, 0x08, 0x86, 0x08, 0x86, 0x08, 0x86, 0x08, 0x86, 0x08, 0x85,
    0x08, 0x85, 0x08, 0x85, 0x08, 0x85, 0x08, 0x85, 0x08, 0x85, 0x08, 0x85, 0x08, 0x85, 0x08, 0x85,
    0x08, 0x85, 0x08, 0x85, 0x08, 0x85, 0x08, 0x85, 0x08, 0x85, 0x08, 0x86, 0x08, 0x86, 0x08, 0x86,
    0x08, 0x86, 0x08, 0x86, 0x08, 0x86, 0x08, 0x86, 0x08, 0x86, 0x08, 0x86, 0x08, 0x86, 0x08, 0x86,
    0x08, 0x86, 0x08, 0x86, 0x08, 0x86, 0x08, 0x86, 0x08, 0x86, 0x08, 0x86, 0x08, 0xa6, 0x08, 0xa6,
    0x08, 0xa6, 0x08, 0xa6, 0x08, 0xa6, 0x08, 0xa6, 0x08, 0xa6, 0x08, 0xa6, 0x08, 0xa6, 0x08, 0xa6,
    0x08, 0xa6, 0x08, 0xa6, 0x08, 0xa6, 0x08, 0xa6, 0x08, 0xa6, 0x08, 0xa6, 0x08, 0xa6, 0x08, 0xa6,
    0x08, 0xa6, 0x08, 0xa6, 0x08, 0xa6, 0x08, 0xa6, 0x08, 0xa6, 0x08, 0xa6, 0x08, 0x86, 0x08, 0x86,
    0x08, 0x86, 0x08, 0x86, 0x08, 0x86, 0x08, 0x86, 0x08, 0x86, 0x08, 0x86, 0x08, 0xa6, 0x08, 0xa6,
    0x08, 0xa6, 0x08, 0xa6, 0x08, 0xa6, 0x08, 0xa6, 0x08, 0xa6, 0x08, 0xa6, 0x08, 0x86, 0x08, 0x86,
    0x08, 0x86, 0x08, 0x86, 0x08, 0x86, 0x08, 0x86, 0x08, 0x86, 0x08, 0x86, 0x08, 0xa6, 0x08, 0xa6,
    0x08, 0xa6, 0x08, 0xa6, 0x08, 0xa6, 0x08, 0xa6, 0x08, 0xa6, 0x08, 0xa6, 0x08, 0xa6, 0x08, 0xa6,
    0x08, 0xa6, 0x08, 0xa6, 0x08, 0x85, 0x08, 0x85, 0x08, 0x86, 0x08, 0xa6, 0x08, 0xa6, 0x08, 0xa6,
    0x08, 0xa6, 0x08, 0xa6, 0x08, 0x86, 0x08, 0x86, 0x08, 0xa6, 0x08, 0xc7, 0x08, 0xa6, 0x08, 0xa6,
    0x08, 0xa6, 0x08, 0xa6, 0x08, 0xa6, 0x08, 0xc7, 0x08, 0xc7, 0x08, 0xc7, 0x08, 0xc7, 0x08, 0xc7,
    0x08, 0xe7, 0x08, 0xe7, 0x08, 0xe7, 0x08, 0xe8, 0x09, 0x08, 0x09, 0x08, 0x09, 0x28, 0x09, 0x28,
    0x09, 0x49, 0x09, 0x49, 0x09, 0x49, 0x09, 0x69, 0x09, 0x6a, 0x09, 0x8a, 0x09, 0xaa, 0x01, 0xaa,
    0x12, 0x0c, 0x09, 0xcc, 0x09, 0xcc, 0x12, 0x4e, 0x02, 0x8e, 0x4d, 0xba, 0x1c, 0xf6, 0x4f, 0x5e,
    0x4f, 0xbf, 0x47, 0x9f, 0x4f, 0xbf, 0x5f, 0xdf, 0x57, 0x5e, 0x14, 0x95, 0x65, 0xfb, 0x0a, 0xcf,
    0x01, 0xeb, 0x01, 0xcc, 0x01, 0x4a, 0x01, 0x4a, 0x01, 0x09, 0x01, 0x2a, 0x00, 0xe9, 0x00, 0xe9,
    0x00, 0xe9, 0x00, 0xc8, 0x00, 0xc8, 0x00, 0xa8, 0x00, 0xa8, 0x00, 0x88, 0x00, 0xa8, 0x00, 0xa7,
    0x00, 0xa7, 0x00, 0xc8, 0x00, 0xc8, 0x00, 0xe7, 0x00, 0xe8, 0x00, 0xe8, 0x00, 0xa7, 0x00, 0xc8,
    0x00, 0xc8, 0x00, 0x88, 0x00, 0xa8, 0x00, 0xc9, 0x01, 0x0a, 0x01, 0x2a, 0x01, 0x09, 0x01, 0x4a,
    0x01, 0x2a, 0x01, 0x4a, 0x01, 0x09, 0x01, 0x4a, 0x01, 0x4a, 0x01, 0xab, 0x01, 0x6a, 0x01, 0x4a,
    0x01, 0x4a, 0x01, 0x4a, 0x01, 0x4a, 0x01, 0x6a, 0x01, 0x4a, 0x00, 0xe9, 0x11, 0xac, 0x09, 0x6b,
    0x09, 0x8b, 0x01, 0x2a, 0x01, 0x09, 0x01, 0x29, 0x01, 0x09, 0x01, 0x49, 0x01, 0x29, 0x01, 0x09,
    0x01, 0x09, 0x01, 0x08, 0x01, 0x08, 0x00, 0xe8, 0x00, 0xe8, 0x00, 0xe8, 0x00, 0xc8, 0x00, 0xe9,
    0x00, 0xa8, 0x00, 0xa8, 0x4b, 0x32, 0x3a, 0x8f, 0x00, 0x87, 0x11, 0x4a, 0x08, 0xe8, 0x08, 0xe7,
    0x08, 0xe7, 0x08, 0xc7, 0x08, 0xe7, 0x08, 0xc6, 0x08, 0xc6, 0x08, 0xc6, 0x08, 0xa6, 0x08, 0xa6,
    0x08, 0x86, 0x08, 0x86, 0x08, 0x86, 0x08, 0x86, 0x08, 0x85, 0x08, 0x85, 0x08, 0x85, 0x08, 0x85,
    0x08, 0x85, 0x08, 0x85, 0x08, 0x85, 0x08, 0x85, 0x08, 0x65, 0x08, 0x65, 0x08, 0x86, 0x08, 0x86,
    0x00, 0x86, 0x00, 0x66, 0x00, 0x66, 0x00, 0x86, 0x00, 0x86, 0x00, 0x86, 0x00, 0x66, 0x00, 0x66,
    0x00, 0x66, 0x00, 0x66, 0x00, 0x66, 0x00, 0x66, 0x00, 0x66, 0x00, 0x65, 0x00, 0x65, 0x00, 0x65,
    0x00, 0x85, 0x00, 0x86, 0x00, 0x65, 0x00, 0x45, 0x00, 0x65, 0x08, 0x86, 0x08, 0x65, 0x08, 0x65,
    0x08, 0x65, 0x08, 0x65, 0x08, 0x65, 0x08, 0x65, 0x08, 0x65, 0x08, 0x65, 0x00, 0x45, 0x19, 0x08,
    0x08, 0x85, 0x08, 0x85, 0x08, 0x85, 0x08, 0x85, 0x08, 0x85, 0x08, 0x85, 0x08, 0x85, 0x08, 0x85,
    0x08, 0x85, 0x08, 0x85, 0x08, 0x85, 0x08, 0x85, 0x08, 0x85, 0x08, 0x85, 0x08, 0x85, 0x08, 0x85,
    0x08, 0x85, 0x08, 0x85, 0x08, 0x85, 0x08, 0x85, 0x08, 0x85, 0x08, 0x85, 0x08, 0x85, 0x08, 0x85,
    0x08, 0x85, 0x08, 0x85, 0x08, 0x85, 0x08, 0x85, 0x08, 0x85, 0x08, 0x85, 0x08, 0x86, 0x08, 0x86,
    0x08, 0x86, 0x08, 0x86, 0x08, 0x86, 0x08, 0x86, 0x08, 0x86, 0x08, 0x86, 0x08, 0x86, 0x08, 0x86,
    0x08, 0x86, 0x08, 0x86, 0x08, 0x86, 0x08, 0x86, 0x08, 0x86, 0x08, 0x86, 0x08, 0x86, 0x08, 0x86,
    0x08, 0x86, 0x08, 0x86, 0x08, 0x86, 0x08, 0x86, 0x08, 0x86, 0x08, 0x86, 0x08, 0x86, 0x08, 0x86,
    0x08, 0x86, 0x08, 0x86, 0x08, 0x86, 0x08, 0x86, 0x08, 0x86, 0x08, 0x86, 0x08, 0x86, 0x08, 0x86,
    0x08, 0x86, 0x08, 0x86, 0x08, 0x86, 0x08, 0x86, 0x08, 0x86, 0x08, 0x86, 0x08, 0x86, 0x08, 0x86,
    0x08, 0x86, 0x08, 0x86, 0x08, 0x86, 0x08, 0x86, 0x08, 0x86, 0x08, 0x86, 0x08, 0xa6, 0x08, 0xa6,
    0x08, 0xa6, 0x08, 0xa6, 0x08, 0xa6, 0x08, 0xa6, 0x08, 0xa6, 0x08, 0xa6, 0x08, 0xa6, 0x08, 0xa6,
    0x08, 0xa6, 0x08, 0xa6, 0x08, 0xa6, 0x08, 0xa6, 0x08, 0xa6, 0x08, 0xa6, 0x08, 0xa6, 0x08, 0xa6,
    0x08, 0xa6, 0x08, 0xa6, 0x08, 0xa6, 0x08, 0xa6, 0x08, 0xa6, 0x08, 0xa6, 0x08, 0x86, 0x08, 0x86,
    0x08, 0x86, 0x08, 0x86, 0x08, 0x86, 0x08, 0x86, 0x08, 0x86, 0x08, 0x86, 0x08, 0xa6, 0x08, 0xa6,
    0x08, 0xa6, 0x08, 0xa6, 0x08, 0xa6, 0x08, 0xa6, 0x08, 0xa6, 0x08, 0xa6, 0x08, 0x86, 0x08, 0x86,
    0x08, 0x86, 0x08, 0x86, 0x08, 0x86, 0x08, 0x86, 0x08, 0x86, 0x08, 0x86, 0x08, 0xa6, 0x08, 0xa6,
    0x08, 0xa6, 0x08, 0xa6, 0x08, 0xa6, 0x08, 0xa6, 0x08, 0xa6, 0x08, 0xa6, 0x08, 0xa6, 0x08, 0xa6,
    0x08, 0xa6, 0x08, 0xa6, 0x08, 0x85, 0x08, 0x85, 0x08, 0x86, 0x08, 0xa6, 0x08, 0xa6, 0x08, 0xa6,
    0x08, 0xa6, 0x08, 0xa6, 0x08, 0x86, 0x08, 0x86, 0x08, 0xa6, 0x08, 0xc7, 0x08, 0xa6, 0x08, 0xa6,
    0x08, 0xa6, 0x08, 0xa6, 0x08, 0xa6, 0x08, 0xc7, 0x08, 0xc7, 0x08, 0xc7, 0x08, 0xc7, 0x08, 0xc7,
    0x08, 0xe7, 0x08, 0xe7, 0x08, 0xe7, 0x08, 0xe8, 0x09, 0x08, 0x09, 0x08, 0x09, 0x28, 0x09, 0x28,
    0x09, 0x49, 0x09, 0x49, 0x09, 0x49, 0x09, 0x69, 0x09, 0x6a, 0x09, 0x8a, 0x01, 0xaa, 0x09, 0xeb,
    0x12, 0x0c, 0x09, 0xab, 0x09, 0xcc, 0x12, 0x6e, 0x0a, 0xcf, 0x66, 0x5c, 0x2d, 0x78, 0x46, 0xfd,
    0x57, 0xdf, 0x3f, 0x5e, 0x3f, 0x1d, 0x57, 0x9f, 0x57, 0x3e, 0x46, 0x5b, 0x4d, 0xda, 0x45, 0x38,
    0x3c, 0x75, 0x4c, 0xd7, 0x44, 0x35, 0x4c, 0x76, 0x4c, 0x35, 0x43, 0xf4, 0x43, 0xd3, 0x43, 0xb3,
    0x3b, 0xb3, 0x3b, 0x93, 0x3b, 0x72, 0x3b, 0x52, 0x3b, 0x52, 0x43, 0x32, 0x43, 0x31, 0x43, 0x31,
    0x3b, 0x31, 0x3b, 0x51, 0x3b, 0x51, 0x3b, 0x51, 0x3b, 0x51, 0x43, 0x31, 0x4b, 0x52, 0x53, 0x93,
    0x53, 0x93, 0x4b, 0x73, 0x4b, 0x53, 0x4b, 0x73, 0x43, 0x93, 0x43, 0x73, 0x4b, 0xd4, 0x4b, 0xd4,
    0x3b, 0x93, 0x4c, 0x35, 0x4c, 0x35, 0x5c, 0xb7, 0x4c, 0x55, 0x4c, 0x35, 0x4c, 0x55, 0x4c, 0x35,
    0x54, 0x56, 0x54, 0x76, 0x54, 0x56, 0x54, 0x76, 0x54, 0x97, 0x54, 0x56, 0x4c, 0x15, 0x54, 0x15,
    0x54, 0x55, 0x4c, 0x35, 0x54, 0x76, 0x4c, 0x55, 0x3b, 0xd3, 0x43, 0xd3, 0x43, 0xd3, 0x4b, 0xb2,
    0x43, 0x92, 0x43, 0x71, 0x43, 0x51, 0x3b, 0x30, 0x33, 0x10, 0x3a, 0xf0, 0x3a, 0xaf, 0x2a, 0x2e,
    0x3a, 0xb0, 0x3a, 0x8f, 0x5b, 0xb4, 0x11, 0x4a, 0x00, 0xa7, 0x11, 0x49, 0x08, 0xe8, 0x08, 0xe8,
    0x08, 0xe7, 0x08, 0xe7, 0x08, 0xe7, 0x08, 0xe7, 0x08, 0xc6, 0x08, 0xc6, 0x08, 0xa6, 0x08, 0xa6,
    0x08, 0xa6, 0x08, 0xa6, 0x08, 0xa6, 0x08, 0xa6, 0x08, 0xa6, 0x08, 0xa6, 0x08, 0x85, 0x08, 0x85,
    0x08, 0x85, 0x08, 0x85, 0x08, 0x85, 0x08, 0x85, 0x08, 0x85, 0x08, 0x85, 0x08, 0x85, 0x08, 0x85,
    0x00, 0x65, 0x00, 0x64, 0x00, 0x64, 0x00, 0x44, 0x00, 0x64, 0x00, 0x64, 0x00, 0x85, 0x00, 0x85,
    0x00, 0x85, 0x00, 0x85, 0x00, 0x85, 0x00, 0x85, 0x00, 0x85, 0x00, 0x85, 0x00, 0x44, 0x00, 0x44,
    0x00, 0x65, 0x00, 0x65, 0x00, 0x65, 0x00, 0x65, 0x00, 0x65, 0x08, 0x86, 0x08, 0x85, 0x08, 0x85,
    0x08, 0x65, 0x08, 0x65, 0x08, 0x65, 0x08, 0x65, 0x08, 0x65, 0x08, 0x65, 0x00, 0x45, 0x19, 0x07,
    0x08, 0x85, 0x08, 0x85, 0x08, 0x85, 0x08, 0x85, 0x08, 0x85, 0x08, 0x85, 0x08, 0x85, 0x08, 0x85,
    0x08, 0x85, 0x08, 0x85, 0x08, 0x85, 0x08, 0x85, 0x08, 0x85, 0x08, 0x85, 0x08, 0x85, 0x08, 0x85,
    0x08, 0x85, 0x08, 0x85, 0x08, 0x85, 0x08, 0x85, 0x08, 0x85, 0x08, 0x85, 0x08, 0x85, 0x08, 0x85,
    0x08, 0x85, 0x08, 0x85, 0x08, 0x85, 0x08, 0x85, 0x08, 0x85, 0x08, 0x85, 0x08, 0x86, 0x08, 0x86,
    0x08, 0x86, 0x08, 0x86, 0x08, 0x86, 0x08, 0x86, 0x08, 0x86, 0x08, 0x86, 0x08, 0x86, 0x08, 0x86,
    0x08, 0x86, 0x08, 0x86, 0x08, 0x86, 0x08, 0x86, 0x08, 0x86, 0x08, 0x86, 0x08, 0x86, 0x08, 0x86,
    0x08, 0x86, 0x08, 0x86, 0x08, 0x86, 0x08, 0x86, 0x08, 0x86, 0x08, 0x86, 0x08, 0x86, 0x08, 0x86,
    0x08, 0x86, 0x08, 0x86, 0x08, 0x86, 0x08, 0x86, 0x08, 0x86, 0x08, 0x86, 0x08, 0x86, 0x08, 0x86,
    0x08, 0x86, 0x08, 0x86, 0x08, 0x86, 0x08, 0x86, 0x08, 0x86, 0x08, 0x86, 0x08, 0x86, 0x08, 0x86,
    0x08, 0x86, 0x08, 0x86, 0x08, 0x86, 0x08, 0x86, 0x08, 0x86, 0x08, 0x86, 0x08, 0xa6, 0x08, 0xa6,
    0x08, 0xa6, 0x08, 0xa6, 0x08, 0xa6, 0x08, 0xa6, 0x08, 0xa6, 0x08, 0xa6, 0x08, 0xa6, 0x08, 0xa6,
    0x08, 0xa6, 0x08, 0xa6, 0x08, 0xa6, 0x08, 0xa6, 0x08, 0xa6, 0x08, 0xa6, 0x08, 0x86, 0x08, 0x86,
    0x08, 0x86, 0x08, 0x86, 0x08, 0x86, 0x08, 0x86, 0x08, 0x86, 0x08, 0x86, 0x08, 0xa6, 0x08, 0xa6,
    0x08, 0xa6, 0x08, 0xa6, 0x08, 0xa6, 0x08, 0xa6, 0x08, 0xa6, 0x08, 0xa6, 0x08, 0xa6, 0x08, 0xa6,
    0x08, 0xa6, 0x08, 0xa6, 0x08, 0xa6, 0x08, 0xa6, 0x08, 0xa6, 0x08, 0xa6, 0x08, 0xa6, 0x08, 0xa6,
    0x08, 0xa6, 0x08, 0xa6, 0x08, 0xa6, 0x08, 0xa6, 0x08, 0xa6, 0x08, 0xa6, 0x08, 0xa6, 0x08, 0xa6,
    0x08, 0xa6, 0x08, 0xa6, 0x08, 0xa6, 0x08, 0xa6, 0x08, 0xa6, 0x08, 0xa6, 0x08, 0xa6, 0x08, 0xa6,
    0x08, 0xa6, 0x08, 0xa6, 0x08, 0x85, 0x08, 0x85, 0x08, 0x86, 0x08, 0xa6, 0x08, 0xa6, 0x08, 0xa6,
    0x08, 0xa6, 0x08, 0xa6, 0x08, 0x86, 0x08, 0x86, 0x08, 0xa6, 0x08, 0xc7, 0x08, 0xa6, 0x08, 0xa6,
    0x08, 0xa6, 0x08, 0xa6, 0x08, 0xa6, 0x08, 0xc7, 0x08, 0xc7, 0x08, 0xc7, 0x08, 0xc7, 0x08, 0xc7,
    0x08, 0xe7, 0x08, 0xe7, 0x08, 0xe7, 0x08, 0xe8, 0x09, 0x08, 0x09, 0x08, 0x09, 0x28, 0x09, 0x28,
    0x09, 0x49, 0x09, 0x49, 0x09, 0x49, 0x09, 0x69, 0x09, 0x6a, 0x09, 0xaa, 0x09, 0xeb, 0x01, 0xeb,
    0x09, 0xcb, 0x11, 0xec, 0x12, 0x2d, 0x02, 0x2d, 0x02, 0x8e, 0x66, 0x5c, 0x25, 0x37, 0x57, 0x7f,
    0x4f, 0x9f, 0x57, 0xdf, 0x4f, 0x9f, 0x47, 0x1d, 0x67, 0xbf, 0x46, 0x5b, 0x76, 0xff, 0x5d, 0xda,
    0x4c, 0xf7, 0x55, 0x38, 0x54, 0xd7, 0x5c, 0xf8, 0x5c, 0xb7, 0x5c, 0x97, 0x54, 0x55, 0x54, 0x55,
    0x54, 0x35, 0x4c, 0x15, 0x4c, 0x14, 0x53, 0xf4, 0x4b, 0xd4, 0x4b, 0xd4, 0x53, 0xb4, 0x53, 0xb3,
    0x4b, 0xd3, 0x4b, 0xd3, 0x4b, 0xd3, 0x4b, 0xd3, 0x4b, 0xb3, 0x53, 0xb3, 0x53, 0x93, 0x53, 0x73,
    0x53, 0x93, 0x5b, 0xd5, 0x5c, 0x16, 0x64, 0x57, 0x5c, 0x57, 0x54, 0x36, 0x64, 0xb7, 0x6c, 0xf8,
    0x64, 0xb7, 0x6d, 0x39, 0x5c, 0xb7, 0x65, 0x18, 0x5c, 0xd7, 0x65, 0x18, 0x65, 0x39, 0x5c, 0xf8,
    0x65, 0x19, 0x6d, 0x7a, 0x65, 0x39, 0x5d, 0x18, 0x65, 0x18, 0x65, 0x19, 0x6d, 0x19, 0x65, 0x18,
    0x5c, 0xd7, 0x5c, 0xd7, 0x65, 0x18, 0x65, 0x18, 0x54, 0x96, 0x54, 0x96, 0x5c, 0x76, 0x5c, 0x76,
    0x5c, 0x35, 0x5c, 0x14, 0x53, 0xd4, 0x4b, 0xb3, 0x4b, 0xb2, 0x4b, 0x92, 0x53, 0x93, 0x4b, 0x11,
    0x53, 0x52, 0x53, 0x72, 0x2a, 0x0d, 0x00, 0xc8, 0x11, 0x49, 0x00, 0x86, 0x08, 0xe8, 0x08, 0xe7,
    0x08, 0xc7, 0x08, 0xc7, 0x08, 0xc7, 0x08, 0xc7, 0x08, 0xc6, 0x08, 0xa6, 0x08, 0xa6, 0x08, 0xa6,
    0x08, 0xa6, 0x08, 0xa6, 0x08, 0xa6, 0x08, 0xa6, 0x08, 0xa6, 0x08, 0xa6, 0x08, 0x85, 0x08, 0x85,
    0x08, 0x86, 0x08, 0x85, 0x08, 0x85, 0x08, 0x85, 0x08, 0x85, 0x08, 0x85, 0x00, 0x64, 0x00, 0x64,
    0x00, 0x64, 0x08, 0x64, 0x08, 0x84, 0x08, 0x84, 0x08, 0x84, 0x08, 0xa4, 0x00, 0x84, 0x00, 0x84,
    0x00, 0x84, 0x00, 0x84, 0x00, 0x84, 0x00, 0x84, 0x00, 0x84, 0x00, 0x84, 0x08, 0xa6, 0x08, 0xa6,
    0x08, 0xa6, 0x00, 0xa5, 0x00, 0x85, 0x00, 0x65, 0x00, 0x65, 0x08, 0x85, 0x08, 0x85, 0x08, 0x85,
    0x08, 0x85, 0x08, 0x85, 0x08, 0x85, 0x08, 0x85, 0x08, 0x85, 0x08, 0x85, 0x00, 0x45, 0x19, 0x07,
    0x08, 0x85, 0x08, 0x85, 0x08, 0x85, 0x08, 0x85, 0x08, 0x85, 0x08, 0x85, 0x08, 0x85, 0x08, 0x85,
    0x08, 0x85, 0x08, 0x85, 0x08, 0x85, 0x08, 0x85, 0x08, 0x85, 0x08, 0x85, 0x08, 0x85, 0x08, 0x85,
    0x08, 0x85, 0x08, 0x85, 0x08, 0x85, 0x08, 0x85, 0x08, 0x85, 0x08, 0x85, 0x08, 0x85, 0x08, 0x85,
    0x08, 0x85, 0x08, 0x85, 0x08, 0x85, 0x08, 0x85, 0x08, 0x85, 0x08, 0x85, 0x08, 0x86, 0x08, 0x86,
    0x08, 0x86, 0x08, 0x86, 0x08, 0x86, 0x08, 0x86, 0x08, 0x86, 0x08, 0x86, 0x08, 0x86, 0x08, 0x86,
    0x08, 0x86, 0x08, 0x86, 0x08, 0x86, 0x08, 0x86, 0x08, 0x86, 0x08, 0x86, 0x08, 0x86, 0x08, 0x86,
    0x08, 0x86, 0x08, 0x86, 0x08, 0x86, 0x08, 0x86, 0x08, 0x86, 0x08, 0x86, 0x08, 0x86, 0x08, 0x86,
    0x08, 0x86, 0x08, 0x86, 0x08, 0x86, 0x08, 0x86, 0x08, 0x86, 0x08, 0x86, 0x08, 0x86, 0x08, 0x86,
    0x08, 0x86, 0x08, 0x86, 0x08, 0x86, 0x08, 0x86, 0x08, 0x86, 0x08, 0x86, 0x08, 0x86, 0x08, 0x86,
    0x08, 0x86, 0x08, 0x86, 0x08, 0x86, 0x08, 0x86, 0x08, 0x86, 0x08, 0x86, 0x08, 0x86, 0x08, 0x86,
    0x08, 0x86, 0x08, 0x86, 0x08, 0x86, 0x08, 0x86, 0x08, 0x86, 0x08, 0x86, 0x08, 0x86, 0x08, 0x86,
    0x08, 0x86, 0x08, 0x86, 0x08, 0x86, 0x08, 0x86, 0x08, 0x86, 0x08, 0x86, 0x08, 0x86, 0x08, 0x86,
    0x08, 0x86, 0x08, 0x86, 0x08, 0x86, 0x08, 0x86, 0x08, 0x86, 0x08, 0x86, 0x08, 0x86, 0x08, 0x86,
    0x08, 0x86, 0x08, 0x86, 0x08, 0x86, 0x08, 0x86, 0x08, 0x86, 0x08, 0x86, 0x08, 0x86, 0x08, 0x86,
    0x08, 0x86, 0x08, 0x86, 0x08, 0x86, 0x08, 0x86, 0x08, 0x86, 0x08, 0x86, 0x08, 0x86, 0x08, 0x86,
    0x08, 0x86, 0x08, 0x86, 0x08, 0x86, 0x08, 0x86, 0x08, 0x86, 0x08, 0x86, 0x08, 0xa6, 0x08, 0xa6,
    0x08, 0xa6, 0x08, 0xa6, 0x08, 0xa6, 0x08, 0xa6, 0x08, 0xa6, 0x08, 0xa6, 0x08, 0xa6, 0x08, 0xa6,
    0x08, 0xa6, 0x08, 0xa6, 0x08, 0x86, 0x08, 0x86, 0x08, 0x86, 0x08, 0xa6, 0x08, 0xa6, 0x08, 0xa6,
    0x08, 0xa6, 0x08, 0xa6, 0x08, 0x86, 0x08, 0x86, 0x08, 0xa6, 0x08, 0xc7, 0x08, 0xa6, 0x08, 0xa6,
    0x08, 0xa6, 0x08, 0xa6, 0x08, 0xa6, 0x08, 0xc7, 0x08, 0xc7, 0x08, 0xc7, 0x08, 0xc7, 0x08, 0xc7,
    0x08, 0xe7, 0x08, 0xe7, 0x08, 0xe7, 0x08, 0xe8, 0x09, 0x08, 0x09, 0x08, 0x09, 0x28, 0x09, 0x28,
    0x09, 0x49, 0x09, 0x49, 0x09, 0x49, 0x09, 0x69, 0x09, 0x6a, 0x09, 0xaa, 0x09, 0xeb, 0x01, 0xeb,
    0x01, 0xcb, 0x12, 0x0c, 0x12, 0x4d, 0x02, 0x2d, 0x02, 0x4d, 0x3d, 0x17, 0x1c, 0xb5, 0x46, 0xbc,
    0x4f, 0x5e, 0x57, 0x9f, 0x57, 0xbf, 0x57, 0x7f, 0x46, 0x9c, 0x14, 0x74, 0x55, 0x79, 0x01, 0xec,
    0x01, 0x4a, 0x01, 0x8b, 0x01, 0x6b, 0x01, 0x2a, 0x00, 0xe9, 0x00, 0xe9, 0x00, 0xc9, 0x00, 0xc9,
    0x00, 0xc8, 0x00, 0xa8, 0x00, 0xa8, 0x00, 0xa8, 0x00, 0x88, 0x00, 0x88, 0x00, 0xc8, 0x00, 0xc8,
    0x00, 0xc8, 0x00, 0xc8, 0x00, 0xc8, 0x00, 0xa8, 0x00, 0xa8, 0x00, 0xa8, 0x00, 0xe9, 0x00, 0x88,
    0x00, 0x68, 0x00, 0xa9, 0x00, 0xea, 0x00, 0xea, 0x01, 0x0a, 0x01, 0x4b, 0x01, 0x2a, 0x01, 0x2a,
    0x01, 0x09, 0x01, 0x6a, 0x01, 0x4a, 0x01, 0x8b, 0x01, 0x8b, 0x01, 0xec, 0x01, 0x8b, 0x01, 0x6a,
    0x01, 0x6b, 0x01, 0xac, 0x01, 0xcc, 0x01, 0xec, 0x01, 0xcc, 0x01, 0x8b, 0x01, 0x6a, 0x01, 0x6a,
    0x01, 0x6a, 0x01, 0x8a, 0x01, 0xab, 0x01, 0x8a, 0x01, 0x6a, 0x01, 0x49, 0x01, 0x09, 0x00, 0xe8,
    0x00, 0xe8, 0x00, 0xc8, 0x00, 0xa8, 0x00, 0xc8, 0x00, 0xc8, 0x00, 0xc7, 0x00, 0x66, 0x08, 0xe9,
    0x00, 0x26, 0x00, 0xa7, 0x00, 0xc8, 0x09, 0x08, 0x11, 0x29, 0x00, 0xa7, 0x08, 0xe7, 0x08, 0xc7,
    0x08, 0xc7, 0x08, 0xc7, 0x08, 0xc7, 0x08, 0xc7, 0x08, 0xa6, 0x08, 0xa6, 0x08, 0xa6, 0x08, 0xa6,
    0x08, 0xa6, 0x00, 0xa6, 0x08, 0xa6, 0x08, 0x86, 0x08, 0x86, 0x08, 0x86, 0x08, 0x86, 0x08, 0x85,
    0x08, 0x86, 0x08, 0x85, 0x08, 0x85, 0x08, 0x85, 0x08, 0x85, 0x08, 0x85, 0x08, 0x85, 0x08, 0x84,
    0x08, 0x84, 0x08, 0x84, 0x08, 0x84, 0x08, 0x84, 0x08, 0x84, 0x08, 0x84, 0x00, 0x64, 0x00, 0x64,
    0x00, 0x64, 0x00, 0x64, 0x00, 0x64, 0x00, 0x64, 0x00, 0x64, 0x00, 0x64, 0x00, 0x85, 0x00, 0x85,
    0x00, 0x85, 0x00, 0x65, 0x00, 0x65, 0x00, 0x65, 0x00, 0x85, 0x08, 0x85, 0x08, 0x85, 0x08, 0x85,
    0x08, 0x85, 0x08, 0x85, 0x08, 0x65, 0x08, 0x65, 0x08, 0x65, 0x08, 0x65, 0x00, 0x65, 0x19, 0x08,
    0x08, 0x85, 0x08, 0x85, 0x08, 0x85, 0x08, 0x85, 0x08, 0x85, 0x08, 0x85, 0x08, 0x85, 0x08, 0x85,
    0x08, 0x85, 0x08, 0x85, 0x08, 0x85, 0x08, 0x85, 0x08, 0x85, 0x08, 0x85, 0x08, 0x85, 0x08, 0x85,
    0x08, 0x85, 0x08, 0x85, 0x08, 0x85, 0x08, 0x85, 0x08, 0x85, 0x08, 0x85, 0x08, 0x85, 0x08, 0x85,
    0x08, 0x85, 0x08, 0x85, 0x08, 0x85, 0x08, 0x85, 0x08, 0x85, 0x08, 0x85, 0x08, 0x86, 0x08, 0x86,
    0x08, 0x86, 0x08, 0x86, 0x08, 0x86, 0x08, 0x86, 0x08, 0x86, 0x08, 0x86, 0x08, 0x86, 0x08, 0x86,
    0x08, 0x86, 0x08, 0x86, 0x08, 0x86, 0x08, 0x86, 0x08, 0x86, 0x08, 0x86, 0x08, 0x86, 0x08, 0x86,
    0x08, 0x86, 0x08, 0x86, 0x08, 0x86, 0x08, 0x86, 0x08, 0x86, 0x08, 0x86, 0x08, 0x86, 0x08, 0x86,
    0x08, 0x86, 0x08, 0x86, 0x08, 0x86, 0x08, 0x86, 0x08, 0x86, 0x08, 0x86, 0x08, 0x86, 0x08, 0x86,
    0x08, 0x86, 0x08, 0x86, 0x08, 0x86, 0x08, 0x86, 0x08, 0x86, 0x08, 0x86, 0x08, 0x86, 0x08, 0x86,
    0x08, 0x86, 0x08, 0x86, 0x08, 0x86, 0x08, 0x86, 0x08, 0x86, 0x08, 0x86, 0x08, 0x86, 0x08, 0x86,
    0x08, 0x86, 0x08, 0x86, 0x08, 0x86, 0x08, 0x86, 0x08, 0x86, 0x08, 0x86, 0x08, 0x86, 0x08, 0x86,
    0x08, 0x86, 0x08, 0x86, 0x08, 0x86, 0x08, 0x86, 0x08, 0x86, 0x08, 0x86, 0x08, 0xa6, 0x08, 0xa6,
    0x08, 0xa6, 0x08, 0xa6, 0x08, 0xa6, 0x08, 0xa6, 0x08, 0xa6, 0x08, 0xa6, 0x08, 0x86, 0x08, 0x86,
    0x08, 0x86, 0x08, 0x86, 0x08, 0x86, 0x08, 0x86, 0x08, 0x86, 0x08, 0x86, 0x08, 0x86, 0x08, 0x86,
    0x08, 0x86, 0x08, 0x86, 0x08, 0x86, 0x08, 0x86, 0x08, 0x86, 0x08, 0x86, 0x08, 0x86, 0x08, 0x86,
    0x08, 0x86, 0x08, 0x86, 0x08, 0x86, 0x08, 0x86, 0x08, 0x86, 0x08, 0x86, 0x08, 0xa6, 0x08, 0xa6,
    0x08, 0xa6, 0x08, 0xa6, 0x08, 0xa6, 0x08, 0xa6, 0x08, 0xa6, 0x08, 0xa6, 0x08, 0xa6, 0x08, 0xa6,
    0x08, 0xa6, 0x08, 0xa6, 0x08, 0x86, 0x08, 0x86, 0x08, 0x86, 0x08, 0xa6, 0x08, 0xa6, 0x08, 0xa6,
    0x08, 0xa6, 0x08, 0xa6, 0x08, 0x86, 0x08, 0x86, 0x08, 0xa6, 0x08, 0xc7, 0x08, 0xa6, 0x08, 0xa6,
    0x08, 0xa6, 0x08, 0xa6, 0x08, 0xa6, 0x08, 0xc7, 0x08, 0xc7, 0x08, 0xc7, 0x08, 0xc7, 0x08, 0xc7,
    0x08, 0xe7, 0x08, 0xe7, 0x08, 0xe7, 0x08, 0xe8, 0x09, 0x08, 0x09, 0x08, 0x09, 0x28, 0x09, 0x28,
    0x09, 0x49, 0x09, 0x49, 0x09, 0x49, 0x09, 0x69, 0x09, 0x6a, 0x09, 0x8a, 0x01, 0xaa, 0x0a, 0x0c,
    0x09, 0xeb, 0x09, 0xec, 0x09, 0xec, 0x0a, 0x6e, 0x02, 0x4d, 0x13, 0x91, 0x5e, 0x9c, 0x0c, 0x94,
    0x2d, 0xf9, 0x4f, 0x1e, 0x57, 0x1e, 0x2d, 0xd9, 0x0c, 0x94, 0x5e, 0x5c, 0x33, 0xf4, 0x01, 0xcc,
    0x1a, 0x6f, 0x1a, 0x2e, 0x19, 0xed, 0x21, 0xee, 0x22, 0x0e, 0x11, 0x6c, 0x19, 0xac, 0x19, 0xac,
    0x19, 0xac, 0x19, 0x8c, 0x19, 0x8c, 0x19, 0x8c, 0x19, 0x6c, 0x19, 0x6c, 0x19, 0x8c, 0x19, 0xac,
    0x19, 0xac, 0x11, 0x8c, 0x19, 0x8c, 0x19, 0x8c, 0x19, 0x6c, 0x19, 0x6c, 0x10, 0xea, 0x11, 0x0a,
    0x19, 0x4c, 0x19, 0xad, 0x11, 0xad, 0x09, 0x8d, 0x11, 0xed, 0x1a, 0x4f, 0x09, 0xcc, 0x09, 0xcc,
    0x12, 0x2e, 0x1a, 0x8f, 0x1a, 0x8f, 0x12, 0x4e, 0x0a, 0x6e, 0x12, 0x8f, 0x0a, 0x6e, 0x1a, 0xd0,
    0x23, 0x31, 0x1a, 0xf0, 0x0a, 0x8f, 0x1a, 0xf0, 0x1a, 0xf1, 0x0a, 0x8f, 0x12, 0xaf, 0x12, 0xaf,
    0x12, 0x8f, 0x12, 0xaf, 0x02, 0x4d, 0x02, 0x2d, 0x12, 0x8f, 0x12, 0x6e, 0x09, 0xcc, 0x11, 0xac,
    0x11, 0x8b, 0x19, 0x6b, 0x19, 0x6b, 0x19, 0x6b, 0x19, 0x6b, 0x19, 0x6b, 0x11, 0x4a, 0x21, 0xec,
    0x09, 0x09, 0x00, 0xe8, 0x19, 0x8a, 0x09, 0x08, 0x08, 0xe8, 0x08, 0xc8, 0x11, 0x08, 0x10, 0xe8,
    0x10, 0xe8, 0x08, 0xe7, 0x10, 0xe8, 0x10, 0xc7, 0x10, 0xc7, 0x08, 0xc7, 0x08, 0xc7, 0x08, 0xc7,
    0x08, 0xc7, 0x08, 0xc7, 0x08, 0xa7, 0x08, 0xa7, 0x08, 0xa7, 0x08, 0xa7, 0x08, 0xa6, 0x08, 0xa6,
    0x08, 0xa6, 0x08, 0xa6, 0x08, 0xa6, 0x08, 0x86, 0x08, 0x86, 0x08, 0x86, 0x08, 0x86, 0x08, 0x85,
    0x10, 0x85, 0x08, 0x85, 0x08, 0x85, 0x08, 0x65, 0x08, 0x65, 0x08, 0x65, 0x08, 0x86, 0x08, 0x86,
    0x08, 0x86, 0x08, 0x86, 0x08, 0x86, 0x08, 0x86, 0x08, 0x86, 0x08, 0xa6, 0x00, 0x65, 0x00, 0x85,
    0x00, 0x85, 0x00, 0x65, 0x00, 0x65, 0x08, 0x86, 0x08, 0x86, 0x08, 0x86, 0x08, 0x86, 0x08, 0x86,
    0x08, 0x86, 0x08, 0x86, 0x08, 0x86, 0x08, 0x86, 0x08, 0x86, 0x08, 0x86, 0x00, 0x65, 0x19, 0x08,
    0x08, 0x85, 0x08, 0x85, 0x08, 0x85, 0x08, 0x85, 0x08, 0x85, 0x08, 0x85, 0x08, 0x85, 0x08, 0x85,
    0x08, 0x85, 0x08, 0x85, 0x08, 0x85, 0x08, 0x85, 0x08, 0x85, 0x08, 0x85, 0x08, 0x85, 0x08, 0x85,
    0x08, 0x85, 0x08, 0x85, 0x08, 0x85, 0x08, 0x85, 0x08, 0x85, 0x08, 0x85, 0x08, 0x85, 0x08, 0x85,
    0x08, 0x85, 0x08, 0x85, 0x08, 0x85, 0x08, 0x85, 0x08, 0x85, 0x08, 0x85, 0x08, 0x86, 0x08, 0x86,
    0x08, 0x86, 0x08, 0x86, 0x08, 0x86, 0x08, 0x86, 0x08, 0x86, 0x08, 0x86, 0x08, 0x86, 0x08, 0x86,
    0x08, 0x86, 0x08, 0x86, 0x08, 0x86, 0x08, 0x86, 0x08, 0x86, 0x08, 0x86, 0x08, 0x86, 0x08, 0x86,
    0x08, 0x86, 0x08, 0x86, 0x08, 0x86, 0x08, 0x86, 0x08, 0x86, 0x08, 0x86, 0x08, 0x86, 0x08, 0x86,
    0x08, 0x86, 0x08, 0x86, 0x08, 0x86, 0x08, 0x86, 0x08, 0x86, 0x08, 0x86, 0x08, 0x86, 0x08, 0x86,
    0x08, 0x86, 0x08, 0x86, 0x08, 0x86, 0x08, 0x86, 0x08, 0x86, 0x08, 0x86, 0x08, 0x86, 0x08, 0x86,
    0x08, 0x86, 0x08, 0x86, 0x08, 0x86, 0x08, 0x86, 0x08, 0x86, 0x08, 0x86, 0x08, 0xa6, 0x08, 0xa6,
    0x08, 0xa6, 0x08, 0xa6, 0x08, 0xa6, 0x08, 0xa6, 0x08, 0xa6, 0x08, 0xa6, 0x08, 0xa6, 0x08, 0xa6,
    0x08, 0xa6, 0x08, 0xa6, 0x08, 0xa6, 0x08, 0xa6, 0x08, 0xa6, 0x08, 0xa6, 0x08, 0xa6, 0x08, 0xa6,
    0x08, 0xa6, 0x08, 0xa6, 0x08, 0xa6, 0x08, 0xa6, 0x08, 0xa6, 0x08, 0xa6, 0x08, 0xa6, 0x08, 0xa6,
    0x08, 0xa6, 0x08, 0xa6, 0x08, 0xa6, 0x08, 0xa6, 0x08, 0xa6, 0x08, 0xa6, 0x08, 0xa6, 0x08, 0xa6,
    0x08, 0xa6, 0x08, 0xa6, 0x08, 0xa6, 0x08, 0xa6, 0x08, 0xa6, 0x08, 0xa6, 0x08, 0xa6, 0x08, 0xa6,
    0x08, 0xa6, 0x08, 0xa6, 0x08, 0xa6, 0x08, 0xa6, 0x08, 0xa6, 0x08, 0xa6, 0x08, 0xa6, 0x08, 0xa6,
    0x08, 0xa6, 0x08, 0xa6, 0x08, 0xa6, 0x08, 0xa6, 0x08, 0xa6, 0x08, 0xa6, 0x08, 0xa6, 0x08, 0xa6,
    0x08, 0xa6, 0x08, 0xa6, 0x08, 0x86, 0x08, 0x86, 0x08, 0x86, 0x08, 0xa6, 0x08, 0xa6, 0x08, 0xa6,
    0x08, 0xa6, 0x08, 0xa6, 0x08, 0x86, 0x08, 0x86, 0x08, 0xa6, 0x08, 0xc7, 0x08, 0xa6, 0x08, 0xa6,
    0x08, 0xa6, 0x08, 0xa6, 0x08, 0xa6, 0x08, 0xc7, 0x08, 0xc7, 0x08, 0xc7, 0x08, 0xc7, 0x08, 0xc7,
    0x08, 0xe7, 0x08, 0xe7, 0x08, 0xe7, 0x08, 0xe8, 0x09, 0x08, 0x09, 0x08, 0x09, 0x28, 0x09, 0x28,
    0x09, 0x49, 0x09, 0x49, 0x09, 0x49, 0x09, 0x69, 0x09, 0x6a, 0x09, 0x8a, 0x01, 0x8a, 0x09, 0xeb,
    0x09, 0xeb, 0x09, 0xec, 0x01, 0xcb, 0x12, 0x4e, 0x02, 0x4d, 0x02, 0xae, 0x1c, 0x54, 0x4e, 0x3b,
    0x3e, 0x3a, 0x1d, 0x36, 0x1c, 0xf6, 0x3d, 0xd9, 0x56, 0x5b, 0x3c, 0xf6, 0x02, 0x6d, 0x0a, 0x6e,
    0x1a, 0x8f, 0x09, 0xcc, 0x01, 0x4a, 0x11, 0xac, 0x22, 0x0e, 0x11, 0xac, 0x09, 0x6b, 0x09, 0x6b,
    0x09, 0x6b, 0x09, 0x6b, 0x11, 0x6b, 0x11, 0x6b, 0x11, 0x4b, 0x11, 0x4b, 0x09, 0x2a, 0x09, 0x2a,
    0x09, 0x2a, 0x09, 0x2a, 0x09, 0x2a, 0x11, 0x0a, 0x11, 0x0a, 0x11, 0x0a, 0x19, 0x2b, 0x21, 0x6c,
    0x19, 0x6c, 0x11, 0x4c, 0x09, 0x6c, 0x09, 0xad, 0x01, 0xcd, 0x01, 0xcc, 0x09, 0xed, 0x01, 0xcc,
    0x0a, 0x2d, 0x01, 0xec, 0x0a, 0x4e, 0x01, 0xcc, 0x02, 0x4e, 0x0a, 0x8f, 0x0a, 0x8f, 0x02, 0x4e,
    0x02, 0x6e, 0x02, 0xaf, 0x02, 0xaf, 0x0a, 0xaf, 0x02, 0x8f, 0x02, 0x2d, 0x12, 0xf0, 0x02, 0x4e,
    0x02, 0x0d, 0x02, 0x6e, 0x02, 0x0c, 0x02, 0x2c, 0x12, 0xaf, 0x01, 0xcb, 0x11, 0xec, 0x11, 0xcc,
    0x11, 0x8b, 0x11, 0x6b, 0x11, 0x4b, 0x11, 0x4a, 0x11, 0x4a, 0x11, 0x4a, 0x09, 0x09, 0x00, 0xe8,
    0x09, 0x4a, 0x11, 0x4a, 0x09, 0x09, 0x00, 0xc7, 0x11, 0x4a, 0x11, 0x29, 0x08, 0xe8, 0x08, 0xe8,
    0x08, 0xc8, 0x08, 0xc8, 0x08, 0xc8, 0x08, 0xc8, 0x08, 0xc8, 0x08, 0xa7, 0x08, 0xa7, 0x08, 0xc7,
    0x08, 0xc7, 0x08, 0xa7, 0x08, 0xa7, 0x08, 0xa7, 0x08, 0xa7, 0x08, 0xa7, 0x00, 0x87, 0x00, 0x87,
    0x00, 0xa6, 0x08, 0x86, 0x08, 0x86, 0x08, 0x86, 0x08, 0x86, 0x08, 0x86, 0x08, 0x66, 0x08, 0x67,
    0x08, 0x67, 0x08, 0x67, 0x08, 0x67, 0x08, 0x67, 0x08, 0x67, 0x08, 0x67, 0x08, 0x67, 0x08, 0x67,
    0x08, 0x67, 0x08, 0x67, 0x08, 0x67, 0x08, 0x67, 0x08, 0x67, 0x08, 0x66, 0x08, 0x86, 0x08, 0xa6,
    0x08, 0xa6, 0x08, 0x86, 0x08, 0x86, 0x08, 0x86, 0x08, 0x86, 0x00, 0x65, 0x08, 0x86, 0x08, 0x86,
    0x08, 0x66, 0x08, 0x66, 0x08, 0x66, 0x08, 0x66, 0x08, 0x66, 0x08, 0x66, 0x00, 0x45, 0x19, 0x08,
    0x08, 0x85, 0x08, 0x85, 0x08, 0x85, 0x08, 0x85, 0x08, 0x85, 0x08, 0x85, 0x08, 0x85, 0x08, 0x85,
    0x08, 0x85, 0x08, 0x85, 0x08, 0x85, 0x08, 0x85, 0x08, 0x85, 0x08, 0x85, 0x08, 0x85, 0x08, 0x85,
    0x08, 0x85, 0x08, 0x85, 0x08, 0x85, 0x08, 0x85, 0x08, 0x85, 0x08, 0x85, 0x08, 0x85, 0x08, 0x85,
    0x08, 0x85, 0x08, 0x85, 0x08, 0x85, 0x08, 0x85, 0x08, 0x85, 0x08, 0x85, 0x08, 0x86, 0x08, 0x86,
    0x08, 0x86, 0x08, 0x86, 0x08, 0x86, 0x08, 0x86, 0x08, 0x86, 0x08, 0x86, 0x08, 0x86, 0x08, 0x86,
    0x08, 0x86, 0x08, 0x86, 0x08, 0x86, 0x08, 0x86, 0x08, 0x86, 0x08, 0x86, 0x08, 0x86, 0x08, 0x86,
    0x08, 0x86, 0x08, 0x86, 0x08, 0x86, 0x08, 0x86, 0x08, 0x86, 0x08, 0x86, 0x08, 0x86, 0x08, 0x86,
    0x08, 0x86, 0x08, 0x86, 0x08, 0x86, 0x08, 0x86, 0x08, 0x86, 0x08, 0x86, 0x08, 0x86, 0x08, 0x86,
    0x08, 0x86, 0x08, 0x86, 0x08, 0x86, 0x08, 0x86, 0x08, 0x86, 0x08, 0x86, 0x08, 0x86, 0x08, 0x86,
    0x08, 0x86, 0x08, 0x86, 0x08, 0x86, 0x08, 0x86, 0x08, 0x86, 0x08, 0x86, 0x08, 0xa6, 0x08, 0xa6,
    0x08, 0xa6, 0x08, 0xa6, 0x08, 0xa6, 0x08, 0xa6, 0x08, 0xa6, 0x08, 0xa6, 0x08, 0xa6, 0x08, 0xa6,
    0x08, 0xa6, 0x08, 0xa6, 0x08, 0xa6, 0x08, 0xa6, 0x08, 0xa6, 0x08, 0xa6, 0x08, 0xa6, 0x08, 0xa6,
    0x08, 0xa6, 0x08, 0xa6, 0x08, 0xa6, 0x08, 0xa6, 0x08, 0xa6, 0x08, 0xa6, 0x08, 0xa6, 0x08, 0xa6,
    0x08, 0xa6, 0x08, 0xa6, 0x08, 0xa6, 0x08, 0xa6, 0x08, 0xa6, 0x08, 0xa6, 0x08, 0xa6, 0x08, 0xa6,
    0x08, 0xa6, 0x08, 0xa6, 0x08, 0xa6, 0x08, 0xa6, 0x08, 0xa6, 0x08, 0xa6, 0x08, 0xa6, 0x08, 0xa6,
    0x08, 0xa6, 0x08, 0xa6, 0x08, 0xa6, 0x08, 0xa6, 0x08, 0xa6, 0x08, 0xa6, 0x08, 0xa6, 0x08, 0xa6,
    0x08, 0xa6, 0x08, 0xa6, 0x08, 0xa6, 0x08, 0xa6, 0x08, 0xa6, 0x08, 0xa6, 0x08, 0xa6, 0x08, 0xa6,
    0x08, 0xa6, 0x08, 0xa6, 0x08, 0x86, 0x08, 0x86, 0x08, 0x86, 0x08, 0xa6, 0x08, 0xa6, 0x08, 0xa6,
    0x08, 0xa6, 0x08, 0xa6, 0x08, 0x86, 0x08, 0x86, 0x08, 0xa6, 0x08, 0xc7, 0x08, 0xa6, 0x08, 0xa6,
    0x08, 0xa6, 0x08, 0xa6, 0x08, 0xa6, 0x08, 0xc7, 0x08, 0xc7, 0x08, 0xc7, 0x08, 0xc7, 0x08, 0xc7,
    0x08, 0xe7, 0x08, 0xe7, 0x08, 0xe7, 0x08, 0xe8, 0x08, 0xe8, 0x09, 0x08, 0x09, 0x28, 0x09, 0x28,
    0x09, 0x49, 0x09, 0x49, 0x09, 0x49, 0x09, 0x49, 0x09, 0x6a, 0x09, 0x8a, 0x09, 0xaa, 0x01, 0xaa,
    0x09, 0xab, 0x12, 0x0d, 0x09, 0xab, 0x0a, 0x2d, 0x02, 0x2d, 0x02, 0x8e, 0x02, 0x6d, 0x03, 0x91,
    0x35, 0x37, 0x3d, 0xb9, 0x45, 0xd9, 0x3d, 0x57, 0x0b, 0xb1, 0x02, 0x6d, 0x02, 0x2d, 0x0a, 0x6e,
    0x01, 0x4a, 0x12, 0x2d, 0x12, 0x0d, 0x01, 0x6b, 0x01, 0x4a, 0x01, 0x4a, 0x01, 0x4a, 0x01, 0x4a,
    0x01, 0x4a, 0x01, 0x4a, 0x01, 0x2a, 0x01, 0x2a, 0x01, 0x0a, 0x01, 0x09, 0x00, 0xea, 0x00, 0xea,
    0x00, 0xea, 0x00, 0xea, 0x00, 0xea, 0x08, 0xea, 0x08, 0xea, 0x08, 0xea, 0x08, 0xea, 0x09, 0x2a,
    0x00, 0xea, 0x01, 0x2a, 0x1a, 0x90, 0x54, 0x98, 0x6d, 0xbc, 0x65, 0x9b, 0x65, 0x5a, 0x12, 0xd0,
    0x01, 0x8a, 0x01, 0xcb, 0x54, 0xf8, 0x76, 0x1c, 0x86, 0x9e, 0x65, 0xbb, 0x34, 0x75, 0x02, 0xae,
    0x02, 0x6d, 0x2c, 0x75, 0x6e, 0x3d, 0x76, 0x9e, 0x66, 0x3c, 0x5d, 0xbb, 0x02, 0x6e, 0x02, 0x2d,
    0x1b, 0x71, 0x5d, 0x9a, 0x76, 0x3c, 0x76, 0x3d, 0x6d, 0xba, 0x2b, 0x51, 0x01, 0x8b, 0x01, 0x6a,
    0x01, 0x2a, 0x01, 0x09, 0x01, 0x09, 0x09, 0x09, 0x09, 0x09, 0x09, 0x09, 0x01, 0x09, 0x00, 0xc8,
    0x00, 0xa7, 0x01, 0x09, 0x00, 0x67, 0x00, 0xc8, 0x00, 0xa8, 0x00, 0xa8, 0x00, 0xa8, 0x00, 0xa7,
    0x00, 0x87, 0x00, 0x87, 0x00, 0x87, 0x00, 0x87, 0x00, 0x67, 0x00, 0x67, 0x00, 0x67, 0x00, 0x67,
    0x00, 0x67, 0x00, 0x67, 0x00, 0x67, 0x00, 0x67, 0x00, 0x66, 0x00, 0x66, 0x00, 0x46, 0x00, 0x46,
    0x00, 0x66, 0x00, 0x66, 0x00, 0x46, 0x00, 0x46, 0x00, 0x46, 0x00, 0x46, 0x00, 0x47, 0x00, 0x47,
    0x00, 0x47, 0x00, 0x47, 0x00, 0x47, 0x00, 0x47, 0x00, 0x47, 0x00, 0x27, 0x00, 0x47, 0x00, 0x47,
    0x00, 0x47, 0x00, 0x47, 0x00, 0x47, 0x00, 0x47, 0x00, 0x47, 0x00, 0x47, 0x00, 0x46, 0x00, 0x66,
    0x00, 0x66, 0x00, 0x45, 0x00, 0x46, 0x00, 0x66, 0x00, 0x66, 0x00, 0x25, 0x00, 0x45, 0x00, 0x45,
    0x00, 0x45, 0x00, 0x45, 0x00, 0x45, 0x00, 0x45, 0x00, 0x45, 0x00, 0x45, 0x00, 0x25, 0x10, 0xe8,
    0x08, 0x85, 0x08, 0x85, 0x08, 0x85, 0x08, 0x85, 0x08, 0x85, 0x08, 0x85, 0x08, 0x85, 0x08, 0x85,
    0x08, 0x85, 0x08, 0x85, 0x08, 0x85, 0x08, 0x85, 0x08, 0x85, 0x08, 0x85, 0x08, 0x85, 0x08, 0x85,
    0x08, 0x85, 0x08, 0x85, 0x08, 0x85, 0x08, 0x85, 0x08, 0x85, 0x08, 0x85, 0x08, 0x86, 0x08, 0x86,
    0x08, 0x86, 0x08, 0x86, 0x08, 0x86, 0x08, 0x86, 0x08, 0x86, 0x08, 0x86, 0x08, 0x86, 0x08, 0x86,
    0x08, 0x86, 0x08, 0x86, 0x08, 0x86, 0x08, 0x86, 0x08, 0x86, 0x08, 0x86, 0x08, 0x86, 0x08, 0x86,
    0x08, 0x86, 0x08, 0x86, 0x08, 0x86, 0x08, 0x86, 0x08, 0x86, 0x08, 0x86, 0x08, 0x86, 0x08, 0x86,
    0x08, 0x86, 0x08, 0x86, 0x08, 0x86, 0x08, 0x86, 0x08, 0x86, 0x08, 0x86, 0x08, 0x86, 0x08, 0x86,
    0x08, 0x86, 0x08, 0x86, 0x08, 0x86, 0x08, 0x86, 0x08, 0x86, 0x08, 0x86, 0x08, 0x86, 0x08, 0x86,
    0x08, 0x86, 0x08, 0x86, 0x08, 0x86, 0x08, 0x86, 0x08, 0x86, 0x08, 0x86, 0x08, 0x86, 0x08, 0x86,
    0x08, 0x86, 0x08, 0x86, 0x08, 0x86, 0x08, 0x86, 0x08, 0x86, 0x08, 0x86, 0x08, 0xa6, 0x08, 0xa6,
    0x08, 0xa6, 0x08, 0xa6, 0x08, 0xa6, 0x08, 0xa6, 0x08, 0xa6, 0x08, 0xa6, 0x08, 0xa6, 0x08, 0xa6,
    0x08, 0xa6, 0x08, 0xa6, 0x08, 0xa6, 0x08, 0xa6, 0x08, 0xa6, 0x08, 0xa6, 0x08, 0xa6, 0x08, 0xa6,
    0x08, 0xa6, 0x08, 0xa6, 0x08, 0xa6, 0x08, 0xa6, 0x08, 0xa6, 0x08, 0xa6, 0x08, 0xa6, 0x08, 0xa6,
    0x08, 0xa6, 0x08, 0xa6, 0x08, 0xa6, 0x08, 0xa6, 0x08, 0xa6, 0x08, 0xa6, 0x08, 0xa6, 0x08, 0xa6,
    0x08, 0xa6, 0x08, 0xa6, 0x08, 0xa6, 0x08, 0x86, 0x08, 0x86, 0x08, 0x86, 0x08, 0xa6, 0x08, 0xa6,
    0x08, 0xa6, 0x08, 0xa6, 0x08, 0x86, 0x08, 0x86, 0x08, 0x86, 0x08, 0x86, 0x08, 0x86, 0x08, 0x86,
    0x08, 0xa6, 0x08, 0xa6, 0x08, 0xa6, 0x08, 0xa6, 0x08, 0x86, 0x08, 0x86, 0x08, 0xa6, 0x08, 0xa6,
    0x08, 0x86, 0x08, 0x86, 0x08, 0x86, 0x08, 0x86, 0x08, 0xa6, 0x08, 0xa6, 0x08, 0xa6, 0x08, 0xa6,
    0x08, 0xa6, 0x08, 0xa6, 0x08, 0xa6, 0x08, 0xa6, 0x08, 0xa6, 0x08, 0xa6, 0x08, 0xc7, 0x08, 0xa6,
    0x08, 0xa6, 0x08, 0xa6, 0x08, 0xa6, 0x08, 0xa6, 0x08, 0xc7, 0x08, 0xc7, 0x08, 0xc7, 0x08, 0xc7,
    0x08, 0xc7, 0x08, 0xe7, 0x08, 0xe7, 0x08, 0xe8, 0x08, 0xe8, 0x09, 0x08, 0x09, 0x08, 0x09, 0x28,
    0x09, 0x29, 0x09, 0x49, 0x09, 0x49, 0x09, 0x49, 0x09, 0x69, 0x09, 0x6a, 0x09, 0xab, 0x09, 0xcb,
    0x09, 0x8a, 0x11, 0xec, 0x11, 0xcc, 0x12, 0x0d, 0x01, 0xcc, 0x23, 0x31, 0x2b, 0xf3, 0x1b, 0xd2,
    0x0b, 0x91, 0x0b, 0x90, 0x0b, 0x70, 0x13, 0x91, 0x23, 0xb2, 0x2b, 0xf3, 0x2b, 0xf3, 0x2b, 0xd3,
    0x2b, 0x92, 0x2b, 0x72, 0x2b, 0x31, 0x2b, 0x11, 0x2a, 0xf0, 0x22, 0xf0, 0x22, 0xf0, 0x22, 0xf0,
    0x22, 0xd0, 0x22, 0xcf, 0x22, 0xaf, 0x22, 0x8f, 0x22, 0x6e, 0x22, 0x6e, 0x2a, 0x6f, 0x2a, 0x6f,
    0x2a, 0x6f, 0x2a, 0x6f, 0x2a, 0x6f, 0x2a, 0x6f, 0x2a, 0x6f, 0x2a, 0x6f, 0x32, 0xd0, 0x2a, 0x8f,
    0x2b, 0x11, 0x1a, 0xb0, 0x2b, 0xb4, 0x65, 0xbb, 0x66, 0x3d, 0x76, 0xbe, 0x6e, 0x5c, 0x2c, 0x14,
    0x23, 0xd3, 0x1b, 0xb2, 0x66, 0x3c, 0x7e, 0xff, 0x76, 0xff, 0x7f, 0x3f, 0x4d, 0xfb, 0x0b, 0xf3,
    0x0b, 0xf2, 0x45, 0xfa, 0x66, 0xde, 0x6f, 0x1f, 0x6f, 0x1f, 0x6e, 0xfe, 0x0b, 0x92, 0x24, 0x34,
    0x2c, 0x95, 0x66, 0x5c, 0x7f, 0x3f, 0x76, 0xde, 0x76, 0x9d, 0x5d, 0x59, 0x23, 0x51, 0x23, 0x30,
    0x2a, 0xf0, 0x2a, 0xd0, 0x2a, 0xcf, 0x2a, 0x8f, 0x22, 0x8e, 0x22, 0x6e, 0x2a, 0x6e, 0x2a, 0x4e,
    0x22, 0x2e, 0x22, 0x0d, 0x22, 0x0d, 0x21, 0xed, 0x19, 0xcc, 0x19, 0xac, 0x21, 0xac, 0x19, 0xac,
    0x19, 0x8c, 0x19, 0x8c, 0x19, 0x6b, 0x19, 0x6b, 0x19, 0x4b, 0x19, 0x4b, 0x19, 0x4b, 0x19, 0x4b,
    0x19, 0x4b, 0x19, 0x4a, 0x19, 0x2a, 0x19, 0x2a, 0x11, 0x2a, 0x11, 0x2a, 0x19, 0x2a, 0x19, 0x2a,
    0x19, 0x2a, 0x19, 0x0a, 0x19, 0x0a, 0x11, 0x09, 0x11, 0x09, 0x11, 0x09, 0x10, 0xea, 0x10, 0xea,
    0x10, 0xea, 0x10, 0xea, 0x10, 0xea, 0x10, 0xea, 0x10, 0xea, 0x10, 0xea, 0x10, 0xea, 0x10, 0xea,
    0x10, 0xea, 0x10, 0xea, 0x18, 0xea, 0x10, 0xea, 0x18, 0xea, 0x18, 0xea, 0x10, 0xe9, 0x10, 0xe9,
    0x10, 0xe9, 0x10, 0xe9, 0x10, 0xe9, 0x10, 0xe9, 0x18, 0xe9, 0x18, 0xe9, 0x18, 0xe8, 0x18, 0xe8,
    0x18, 0xe8, 0x18, 0xe9, 0x18, 0xe9, 0x18, 0xe9, 0x18, 0xe9, 0x18, 0xe9, 0x10, 0xc8, 0x19, 0x29,
    0x08, 0x85, 0x08, 0x85, 0x08, 0x85, 0x08, 0x85, 0x08, 0x85, 0x08, 0x85, 0x08, 0x85, 0x08, 0x85,
    0x08, 0x85, 0x08, 0x85, 0x08, 0x85, 0x08, 0x85, 0x08, 0x85, 0x08, 0x85, 0x08, 0x85, 0x08, 0x85,
    0x08, 0x85, 0x08, 0x85, 0x08, 0x85, 0x08, 0x85, 0x08, 0x85, 0x08, 0x85, 0x08, 0x86, 0x08, 0x86,
    0x08, 0x86, 0x08, 0x86, 0x08, 0x86, 0x08, 0x86, 0x08, 0x86, 0x08, 0x86, 0x08, 0x86, 0x08, 0x86,
    0x08, 0x86, 0x08, 0x86, 0x08, 0x86, 0x08, 0x86, 0x08, 0x86, 0x08, 0x86, 0x08, 0x86, 0x08, 0x86,
    0x08, 0x86, 0x08, 0x86, 0x08, 0x86, 0x08, 0x86, 0x08, 0x86, 0x08, 0x86, 0x08, 0x86, 0x08, 0x86,
    0x08, 0x86, 0x08, 0x86, 0x08, 0x86, 0x08, 0x86, 0x08, 0x86, 0x08, 0x86, 0x08, 0x86, 0x08, 0x86,
    0x08, 0x86, 0x08, 0x86, 0x08, 0x86, 0x08, 0x86, 0x08, 0x86, 0x08, 0x86, 0x08, 0x86, 0x08, 0x86,
    0x08, 0x86, 0x08, 0x86, 0x08, 0x86, 0x08, 0x86, 0x08, 0x86, 0x08, 0x86, 0x08, 0x86, 0x08, 0x86,
    0x08, 0x86, 0x08, 0x86, 0x08, 0x86, 0x08, 0x86, 0x08, 0x86, 0x08, 0x86, 0x08, 0xa6, 0x08, 0xa6,
    0x08, 0xa6, 0x08, 0xa6, 0x08, 0xa6, 0x08, 0xa6, 0x08, 0xa6, 0x08, 0xa6, 0x08, 0xa6, 0x08, 0xa6,
    0x08, 0xa6, 0x08, 0xa6, 0x08, 0xa6, 0x08, 0xa6, 0x08, 0xa6, 0x08, 0xa6, 0x08, 0xa6, 0x08, 0xa6,
    0x08, 0xa6, 0x08, 0xa6, 0x08, 0xa6, 0x08, 0xa6, 0x08, 0xa6, 0x08, 0xa6, 0x08, 0xa6, 0x08, 0xa6,
    0x08, 0xa6, 0x08, 0xa6, 0x08, 0xa6, 0x08, 0xa6, 0x08, 0xa6, 0x08, 0xa6, 0x08, 0xa6, 0x08, 0xa6,
    0x08, 0xa6, 0x08, 0xa6, 0x08, 0xa6, 0x08, 0xa6, 0x08, 0x86, 0x08, 0x86, 0x08, 0xa6, 0x08, 0xa6,
    0x08, 0xa6, 0x08, 0xa6, 0x08, 0xa6, 0x08, 0x86, 0x08, 0x86, 0x08, 0x86, 0x08, 0x86, 0x08, 0x86,
    0x08, 0xa6, 0x08, 0xa6, 0x08, 0xa6, 0x08, 0xa6, 0x08, 0x86, 0x08, 0x86, 0x08, 0xa6, 0x08, 0xa6,
    0x08, 0x86, 0x08, 0x86, 0x08, 0x86, 0x08, 0x86, 0x08, 0xa6, 0x08, 0xa6, 0x08, 0xa6, 0x08, 0xa6,
    0x08, 0xa6, 0x08, 0xa6, 0x08, 0xa6, 0x08, 0xa6, 0x08, 0xa6, 0x08, 0xa6, 0x08, 0xc7, 0x08, 0xa6,
    0x08, 0xa6, 0x08, 0xa6, 0x08, 0xa6, 0x08, 0xa6, 0x08, 0xc7, 0x08, 0xc7, 0x08, 0xc7, 0x08, 0xc7,
    0x08, 0xc7, 0x08, 0xe7, 0x08, 0xe7, 0x08, 0xe8, 0x08, 0xe8, 0x09, 0x08, 0x09, 0x08, 0x09, 0x08,
    0x09, 0x29, 0x09, 0x29, 0x09, 0x49, 0x09, 0x49, 0x09, 0x49, 0x09, 0x69, 0x09, 0x8a, 0x09, 0xab,
    0x11, 0xab, 0x11, 0xab, 0x11, 0xab, 0x00, 0xe8, 0x43, 0xb3, 0x75, 0x7a, 0x75, 0xbb, 0x65, 0xba,
    0x65, 0xba, 0x65, 0xda, 0x65, 0xda, 0x65, 0xba, 0x6d, 0xba, 0x75, 0xba, 0x6d, 0x9a, 0x6d, 0x7a,
    0x6d, 0x59, 0x6d, 0x39, 0x6c, 0xf8, 0x64, 0xd8, 0x64, 0xb8, 0x64, 0xb7, 0x5c, 0x97, 0x5c, 0x96,
    0x5c, 0x96, 0x5c, 0x96, 0x5c, 0x76, 0x5c, 0x55, 0x5c, 0x35, 0x5c, 0x35, 0x5c, 0x36, 0x5c, 0x15,
    0x5c, 0x15, 0x5c, 0x35, 0x5c, 0x35, 0x5c, 0x35, 0x5c, 0x36, 0x5c, 0x36, 0x54, 0x15, 0x54, 0x35,
    0x5c, 0xb7, 0x44, 0x56, 0x4d, 0x18, 0x76, 0xbe, 0x66, 0x7d, 0x5e, 0x3c, 0x7e, 0xff, 0x55, 0x99,
    0x5d, 0xfa, 0x4d, 0x99, 0x76, 0xfe, 0x6e, 0xde, 0x66, 0x9d, 0x6e, 0xfe, 0x56, 0x7c, 0x45, 0xda,
    0x4e, 0x5c, 0x56, 0x9c, 0x66, 0xfe, 0x67, 0x3f, 0x77, 0x9f, 0x5e, 0xbd, 0x66, 0x9d, 0x55, 0xda,
    0x4d, 0x99, 0x6e, 0xde, 0x76, 0xde, 0x76, 0xde, 0x87, 0x1f, 0x5d, 0x99, 0x5d, 0x59, 0x5d, 0x38,
    0x64, 0xf7, 0x64, 0xb7, 0x5c, 0x96, 0x5c, 0x76, 0x5c, 0x55, 0x5c, 0x55, 0x53, 0xd4, 0x53, 0xb4,
    0x53, 0xb4, 0x53, 0x93, 0x53, 0x93, 0x53, 0x73, 0x53, 0x73, 0x4b, 0x53, 0x42, 0xf1, 0x42, 0xf1,
    0x42, 0xd1, 0x42, 0xd1, 0x42, 0xd1, 0x42, 0xb1, 0x42, 0xb0, 0x42, 0x90, 0x42, 0x6f, 0x3a, 0x6f,
    0x3a, 0x6f, 0x3a, 0x6f, 0x3a, 0x4f, 0x3a, 0x4f, 0x3a, 0x4f, 0x3a, 0x4f, 0x31, 0xed, 0x31, 0xed,
    0x31, 0xed, 0x31, 0xed, 0x31, 0xed, 0x31, 0xed, 0x31, 0xed, 0x31, 0xed, 0x29, 0xcd, 0x29, 0xcd,
    0x29, 0xcd, 0x29, 0xcd, 0x29, 0xcd, 0x29, 0xcd, 0x29, 0xcd, 0x29, 0xcd, 0x31, 0xcd, 0x31, 0xcd,
    0x31, 0xcd, 0x31, 0xcd, 0x31, 0xcd, 0x31, 0xcd, 0x31, 0xcd, 0x31, 0xcd, 0x31, 0xcc, 0x31, 0xcc,
    0x31, 0xcc, 0x31, 0xcc, 0x31, 0xcc, 0x31, 0xcc, 0x31, 0xac, 0x31, 0xac, 0x31, 0xac, 0x31, 0xac,
    0x31, 0xac, 0x31, 0xac, 0x31, 0xac, 0x31, 0xac, 0x31, 0xac, 0x31, 0xac, 0x29, 0x8b, 0x31, 0xed,
    0x08, 0x85, 0x08, 0x85, 0x08, 0x85, 0x08, 0x85, 0x08, 0x85, 0x08, 0x85, 0x08, 0x85, 0x08, 0x85,
    0x08, 0x85, 0x08, 0x85, 0x08, 0x85, 0x08, 0x85, 0x08, 0x85, 0x08, 0x85, 0x08, 0x85, 0x08, 0x85,
    0x08, 0x85, 0x08, 0x85, 0x08, 0x85, 0x08, 0x85, 0x08, 0x85, 0x08, 0x85, 0x08, 0x86, 0x08, 0x86,
    0x08, 0x86, 0x08, 0x86, 0x08, 0x86, 0x08, 0x86, 0x08, 0x86, 0x08, 0x86, 0x08, 0x86, 0x08, 0x86,
    0x08, 0x86, 0x08, 0x86, 0x08, 0x86, 0x08, 0x86, 0x08, 0x86, 0x08, 0x86, 0x08, 0x86, 0x08, 0x86,
    0x08, 0x86, 0x08, 0x86, 0x08, 0x86, 0x08, 0x86, 0x08, 0x86, 0x08, 0x86, 0x08, 0x86, 0x08, 0x86,
    0x08, 0x86, 0x08, 0x86, 0x08, 0x86, 0x08, 0x86, 0x08, 0x86, 0x08, 0x86, 0x08, 0x86, 0x08, 0x86,
    0x08, 0x86, 0x08, 0x86, 0x08, 0x86, 0x08, 0x86, 0x08, 0x86, 0x08, 0x86, 0x08, 0x86, 0x08, 0x86,
    0x08, 0x86, 0x08, 0x86, 0x08, 0x86, 0x08, 0x86, 0x08, 0x86, 0x08, 0x86, 0x08, 0x86, 0x08, 0x86,
    0x08, 0x86, 0x08, 0x86, 0x08, 0x86, 0x08, 0x86, 0x08, 0x86, 0x08, 0x86, 0x08, 0xa6, 0x08, 0xa6,
    0x08, 0xa6, 0x08, 0xa6, 0x08, 0xa6, 0x08, 0xa6, 0x08, 0xa6, 0x08, 0xa6, 0x08, 0xa6, 0x08, 0xa6,
    0x08, 0xa6, 0x08, 0xa6, 0x08, 0xa6, 0x08, 0xa6, 0x08, 0xa6, 0x08, 0xa6, 0x08, 0xa6, 0x08, 0xa6,
    0x08, 0xa6, 0x08, 0xa6, 0x08, 0xa6, 0x08, 0xa6, 0x08, 0xa6, 0x08, 0xa6, 0x08, 0xa6, 0x08, 0xa6,
    0x08, 0xa6, 0x08, 0xa6, 0x08, 0xa6, 0x08, 0xa6, 0x08, 0xa6, 0x08, 0xa6, 0x08, 0xa6, 0x08, 0xa6,
    0x08, 0xa6, 0x08, 0xa6, 0x08, 0xa6, 0x08, 0xa6, 0x08, 0xa6, 0x08, 0xa6, 0x08, 0xa6, 0x08, 0xa6,
    0x08, 0xa6, 0x08, 0xa6, 0x08, 0xa6, 0x08, 0xa6, 0x08, 0xa6, 0x08, 0xa6, 0x08, 0x86, 0x08, 0xa6,
    0x08, 0xa6, 0x08, 0xa6, 0x08, 0xa6, 0x08, 0xa6, 0x08, 0xa6, 0x08, 0x86, 0x08, 0xa6, 0x08, 0xa6,
    0x08, 0xa6, 0x08, 0x86, 0x08, 0x86, 0x08, 0xa6, 0x08, 0xa6, 0x08, 0xa6, 0x08, 0xa6, 0x08, 0xa6,
    0x08, 0xa6, 0x08, 0xa6, 0x08, 0xa6, 0x08, 0xa6, 0x08, 0xa6, 0x08, 0xa6, 0x08, 0xc7, 0x08, 0xa6,
    0x08, 0xa6, 0x08, 0xa6, 0x08, 0xa6, 0x08, 0xa6, 0x08, 0xc7, 0x08, 0xc7, 0x08, 0xc7, 0x08, 0xc7,
    0x08, 0xc7, 0x08, 0xe7, 0x08, 0xe7, 0x08, 0xe8, 0x08, 0xe8, 0x09, 0x08, 0x09, 0x08, 0x09, 0x08,
    0x09, 0x29, 0x09, 0x29, 0x09, 0x29, 0x09, 0x49, 0x09, 0x49, 0x09, 0x69, 0x11, 0xab, 0x01, 0x49,
    0x11, 0x8b, 0x19, 0xec, 0x09, 0x4a, 0x01, 0x4a, 0x74, 0xf9, 0x5c, 0x96, 0x01, 0xab, 0x01, 0xcb,
    0x01, 0xeb, 0x02, 0x0c, 0x02, 0x0c, 0x01, 0xcb, 0x01, 0xab, 0x01, 0xab, 0x01, 0xab, 0x01, 0x8b,
    0x01, 0x8b, 0x01, 0x6a, 0x01, 0x4a, 0x01, 0x2a, 0x01, 0x2a, 0x01, 0x29, 0x01, 0x29, 0x01, 0x29,
    0x01, 0x29, 0x01, 0x29, 0x01, 0x09, 0x01, 0x08, 0x00, 0xe8, 0x00, 0xc8, 0x00, 0xc8, 0x00, 0xc8,
    0x00, 0xc8, 0x00, 0xc8, 0x00, 0xe8, 0x00, 0xe8, 0x00, 0xe8, 0x01, 0x09, 0x01, 0x49, 0x01, 0x4a,
    0x01, 0xab, 0x01, 0x8a, 0x13, 0x10, 0x5d, 0x9a, 0x66, 0x5d, 0x6e, 0x7d, 0x66, 0x1b, 0x13, 0x71,
    0x02, 0x6d, 0x02, 0x8d, 0x4d, 0x79, 0x76, 0xde, 0x76, 0xde, 0x6e, 0xbd, 0x35, 0x37, 0x02, 0xad,
    0x03, 0x2f, 0x2d, 0x37, 0x77, 0x5f, 0x5e, 0x9c, 0x5e, 0xbd, 0x5e, 0x7d, 0x02, 0xae, 0x02, 0x6d,
    0x24, 0x13, 0x6e, 0x9d, 0x76, 0xbe, 0x76, 0xbd, 0x76, 0x5c, 0x2b, 0xd2, 0x01, 0xcb, 0x01, 0xaa,
    0x01, 0x6a, 0x01, 0x49, 0x01, 0x29, 0x01, 0x29, 0x01, 0x29, 0x01, 0x29, 0x01, 0x29, 0x01, 0x09,
    0x00, 0xe9, 0x00, 0xe9, 0x00, 0xe9, 0x00, 0xe9, 0x00, 0xe9, 0x00, 0xc8, 0x00, 0xc9, 0x00, 0xc8,
    0x00, 0xa8, 0x00, 0xa8, 0x00, 0xa8, 0x00, 0xa8, 0x00, 0x88, 0x00, 0x68, 0x00, 0x67, 0x00, 0x47,
    0x00, 0x47, 0x00, 0x47, 0x00, 0x47, 0x00, 0x47, 0x00, 0x27, 0x00, 0x46, 0x00, 0x67, 0x00, 0x67,
    0x00, 0x67, 0x00, 0x67, 0x00, 0x47, 0x00, 0x47, 0x00, 0x47, 0x00, 0x47, 0x00, 0x66, 0x00, 0x66,
    0x00, 0x66, 0x00, 0x66, 0x00, 0x66, 0x00, 0x66, 0x00, 0x66, 0x00, 0x66, 0x00, 0x46, 0x00, 0x46,
    0x00, 0x46, 0x00, 0x46, 0x00, 0x46, 0x00, 0x46, 0x00, 0x46, 0x00, 0x46, 0x00, 0x46, 0x00, 0x46,
    0x00, 0x46, 0x00, 0x46, 0x00, 0x46, 0x00, 0x46, 0x00, 0x46, 0x00, 0x46, 0x00, 0x26, 0x00, 0x26,
    0x00, 0x26, 0x00, 0x26, 0x00, 0x46, 0x00, 0x46, 0x00, 0x46, 0x00, 0x46, 0x00, 0x66, 0x10, 0xc8,
    0x08, 0x85, 0x08, 0x85, 0x08, 0x85, 0x08, 0x85, 0x08, 0x85, 0x08, 0x85, 0x08, 0x85, 0x08, 0x85,
    0x08, 0x85, 0x08, 0x85, 0x08, 0x85, 0x08, 0x85, 0x08, 0x85, 0x08, 0x85, 0x08, 0x85, 0x08, 0x85,
    0x08, 0x85, 0x08, 0x85, 0x08, 0x85, 0x08, 0x85, 0x08, 0x85, 0x08, 0x85, 0x08, 0x86, 0x08, 0x86,
    0x08, 0x86, 0x08, 0x86, 0x08, 0x86, 0x08, 0x86, 0x08, 0x86, 0x08, 0x86, 0x08, 0x86, 0x08, 0x86,
    0x08, 0x86, 0x08, 0x86, 0x08, 0x86, 0x08, 0x86, 0x08, 0x86, 0x08, 0x86, 0x08, 0x86, 0x08, 0x86,
    0x08, 0x86, 0x08, 0x86, 0x08, 0x86, 0x08, 0x86, 0x08, 0x86, 0x08, 0x86, 0x08, 0x86, 0x08, 0x86,
    0x08, 0x86, 0x08, 0x86, 0x08, 0x86, 0x08, 0x86, 0x08, 0x86, 0x08, 0x86, 0x08, 0x86, 0x08, 0x86,
    0x08, 0x86, 0x08, 0x86, 0x08, 0x86, 0x08, 0x86, 0x08, 0x86, 0x08, 0x86, 0x08, 0x86, 0x08, 0x86,
    0x08, 0x86, 0x08, 0x86, 0x08, 0x86, 0x08, 0x86, 0x08, 0x86, 0x08, 0x86, 0x08, 0x86, 0x08, 0x86,
    0x08, 0x86, 0x08, 0x86, 0x08, 0x86, 0x08, 0xa6, 0x08, 0xa6, 0x08, 0xa6, 0x08, 0xa6, 0x08, 0xa6,
    0x08, 0xa6, 0x08, 0xa6, 0x08, 0xa6, 0x08, 0xa6, 0x08, 0xa6, 0x08, 0xa6, 0x08, 0xa6, 0x08, 0xa6,
    0x08, 0xa6, 0x08, 0xa6, 0x08, 0xa6, 0x08, 0xa6, 0x08, 0xa6, 0x08, 0xa6, 0x08, 0xc7, 0x08, 0xc7,
    0x08, 0xc7, 0x08, 0xc7, 0x08, 0xc7, 0x08, 0xc7, 0x08, 0xc7, 0x08, 0xc7, 0x08, 0xa6, 0x08, 0xa6,
    0x08, 0xa6, 0x08, 0xa6, 0x08, 0xa6, 0x08, 0xa6, 0x08, 0xa6, 0x08, 0xa6, 0x08, 0xa6, 0x08, 0xa6,
    0x08, 0xa6, 0x08, 0xa6, 0x08, 0xa6, 0x08, 0xa6, 0x08, 0xa6, 0x08, 0xa6, 0x08, 0xa6, 0x08, 0xa6,
    0x08, 0xa6, 0x08, 0xa6, 0x08, 0xa6, 0x08, 0xa6, 0x08, 0xa6, 0x08, 0xa6, 0x08, 0xa6, 0x08, 0xa6,
    0x08, 0xa6, 0x08, 0xa6, 0x08, 0xa6, 0x08, 0xa6, 0x08, 0xa6, 0x08, 0xa6, 0x08, 0xa6, 0x08, 0xa6,
    0x08, 0xa6, 0x08, 0xa6, 0x08, 0xa6, 0x08, 0xa6, 0x08, 0xa6, 0x08, 0xa6, 0x08, 0xa6, 0x08, 0xa6,
    0x08, 0xa6, 0x08, 0xa6, 0x08, 0xa6, 0x08, 0xa6, 0x08, 0xa6, 0x08, 0xa6, 0x08, 0xc7, 0x08, 0xa6,
    0x08, 0xa6, 0x08, 0xa6, 0x08, 0xa6, 0x08, 0xa6, 0x08, 0xc7, 0x08, 0xc7, 0x08, 0xc7, 0x08, 0xc7,
    0x08, 0xc7, 0x08, 0xc7, 0x08, 0xe7, 0x08, 0xe8, 0x08, 0xe8, 0x09, 0x08, 0x09, 0x08, 0x09, 0x08,
    0x09, 0x08, 0x09, 0x29, 0x09, 0x29, 0x09, 0x49, 0x09, 0x49, 0x09, 0x49, 0x09, 0x8a, 0x01, 0x29,
    0x09, 0x6a, 0x19, 0xec, 0x00, 0xc8, 0x43, 0x52, 0x6c, 0x97, 0x01, 0xab, 0x0a, 0x0d, 0x0a, 0x0c,
    0x0a, 0x0c, 0x0a, 0x2d, 0x0a, 0x2d, 0x0a, 0x0c, 0x0a, 0x0c, 0x12, 0x0c, 0x11, 0xec, 0x11, 0xcc,
    0x11, 0xcc, 0x11, 0xab, 0x11, 0xac, 0x11, 0x8b, 0x11, 0x8b, 0x11, 0x8b, 0x11, 0xab, 0x11, 0xab,
    0x11, 0xab, 0x11, 0xab, 0x11, 0xab, 0x11, 0x8b, 0x19, 0x6b, 0x19, 0x6b, 0x11, 0x6b, 0x11, 0x6b,
    0x11, 0x6b, 0x11, 0x6a, 0x09, 0x8a, 0x09, 0x8b, 0x11, 0x8b, 0x09, 0xab, 0x09, 0x8b, 0x09, 0x8b,
    0x09, 0xcc, 0x01, 0xab, 0x12, 0x8e, 0x34, 0x14, 0x3c, 0x55, 0x3c, 0x55, 0x3c, 0x55, 0x0a, 0xef,
    0x02, 0x6d, 0x02, 0x8d, 0x34, 0x54, 0x4d, 0x18, 0x45, 0x38, 0x4d, 0x38, 0x24, 0x54, 0x02, 0xef,
    0x03, 0x71, 0x24, 0x74, 0x4d, 0xba, 0x3d, 0x37, 0x45, 0x58, 0x3c, 0xf7, 0x0a, 0xef, 0x02, 0x6d,
    0x13, 0x31, 0x44, 0xb6, 0x44, 0xb6, 0x44, 0xd6, 0x4c, 0xd7, 0x23, 0x50, 0x02, 0x0c, 0x09, 0xec,
    0x09, 0xcb, 0x09, 0xab, 0x09, 0xab, 0x11, 0xab, 0x11, 0xab, 0x11, 0xcb, 0x09, 0x6a, 0x09, 0x4a,
    0x09, 0x4a, 0x09, 0x2a, 0x09, 0x2a, 0x09, 0x2a, 0x09, 0x2a, 0x09, 0x29, 0x09, 0x09, 0x09, 0x09,
    0x08, 0xe9, 0x08, 0xe9, 0x08, 0xe9, 0x08, 0xe9, 0x08, 0xe9, 0x08, 0xc8, 0x08, 0xc9, 0x08, 0xc8,
    0x08, 0xc9, 0x08, 0xc8, 0x08, 0xc8, 0x08, 0xc8, 0x08, 0xc8, 0x08, 0xc8, 0x00, 0x87, 0x00, 0x87,
    0x00, 0x87, 0x00, 0x87, 0x00, 0x87, 0x00, 0x87, 0x00, 0x67, 0x00, 0x67, 0x00, 0x86, 0x00, 0xa6,
    0x00, 0xa6, 0x00, 0xa6, 0x00, 0xa6, 0x00, 0x86, 0x00, 0x86, 0x00, 0x86, 0x00, 0x86, 0x00, 0x86,
    0x00, 0x86, 0x00, 0x86, 0x00, 0x86, 0x00, 0x86, 0x00, 0x86, 0x00, 0x86, 0x08, 0x66, 0x08, 0x66,
    0x08, 0x66, 0x08, 0x66, 0x08, 0x66, 0x08, 0x66, 0x08, 0x66, 0x08, 0x66, 0x08, 0x66, 0x08, 0x66,
    0x08, 0x66, 0x08, 0x66, 0x08, 0x66, 0x08, 0x66, 0x08, 0x87, 0x08, 0x87, 0x08, 0x66, 0x10, 0xc8,
    0x08, 0x85, 0x08, 0x85, 0x08, 0x85, 0x08, 0x85, 0x08, 0x85, 0x08, 0x85, 0x08, 0x85, 0x08, 0x85,
    0x08, 0x85, 0x08, 0x85, 0x08, 0x85, 0x08, 0x85, 0x08, 0x85, 0x08, 0x85, 0x08, 0x85, 0x08, 0x85,
    0x08, 0x85, 0x08, 0x85, 0x08, 0x85, 0x08, 0x85, 0x08, 0x85, 0x08, 0x85, 0x08, 0x86, 0x08, 0x86,
    0x08, 0x86, 0x08, 0x86, 0x08, 0x86, 0x08, 0x86, 0x08, 0x86, 0x08, 0x86, 0x08, 0x86, 0x08, 0x86,
    0x08, 0x86, 0x08, 0x86, 0x08, 0x86, 0x08, 0x86, 0x08, 0x86, 0x08, 0x86, 0x08, 0x86, 0x08, 0x86,
    0x08, 0x86, 0x08, 0x86, 0x08, 0x86, 0x08, 0x86, 0x08, 0x86, 0x08, 0x86, 0x08, 0x86, 0x08, 0x86,
    0x08, 0x86, 0x08, 0x86, 0x08, 0x86, 0x08, 0x86, 0x08, 0x86, 0x08, 0x86, 0x08, 0x86, 0x08, 0x86,
    0x08, 0x86, 0x08, 0x86, 0x08, 0x86, 0x08, 0x86, 0x08, 0x86, 0x08, 0x86, 0x08, 0x86, 0x08, 0x86,
    0x08, 0x86, 0x08, 0x86, 0x08, 0x86, 0x08, 0x86, 0x08, 0x86, 0x08, 0x86, 0x08, 0x86, 0x08, 0x86,
    0x08, 0x86, 0x08, 0x86, 0x08, 0xa6, 0x08, 0xa6, 0x08, 0xa6, 0x08, 0xa6, 0x08, 0xa6, 0x08, 0xa7,
    0x08, 0xa7, 0x08, 0xa7, 0x08, 0xa7, 0x08, 0xa7, 0x08, 0xa7, 0x08, 0xa7, 0x08, 0xa7, 0x08, 0xa7,
    0x08, 0xa7, 0x08, 0xa7, 0x08, 0xa7, 0x08, 0xa7, 0x08, 0xa7, 0x08, 0xa7, 0x08, 0xa7, 0x08, 0xa7,
    0x08, 0xa7, 0x08, 0xa7, 0x08, 0xa7, 0x08, 0xa7, 0x08, 0xa7, 0x08, 0xa7, 0x08, 0xa7, 0x08, 0xa7,
    0x08, 0xa7, 0x08, 0xa7, 0x08, 0xa7, 0x08, 0xa7, 0x08, 0xa7, 0x08, 0xa7, 0x08, 0xa7, 0x08, 0xa7,
    0x08, 0xa7, 0x08, 0xa7, 0x08, 0xa7, 0x08, 0xa7, 0x08, 0xa7, 0x08, 0xa7, 0x08, 0xa7, 0x08, 0xa7,
    0x08, 0xa7, 0x08, 0xa7, 0x08, 0xa7, 0x08, 0xa6, 0x08, 0xa6, 0x08, 0xa6, 0x08, 0x86, 0x08, 0x86,
    0x08, 0xa7, 0x08, 0xa7, 0x08, 0xa7, 0x08, 0xa7, 0x08, 0x86, 0x08, 0x86, 0x08, 0xa7, 0x08, 0xa7,
    0x08, 0x86, 0x08, 0x86, 0x08, 0x86, 0x08, 0x86, 0x08, 0xa7, 0x08, 0xa7, 0x08, 0xa6, 0x08, 0xa6,
    0x08, 0xa6, 0x08, 0xa6, 0x08, 0xa6, 0x08, 0xa6, 0x08, 0xa6, 0x08, 0xa6, 0x08, 0xc7, 0x08, 0xa6,
    0x08, 0xa6, 0x08, 0xa6, 0x08, 0xa6, 0x08, 0xa6, 0x08, 0xc7, 0x08, 0xc7, 0x08, 0xc7, 0x08, 0xc7,
    0x08, 0xc7, 0x08, 0xc7, 0x08, 0xe7, 0x08, 0xe8, 0x08, 0xe8, 0x09, 0x08, 0x09, 0x08, 0x09, 0x08,
    0x09, 0x08, 0x09, 0x28, 0x09, 0x29, 0x09, 0x29, 0x09, 0x49, 0x09, 0x49, 0x01, 0x49, 0x11, 0xab,
    0x09, 0x8b, 0x01, 0x29, 0x01, 0x4a, 0x74, 0xd8, 0x3b, 0x31, 0x01, 0x29, 0x12, 0x0d, 0x09, 0xec,
    0x09, 0xec, 0x09, 0xec, 0x09, 0xec, 0x09, 0xec, 0x09, 0xec, 0x11, 0xec, 0x09, 0xcb, 0x09, 0xab,
    0x09, 0xab, 0x11, 0xab, 0x11, 0x8b, 0x11, 0x8b, 0x11, 0x8b, 0x11, 0x8b, 0x09, 0x4a, 0x01, 0x6a,
    0x01, 0x6a, 0x01, 0x6a, 0x09, 0x6a, 0x09, 0x69, 0x09, 0x4a, 0x11, 0x2a, 0x11, 0x2a, 0x11, 0x2a,
    0x11, 0x2a, 0x09, 0x29, 0x09, 0x4a, 0x09, 0x4a, 0x09, 0x4a, 0x09, 0x6a, 0x11, 0x6a, 0x11, 0x6a,
    0x11, 0x8b, 0x09, 0x8b, 0x09, 0x8b, 0x01, 0xab, 0x01, 0x6a, 0x01, 0x6a, 0x01, 0x49, 0x01, 0xab,
    0x12, 0x6e, 0x0a, 0x4d, 0x0a, 0x4d, 0x01, 0xab, 0x01, 0xab, 0x02, 0x4d, 0x02, 0x4d, 0x0a, 0xcf,
    0x13, 0x10, 0x02, 0x8e, 0x02, 0x4d, 0x02, 0x6e, 0x02, 0x8e, 0x02, 0x0c, 0x1a, 0xf0, 0x12, 0x8e,
    0x02, 0x0c, 0x01, 0xec, 0x01, 0xab, 0x01, 0x8a, 0x01, 0xcb, 0x01, 0xab, 0x09, 0xcc, 0x11, 0xab,
    0x11, 0xab, 0x11, 0x8b, 0x11, 0x6a, 0x11, 0x4a, 0x09, 0x4a, 0x09, 0x49, 0x09, 0x6a, 0x09, 0x4a,
    0x09, 0x29, 0x09, 0x29, 0x09, 0x29, 0x09, 0x29, 0x09, 0x09, 0x09, 0x08, 0x08, 0xc8, 0x00, 0xc8,
    0x00, 0xc8, 0x00, 0xc7, 0x08, 0xc8, 0x08, 0xc7, 0x08, 0xa7, 0x00, 0xa7, 0x08, 0xa7, 0x08, 0xa7,
    0x00, 0x87, 0x00, 0x87, 0x00, 0x87, 0x00, 0x87, 0x08, 0x87, 0x08, 0x86, 0x08, 0xa7, 0x08, 0xa7,
    0x08, 0xa7, 0x08, 0xa7, 0x08, 0xa7, 0x08, 0x86, 0x08, 0x87, 0x08, 0xa6, 0x08, 0xa6, 0x08, 0xa6,
    0x08, 0xa6, 0x08, 0xa6, 0x08, 0xa6, 0x08, 0xa6, 0x08, 0xa6, 0x08, 0xa6, 0x08, 0xa6, 0x08, 0xa6,
    0x08, 0xa6, 0x08, 0xa6, 0x08, 0xa6, 0x08, 0xa6, 0x08, 0xa6, 0x08, 0x86, 0x08, 0x86, 0x08, 0x86,
    0x08, 0x86, 0x08, 0x86, 0x08, 0x86, 0x08, 0x86, 0x08, 0x86, 0x08, 0x86, 0x08, 0x86, 0x08, 0x86,
    0x08, 0xa6, 0x08, 0xa6, 0x08, 0xa6, 0x08, 0xa6, 0x08, 0xa6, 0x08, 0xa6, 0x00, 0x65, 0x10, 0xc7,
    0x08, 0x85, 0x08, 0x85, 0x08, 0x85, 0x08, 0x85, 0x08, 0x85, 0x08, 0x85, 0x08, 0x85, 0x08, 0x85,
    0x08, 0x85, 0x08, 0x85, 0x08, 0x85, 0x08, 0x85, 0x08, 0x85, 0x08, 0x85, 0x08, 0x85, 0x08, 0x85,
    0x08, 0x85, 0x08, 0x85, 0x08, 0x85, 0x08, 0x85, 0x08, 0x85, 0x08, 0x85, 0x08, 0x86, 0x08, 0x86,
    0x08, 0x86, 0x08, 0x86, 0x08, 0x86, 0x08, 0x86, 0x08, 0x86, 0x08, 0x86, 0x08, 0x86, 0x08, 0x86,
    0x08, 0x86, 0x08, 0x86, 0x08, 0x86, 0x08, 0x86, 0x08, 0x86, 0x08, 0x86, 0x08, 0x86, 0x08, 0x86,
    0x08, 0x86, 0x08, 0x86, 0x08, 0x86, 0x08, 0x86, 0x08, 0x86, 0x08, 0x86, 0x08, 0x86, 0x08, 0x86,
    0x08, 0x86, 0x08, 0x86, 0x08, 0x86, 0x08, 0x86, 0x08, 0x86, 0x08, 0x86, 0x08, 0x86, 0x08, 0x86,
    0x08, 0x86, 0x08, 0x86, 0x08, 0x86, 0x08, 0x86, 0x08, 0x86, 0x08, 0x86, 0x08, 0x86, 0x08, 0x86,
    0x08, 0x86, 0x08, 0x86, 0x08, 0x86, 0x08, 0x86, 0x08, 0x86, 0x08, 0x86, 0x08, 0x86, 0x08, 0x86,
    0x08, 0x86, 0x08, 0xa6, 0x08, 0xa6, 0x08, 0xa6, 0x08, 0xa6, 0x08, 0xa6, 0x08, 0xa7, 0x08, 0xa7,
    0x08, 0xa7, 0x08, 0xa7, 0x08, 0xa7, 0x08, 0xa7, 0x08, 0xa7, 0x08, 0xa7, 0x08, 0xa7, 0x08, 0xa7,
    0x08, 0xa7, 0x08, 0xa7, 0x08, 0xa7, 0x08, 0xa7, 0x08, 0xa7, 0x08, 0xa7, 0x08, 0xa7, 0x08, 0xa7,
    0x08, 0xa7, 0x08, 0xa7, 0x08, 0xa7, 0x08, 0xa7, 0x08, 0xa7, 0x08, 0xa7, 0x08, 0xa7, 0x08, 0xa7,
    0x08, 0xa7, 0x08, 0xa7, 0x08, 0xa7, 0x08, 0xa7, 0x08, 0xa7, 0x08, 0xa7, 0x08, 0xa7, 0x08, 0xa7,
    0x08, 0xa7, 0x08, 0xa7, 0x08, 0xa7, 0x08, 0xa7, 0x08, 0xa7, 0x08, 0xa7, 0x08, 0xa7, 0x08, 0xa7,
    0x08, 0xa7, 0x08, 0xa7, 0x08, 0xa7, 0x08, 0xa7, 0x08, 0xa6, 0x08, 0xa6, 0x08, 0x86, 0x08, 0xa7,
    0x08, 0xa7, 0x08, 0xa7, 0x08, 0xa7, 0x08, 0xa7, 0x08, 0xa7, 0x08, 0x86, 0x08, 0xa7, 0x08, 0xa7,
    0x08, 0xa7, 0x08, 0x86, 0x08, 0x86, 0x08, 0xa7, 0x08, 0xa7, 0x08, 0xa7, 0x08, 0xa6, 0x08, 0xa6,
    0x08, 0xa6, 0x08, 0xa6, 0x08, 0xa6, 0x08, 0xa6, 0x08, 0xa6, 0x08, 0xa6, 0x08, 0xc7, 0x08, 0xa6,
    0x08, 0xa6, 0x08, 0xa6, 0x08, 0xa6, 0x08, 0xa6, 0x08, 0xc7, 0x08, 0xc7, 0x08, 0xc7, 0x08, 0xc7,
    0x08, 0xc7, 0x08, 0xc7, 0x08, 0xe7, 0x08, 0xe8, 0x08, 0xe8, 0x09, 0x08, 0x08, 0xe8, 0x09, 0x08,
    0x09, 0x08, 0x09, 0x28, 0x09, 0x29, 0x09, 0x29, 0x09, 0x49, 0x09, 0x49, 0x01, 0x49, 0x11, 0xec,
    0x09, 0x6a, 0x00, 0xc7, 0x43, 0x52, 0x6c, 0x76, 0x01, 0x8b, 0x09, 0xab, 0x09, 0xab, 0x01, 0xab,
    0x09, 0xcb, 0x09, 0xcc, 0x09, 0xec, 0x09, 0xab, 0x09, 0xab, 0x09, 0xab, 0x09, 0xab, 0x09, 0xab,
    0x09, 0xab, 0x11, 0x8b, 0x11, 0x8b, 0x11, 0x8b, 0x11, 0x8b, 0x11, 0xab, 0x09, 0x6a, 0x01, 0x8a,
    0x01, 0x8a, 0x01, 0x8a, 0x09, 0x8a, 0x09, 0x6a, 0x09, 0x6a, 0x11, 0x49, 0x11, 0x49, 0x11, 0x49,
    0x09, 0x49, 0x09, 0x49, 0x09, 0x69, 0x09, 0x69, 0x09, 0x6a, 0x09, 0x6a, 0x11, 0x6a, 0x09, 0x29,
    0x09, 0x29, 0x11, 0x6a, 0x11, 0x8b, 0x11, 0xac, 0x19, 0xed, 0x22, 0x6e, 0x11, 0xcc, 0x09, 0xcc,
    0x09, 0xcc, 0x01, 0xcc, 0x12, 0x4e, 0x12, 0x6e, 0x12, 0x8e, 0x1a, 0xcf, 0x0a, 0x6e, 0x0a, 0x4d,
    0x02, 0x2d, 0x12, 0xaf, 0x1a, 0xd0, 0x1a, 0xd0, 0x12, 0xaf, 0x1a, 0xcf, 0x01, 0xab, 0x1a, 0x6e,
    0x1a, 0x6e, 0x1a, 0x6e, 0x22, 0xf0, 0x12, 0x4d, 0x01, 0xab, 0x12, 0x2d, 0x11, 0xab, 0x11, 0xab,
    0x11, 0x8b, 0x19, 0x8b, 0x11, 0x6a, 0x11, 0x4a, 0x11, 0x4a, 0x09, 0x49, 0x09, 0x49, 0x09, 0x29,
    0x09, 0x09, 0x09, 0x08, 0x08, 0xe8, 0x09, 0x08, 0x08, 0xe8, 0x08, 0xc7, 0x08, 0xe8, 0x08, 0xe7,
    0x08, 0xc7, 0x08, 0xc7, 0x08, 0xc7, 0x08, 0xc7, 0x08, 0xc7, 0x08, 0xc7, 0x08, 0xc7, 0x08, 0xc7,
    0x08, 0xc7, 0x08, 0xa6, 0x08, 0xa6, 0x08, 0xa6, 0x08, 0xa6, 0x08, 0xa6, 0x08, 0xa6, 0x08, 0xa6,
    0x08, 0x86, 0x08, 0x85, 0x08, 0x86, 0x08, 0x85, 0x00, 0x85, 0x00, 0x85, 0x00, 0x65, 0x00, 0x65,
    0x00, 0x65, 0x00, 0x65, 0x00, 0x65, 0x00, 0x65, 0x08, 0x65, 0x08, 0x65, 0x08, 0x85, 0x08, 0x85,
    0x08, 0x85, 0x08, 0x85, 0x08, 0x65, 0x08, 0x65, 0x08, 0x65, 0x08, 0x65, 0x08, 0x65, 0x00, 0x65,
    0x00, 0x65, 0x00, 0x65, 0x00, 0x65, 0x00, 0x65, 0x00, 0x65, 0x00, 0x65, 0x08, 0x65, 0x08, 0x65,
    0x08, 0x65, 0x08, 0x85, 0x08, 0x85, 0x08, 0x85, 0x00, 0x85, 0x08, 0x85, 0x08, 0x65, 0x10, 0xc7,
    0x08, 0x85, 0x08, 0x85, 0x08, 0x85, 0x08, 0x85, 0x08, 0x85, 0x08, 0x85, 0x08, 0x85, 0x08, 0x85,
    0x08, 0x85, 0x08, 0x85, 0x08, 0x85, 0x08, 0x85, 0x08, 0x85, 0x08, 0x85, 0x08, 0x85, 0x08, 0x85,
    0x08, 0x85, 0x08, 0x85, 0x08, 0x85, 0x08, 0x85, 0x08, 0x85, 0x08, 0x85, 0x08, 0x86, 0x08, 0x86,
    0x08, 0x86, 0x08, 0x86, 0x08, 0x86, 0x08, 0x86, 0x08, 0x86, 0x08, 0x86, 0x08, 0x86, 0x08, 0x86,
    0x08, 0x86, 0x08, 0x86, 0x08, 0x86, 0x08, 0x86, 0x08, 0x86, 0x08, 0x86, 0x08, 0x86, 0x08, 0x86,
    0x08, 0x86, 0x08, 0x86, 0x08, 0x86, 0x08, 0x86, 0x08, 0x86, 0x08, 0x86, 0x08, 0x86, 0x08, 0x86,
    0x08, 0x86, 0x08, 0x86, 0x08, 0x86, 0x08, 0x86, 0x08, 0x86, 0x08, 0x86, 0x08, 0x86, 0x08, 0x86,
    0x08, 0x86, 0x08, 0x86, 0x08, 0x86, 0x08, 0x86, 0x08, 0x86, 0x08, 0x86, 0x08, 0x86, 0x08, 0x86,
    0x08, 0x86, 0x08, 0x86, 0x08, 0x86, 0x08, 0x86, 0x08, 0x86, 0x08, 0x86, 0x08, 0x86, 0x08, 0x86,
    0x08, 0x86, 0x08, 0xa6, 0x08, 0xa6, 0x08, 0xa6, 0x10, 0xa6, 0x08, 0xa6, 0x08, 0xa7, 0x08, 0xa7,
    0x08, 0xa7, 0x08, 0xa7, 0x08, 0xa7, 0x08, 0xa7, 0x08, 0xa7, 0x08, 0xa7, 0x08, 0xa7, 0x08, 0xa7,
    0x08, 0xa7, 0x08, 0xa7, 0x08, 0xa7, 0x08, 0xa7, 0x08, 0xa7, 0x08, 0xa7, 0x08, 0xc7, 0x08, 0xc7,
    0x08, 0xc7, 0x08, 0xc7, 0x08, 0xc7, 0x08, 0xc7, 0x08, 0xc7, 0x08, 0xc7, 0x08, 0xa7, 0x08, 0xa7,
    0x08, 0xa7, 0x08, 0xa7, 0x08, 0xa7, 0x08, 0xa7, 0x08, 0xa7, 0x08, 0xa7, 0x08, 0xa7, 0x08, 0xa7,
    0x08, 0xa7, 0x08, 0xa7, 0x08, 0xa7, 0x08, 0xa7, 0x08, 0xa7, 0x08, 0xa7, 0x08, 0xa7, 0x08, 0xa7,
    0x08, 0xa7, 0x08, 0xa7, 0x08, 0xa7, 0x08, 0xa7, 0x08, 0xa7, 0x08, 0xa7, 0x08, 0xa7, 0x08, 0xa7,
    0x08, 0xa7, 0x08, 0xa7, 0x08, 0xa7, 0x08, 0xa7, 0x08, 0xa7, 0x08, 0xa7, 0x08, 0xa7, 0x08, 0xa7,
    0x08, 0xa7, 0x08, 0xa7, 0x08, 0xa7, 0x08, 0xa7, 0x08, 0xa7, 0x08, 0xa7, 0x08, 0xa6, 0x08, 0xa6,
    0x08, 0xa6, 0x08, 0xa6, 0x08, 0xa6, 0x08, 0xa6, 0x08, 0xa6, 0x08, 0xa6, 0x08, 0xc7, 0x08, 0xa6,
    0x08, 0xa6, 0x08, 0xa6, 0x08, 0xa6, 0x08, 0xa6, 0x08, 0xc7, 0x08, 0xc7, 0x08, 0xc7, 0x08, 0xc7,
    0x08, 0xc7, 0x08, 0xc7, 0x08, 0xe7, 0x08, 0xe8, 0x08, 0xe8, 0x09, 0x08, 0x08, 0xe8, 0x09, 0x08,
    0x09, 0x08, 0x09, 0x08, 0x09, 0x29, 0x09, 0x29, 0x09, 0x49, 0x09, 0x49, 0x09, 0x8a, 0x09, 0xaa,
    0x01, 0x08, 0x11, 0xec, 0x6c, 0x97, 0x2a, 0xcf, 0x01, 0x09, 0x01, 0xab, 0x09, 0xab, 0x01, 0xab,
    0x09, 0xab, 0x09, 0xcc, 0x09, 0xcb, 0x09, 0xab, 0x09, 0xaa, 0x09, 0xaa, 0x01, 0x8a, 0x01, 0x8a,
    0x09, 0x6a, 0x09, 0x6a, 0x09, 0x6a, 0x09, 0x6a, 0x09, 0x6a, 0x09, 0x69, 0x01, 0x8a, 0x01, 0x8a,
    0x01, 0x8a, 0x01, 0x89, 0x09, 0x69, 0x09, 0x69, 0x09, 0x69, 0x09, 0x49, 0x09, 0x49, 0x09, 0x69,
    0x01, 0x69, 0x01, 0x69, 0x01, 0x69, 0x01, 0x89, 0x01, 0x89, 0x01, 0x89, 0x11, 0xaa, 0x11, 0xab,
    0x11, 0x8a, 0x19, 0x8b, 0x11, 0x8b, 0x09, 0x2a, 0x01, 0x2a, 0x01, 0x29, 0x12, 0x0d, 0x12, 0x2d,
    0x09, 0xcb, 0x01, 0xcb, 0x0a, 0x0c, 0x0a, 0x2d, 0x0a, 0x2d, 0x0a, 0x2d, 0x0a, 0x4d, 0x12, 0x8e,
    0x1a, 0xcf, 0x0a, 0x4d, 0x0a, 0x6e, 0x0a, 0x4d, 0x0a, 0x6e, 0x0a, 0x4d, 0x12, 0x2d, 0x22, 0x8f,
    0x12, 0x2d, 0x01, 0xcc, 0x0a, 0x4d, 0x02, 0x0c, 0x01, 0x8a, 0x12, 0x4d, 0x09, 0xab, 0x09, 0xab,
    0x09, 0x8a, 0x09, 0x6a, 0x11, 0x6a, 0x09, 0x6a, 0x09, 0x6a, 0x09, 0x69, 0x11, 0x49, 0x11, 0x49,
    0x11, 0x28, 0x11, 0x28, 0x11, 0x08, 0x11, 0x08, 0x11, 0x08, 0x10, 0xe7, 0x11, 0x08, 0x10, 0xe7,
    0x10, 0xe7, 0x10, 0xe7, 0x10, 0xe7, 0x10, 0xe7, 0x10, 0xc6, 0x10, 0xc6, 0x10, 0xe7, 0x08, 0xe6,
    0x10, 0xc6, 0x08, 0xc6, 0x08, 0xc6, 0x08, 0xc6, 0x08, 0xc6, 0x08, 0xc6, 0x08, 0xa6, 0x08, 0xa5,
    0x08, 0xa5, 0x08, 0xa5, 0x08, 0xa5, 0x08, 0xa5, 0x08, 0x85, 0x08, 0x85, 0x08, 0x86, 0x08, 0x86,
    0x08, 0x86, 0x08, 0x86, 0x08, 0x86, 0x08, 0x86, 0x08, 0x86, 0x08, 0x86, 0x08, 0x86, 0x08, 0x86,
    0x10, 0x86, 0x10, 0x86, 0x10, 0x66, 0x10, 0x66, 0x10, 0x66, 0x10, 0x86, 0x08, 0x85, 0x08, 0x85,
    0x08, 0x85, 0x08, 0x85, 0x08, 0x85, 0x08, 0x85, 0x08, 0x85, 0x08, 0x85, 0x08, 0x85, 0x08, 0x85,
    0x08, 0xa5, 0x08, 0xa5, 0x08, 0xa5, 0x08, 0xa5, 0x08, 0xa5, 0x08, 0xa5, 0x08, 0x64, 0x10, 0xc6,
    0x08, 0x85, 0x08, 0x85, 0x08, 0x85, 0x08, 0x85, 0x08, 0x85, 0x08, 0x85, 0x08, 0x85, 0x08, 0x85,
    0x08, 0x85, 0x08, 0x85, 0x08, 0x85, 0x08, 0x85, 0x08, 0x85, 0x08, 0x85, 0x08, 0x85, 0x08, 0x85,
    0x08, 0x85, 0x08, 0x85, 0x08, 0x85, 0x08, 0x85, 0x08, 0x85, 0x08, 0x85, 0x08, 0x86, 0x08, 0x86,
    0x08, 0x86, 0x08, 0x86, 0x08, 0x86, 0x08, 0x86, 0x08, 0x86, 0x08, 0x86, 0x08, 0x86, 0x08, 0x86,
    0x08, 0x86, 0x08, 0x86, 0x08, 0x86, 0x08, 0x86, 0x08, 0x86, 0x08, 0x86, 0x08, 0x86, 0x08, 0x86,
    0x08, 0x86, 0x08, 0x86, 0x08, 0x86, 0x08, 0x86, 0x08, 0x86, 0x08, 0x86, 0x08, 0x86, 0x08, 0x86,
    0x08, 0x86, 0x08, 0x86, 0x08, 0x86, 0x08, 0x86, 0x08, 0x86, 0x08, 0x86, 0x08, 0x86, 0x08, 0x86,
    0x08, 0x86, 0x08, 0x86, 0x08, 0x86, 0x08, 0x86, 0x08, 0x86, 0x08, 0x86, 0x08, 0x86, 0x08, 0x86,
    0x08, 0x86, 0x08, 0x86, 0x08, 0x86, 0x08, 0x86, 0x08, 0x86, 0x08, 0x86, 0x08, 0x86, 0x08, 0xa6,
    0x08, 0x86, 0x08, 0xa6, 0x08, 0xa6, 0x08, 0xa6, 0x08, 0xa6, 0x08, 0xa7, 0x08, 0xa6, 0x08, 0xa7,
    0x08, 0xa7, 0x08, 0xa7, 0x08, 0xa7, 0x08, 0xa7, 0x08, 0xa7, 0x08, 0xa7, 0x08, 0xa7, 0x08, 0xa7,
    0x08, 0xa7, 0x08, 0xa7, 0x08, 0xa7, 0x08, 0xc7, 0x08, 0xa7, 0x08, 0xc7, 0x08, 0xc7, 0x08, 0xc7,
    0x08, 0xc7, 0x08, 0xc7, 0x08, 0xc7, 0x08, 0xc7, 0x08, 0xc7, 0x08, 0xc7, 0x08, 0xa7, 0x08, 0xa7,
    0x08, 0xa7, 0x08, 0xa7, 0x08, 0xa7, 0x08, 0xa7, 0x08, 0xa7, 0x08, 0xa7, 0x08, 0xa7, 0x08, 0xa7,
    0x08, 0xa7, 0x08, 0xa7, 0x08, 0xa7, 0x08, 0xa7, 0x08, 0xa7, 0x08, 0xa7, 0x08, 0xa7, 0x08, 0xa7,
    0x08, 0xa7, 0x08, 0xa6, 0x08, 0xa7, 0x08, 0xa6, 0x08, 0xa7, 0x08, 0xa6, 0x08, 0xa7, 0x08, 0xa6,
    0x08, 0xa7, 0x08, 0xa6, 0x08, 0xa7, 0x08, 0xa6, 0x08, 0xa7, 0x08, 0xa6, 0x08, 0xa7, 0x08, 0xa6,
    0x08, 0xa7, 0x08, 0xa6, 0x08, 0xa7, 0x08, 0xa6, 0x08, 0xa7, 0x08, 0xa6, 0x08, 0xa6, 0x08, 0xa6,
    0x08, 0xa6, 0x08, 0xa6, 0x08, 0xa6, 0x08, 0xa6, 0x08, 0xa6, 0x08, 0xa6, 0x08, 0xc7, 0x08, 0xa6,
    0x08, 0xa6, 0x08, 0xa6, 0x08, 0xa6, 0x08, 0xa6, 0x08, 0xc7, 0x08, 0xc7, 0x08, 0xc7, 0x08, 0xc7,
    0x08, 0xc7, 0x08, 0xc7, 0x08, 0xe7, 0x08, 0xe8, 0x08, 0xe8, 0x08, 0xe8, 0x08, 0xe8, 0x09, 0x08,
    0x09, 0x08, 0x09, 0x08, 0x09, 0x29, 0x09, 0x29, 0x09, 0x29, 0x09, 0x49, 0x09, 0x8a, 0x01, 0x49,
    0x00, 0xe8, 0x4b, 0xb3, 0x5c, 0x15, 0x00, 0xe8, 0x09, 0xcc, 0x09, 0xab, 0x09, 0xab, 0x01, 0x8b,
    0x01, 0x8a, 0x09, 0x8b, 0x09, 0x8a, 0x09, 0x8a, 0x09, 0x8a, 0x09, 0xab, 0x09, 0x8a, 0x09, 0x8a,
    0x09, 0x8a, 0x09, 0x6a, 0x09, 0x6a, 0x09, 0x6a, 0x09, 0x6a, 0x09, 0x69, 0x01, 0x69, 0x01, 0x69,
    0x01, 0x69, 0x01, 0x69, 0x01, 0x69, 0x01, 0x49, 0x09, 0x49, 0x01, 0x49, 0x01, 0x49, 0x01, 0x49,
    0x01, 0x48, 0x01, 0x68, 0x01, 0x69, 0x01, 0x69, 0x01, 0x69, 0x01, 0x69, 0x01, 0x69, 0x09, 0x6a,
    0x09, 0x49, 0x11, 0x6a, 0x11, 0xab, 0x19, 0xcc, 0x19, 0xed, 0x11, 0xac, 0x01, 0x4a, 0x11, 0xec,
    0x11, 0xec, 0x12, 0x0d, 0x0a, 0x0d, 0x0a, 0x0d, 0x0a, 0x2d, 0x12, 0x6e, 0x0a, 0x4d, 0x0a, 0x2d,
    0x12, 0x6e, 0x02, 0x0c, 0x1a, 0xd0, 0x02, 0x2d, 0x0a, 0x6e, 0x0a, 0x2d, 0x12, 0x2d, 0x12, 0x2d,
    0x0a, 0x0d, 0x09, 0xec, 0x12, 0x4e, 0x0a, 0x2d, 0x01, 0xab, 0x0a, 0x0c, 0x12, 0x0c, 0x11, 0xeb,
    0x09, 0xab, 0x09, 0x8a, 0x09, 0x6a, 0x09, 0x49, 0x01, 0x49, 0x09, 0x49, 0x11, 0x49, 0x11, 0x28,
    0x09, 0x28, 0x09, 0x08, 0x09, 0x08, 0x11, 0x08, 0x11, 0x07, 0x10, 0xe7, 0x10, 0xe7, 0x10, 0xe7,
    0x10, 0xe7, 0x10, 0xc6, 0x10, 0xc6, 0x10, 0xc6, 0x10, 0xc6, 0x08, 0xc6, 0x08, 0xc6, 0x08, 0xc6,
    0x08, 0xc6, 0x08, 0xa6, 0x08, 0xa5, 0x08, 0xa5, 0x00, 0x85, 0x00, 0x85, 0x08, 0xa5, 0x08, 0xa5,
    0x08, 0xa5, 0x08, 0xa5, 0x08, 0xa5, 0x08, 0x85, 0x08, 0x85, 0x08, 0x85, 0x08, 0x86, 0x08, 0x86,
    0x08, 0x86, 0x08, 0x86, 0x08, 0x86, 0x08, 0x66, 0x08, 0x66, 0x08, 0x66, 0x08, 0x66, 0x08, 0x66,
    0x08, 0x66, 0x08, 0x66, 0x08, 0x66, 0x08, 0x66, 0x08, 0x66, 0x08, 0x66, 0x08, 0x85, 0x08, 0xa5,
    0x08, 0xa5, 0x08, 0xa5, 0x08, 0xa5, 0x08, 0xa5, 0x08, 0xa5, 0x08, 0xa5, 0x08, 0x84, 0x08, 0x84,
    0x08, 0x84, 0x08, 0x84, 0x08, 0xa4, 0x08, 0xa4, 0x08, 0xa4, 0x08, 0x84, 0x08, 0x84, 0x18, 0xe6,
    0x08, 0x85, 0x08, 0x85, 0x08, 0x85, 0x08, 0x85, 0x08, 0x85, 0x08, 0x85, 0x08, 0x85, 0x08, 0x85,
    0x08, 0x85, 0x08, 0x85, 0x08, 0x85, 0x08, 0x85, 0x08, 0x85, 0x08, 0x85, 0x08, 0x85, 0x08, 0x85,
    0x08, 0x86, 0x08, 0x86, 0x08, 0x86, 0x08, 0x86, 0x08, 0x86, 0x08, 0x86, 0x08, 0x86, 0x08, 0x86,
    0x08, 0x86, 0x08, 0x86, 0x08, 0x86, 0x08, 0x86, 0x08, 0x86, 0x08, 0x86, 0x08, 0x86, 0x08, 0x86,
    0x08, 0x86, 0x08, 0x86, 0x08, 0x86, 0x08, 0x86, 0x08, 0x86, 0x08, 0x86, 0x08, 0x86, 0x08, 0x86,
    0x08, 0x86, 0x08, 0x86, 0x08, 0x86, 0x08, 0x86, 0x08, 0x86, 0x08, 0x86, 0x08, 0x86, 0x08, 0x86,
    0x08, 0x86, 0x08, 0x86, 0x08, 0x86, 0x08, 0x86, 0x08, 0x86, 0x08, 0x86, 0x08, 0x86, 0x08, 0x86,
    0x08, 0x86, 0x08, 0x86, 0x08, 0x86, 0x08, 0x86, 0x08, 0x86, 0x08, 0x86, 0x08, 0x86, 0x08, 0x86,
    0x08, 0x86, 0x08, 0xa6, 0x08, 0xa6, 0x08, 0xa6, 0x08, 0xa6, 0x08, 0xa6, 0x08, 0xa6, 0x08, 0xa6,
    0x08, 0xa6, 0x08, 0xa6, 0x08, 0xa6, 0x08, 0xa6, 0x08, 0xa6, 0x08, 0xa6, 0x08, 0xa6, 0x08, 0xa6,
    0x08, 0xa6, 0x08, 0xa6, 0x08, 0xc7, 0x08, 0xc7, 0x08, 0xa7, 0x08, 0xa7, 0x08, 0xc7, 0x08, 0xc7,
    0x08, 0xc7, 0x08, 0xc7, 0x08, 0xc7, 0x08, 0xc7, 0x08, 0xc7, 0x08, 0xc7, 0x08, 0xc7, 0x08, 0xc7,
    0x08, 0xc7, 0x08, 0xc7, 0x08, 0xc7, 0x08, 0xc7, 0x08, 0xc7, 0x08, 0xc7, 0x08, 0xc7, 0x08, 0xc7,
    0x08, 0xc7, 0x08, 0xc7, 0x08, 0xc7, 0x08, 0xc7, 0x08, 0xa7, 0x08, 0xa7, 0x08, 0xc7, 0x08, 0xc7,
    0x08, 0xc7, 0x08, 0xc7, 0x08, 0xa7, 0x08, 0xa7, 0x08, 0xa6, 0x08, 0xa6, 0x08, 0xc7, 0x08, 0xa6,
    0x08, 0xa6, 0x08, 0xa6, 0x08, 0xa6, 0x08, 0xa6, 0x08, 0xa6, 0x08, 0xa6, 0x08, 0xa6, 0x08, 0xa6,
    0x08, 0xa6, 0x08, 0xa6, 0x08, 0xa6, 0x08, 0xa6, 0x08, 0xa6, 0x08, 0xa6, 0x08, 0xc7, 0x08, 0xc6,
    0x08, 0xa6, 0x08, 0xa6, 0x08, 0xa6, 0x08, 0xa6, 0x08, 0xa6, 0x08, 0xa6, 0x08, 0xa6, 0x08, 0xa6,
    0x08, 0xa6, 0x08, 0xc7, 0x08, 0xc7, 0x08, 0xc7, 0x08, 0xa6, 0x08, 0xa6, 0x08, 0xa6, 0x08, 0xa6,
    0x08, 0xa6, 0x08, 0xa6, 0x08, 0xa6, 0x08, 0xa6, 0x08, 0xa6, 0x08, 0xa7, 0x08, 0xa7, 0x08, 0xc7,
    0x08, 0xc7, 0x08, 0xc7, 0x08, 0xc7, 0x08, 0xe7, 0x08, 0xe7, 0x08, 0xe7, 0x08, 0xe7, 0x11, 0x49,
    0x00, 0xc7, 0x09, 0x08, 0x11, 0x49, 0x01, 0x08, 0x09, 0x4a, 0x09, 0x29, 0x09, 0x4a, 0x00, 0xe8,
    0x11, 0xec, 0x74, 0xb7, 0x11, 0xcc, 0x01, 0x09, 0x09, 0x8a, 0x09, 0x8b, 0x01, 0x8a, 0x01, 0x8a,
    0x09, 0x8a, 0x09, 0x8a, 0x09, 0x8a, 0x09, 0x8a, 0x09, 0x6a, 0x09, 0x8a, 0x09, 0x8a, 0x09, 0x8a,
    0x09, 0x6a, 0x09, 0x6a, 0x09, 0x6a, 0x09, 0x6a, 0x09, 0x6a, 0x09, 0x6a, 0x09, 0x69, 0x09, 0x49,
    0x09, 0x49, 0x09, 0x49, 0x09, 0x49, 0x09, 0x49, 0x09, 0x49, 0x09, 0x49, 0x09, 0x49, 0x09, 0x49,
    0x09, 0x49, 0x09, 0x49, 0x09, 0x69, 0x09, 0x69, 0x09, 0x69, 0x09, 0x69, 0x09, 0x6a, 0x09, 0x6a,
    0x09, 0x6a, 0x09, 0x6a, 0x09, 0x8a, 0x09, 0x8b, 0x09, 0x8b, 0x09, 0x8b, 0x09, 0xac, 0x09, 0xcc,
    0x09, 0xcc, 0x09, 0xec, 0x09, 0xec, 0x0a, 0x0d, 0x0a, 0x0d, 0x0a, 0x0d, 0x12, 0x2d, 0x0a, 0x2d,
    0x12, 0x2e, 0x12, 0x2e, 0x0a, 0x2e, 0x0a, 0x4e, 0x0a, 0x2e, 0x0a, 0x2d, 0x12, 0x0d, 0x12, 0x0d,
    0x12, 0x0d, 0x0a, 0x0d, 0x09, 0xec, 0x09, 0xcc, 0x09, 0xcc, 0x09, 0xcb, 0x09, 0xab, 0x09, 0x8a,
    0x09, 0x8a, 0x09, 0x8a, 0x09, 0x6a, 0x09, 0x6a, 0x09, 0x4a, 0x09, 0x49, 0x09, 0x28, 0x09, 0x28,
    0x09, 0x28, 0x09, 0x28, 0x09, 0x08, 0x08, 0xe8, 0x08, 0xe8, 0x09, 0x08, 0x08, 0xe8, 0x08, 0xe7,
    0x08, 0xc7, 0x08, 0xc7, 0x08, 0xc7, 0x08, 0xc7, 0x08, 0xc6, 0x08, 0xc6, 0x08, 0xc7, 0x08, 0xc7,
    0x08, 0xc6, 0x08, 0xa6, 0x08, 0xa6, 0x00, 0xa6, 0x00, 0xa6, 0x00, 0xa6, 0x08, 0xa6, 0x08, 0xa6,
    0x08, 0xa6, 0x08, 0x85, 0x08, 0x85, 0x00, 0x85, 0x08, 0x85, 0x08, 0x85, 0x08, 0xa6, 0x08, 0xa6,
    0x08, 0xa6, 0x08, 0xa6, 0x08, 0xa6, 0x08, 0x86, 0x08, 0x86, 0x08, 0x86, 0x08, 0x86, 0x08, 0x86,
    0x08, 0x86, 0x08, 0x86, 0x08, 0x86, 0x08, 0x86, 0x08, 0x86, 0x08, 0x86, 0x08, 0xa6, 0x08, 0xa5,
    0x08, 0xa5, 0x08, 0xa5, 0x08, 0xa5, 0x08, 0xa5, 0x08, 0xa5, 0x08, 0xa5, 0x10, 0xe6, 0x00, 0x84,
    0x08, 0xc5, 0x08, 0x84, 0x08, 0x84, 0x08, 0xa5, 0x00, 0x43, 0x08, 0xa5, 0x00, 0x64, 0x19, 0x06,
    0x08, 0x85, 0x08, 0x85, 0x08, 0x85, 0x08, 0x85, 0x08, 0x85, 0x08, 0x85, 0x08, 0x85, 0x08, 0x85,
    0x08, 0x85, 0x08, 0x85, 0x08, 0x85, 0x08, 0x85, 0x08, 0x85, 0x08, 0x85, 0x08, 0x85, 0x08, 0x85,
    0x08, 0x86, 0x08, 0x86, 0x08, 0x86, 0x08, 0x86, 0x08, 0x86, 0x08, 0x86, 0x08, 0x86, 0x08, 0x86,
    0x08, 0x86, 0x08, 0x86, 0x08, 0x86, 0x08, 0x86, 0x08, 0x86, 0x08, 0x86, 0x08, 0x86, 0x08, 0x86,
    0x08, 0x86, 0x08, 0x86, 0x08, 0x86, 0x08, 0x86, 0x08, 0x86, 0x08, 0x86, 0x08, 0x86, 0x08, 0x86,
    0x08, 0x86, 0x08, 0x86, 0x08, 0x86, 0x08, 0x86, 0x08, 0x86, 0x08, 0x86, 0x08, 0x86, 0x08, 0x86,
    0x08, 0x86, 0x08, 0x86, 0x08, 0x86, 0x08, 0x86, 0x08, 0x86, 0x08, 0x86, 0x08, 0x86, 0x08, 0x86,
    0x08, 0x86, 0x08, 0x86, 0x08, 0x86, 0x08, 0x86, 0x08, 0x86, 0x08, 0x86, 0x08, 0x86, 0x08, 0x86,
    0x08, 0xa6, 0x08, 0xa6, 0x08, 0xa6, 0x08, 0xa6, 0x08, 0xa6, 0x08, 0xa6, 0x08, 0xa6, 0x08, 0xa6,
    0x08, 0xa6, 0x08, 0xa6, 0x08, 0xa6, 0x08, 0xa6, 0x08, 0xa6, 0x08, 0xa6, 0x08, 0xa6, 0x08, 0xa6,
    0x08, 0xa6, 0x08, 0xc7, 0x08, 0xc7, 0x08, 0xc7, 0x08, 0xa7, 0x08, 0xa7, 0x08, 0xc7, 0x08, 0xc7,
    0x08, 0xc7, 0x08, 0xc7, 0x08, 0xc7, 0x08, 0xc7, 0x08, 0xc7, 0x08, 0xc7, 0x08, 0xe7, 0x08, 0xe7,
    0x08, 0xc7, 0x08, 0xc7, 0x08, 0xc7, 0x08, 0xc7, 0x08, 0xc7, 0x08, 0xc7, 0x08, 0xc7, 0x08, 0xc7,
    0x08, 0xc7, 0x08, 0xc7, 0x08, 0xc7, 0x08, 0xc7, 0x08, 0xc7, 0x08, 0xc7, 0x08, 0xc7, 0x08, 0xc7,
    0x08, 0xc7, 0x08, 0xc7, 0x08, 0xc7, 0x08, 0xa7, 0x08, 0xa6, 0x08, 0xa6, 0x08, 0xc7, 0x08, 0xc7,
    0x08, 0xa6, 0x08, 0xa6, 0x08, 0xa6, 0x08, 0xa6, 0x08, 0xa6, 0x08, 0xa6, 0x08, 0xa6, 0x08, 0xa6,
    0x08, 0xa6, 0x08, 0xa6, 0x08, 0xa6, 0x08, 0xa6, 0x08, 0xa6, 0x08, 0xa6, 0x08, 0xc6, 0x08, 0xc6,
    0x08, 0xa6, 0x08, 0xa6, 0x08, 0xa6, 0x08, 0xa6, 0x08, 0xa6, 0x08, 0xa6, 0x08, 0xa6, 0x08, 0xa6,
    0x08, 0xa6, 0x08, 0xc7, 0x08, 0xc7, 0x08, 0xc7, 0x08, 0xa6, 0x08, 0xa6, 0x08, 0xa6, 0x08, 0xa6,
    0x08, 0xa6, 0x08, 0xa6, 0x08, 0xa6, 0x08, 0xa6, 0x08, 0xa6, 0x08, 0xa7, 0x08, 0xa7, 0x08, 0xa7,
    0x08, 0xc7, 0x08, 0xc7, 0x08, 0xc7, 0x08, 0xe7, 0x08, 0xe7, 0x08, 0xe7, 0x08, 0xe7, 0x11, 0x28,
    0x00, 0xe7, 0x09, 0x08, 0x09, 0x08, 0x00, 0xe8, 0x11, 0x4a, 0x09, 0x29, 0x09, 0x4a, 0x00, 0xc8,
    0x4b, 0x72, 0x3a, 0xf0, 0x01, 0x29, 0x01, 0x29, 0x09, 0x8b, 0x01, 0x4a, 0x01, 0x6a, 0x09, 0x6a,
    0x09, 0x6a, 0x09, 0x6a, 0x09, 0x6a, 0x09, 0x6a, 0x11, 0x6a, 0x09, 0x6a, 0x09, 0x6a, 0x09, 0x6a,
    0x09, 0x6a, 0x09, 0x6a, 0x09, 0x69, 0x09, 0x69, 0x09, 0x69, 0x09, 0x69, 0x09, 0x49, 0x09, 0x49,
    0x09, 0x49, 0x09, 0x49, 0x09, 0x49, 0x09, 0x49, 0x09, 0x29, 0x09, 0x49, 0x09, 0x29, 0x09, 0x29,
    0x09, 0x49, 0x09, 0x49, 0x09, 0x49, 0x09, 0x49, 0x09, 0x49, 0x09, 0x49, 0x09, 0x6a, 0x09, 0x6a,
    0x09, 0x6a, 0x09, 0x6a, 0x09, 0x8a, 0x09, 0x8b, 0x09, 0x8b, 0x09, 0x8b, 0x09, 0xac, 0x09, 0xac,
    0x09, 0xcc, 0x09, 0xcc, 0x09, 0xec, 0x09, 0xed, 0x11, 0xed, 0x12, 0x0d, 0x12, 0x0d, 0x0a, 0x0d,
    0x12, 0x0e, 0x0a, 0x2e, 0x0a, 0x2e, 0x0a, 0x2e, 0x0a, 0x0d, 0x0a, 0x0d, 0x0a, 0x0d, 0x0a, 0x0d,
    0x0a, 0x0d, 0x09, 0xec, 0x09, 0xec, 0x09, 0xcc, 0x09, 0xcc, 0x09, 0xab, 0x09, 0x8b, 0x09, 0x8b,
    0x09, 0x8a, 0x09, 0x6a, 0x09, 0x6a, 0x09, 0x4a, 0x09, 0x4a, 0x09, 0x49, 0x09, 0x29, 0x09, 0x28,
    0x09, 0x28, 0x09, 0x49, 0x09, 0x29, 0x09, 0x08, 0x00, 0xe8, 0x08, 0xe8, 0x08, 0xe8, 0x08, 0xe8,
    0x08, 0xe8, 0x08, 0xe8, 0x08, 0xc7, 0x08, 0xc7, 0x08, 0xc7, 0x08, 0xc7, 0x08, 0xa7, 0x08, 0xa7,
    0x08, 0xa7, 0x08, 0xa7, 0x08, 0xa6, 0x08, 0xa6, 0x08, 0xa6, 0x00, 0xa6, 0x08, 0xa6, 0x08, 0xa6,
    0x08, 0xa6, 0x08, 0xa6, 0x08, 0xa6, 0x08, 0xa6, 0x08, 0xa6, 0x08, 0xa6, 0x00, 0x66, 0x00, 0x66,
    0x00, 0x66, 0x00, 0x66, 0x00, 0x66, 0x00, 0x66, 0x00, 0x66, 0x00, 0x66, 0x08, 0x86, 0x08, 0x86,
    0x08, 0x86, 0x08, 0x86, 0x08, 0x86, 0x08, 0x86, 0x08, 0x86, 0x08, 0x86, 0x08, 0x85, 0x08, 0x85,
    0x08, 0x85, 0x08, 0x85, 0x08, 0x85, 0x08, 0x85, 0x08, 0x85, 0x08, 0x85, 0x00, 0x64, 0x00, 0x44,
    0x08, 0xa6, 0x00, 0x85, 0x00, 0x64, 0x08, 0x85, 0x00, 0x64, 0x08, 0xc5, 0x00, 0x64, 0x19, 0x07,
    0x08, 0x85, 0x08, 0x85, 0x08, 0x85, 0x08, 0x85, 0x08, 0x85, 0x08, 0x85, 0x08, 0x85, 0x08, 0x85,
    0x08, 0x85, 0x08, 0x85, 0x08, 0x85, 0x08, 0x85, 0x08, 0x85, 0x08, 0x85, 0x08, 0x85, 0x08, 0x85,
    0x08, 0x86, 0x08, 0x86, 0x08, 0x86, 0x08, 0x86, 0x08, 0x86, 0x08, 0x86, 0x08, 0x86, 0x08, 0x86,
    0x08, 0x86, 0x08, 0x86, 0x08, 0x86, 0x08, 0x86, 0x08, 0x86, 0x08, 0x86, 0x08, 0x86, 0x08, 0x86,
    0x08, 0x86, 0x08, 0x86, 0x08, 0x86, 0x08, 0x86, 0x08, 0x86, 0x08, 0x86, 0x08, 0x86, 0x08, 0x86,
    0x08, 0x86, 0x08, 0x86, 0x08, 0x86, 0x08, 0x86, 0x08, 0x86, 0x08, 0x86, 0x08, 0x86, 0x08, 0x86,
    0x08, 0x86, 0x08, 0x86, 0x08, 0x86, 0x08, 0x86, 0x08, 0x86, 0x08, 0x86, 0x08, 0x86, 0x08, 0x86,
    0x08, 0x86, 0x08, 0x86, 0x08, 0x86, 0x08, 0x86, 0x08, 0x86, 0x08, 0x86, 0x08, 0x86, 0x08, 0xa6,
    0x08, 0xa6, 0x08, 0xa6, 0x08, 0xa6, 0x08, 0xa6, 0x08, 0xa6, 0x08, 0xa6, 0x08, 0xa6, 0x08, 0xa6,
    0x08, 0xa6, 0x08, 0xa6, 0x08, 0xa6, 0x08, 0xa6, 0x08, 0xa7, 0x08, 0xa7, 0x08, 0xc7, 0x08, 0xc7,
    0x08, 0xc7, 0x08, 0xc7, 0x08, 0xc7, 0x08, 0xc7, 0x08, 0xc7, 0x08, 0xc7, 0x08, 0xc7, 0x08, 0xc7,
    0x08, 0xc7, 0x08, 0xc7, 0x08, 0xc7, 0x08, 0xc7, 0x08, 0xc7, 0x08, 0xc7, 0x08, 0xe7, 0x08, 0xe7,
    0x08, 0xe7, 0x08, 0xe7, 0x08, 0xe7, 0x08, 0xe7, 0x08, 0xe7, 0x08, 0xe7, 0x08, 0xc7, 0x08, 0xc7,
    0x08, 0xc7, 0x08, 0xc7, 0x08, 0xc7, 0x08, 0xc7, 0x08, 0xc7, 0x08, 0xc7, 0x08, 0xc7, 0x08, 0xc7,
    0x08, 0xc7, 0x08, 0xc7, 0x08, 0xc7, 0x08, 0xc7, 0x08, 0xc7, 0x08, 0xc7, 0x08, 0xc7, 0x08, 0xc7,
    0x08, 0xc7, 0x08, 0xa6, 0x08, 0xa6, 0x08, 0xa6, 0x08, 0xa6, 0x08, 0xa6, 0x08, 0xa6, 0x08, 0xa6,
    0x08, 0xa6, 0x08, 0xa6, 0x08, 0xa6, 0x08, 0xa6, 0x08, 0xa6, 0x08, 0xa6, 0x08, 0xc6, 0x08, 0xc6,
    0x08, 0xa6, 0x08, 0xa6, 0x08, 0xa6, 0x08, 0xa6, 0x08, 0xa6, 0x08, 0xa6, 0x08, 0xa6, 0x08, 0xa6,
    0x08, 0xa6, 0x08, 0xc7, 0x08, 0xc7, 0x08, 0xc7, 0x08, 0xa6, 0x08, 0xa6, 0x08, 0xa6, 0x08, 0xa6,
    0x08, 0xa6, 0x08, 0xa6, 0x08, 0xa6, 0x08, 0xa6, 0x08, 0xa6, 0x08, 0xa7, 0x08, 0xa7, 0x08, 0xa7,
    0x08, 0xc7, 0x08, 0xc7, 0x08, 0xc7, 0x08, 0xe7, 0x08, 0xe7, 0x08, 0xe7, 0x08, 0xe7, 0x09, 0x08,
    0x00, 0xe8, 0x09, 0x08, 0x00, 0xe8, 0x00, 0xe8, 0x11, 0x6a, 0x09, 0x29, 0x00, 0xe9, 0x22, 0x0d,
    0x5b, 0xf5, 0x01, 0x4a, 0x01, 0x29, 0x01, 0x6a, 0x09, 0x8a, 0x01, 0x49, 0x01, 0x6a, 0x09, 0x6a,
    0x09, 0x6a, 0x09, 0x6a, 0x09, 0x6a, 0x09, 0x6a, 0x09, 0x6a, 0x09, 0x6a, 0x09, 0x69, 0x09, 0x69,
    0x09, 0x69, 0x09, 0x69, 0x09, 0x49, 0x09, 0x49, 0x09, 0x49, 0x09, 0x49, 0x09, 0x49, 0x09, 0x49,
    0x09, 0x49, 0x09, 0x29, 0x09, 0x29, 0x09, 0x29, 0x09, 0x29, 0x09, 0x29, 0x09, 0x29, 0x09, 0x29,
    0x09, 0x29, 0x09, 0x49, 0x09, 0x49, 0x09, 0x49, 0x09, 0x49, 0x09, 0x49, 0x09, 0x69, 0x09, 0x6a,
    0x09, 0x6a, 0x09, 0x6a, 0x09, 0x6a, 0x09, 0x8a, 0x09, 0x8b, 0x09, 0x8b, 0x09, 0xac, 0x09, 0xac,
    0x09, 0xcc, 0x09, 0xcc, 0x09, 0xcc, 0x09, 0xec, 0x09, 0xec, 0x09, 0xed, 0x0a, 0x0d, 0x0a, 0x0d,
    0x0a, 0x0d, 0x0a, 0x0d, 0x0a, 0x0d, 0x0a, 0x0d, 0x0a, 0x0d, 0x0a, 0x0d, 0x0a, 0x0d, 0x0a, 0x0d,
    0x09, 0xed, 0x09, 0xec, 0x09, 0xcc, 0x09, 0xcc, 0x09, 0xac, 0x09, 0xab, 0x09, 0x8b, 0x09, 0x8b,
    0x09, 0x8a, 0x09, 0x6a, 0x09, 0x6a, 0x09, 0x4a, 0x09, 0x4a, 0x09, 0x49, 0x11, 0x6a, 0x09, 0x49,
    0x09, 0x49, 0x09, 0x49, 0x09, 0x29, 0x00, 0xe8, 0x00, 0xe8, 0x00, 0xe8, 0x08, 0xe9, 0x08, 0xe9,
    0x08, 0xe8, 0x08, 0xe8, 0x08, 0xc8, 0x08, 0xc8, 0x00, 0xc7, 0x00, 0xc7, 0x08, 0xa7, 0x08, 0xa7,
    0x08, 0xa7, 0x08, 0xa7, 0x08, 0xa7, 0x08, 0xa7, 0x08, 0xa7, 0x08, 0xa7, 0x08, 0xa7, 0x08, 0xa7,
    0x08, 0xa7, 0x08, 0xa7, 0x08, 0xa6, 0x08, 0x86, 0x08, 0x86, 0x08, 0x86, 0x08, 0xa7, 0x08, 0xa7,
    0x08, 0xa7, 0x08, 0xa7, 0x08, 0xa7, 0x08, 0xa7, 0x08, 0xa7, 0x08, 0xa7, 0x08, 0x87, 0x08, 0x87,
    0x08, 0x87, 0x08, 0x87, 0x08, 0x87, 0x08, 0x87, 0x08, 0x87, 0x08, 0x86, 0x08, 0x86, 0x08, 0x86,
    0x08, 0x86, 0x08, 0x86, 0x08, 0x86, 0x08, 0x86, 0x08, 0x86, 0x08, 0x86, 0x10, 0xc7, 0x08, 0xa6,
    0x10, 0xe7, 0x08, 0xa6, 0x00, 0x85, 0x08, 0x86, 0x00, 0x65, 0x08, 0x85, 0x00, 0x64, 0x19, 0x07,
    0x08, 0x85, 0x08, 0x85, 0x08, 0x85, 0x08, 0x85, 0x08, 0x85, 0x08, 0x85, 0x08, 0x85, 0x08, 0x85,
    0x08, 0x85, 0x08, 0x85, 0x08, 0x85, 0x08, 0x85, 0x08, 0x85, 0x08, 0x85, 0x08, 0x85, 0x08, 0x85,
    0x08, 0x86, 0x08, 0x86, 0x08, 0x86, 0x08, 0x86, 0x08, 0x86, 0x08, 0x86, 0x08, 0x86, 0x08, 0x86,
    0x08, 0x86, 0x08, 0x86, 0x08, 0x86, 0x08, 0x86, 0x08, 0x86, 0x08, 0x86, 0x08, 0x86, 0x08, 0x86,
    0x08, 0x86, 0x08, 0x86, 0x08, 0x86, 0x08, 0x86, 0x08, 0x86, 0x08, 0x86, 0x08, 0x86, 0x08, 0x86,
    0x08, 0x86, 0x08, 0x86, 0x08, 0x86, 0x08, 0x86, 0x08, 0x86, 0x08, 0x86, 0x08, 0x86, 0x08, 0x86,
    0x08, 0x86, 0x08, 0x86, 0x08, 0x86, 0x08, 0x86, 0x08, 0x86, 0x08, 0x86, 0x08, 0x86, 0x08, 0x86,
    0x08, 0x86, 0x08, 0x86, 0x08, 0x86, 0x08, 0x86, 0x08, 0x86, 0x08, 0x86, 0x08, 0xa6, 0x08, 0xa6,
    0x08, 0xa6, 0x08, 0xa6, 0x08, 0xa6, 0x08, 0xa6, 0x08, 0xa6, 0x08, 0xa6, 0x08, 0xa6, 0x08, 0xa6,
    0x08, 0xa6, 0x08, 0xa6, 0x08, 0xc7, 0x08, 0xc7, 0x08, 0xc7, 0x08, 0xc7, 0x08, 0xc7, 0x08, 0xc7,
    0x08, 0xc7, 0x08, 0xc7, 0x08, 0xc7, 0x08, 0xc7, 0x08, 0xc7, 0x08, 0xc7, 0x08, 0xc7, 0x08, 0xc7,
    0x08, 0xc7, 0x08, 0xc7, 0x08, 0xc7, 0x08, 0xc7, 0x08, 0xc7, 0x08, 0xc7, 0x08, 0xe7, 0x08, 0xe7,
    0x08, 0xe7, 0x08, 0xe7, 0x08, 0xe7, 0x08, 0xe7, 0x08, 0xe7, 0x08, 0xe7, 0x08, 0xc7, 0x08, 0xc7,
    0x08, 0xc7, 0x08, 0xc7, 0x08, 0xc7, 0x08, 0xc7, 0x08, 0xc7, 0x08, 0xc7, 0x08, 0xc7, 0x08, 0xc7,
    0x08, 0xc7, 0x08, 0xc7, 0x08, 0xc7, 0x08, 0xc7, 0x08, 0xc7, 0x08, 0xc7, 0x08, 0xc7, 0x08, 0xc7,
    0x08, 0xc7, 0x08, 0xc7, 0x08, 0xa6, 0x08, 0xa6, 0x08, 0xa6, 0x08, 0xa6, 0x08, 0xa6, 0x08, 0xa6,
    0x08, 0xa6, 0x08, 0xa6, 0x08, 0xa6, 0x08, 0xa6, 0x08, 0xa6, 0x08, 0xa6, 0x08, 0xc6, 0x08, 0xc6,
    0x08, 0xa6, 0x08, 0xa6, 0x08, 0xa6, 0x08, 0xa6, 0x08, 0xa6, 0x08, 0xa6, 0x08, 0xa6, 0x08, 0xa6,
    0x08, 0xa6, 0x08, 0xc7, 0x08, 0xc7, 0x08, 0xc7, 0x08, 0xa6, 0x08, 0xa6, 0x08, 0xa6, 0x08, 0xa6,
    0x08, 0xa6, 0x08, 0xa6, 0x08, 0xa6, 0x08, 0xa6, 0x08, 0xa6, 0x08, 0xa7, 0x08, 0xa7, 0x08, 0xa7,
    0x08, 0xc7, 0x08, 0xc7, 0x08, 0xc7, 0x08, 0xc7, 0x08, 0xe7, 0x08, 0xe7, 0x08, 0xe7, 0x08, 0xe7,
    0x08, 0xe8, 0x09, 0x08, 0x00, 0xe8, 0x09, 0x09, 0x11, 0x4a, 0x00, 0xe8, 0x00, 0xe9, 0x5b, 0xd4,
    0x32, 0x8f, 0x00, 0xc8, 0x11, 0x8b, 0x09, 0x4a, 0x01, 0x4a, 0x09, 0x4a, 0x09, 0x4a, 0x09, 0x4a,
    0x09, 0x4a, 0x09, 0x4a, 0x09, 0x49, 0x09, 0x49, 0x09, 0x49, 0x09, 0x49, 0x09, 0x49, 0x09, 0x49,
    0x09, 0x49, 0x09, 0x49, 0x09, 0x49, 0x09, 0x49, 0x09, 0x49, 0x09, 0x49, 0x09, 0x49, 0x09, 0x49,
    0x09, 0x29, 0x09, 0x29, 0x09, 0x29, 0x09, 0x29, 0x09, 0x29, 0x09, 0x29, 0x09, 0x28, 0x09, 0x28,
    0x09, 0x29, 0x09, 0x29, 0x09, 0x49, 0x09, 0x49, 0x09, 0x49, 0x09, 0x49, 0x09, 0x49, 0x09, 0x69,
    0x09, 0x6a, 0x09, 0x6a, 0x09, 0x6a, 0x09, 0x6a, 0x09, 0x8a, 0x09, 0x8b, 0x09, 0xab, 0x09, 0xab,
    0x09, 0xac, 0x09, 0xac, 0x09, 0xcc, 0x09, 0xcc, 0x09, 0xcc, 0x09, 0xec, 0x09, 0xed, 0x09, 0xed,
    0x09, 0xed, 0x09, 0xed, 0x09, 0xed, 0x0a, 0x0d, 0x09, 0xed, 0x09, 0xed, 0x09, 0xec, 0x09, 0xec,
    0x09, 0xec, 0x09, 0xcc, 0x09, 0xcc, 0x09, 0xcb, 0x09, 0xab, 0x09, 0xab, 0x09, 0x8b, 0x09, 0x8b,
    0x09, 0x6a, 0x09, 0x6a, 0x09, 0x4a, 0x09, 0x4a, 0x09, 0x49, 0x09, 0x49, 0x01, 0x29, 0x01, 0x09,
    0x01, 0x08, 0x01, 0x09, 0x01, 0x09, 0x00, 0xe9, 0x00, 0xe9, 0x09, 0x09, 0x00, 0xe9, 0x00, 0xe9,
    0x00, 0xe9, 0x00, 0xe9, 0x00, 0xe8, 0x00, 0xe8, 0x00, 0xe8, 0x08, 0xc8, 0x08, 0xc8, 0x08, 0xa8,
    0x08, 0xa8, 0x08, 0xa8, 0x08, 0xa8, 0x08, 0xa8, 0x08, 0xa8, 0x08, 0xa7, 0x00, 0x87, 0x00, 0x87,
    0x00, 0x87, 0x00, 0x67, 0x00, 0x66, 0x00, 0x66, 0x00, 0x66, 0x00, 0x66, 0x00, 0x66, 0x00, 0x66,
    0x00, 0x47, 0x00, 0x66, 0x00, 0x47, 0x00, 0x66, 0x00, 0x47, 0x00, 0x66, 0x08, 0x67, 0x08, 0x66,
    0x08, 0x67, 0x08, 0x66, 0x08, 0x67, 0x08, 0x66, 0x08, 0x67, 0x08, 0x66, 0x00, 0x66, 0x00, 0x66,
    0x00, 0x66, 0x00, 0x66, 0x00, 0x66, 0x00, 0x66, 0x00, 0x66, 0x00, 0x66, 0x00, 0x66, 0x00, 0x45,
    0x00, 0x45, 0x00, 0x45, 0x00, 0x66, 0x08, 0xa7, 0x08, 0xa6, 0x08, 0x86, 0x00, 0x45, 0x19, 0x07,
    0x08, 0x85, 0x08, 0x85, 0x08, 0x85, 0x08, 0x85, 0x08, 0x85, 0x08, 0x85, 0x08, 0x85, 0x08, 0x85,
    0x08, 0x85, 0x08, 0x85, 0x08, 0x85, 0x08, 0x85, 0x08, 0x85, 0x08, 0x85, 0x08, 0x85, 0x08, 0x85,
    0x08, 0x86, 0x08, 0x86, 0x08, 0x86, 0x08, 0x86, 0x08, 0x86, 0x08, 0x86, 0x08, 0x86, 0x08, 0x86,
    0x08, 0x86, 0x08, 0x86, 0x08, 0x86, 0x08, 0x86, 0x08, 0x86, 0x08, 0x86, 0x08, 0x86, 0x08, 0x86,
    0x08, 0x86, 0x08, 0x86, 0x08, 0x86, 0x08, 0x86, 0x08, 0x86, 0x08, 0x86, 0x08, 0x86, 0x08, 0x86,
    0x08, 0x86, 0x08, 0x86, 0x08, 0x86, 0x08, 0x86, 0x08, 0x86, 0x08, 0x86, 0x08, 0x86, 0x08, 0x86,
    0x08, 0x86, 0x08, 0x86, 0x08, 0x86, 0x08, 0x86, 0x08, 0x86, 0x08, 0x86, 0x08, 0x86, 0x08, 0x86,
    0x08, 0x86, 0x08, 0x86, 0x08, 0x86, 0x08, 0x86, 0x08, 0x86, 0x08, 0x86, 0x08, 0xa6, 0x08, 0xa6,
    0x08, 0xa6, 0x08, 0xa6, 0x08, 0xa6, 0x08, 0xa6, 0x08, 0xa6, 0x08, 0xa6, 0x08, 0xa6, 0x08, 0xa6,
    0x08, 0xa6, 0x08, 0xc7, 0x08, 0xc7, 0x08, 0xc7, 0x08, 0xc7, 0x08, 0xc7, 0x08, 0xc7, 0x08, 0xc7,
    0x08, 0xc7, 0x08, 0xc7, 0x08, 0xc7, 0x08, 0xc7, 0x08, 0xc7, 0x08, 0xc7, 0x08, 0xc7, 0x08, 0xc7,
    0x08, 0xc7, 0x08, 0xe7, 0x08, 0xe7, 0x08, 0xe7, 0x08, 0xe8, 0x08, 0xe8, 0x08, 0xe7, 0x08, 0xe7,
    0x08, 0xe7, 0x08, 0xe7, 0x08, 0xe7, 0x08, 0xe7, 0x08, 0xe7, 0x08, 0xe7, 0x08, 0xe7, 0x08, 0xe7,
    0x08, 0xc7, 0x08, 0xc7, 0x08, 0xc7, 0x08, 0xc7, 0x08, 0xc7, 0x08, 0xc7, 0x08, 0xc7, 0x08, 0xc7,
    0x08, 0xc7, 0x08, 0xc7, 0x08, 0xc7, 0x08, 0xc7, 0x08, 0xc7, 0x08, 0xc7, 0x08, 0xc7, 0x08, 0xc7,
    0x08, 0xc7, 0x08, 0xc7, 0x08, 0xc7, 0x08, 0xc7, 0x08, 0xa6, 0x08, 0xa6, 0x08, 0xa6, 0x08, 0xa6,
    0x08, 0xa6, 0x08, 0xa6, 0x08, 0xa6, 0x08, 0xa6, 0x08, 0xa6, 0x08, 0xa6, 0x08, 0xc7, 0x08, 0xc7,
    0x08, 0xa6, 0x08, 0xa6, 0x08, 0xa6, 0x08, 0xa6, 0x08, 0xa6, 0x08, 0xa6, 0x08, 0xa6, 0x08, 0xa6,
    0x08, 0xa6, 0x08, 0xc7, 0x08, 0xc7, 0x08, 0xc7, 0x08, 0xa6, 0x08, 0xa6, 0x08, 0xa6, 0x08, 0xa6,
    0x08, 0xa6, 0x08, 0xa6, 0x08, 0xa6, 0x08, 0xa6, 0x08, 0xa6, 0x08, 0xa7, 0x08, 0xa7, 0x08, 0xa7,
    0x08, 0xa7, 0x08, 0xc7, 0x08, 0xc7, 0x08, 0xc7, 0x08, 0xc7, 0x08, 0xc7, 0x08, 0xe7, 0x08, 0xc7,
    0x09, 0x08, 0x09, 0x08, 0x09, 0x08, 0x09, 0x09, 0x00, 0xe8, 0x00, 0xa8, 0x2a, 0x2e, 0x53, 0x93,
    0x00, 0xe8, 0x00, 0xe8, 0x11, 0x8b, 0x01, 0x08, 0x09, 0x4a, 0x01, 0x29, 0x09, 0x49, 0x09, 0x49,
    0x09, 0x49, 0x09, 0x49, 0x09, 0x49, 0x09, 0x49, 0x09, 0x49, 0x09, 0x49, 0x09, 0x49, 0x09, 0x49,
    0x09, 0x49, 0x09, 0x49, 0x09, 0x49, 0x09, 0x49, 0x09, 0x49, 0x09, 0x29, 0x09, 0x29, 0x09, 0x29,
    0x09, 0x29, 0x09, 0x29, 0x09, 0x29, 0x09, 0x29, 0x09, 0x29, 0x09, 0x29, 0x09, 0x28, 0x09, 0x28,
    0x09, 0x29, 0x09, 0x29, 0x09, 0x29, 0x09, 0x29, 0x09, 0x49, 0x09, 0x49, 0x09, 0x49, 0x09, 0x49,
    0x09, 0x49, 0x09, 0x6a, 0x09, 0x6a, 0x09, 0x6a, 0x09, 0x6a, 0x09, 0x6a, 0x09, 0x8b, 0x09, 0xab,
    0x09, 0xab, 0x09, 0xab, 0x09, 0xac, 0x09, 0xcc, 0x09, 0xcc, 0x09, 0xcc, 0x09, 0xec, 0x09, 0xec,
    0x09, 0xec, 0x09, 0xec, 0x09, 0xec, 0x09, 0xec, 0x09, 0xed, 0x09, 0xed, 0x09, 0xec, 0x09, 0xec,
    0x09, 0xcc, 0x09, 0xcc, 0x09, 0xac, 0x09, 0xab, 0x09, 0xab, 0x09, 0x8b, 0x09, 0x8b, 0x09, 0x6a,
    0x09, 0x6a, 0x09, 0x6a, 0x09, 0x4a, 0x09, 0x49, 0x09, 0x29, 0x09, 0x49, 0x09, 0x49, 0x01, 0x49,
    0x09, 0x4a, 0x09, 0x6a, 0x09, 0x6b, 0x09, 0x2a, 0x01, 0x09, 0x00, 0xe9, 0x09, 0x0a, 0x09, 0x0a,
    0x09, 0x0a, 0x00, 0xe9, 0x00, 0xe9, 0x00, 0xe9, 0x00, 0xe8, 0x00, 0xc8, 0x08, 0xa8, 0x08, 0xa8,
    0x08, 0xa8, 0x08, 0xa8, 0x08, 0xa8, 0x08, 0x88, 0x00, 0x87, 0x00, 0x87, 0x08, 0xc8, 0x08, 0xc8,
    0x10, 0xc8, 0x10, 0xc8, 0x10, 0xc8, 0x08, 0xc8, 0x08, 0xc8, 0x08, 0xa8, 0x08, 0x87, 0x08, 0x87,
    0x08, 0x88, 0x08, 0x87, 0x08, 0x88, 0x08, 0x87, 0x08, 0x88, 0x08, 0x87, 0x10, 0xa8, 0x10, 0xa8,
    0x10, 0xa8, 0x10, 0xa8, 0x10, 0xa8, 0x10, 0xa8, 0x10, 0xa8, 0x10, 0xa8, 0x08, 0x87, 0x08, 0x87,
    0x08, 0x87, 0x08, 0x87, 0x08, 0x87, 0x08, 0x87, 0x08, 0x87, 0x08, 0x87, 0x10, 0xc8, 0x10, 0xc8,
    0x08, 0xa7, 0x08, 0xa7, 0x08, 0x87, 0x00, 0x66, 0x08, 0x87, 0x08, 0x86, 0x00, 0x45, 0x19, 0x07,
    0x08, 0x85, 0x08, 0x85, 0x08, 0x85, 0x08, 0x85, 0x08, 0x85, 0x08, 0x85, 0x08, 0x85, 0x08, 0x85,
    0x08, 0x85, 0x08, 0x85, 0x08, 0x85, 0x08, 0x85, 0x08, 0x85, 0x08, 0x85, 0x08, 0x85, 0x08, 0x85,
    0x08, 0x86, 0x08, 0x86, 0x08, 0x86, 0x08, 0x86, 0x08, 0x86, 0x08, 0x86, 0x08, 0x86, 0x08, 0x86,
    0x08, 0x86, 0x08, 0x86, 0x08, 0x86, 0x08, 0x86, 0x08, 0x86, 0x08, 0x86, 0x08, 0x86, 0x08, 0x86,
    0x08, 0x86, 0x08, 0x86, 0x08, 0x86, 0x08, 0x86, 0x08, 0x86, 0x08, 0x86, 0x08, 0x86, 0x08, 0x86,
    0x08, 0x86, 0x08, 0x86, 0x08, 0x86, 0x08, 0x86, 0x08, 0x86, 0x08, 0x86, 0x08, 0x86, 0x08, 0x86,
    0x08, 0x86, 0x08, 0x86, 0x08, 0x86, 0x08, 0x86, 0x08, 0x86, 0x08, 0x86, 0x08, 0x86, 0x08, 0x86,
    0x08, 0x86, 0x08, 0x86, 0x08, 0x86, 0x08, 0x86, 0x08, 0x86, 0x08, 0x86, 0x08, 0xa6, 0x08, 0xa6,
    0x08, 0xa6, 0x08, 0xa6, 0x08, 0xa6, 0x08, 0xa6, 0x08, 0xa6, 0x08, 0xa6, 0x08, 0xa6, 0x08, 0xa6,
    0x08, 0xa6, 0x08, 0xc7, 0x08, 0xc7, 0x08, 0xc7, 0x08, 0xc7, 0x08, 0xc7, 0x08, 0xc7, 0x08, 0xc7,
    0x08, 0xc7, 0x08, 0xc7, 0x08, 0xc7, 0x08, 0xe7, 0x08, 0xe7, 0x08, 0xe7, 0x08, 0xe7, 0x08, 0xe7,
    0x08, 0xe7, 0x08, 0xe7, 0x08, 0xe7, 0x08, 0xe7, 0x08, 0xe8, 0x08, 0xe8, 0x08, 0xe7, 0x08, 0xe7,
    0x08, 0xe7, 0x08, 0xe7, 0x08, 0xe7, 0x08, 0xe7, 0x08, 0xe7, 0x08, 0xe7, 0x08, 0xe7, 0x08, 0xe7,
    0x08, 0xe7, 0x08, 0xe7, 0x08, 0xe7, 0x08, 0xc7, 0x08, 0xc7, 0x08, 0xc7, 0x08, 0xc7, 0x08, 0xc7,
    0x08, 0xc7, 0x08, 0xc7, 0x08, 0xc7, 0x08, 0xc7, 0x08, 0xc7, 0x08, 0xc7, 0x08, 0xc7, 0x08, 0xc7,
    0x08, 0xc7, 0x08, 0xc7, 0x08, 0xc7, 0x08, 0xc7, 0x08, 0xc6, 0x08, 0xc6, 0x08, 0xc7, 0x08, 0xc7,
    0x08, 0xc7, 0x08, 0xc7, 0x08, 0xc7, 0x08, 0xc7, 0x08, 0xc7, 0x08, 0xc7, 0x08, 0xc7, 0x08, 0xc7,
    0x08, 0xa6, 0x08, 0xa6, 0x08, 0xa6, 0x08, 0xa6, 0x08, 0xa6, 0x08, 0xa6, 0x08, 0xa6, 0x08, 0xa6,
    0x08, 0xa6, 0x08, 0xc7, 0x08, 0xc7, 0x08, 0xc7, 0x08, 0xa6, 0x08, 0xa6, 0x08, 0xc7, 0x08, 0xc7,
    0x08, 0xc7, 0x08, 0xc7, 0x08, 0xc7, 0x08, 0xc7, 0x08, 0xc7, 0x08, 0xc7, 0x08, 0xa7, 0x08, 0xa7,
    0x08, 0xa7, 0x08, 0xa7, 0x08, 0xc7, 0x08, 0xc7, 0x08, 0xc7, 0x08, 0xc7, 0x08, 0xe7, 0x08, 0xe7,
    0x08, 0xe8, 0x08, 0xe8, 0x09, 0x09, 0x00, 0xe8, 0x00, 0x87, 0x09, 0x09, 0x5b, 0x93, 0x19, 0xac,
    0x00, 0xc8, 0x09, 0x29, 0x01, 0x09, 0x00, 0xe8, 0x11, 0x6a, 0x01, 0x08, 0x09, 0x29, 0x09, 0x29,
    0x09, 0x29, 0x09, 0x29, 0x09, 0x29, 0x09, 0x29, 0x09, 0x29, 0x09, 0x29, 0x09, 0x49, 0x09, 0x29,
    0x09, 0x29, 0x09, 0x29, 0x09, 0x29, 0x09, 0x29, 0x09, 0x29, 0x09, 0x29, 0x09, 0x29, 0x09, 0x29,
    0x09, 0x29, 0x09, 0x29, 0x09, 0x29, 0x09, 0x29, 0x09, 0x29, 0x09, 0x29, 0x09, 0x09, 0x09, 0x29,
    0x09, 0x29, 0x09, 0x29, 0x09, 0x29, 0x09, 0x29, 0x09, 0x29, 0x09, 0x29, 0x09, 0x49, 0x09, 0x49,
    0x09, 0x49, 0x09, 0x49, 0x09, 0x6a, 0x09, 0x6a, 0x09, 0x6a, 0x09, 0x6a, 0x09, 0x8b, 0x09, 0x8b,
    0x09, 0x8b, 0x09, 0xab, 0x09, 0xab, 0x09, 0xac, 0x09, 0xac, 0x09, 0xcc, 0x09, 0xcc, 0x09, 0xcc,
    0x09, 0xec, 0x09, 0xec, 0x09, 0xec, 0x09, 0xec, 0x09, 0xec, 0x09, 0xec, 0x09, 0xcc, 0x09, 0xcc,
    0x09, 0xcc, 0x09, 0xab, 0x09, 0xab, 0x09, 0xab, 0x09, 0x8b, 0x09, 0x8b, 0x09, 0x6a, 0x09, 0x6a,
    0x09, 0x6a, 0x09, 0x4a, 0x09, 0x4a, 0x09, 0x49, 0x09, 0x29, 0x09, 0x29, 0x01, 0x09, 0x09, 0x4a,
    0x19, 0xcc, 0x32, 0x8f, 0x43, 0x11, 0x4b, 0x32, 0x4b, 0x32, 0x43, 0x12, 0x42, 0xf1, 0x42, 0xf1,
    0x42, 0xf1, 0x42, 0xd0, 0x3a, 0xb0, 0x3a, 0xb0, 0x3a, 0x8f, 0x3a, 0x8f, 0x42, 0x6f, 0x42, 0x6f,
    0x42, 0x6f, 0x3a, 0x4f, 0x3a, 0x4f, 0x3a, 0x4e, 0x3a, 0x4e, 0x3a, 0x2e, 0x31, 0xed, 0x31, 0xed,
    0x31, 0xed, 0x31, 0xed, 0x31, 0xed, 0x31, 0xed, 0x31, 0xec, 0x31, 0xec, 0x31, 0xcd, 0x31, 0xcd,
    0x31, 0xcd, 0x31, 0xcd, 0x31, 0xcd, 0x31, 0xcd, 0x31, 0xcd, 0x31, 0xcd, 0x31, 0xcc, 0x31, 0xcc,
    0x31, 0xcc, 0x31, 0xcc, 0x31, 0xcc, 0x31, 0xcc, 0x31, 0xcc, 0x31, 0xcc, 0x31, 0xcc, 0x31, 0xcc,
    0x31, 0xcc, 0x31, 0xcc, 0x31, 0xcc, 0x31, 0xcc, 0x31, 0xcc, 0x31, 0xcc, 0x29, 0xab, 0x31, 0xcc,
    0x29, 0xab, 0x29, 0x8b, 0x10, 0xe8, 0x00, 0x05, 0x00, 0x46, 0x08, 0x66, 0x00, 0x45, 0x19, 0x08,
    0x08, 0x85, 0x08, 0x85, 0x08, 0x85, 0x08, 0x85, 0x08, 0x85, 0x08, 0x85, 0x08, 0x85, 0x08, 0x85,
    0x08, 0x85, 0x08, 0x85, 0x08, 0x85, 0x08, 0x85, 0x08, 0x85, 0x08, 0x85, 0x08, 0x85, 0x08, 0x85,
    0x08, 0x86, 0x08, 0x86, 0x08, 0x86, 0x08, 0x86, 0x08, 0x86, 0x08, 0x86, 0x08, 0x86, 0x08, 0x86,
    0x08, 0x86, 0x08, 0x86, 0x08, 0x86, 0x08, 0x86, 0x08, 0x86, 0x08, 0x86, 0x08, 0x86, 0x08, 0x86,
    0x08, 0x86, 0x08, 0x86, 0x08, 0x86, 0x08, 0x86, 0x08, 0x86, 0x08, 0x86, 0x08, 0x86, 0x08, 0x86,
    0x08, 0x86, 0x08, 0x86, 0x08, 0x86, 0x08, 0x86, 0x08, 0x86, 0x08, 0x86, 0x08, 0x86, 0x08, 0x86,
    0x08, 0x86, 0x08, 0x86, 0x08, 0x86, 0x08, 0x86, 0x08, 0x86, 0x08, 0x86, 0x08, 0x86, 0x08, 0x86,
    0x08, 0x86, 0x08, 0x86, 0x08, 0x86, 0x08, 0x86, 0x08, 0x86, 0x08, 0x86, 0x08, 0xa6, 0x08, 0xa6,
    0x08, 0xa6, 0x08, 0xa6, 0x08, 0xa6, 0x08, 0xa6, 0x08, 0xa6, 0x08, 0xa6, 0x08, 0xa6, 0x08, 0xa6,
    0x08, 0xc7, 0x08, 0xc7, 0x08, 0xc7, 0x08, 0xc7, 0x08, 0xc7, 0x08, 0xc7, 0x08, 0xc7, 0x08, 0xc7,
    0x08, 0xc7, 0x08, 0xe7, 0x08, 0xe7, 0x08, 0xe7, 0x08, 0xe7, 0x08, 0xe7, 0x08, 0xe7, 0x08, 0xe7,
    0x08, 0xe8, 0x08, 0xe8, 0x08, 0xe8, 0x08, 0xe8, 0x08, 0xe8, 0x08, 0xe8, 0x08, 0xe8, 0x08, 0xe8,
    0x08, 0xe8, 0x08, 0xe8, 0x08, 0xe8, 0x08, 0xe8, 0x08, 0xe8, 0x08, 0xe8, 0x08, 0xe8, 0x08, 0xe8,
    0x08, 0xe8, 0x08, 0xe8, 0x08, 0xe8, 0x08, 0xe8, 0x08, 0xe8, 0x08, 0xe8, 0x08, 0xe7, 0x08, 0xe7,
    0x08, 0xc7, 0x08, 0xc7, 0x08, 0xc7, 0x08, 0xc7, 0x08, 0xc7, 0x08, 0xc7, 0x08, 0xc7, 0x08, 0xc7,
    0x08, 0xc7, 0x08, 0xc7, 0x08, 0xc7, 0x08, 0xc7, 0x08, 0xc7, 0x08, 0xc7, 0x08, 0xc7, 0x08, 0xc7,
    0x08, 0xc7, 0x08, 0xc7, 0x08, 0xc7, 0x08, 0xc7, 0x08, 0xc7, 0x08, 0xc7, 0x08, 0xc7, 0x08, 0xc7,
    0x08, 0xa6, 0x08, 0xa6, 0x08, 0xa6, 0x08, 0xa6, 0x08, 0xa6, 0x08, 0xa6, 0x08, 0xa6, 0x08, 0xa6,
    0x08, 0xa6, 0x08, 0xc7, 0x08, 0xc7, 0x08, 0xc7, 0x08, 0xa6, 0x08, 0xa6, 0x08, 0xc7, 0x08, 0xc7,
    0x08, 0xc7, 0x08, 0xc7, 0x08, 0xc7, 0x08, 0xc7, 0x08, 0xc7, 0x08, 0xc7, 0x08, 0xa7, 0x08, 0xa7,
    0x08, 0xa7, 0x08, 0xa7, 0x08, 0xc7, 0x08, 0xc7, 0x08, 0xc7, 0x08, 0xc7, 0x08, 0xc7, 0x08, 0xe7,
    0x08, 0xe8, 0x00, 0xc7, 0x09, 0x09, 0x00, 0xc8, 0x00, 0xa8, 0x32, 0x2e, 0x4b, 0x11, 0x00, 0xa8,
    0x09, 0x09, 0x11, 0x2a, 0x00, 0xe8, 0x09, 0x29, 0x09, 0x29, 0x09, 0x29, 0x09, 0x29, 0x09, 0x29,
    0x09, 0x29, 0x09, 0x29, 0x09, 0x29, 0x09, 0x29, 0x09, 0x09, 0x09, 0x29, 0x09, 0x29, 0x09, 0x29,
    0x09, 0x29, 0x09, 0x29, 0x09, 0x29, 0x09, 0x29, 0x09, 0x09, 0x09, 0x09, 0x09, 0x29, 0x09, 0x29,
    0x09, 0x29, 0x09, 0x29, 0x09, 0x29, 0x09, 0x29, 0x09, 0x09, 0x09, 0x09, 0x09, 0x09, 0x09, 0x09,
    0x09, 0x29, 0x09, 0x29, 0x09, 0x29, 0x09, 0x29, 0x09, 0x29, 0x09, 0x49, 0x09, 0x49, 0x09, 0x49,
    0x09, 0x4a, 0x09, 0x49, 0x09, 0x49, 0x09, 0x69, 0x11, 0x69, 0x09, 0x6a, 0x09, 0x8a, 0x09, 0x8b,
    0x09, 0x8b, 0x09, 0x8b, 0x09, 0xab, 0x09, 0xab, 0x09, 0xab, 0x09, 0xab, 0x09, 0xcb, 0x09, 0xcc,
    0x09, 0xcc, 0x09, 0xcc, 0x09, 0xcc, 0x09, 0xcc, 0x09, 0xcc, 0x09, 0xcc, 0x09, 0xac, 0x09, 0xab,
    0x09, 0xab, 0x09, 0xab, 0x09, 0xab, 0x09, 0x8b, 0x09, 0x8b, 0x09, 0x8a, 0x09, 0x6a, 0x09, 0x6a,
    0x09, 0x6a, 0x09, 0x4a, 0x09, 0x4a, 0x09, 0x29, 0x09, 0x29, 0x09, 0x29, 0x09, 0x29, 0x09, 0x29,
    0x09, 0x6a, 0x19, 0xab, 0x19, 0xcc, 0x19, 0xac, 0x11, 0x6b, 0x09, 0x4a, 0x11, 0x4b, 0x11, 0x4b,
    0x11, 0x4b, 0x11, 0x2a, 0x09, 0x2a, 0x09, 0x2a, 0x09, 0x09, 0x09, 0x09, 0x10, 0xe9, 0x10, 0xe9,
    0x10, 0xe9, 0x10, 0xe9, 0x10, 0xe9, 0x10, 0xc9, 0x10, 0xc9, 0x08, 0xc8, 0x10, 0xe9, 0x10, 0xe9,
    0x10, 0xe8, 0x10, 0xc8, 0x10, 0xc8, 0x10, 0xc8, 0x10, 0xc8, 0x10, 0xc8, 0x10, 0xa8, 0x10, 0xa8,
    0x10, 0xa8, 0x10, 0xa8, 0x10, 0xa8, 0x10, 0xa8, 0x10, 0xa8, 0x10, 0xa8, 0x10, 0xc8, 0x10, 0xc8,
    0x10, 0xc8, 0x10, 0xc8, 0x10, 0xc8, 0x10, 0xc8, 0x10, 0xc8, 0x10, 0xc8, 0x10, 0xc9, 0x10, 0xc9,
    0x10, 0xc9, 0x10, 0xc9, 0x10, 0xc9, 0x10, 0xc9, 0x10, 0xc8, 0x10, 0xc8, 0x08, 0xa8, 0x10, 0xe9,
    0x10, 0xe9, 0x29, 0x8b, 0x19, 0x29, 0x00, 0x25, 0x00, 0x66, 0x10, 0xa7, 0x00, 0x45, 0x19, 0x07,
    0x08, 0x85, 0x08, 0x85, 0x08, 0x85, 0x08, 0x85, 0x08, 0x85, 0x08, 0x85, 0x08, 0x85, 0x08, 0x85,
    0x08, 0x85, 0x08, 0x85, 0x08, 0x85, 0x08, 0x85, 0x08, 0x85, 0x08, 0x85, 0x08, 0x85, 0x08, 0x85,
    0x08, 0x86, 0x08, 0x86, 0x08, 0x86, 0x08, 0x86, 0x08, 0x86, 0x08, 0x86, 0x08, 0x86, 0x08, 0x86,
    0x08, 0x86, 0x08, 0x86, 0x08, 0x86, 0x08, 0x86, 0x08, 0x86, 0x08, 0x86, 0x08, 0x86, 0x08, 0x86,
    0x08, 0x86, 0x08, 0x86, 0x08, 0x86, 0x08, 0x86, 0x08, 0x86, 0x08, 0x86, 0x08, 0x86, 0x08, 0x86,
    0x08, 0x86, 0x08, 0x86, 0x08, 0x86, 0x08, 0x86, 0x08, 0x86, 0x08, 0x86, 0x08, 0x86, 0x08, 0x86,
    0x08, 0x86, 0x08, 0x86, 0x08, 0x86, 0x08, 0x86, 0x08, 0x86, 0x08, 0x86, 0x08, 0x86, 0x08, 0x86,
    0x08, 0x86, 0x08, 0x86, 0x08, 0x86, 0x08, 0x86, 0x08, 0x86, 0x08, 0x86, 0x08, 0xa6, 0x08, 0xa6,
    0x08, 0xa6, 0x08, 0xa6, 0x08, 0xa6, 0x08, 0xa6, 0x08, 0xa6, 0x08, 0xa6, 0x08, 0xa6, 0x08, 0xa6,
    0x08, 0xc7, 0x08, 0xc7, 0x08, 0xc7, 0x08, 0xc7, 0x08, 0xc7, 0x08, 0xe7, 0x08, 0xc7, 0x08, 0xc7,
    0x08, 0xe7, 0x08, 0xe7, 0x08, 0xe7, 0x08, 0xe7, 0x08, 0xe7, 0x08, 0xe7, 0x08, 0xe7, 0x08, 0xe7,
    0x08, 0xe8, 0x08, 0xe8, 0x08, 0xe8, 0x08, 0xe8, 0x08, 0xe8, 0x08, 0xe8, 0x09, 0x08, 0x09, 0x08,
    0x09, 0x08, 0x09, 0x08, 0x08, 0xe8, 0x08, 0xe8, 0x08, 0xe8, 0x08, 0xe8, 0x08, 0xe8, 0x08, 0xe8,
    0x08, 0xe8, 0x08, 0xe8, 0x08, 0xe8, 0x08, 0xe8, 0x08, 0xe8, 0x08, 0xe8, 0x08, 0xe7, 0x08, 0xe7,
    0x08, 0xc7, 0x08, 0xc7, 0x08, 0xc7, 0x08, 0xc7, 0x08, 0xc7, 0x08, 0xc7, 0x08, 0xc7, 0x08, 0xc7,
    0x08, 0xc7, 0x08, 0xc7, 0x08, 0xc7, 0x08, 0xc7, 0x08, 0xc7, 0x08, 0xc7, 0x08, 0xc7, 0x08, 0xc7,
    0x08, 0xc7, 0x08, 0xc7, 0x08, 0xc7, 0x08, 0xc7, 0x08, 0xc7, 0x08, 0xc7, 0x08, 0xc7, 0x08, 0xc7,
    0x08, 0xa6, 0x08, 0xa6, 0x08, 0xa6, 0x08, 0xa6, 0x08, 0xa6, 0x08, 0xa6, 0x08, 0xa6, 0x08, 0xa6,
    0x08, 0xa6, 0x08, 0xc7, 0x08, 0xc7, 0x08, 0xc7, 0x08, 0xa6, 0x08, 0xa6, 0x08, 0xc7, 0x08, 0xc7,
    0x08, 0xc7, 0x08, 0xc7, 0x08, 0xc7, 0x08, 0xc7, 0x08, 0xc7, 0x08, 0xc7, 0x08, 0xa7, 0x08, 0xa7,
    0x08, 0xa7, 0x08, 0xa7, 0x08, 0xc7, 0x08, 0xc7, 0x08, 0xc7, 0x08, 0xc7, 0x00, 0xa6, 0x08, 0xe8,
    0x08, 0xe8, 0x00, 0xa7, 0x11, 0x09, 0x08, 0xe9, 0x09, 0x09, 0x53, 0x52, 0x11, 0x4a, 0x00, 0xc8,
    0x00, 0xa8, 0x09, 0x29, 0x09, 0x09, 0x11, 0x49, 0x00, 0x87, 0x11, 0x49, 0x09, 0x08, 0x09, 0x08,
    0x09, 0x08, 0x09, 0x09, 0x09, 0x09, 0x09, 0x29, 0x09, 0x09, 0x09, 0x09, 0x09, 0x09, 0x09, 0x09,
    0x09, 0x09, 0x09, 0x09, 0x09, 0x09, 0x09, 0x09, 0x09, 0x09, 0x09, 0x09, 0x09, 0x09, 0x09, 0x09,
    0x09, 0x09, 0x09, 0x09, 0x09, 0x09, 0x09, 0x09, 0x09, 0x09, 0x09, 0x09, 0x09, 0x09, 0x09, 0x09,
    0x09, 0x09, 0x09, 0x29, 0x09, 0x29, 0x09, 0x29, 0x09, 0x2a, 0x09, 0x4a, 0x09, 0x4a, 0x09, 0x4a,
    0x09, 0x4a, 0x09, 0x4a, 0x09, 0x49, 0x09, 0x69, 0x11, 0x69, 0x09, 0x6a, 0x09, 0x6a, 0x09, 0x8a,
    0x09, 0x8b, 0x09, 0x8b, 0x09, 0x8b, 0x09, 0xab, 0x09, 0x8b, 0x09, 0xab, 0x09, 0xab, 0x09, 0xab,
    0x09, 0xab, 0x09, 0xac, 0x09, 0xac, 0x09, 0xac, 0x09, 0xac, 0x09, 0xab, 0x09, 0xab, 0x09, 0xab,
    0x09, 0xab, 0x09, 0x8b, 0x09, 0x8b, 0x09, 0x8a, 0x09, 0x8a, 0x09, 0x6a, 0x09, 0x6a, 0x09, 0x6a,
    0x09, 0x6a, 0x09, 0x4a, 0x09, 0x49, 0x09, 0x29, 0x09, 0x29, 0x09, 0x29, 0x09, 0x29, 0x01, 0x08,
    0x00, 0xc8, 0x00, 0xe8, 0x09, 0x09, 0x00, 0xe9, 0x00, 0xe9, 0x00, 0xe9, 0x00, 0xa8, 0x00, 0xa8,
    0x00, 0xa8, 0x00, 0xa8, 0x00, 0xc8, 0x00, 0xc8, 0x00, 0xc8, 0x00, 0xc8, 0x00, 0x88, 0x00, 0x87,
    0x00, 0x87, 0x00, 0x87, 0x00, 0x87, 0x00, 0x87, 0x00, 0x87, 0x00, 0x87, 0x00, 0x87, 0x00, 0x87,
    0x00, 0x67, 0x00, 0x66, 0x00, 0x66, 0x00, 0x66, 0x00, 0x66, 0x00, 0x66, 0x08, 0x67, 0x08, 0x67,
    0x08, 0x67, 0x08, 0x67, 0x08, 0x67, 0x08, 0x67, 0x08, 0x67, 0x08, 0x67, 0x00, 0x67, 0x00, 0x67,
    0x00, 0x67, 0x00, 0x67, 0x00, 0x67, 0x00, 0x67, 0x00, 0x67, 0x00, 0x67, 0x00, 0x67, 0x00, 0x67,
    0x00, 0x67, 0x00, 0x67, 0x00, 0x67, 0x00, 0x67, 0x00, 0x67, 0x00, 0x67, 0x00, 0x66, 0x00, 0x46,
    0x00, 0x46, 0x21, 0x6a, 0x29, 0x8b, 0x08, 0x87, 0x08, 0x87, 0x08, 0x66, 0x00, 0x45, 0x19, 0x07,
    0x08, 0x85, 0x08, 0x85, 0x08, 0x85, 0x08, 0x85, 0x08, 0x86, 0x08, 0x86, 0x08, 0x86, 0x08, 0x86,
    0x08, 0x86, 0x08, 0x86, 0x08, 0x86, 0x08, 0x86, 0x08, 0x86, 0x08, 0x86, 0x08, 0x85, 0x08, 0x85,
    0x08, 0x86, 0x08, 0x86, 0x08, 0x86, 0x08, 0x86, 0x08, 0x86, 0x08, 0x86, 0x08, 0x86, 0x08, 0x86,
    0x08, 0x86, 0x08, 0x86, 0x08, 0x86, 0x08, 0x86, 0x08, 0x86, 0x08, 0x86, 0x08, 0x86, 0x08, 0x86,
    0x08, 0x86, 0x08, 0x86, 0x08, 0x86, 0x08, 0x86, 0x08, 0x86, 0x08, 0x86, 0x08, 0x86, 0x08, 0x86,
    0x08, 0x86, 0x08, 0x86, 0x08, 0x86, 0x08, 0x86, 0x08, 0x86, 0x08, 0x86, 0x08, 0x86, 0x08, 0x86,
    0x08, 0x86, 0x08, 0x86, 0x08, 0x86, 0x08, 0x86, 0x08, 0x86, 0x08, 0x86, 0x08, 0x86, 0x08, 0x86,
    0x08, 0xa6, 0x08, 0xa6, 0x08, 0xa6, 0x08, 0xa6, 0x08, 0xa6, 0x08, 0xa6, 0x08, 0xa6, 0x08, 0xa6,
    0x08, 0xa6, 0x08, 0xa6, 0x08, 0xa6, 0x08, 0xc7, 0x08, 0xc7, 0x08, 0xc7, 0x08, 0xc7, 0x08, 0xc7,
    0x08, 0xc7, 0x08, 0xc7, 0x08, 0xc7, 0x08, 0xc7, 0x08, 0xc7, 0x08, 0xc7, 0x08, 0xe7, 0x08, 0xe7,
    0x08, 0xe7, 0x08, 0xe7, 0x08, 0xe7, 0x08, 0xe8, 0x08, 0xe8, 0x08, 0xe8, 0x08, 0xe8, 0x08, 0xe8,
    0x09, 0x08, 0x09, 0x08, 0x09, 0x08, 0x09, 0x08, 0x09, 0x08, 0x09, 0x08, 0x09, 0x08, 0x09, 0x08,
    0x09, 0x08, 0x09, 0x08, 0x09, 0x08, 0x09, 0x08, 0x09, 0x08, 0x09, 0x08, 0x09, 0x08, 0x09, 0x08,
    0x08, 0xe8, 0x08, 0xe8, 0x08, 0xe8, 0x08, 0xe8, 0x08, 0xe8, 0x08, 0xe8, 0x08, 0xe8, 0x08, 0xe8,
    0x08, 0xe8, 0x08, 0xe8, 0x08, 0xe7, 0x08, 0xc7, 0x08, 0xc7, 0x08, 0xc7, 0x08, 0xe7, 0x08, 0xc7,
    0x08, 0xc7, 0x08, 0xc7, 0x08, 0xc7, 0x08, 0xc7, 0x08, 0xc7, 0x08, 0xc7, 0x08, 0xa7, 0x08, 0xa7,
    0x08, 0xa7, 0x08, 0xa7, 0x08, 0xa7, 0x08, 0xa7, 0x08, 0xa7, 0x08, 0xa7, 0x08, 0xa7, 0x08, 0xa7,
    0x08, 0xa7, 0x08, 0xa7, 0x08, 0xa7, 0x08, 0xa7, 0x08, 0xa7, 0x08, 0xa7, 0x08, 0xa6, 0x08, 0xa6,
    0x08, 0xa6, 0x08, 0xa6, 0x08, 0xa6, 0x08, 0xc7, 0x08, 0xc7, 0x08, 0xc7, 0x08, 0xc7, 0x08, 0xc7,
    0x08, 0xc7, 0x08, 0xc7, 0x08, 0xc7, 0x08, 0xc7, 0x08, 0xc7, 0x08, 0xc7, 0x08, 0xa7, 0x08, 0xa7,
    0x08, 0xc7, 0x08, 0xc7, 0x08, 0xc7, 0x08, 0xc7, 0x08, 0xc7, 0x08, 0xc7, 0x08, 0xe8, 0x11, 0x08,
    0x08, 0xe8, 0x08, 0xc8, 0x11, 0x09, 0x00, 0x46, 0x3a, 0x8f, 0x42, 0x90, 0x00, 0x87, 0x00, 0xa8,
    0x08, 0xc8, 0x08, 0xe8, 0x09, 0x08, 0x09, 0x08, 0x09, 0x08, 0x09, 0x08, 0x11, 0x29, 0x09, 0x28,
    0x09, 0x08, 0x08, 0xe8, 0x09, 0x08, 0x09, 0x09, 0x09, 0x09, 0x08, 0xe9, 0x09, 0x09, 0x09, 0x29,
    0x09, 0x09, 0x09, 0x29, 0x09, 0x09, 0x01, 0x09, 0x01, 0x09, 0x01, 0x09, 0x09, 0x09, 0x01, 0x09,
    0x01, 0x09, 0x01, 0x09, 0x01, 0x09, 0x01, 0x09, 0x01, 0x09, 0x01, 0x09, 0x01, 0x09, 0x01, 0x09,
    0x01, 0x09, 0x01, 0x29, 0x01, 0x2a, 0x01, 0x2a, 0x01, 0x2a, 0x01, 0x2a, 0x01, 0x09, 0x01, 0x4a,
    0x09, 0x4a, 0x09, 0x29, 0x09, 0x29, 0x09, 0x4a, 0x11, 0x69, 0x09, 0x49, 0x09, 0x8a, 0x09, 0x8a,
    0x09, 0x8a, 0x09, 0x8a, 0x09, 0x8a, 0x09, 0x8a, 0x09, 0x8b, 0x09, 0x8b, 0x09, 0x8b, 0x09, 0xab,
    0x09, 0xab, 0x09, 0xab, 0x09, 0xab, 0x09, 0xab, 0x09, 0xab, 0x09, 0xab, 0x09, 0x8b, 0x09, 0x8a,
    0x09, 0x8a, 0x09, 0x8a, 0x09, 0x8a, 0x09, 0x8a, 0x09, 0x6a, 0x09, 0x6a, 0x09, 0x4a, 0x09, 0x4a,
    0x09, 0x49, 0x09, 0x49, 0x09, 0x29, 0x09, 0x29, 0x09, 0x29, 0x09, 0x29, 0x09, 0x29, 0x09, 0x28,
    0x00, 0xa7, 0x09, 0x08, 0x09, 0x09, 0x08, 0xc8, 0x11, 0x2a, 0x00, 0xa8, 0x08, 0xe9, 0x08, 0xe9,
    0x08, 0xe9, 0x08, 0xe9, 0x08, 0xe9, 0x08, 0xc8, 0x08, 0xc8, 0x08, 0xc8, 0x08, 0xa8, 0x08, 0xa8,
    0x08, 0xa8, 0x08, 0xa7, 0x08, 0xa7, 0x08, 0xa7, 0x08, 0xa7, 0x08, 0xa7, 0x00, 0x87, 0x00, 0x87,
    0x08, 0x87, 0x08, 0x87, 0x08, 0x87, 0x08, 0x87, 0x08, 0x87, 0x08, 0x87, 0x08, 0x87, 0x08, 0x87,
    0x08, 0x87, 0x08, 0x87, 0x08, 0x87, 0x08, 0x87, 0x08, 0x87, 0x08, 0x87, 0x08, 0x87, 0x08, 0x87,
    0x08, 0x87, 0x08, 0x87, 0x08, 0x87, 0x08, 0x87, 0x08, 0x87, 0x08, 0x87, 0x08, 0x67, 0x08, 0x87,
    0x08, 0x87, 0x00, 0x67, 0x08, 0x87, 0x08, 0xa7, 0x08, 0x87, 0x00, 0x46, 0x08, 0x86, 0x08, 0x87,
    0x00, 0x66, 0x00, 0x45, 0x29, 0x8a, 0x31, 0xcb, 0x00, 0x45, 0x08, 0x66, 0x08, 0x65, 0x10, 0xa5,
    0x08, 0x85, 0x08, 0x85, 0x08, 0x85, 0x08, 0x85, 0x08, 0x86, 0x08, 0x86, 0x08, 0x86, 0x08, 0x86,
    0x08, 0x86, 0x08, 0x86, 0x08, 0x86, 0x08, 0x86, 0x08, 0x86, 0x08, 0x86, 0x08, 0x85, 0x08, 0x85,
    0x08, 0x86, 0x08, 0x86, 0x08, 0x86, 0x08, 0x86, 0x08, 0x86, 0x08, 0x86, 0x08, 0x86, 0x08, 0x86,
    0x08, 0x86, 0x08, 0x86, 0x08, 0x86, 0x08, 0x86, 0x08, 0x86, 0x08, 0x86, 0x08, 0x86, 0x08, 0x86,
    0x08, 0x86, 0x08, 0x86, 0x08, 0x86, 0x08, 0x86, 0x08, 0x86, 0x08, 0x86, 0x08, 0x86, 0x08, 0x86,
    0x08, 0x86, 0x08, 0x86, 0x08, 0x86, 0x08, 0x86, 0x08, 0x86, 0x08, 0x86, 0x08, 0x86, 0x08, 0x86,
    0x08, 0x86, 0x08, 0x86, 0x08, 0x86, 0x08, 0x86, 0x08, 0x86, 0x08, 0x86, 0x08, 0x86, 0x08, 0x86,
    0x08, 0xa6, 0x08, 0xa6, 0x08, 0xa6, 0x08, 0xa6, 0x08, 0xa6, 0x08, 0xa6, 0x08, 0xa6, 0x08, 0xa6,
    0x08, 0xa6, 0x08, 0xa6, 0x08, 0xa6, 0x08, 0xc7, 0x08, 0xc7, 0x08, 0xc7, 0x08, 0xc7, 0x08, 0xc7,
    0x08, 0xc7, 0x08, 0xc7, 0x08, 0xc7, 0x08, 0xc7, 0x08, 0xc7, 0x08, 0xe7, 0x08, 0xe7, 0x08, 0xe7,
    0x08, 0xe7, 0x08, 0xe7, 0x08, 0xe8, 0x08, 0xe8, 0x08, 0xe8, 0x09, 0x08, 0x09, 0x08, 0x09, 0x08,
    0x09, 0x08, 0x09, 0x08, 0x09, 0x08, 0x09, 0x08, 0x09, 0x08, 0x09, 0x08, 0x09, 0x08, 0x09, 0x08,
    0x09, 0x08, 0x09, 0x08, 0x09, 0x08, 0x09, 0x08, 0x09, 0x08, 0x09, 0x08, 0x09, 0x08, 0x09, 0x08,
    0x09, 0x08, 0x08, 0xe8, 0x08, 0xe8, 0x08, 0xe8, 0x08, 0xe8, 0x08, 0xe8, 0x08, 0xe8, 0x08, 0xe8,
    0x08, 0xe8, 0x08, 0xe8, 0x08, 0xe7, 0x08, 0xe7, 0x08, 0xc7, 0x08, 0xc7, 0x08, 0xe7, 0x08, 0xc7,
    0x08, 0xc7, 0x08, 0xc7, 0x08, 0xc7, 0x08, 0xc7, 0x08, 0xc7, 0x08, 0xc7, 0x08, 0xa7, 0x08, 0xa7,
    0x08, 0xa7, 0x08, 0xa7, 0x08, 0xa7, 0x08, 0xa7, 0x08, 0xa7, 0x08, 0xa7, 0x08, 0xa7, 0x08, 0xa7,
    0x08, 0xa7, 0x08, 0xa7, 0x08, 0xa7, 0x08, 0xa7, 0x08, 0xa7, 0x08, 0xa7, 0x08, 0xa6, 0x08, 0xa6,
    0x08, 0xa6, 0x08, 0xa6, 0x08, 0xa6, 0x08, 0xc7, 0x08, 0xc7, 0x08, 0xc7, 0x08, 0xc7, 0x08, 0xc7,
    0x08, 0xc7, 0x08, 0xc7, 0x08, 0xc7, 0x08, 0xc7, 0x08, 0xc7, 0x08, 0xc7, 0x08, 0xa7, 0x08, 0xa7,
    0x08, 0xc7, 0x08, 0xc7, 0x08, 0xc7, 0x08, 0xc7, 0x08, 0xc7, 0x08, 0xc7, 0x08, 0xe8, 0x08, 0xc7,
    0x00, 0x66, 0x11, 0x09, 0x00, 0x67, 0x19, 0x8b, 0x53, 0x12, 0x19, 0x4a, 0x00, 0xa8, 0x08, 0xc8,
    0x08, 0xe8, 0x08, 0xe8, 0x09, 0x08, 0x09, 0x08, 0x08, 0xe8, 0x08, 0xe7, 0x09, 0x08, 0x09, 0x08,
    0x09, 0x08, 0x08, 0xe8, 0x09, 0x08, 0x09, 0x09, 0x09, 0x09, 0x00, 0xe9, 0x00, 0xe9, 0x00, 0xe9,
    0x00, 0xe9, 0x00, 0xe9, 0x00, 0xe9, 0x00, 0xe9, 0x00, 0xe9, 0x00, 0xe9, 0x00, 0xe9, 0x00, 0xe9,
    0x00, 0xe9, 0x00, 0xe9, 0x00, 0xe9, 0x00, 0xe9, 0x00, 0xe9, 0x00, 0xe9, 0x00, 0xe9, 0x01, 0x09,
    0x01, 0x09, 0x01, 0x09, 0x01, 0x09, 0x01, 0x0a, 0x01, 0x0a, 0x01, 0x0a, 0x01, 0x0a, 0x01, 0x2a,
    0x01, 0x2a, 0x01, 0x29, 0x01, 0x09, 0x09, 0x29, 0x09, 0x49, 0x09, 0x49, 0x09, 0x6a, 0x09, 0x6a,
    0x09, 0x6a, 0x09, 0x6a, 0x09, 0x8a, 0x09, 0x8a, 0x09, 0x8a, 0x09, 0x8a, 0x09, 0x8a, 0x09, 0x8b,
    0x09, 0x8b, 0x09, 0x8b, 0x09, 0x8b, 0x09, 0x8b, 0x09, 0x8b, 0x09, 0x8b, 0x09, 0x8a, 0x09, 0x8a,
    0x09, 0x8a, 0x09, 0x8a, 0x09, 0x8a, 0x09, 0x6a, 0x09, 0x6a, 0x09, 0x6a, 0x09, 0x4a, 0x09, 0x4a,
    0x09, 0x49, 0x09, 0x49, 0x09, 0x29, 0x09, 0x29, 0x09, 0x29, 0x09, 0x29, 0x09, 0x08, 0x00, 0xc7,
    0x09, 0x08, 0x19, 0x8a, 0x00, 0xa7, 0x00, 0xa7, 0x11, 0x09, 0x11, 0x09, 0x08, 0xc8, 0x08, 0xc8,
    0x08, 0xc8, 0x08, 0xc8, 0x08, 0xc8, 0x08, 0xa8, 0x00, 0xa7, 0x00, 0xa7, 0x08, 0xc8, 0x08, 0xa8,
    0x08, 0xa7, 0x08, 0xa7, 0x08, 0xa7, 0x08, 0xa7, 0x08, 0xa7, 0x08, 0xa7, 0x00, 0x87, 0x00, 0x87,
    0x08, 0x87, 0x08, 0x87, 0x08, 0x86, 0x08, 0x86, 0x08, 0x86, 0x08, 0x86, 0x08, 0x87, 0x08, 0x87,
    0x08, 0x87, 0x08, 0x87, 0x08, 0x87, 0x08, 0x87, 0x08, 0x87, 0x08, 0x87, 0x08, 0x86, 0x08, 0x86,
    0x08, 0x86, 0x08, 0x86, 0x08, 0x86, 0x08, 0x86, 0x08, 0x86, 0x08, 0x86, 0x00, 0x46, 0x08, 0x86,
    0x08, 0x87, 0x00, 0x66, 0x00, 0x66, 0x00, 0x66, 0x08, 0x87, 0x08, 0xa7, 0x08, 0x86, 0x10, 0xc7,
    0x08, 0x86, 0x00, 0x66, 0x10, 0xe8, 0x21, 0x6a, 0x19, 0x08, 0x00, 0x04, 0x10, 0xa6, 0x10, 0xc6,
    0x08, 0x85, 0x08, 0x85, 0x08, 0x85, 0x08, 0x85, 0x08, 0x86, 0x08, 0x86, 0x08, 0x86, 0x08, 0x86,
    0x08, 0x86, 0x08, 0x86, 0x08, 0x86, 0x08, 0x86, 0x08, 0x86, 0x08, 0x86, 0x08, 0x85, 0x08, 0x85,
    0x08, 0x86, 0x08, 0x86, 0x08, 0x86, 0x08, 0x86, 0x08, 0x86, 0x08, 0x86, 0x08, 0x86, 0x08, 0x86,
    0x08, 0x86, 0x08, 0x86, 0x08, 0x86, 0x08, 0x86, 0x08, 0x86, 0x08, 0x86, 0x08, 0x86, 0x08, 0x86,
    0x08, 0x86, 0x08, 0x86, 0x08, 0x86, 0x08, 0x86, 0x08, 0x86, 0x08, 0x86, 0x08, 0x86, 0x08, 0x86,
    0x08, 0x86, 0x08, 0x86, 0x08, 0x86, 0x08, 0x86, 0x08, 0x86, 0x08, 0x86, 0x08, 0x86, 0x08, 0x86,
    0x08, 0x86, 0x08, 0x86, 0x08, 0x86, 0x08, 0x86, 0x08, 0x86, 0x08, 0x86, 0x08, 0x86, 0x08, 0x86,
    0x08, 0xa6, 0x08, 0xa6, 0x08, 0xa6, 0x08, 0xa6, 0x08, 0xa6, 0x08, 0xa6, 0x08, 0xa6, 0x08, 0xa6,
    0x08, 0xa6, 0x08, 0xa6, 0x08, 0xc7, 0x08, 0xc7, 0x08, 0xc7, 0x08, 0xc7, 0x08, 0xc7, 0x08, 0xc7,
    0x08, 0xc7, 0x08, 0xc7, 0x08, 0xc7, 0x08, 0xc7, 0x08, 0xe7, 0x08, 0xe7, 0x08, 0xe7, 0x08, 0xe7,
    0x08, 0xe7, 0x08, 0xe8, 0x08, 0xe8, 0x09, 0x08, 0x09, 0x08, 0x09, 0x08, 0x09, 0x08, 0x09, 0x08,
    0x09, 0x08, 0x09, 0x08, 0x09, 0x08, 0x09, 0x08, 0x09, 0x08, 0x09, 0x28, 0x09, 0x28, 0x09, 0x28,
    0x09, 0x28, 0x09, 0x28, 0x09, 0x28, 0x09, 0x28, 0x09, 0x08, 0x09, 0x08, 0x09, 0x08, 0x09, 0x08,
    0x09, 0x08, 0x09, 0x08, 0x09, 0x08, 0x08, 0xe8, 0x08, 0xe8, 0x08, 0xe8, 0x08, 0xe8, 0x08, 0xe8,
    0x08, 0xe8, 0x08, 0xe8, 0x08, 0xe8, 0x08, 0xe8, 0x08, 0xe7, 0x08, 0xe7, 0x08, 0xc7, 0x08, 0xc7,
    0x08, 0xc7, 0x08, 0xc7, 0x08, 0xc7, 0x08, 0xc7, 0x08, 0xc7, 0x08, 0xc7, 0x08, 0xa7, 0x08, 0xa7,
    0x08, 0xa7, 0x08, 0xa7, 0x08, 0xa7, 0x08, 0xa7, 0x08, 0xa7, 0x08, 0xa7, 0x08, 0xa7, 0x08, 0xa7,
    0x08, 0xa7, 0x08, 0xa7, 0x08, 0xa7, 0x08, 0xa7, 0x08, 0xa7, 0x08, 0xa7, 0x08, 0xa6, 0x08, 0xa6,
    0x08, 0xa6, 0x08, 0xa6, 0x08, 0xa6, 0x08, 0xa6, 0x08, 0xc7, 0x08, 0xc7, 0x08, 0xc7, 0x08, 0xc7,
    0x08, 0xc7, 0x08, 0xc7, 0x08, 0xc7, 0x08, 0xc7, 0x08, 0xc7, 0x08, 0xc7, 0x08, 0xc7, 0x08, 0xc7,
    0x08, 0xc7, 0x08, 0xc7, 0x08, 0xc7, 0x08, 0xc7, 0x08, 0xc7, 0x08, 0xc7, 0x08, 0xa7, 0x08, 0xc8,
    0x00, 0x66, 0x08, 0xc8, 0x00, 0x67, 0x4a, 0xd1, 0x3a, 0x6f, 0x00, 0x67, 0x08, 0xe8, 0x08, 0xe8,
    0x08, 0xe8, 0x08, 0xe8, 0x08, 0xe8, 0x08, 0xe8, 0x08, 0xe7, 0x08, 0xe7, 0x08, 0xe7, 0x08, 0xe7,
    0x09, 0x08, 0x09, 0x08, 0x09, 0x08, 0x09, 0x08, 0x01, 0x09, 0x01, 0x09, 0x01, 0x2a, 0x01, 0x2b,
    0x09, 0x4b, 0x09, 0x4b, 0x09, 0x6b, 0x09, 0x6b, 0x09, 0x6b, 0x09, 0x6b, 0x09, 0x6b, 0x09, 0x6b,
    0x09, 0x6b, 0x09, 0x6b, 0x09, 0x6b, 0x09, 0x6b, 0x09, 0x6b, 0x09, 0x6b, 0x09, 0x6b, 0x09, 0x6b,
    0x09, 0x4b, 0x09, 0x6b, 0x09, 0x6c, 0x01, 0x6c, 0x01, 0x6c, 0x01, 0x6c, 0x01, 0x4b, 0x09, 0x6b,
    0x09, 0x6b, 0x01, 0x4a, 0x01, 0x2a, 0x09, 0x29, 0x09, 0x4a, 0x09, 0x6a, 0x09, 0x6a, 0x09, 0x69,
    0x09, 0x69, 0x09, 0x6a, 0x09, 0x6a, 0x09, 0x6a, 0x09, 0x6a, 0x09, 0x6a, 0x09, 0x8a, 0x09, 0x8a,
    0x09, 0x8a, 0x09, 0x8a, 0x09, 0x8a, 0x09, 0x8a, 0x09, 0x8b, 0x09, 0x8a, 0x09, 0x8a, 0x09, 0x8a,
    0x09, 0x8a, 0x09, 0x6a, 0x09, 0x6a, 0x09, 0x6a, 0x09, 0x6a, 0x09, 0x6a, 0x09, 0x49, 0x09, 0x49,
    0x09, 0x49, 0x09, 0x29, 0x09, 0x29, 0x09, 0x29, 0x09, 0x29, 0x09, 0x08, 0x11, 0x28, 0x11, 0x28,
    0x08, 0xe8, 0x08, 0xc7, 0x00, 0x66, 0x08, 0xe8, 0x08, 0xc8, 0x08, 0xe8, 0x08, 0xc8, 0x08, 0xc8,
    0x08, 0xc8, 0x08, 0xa8, 0x08, 0xa8, 0x08, 0xa7, 0x00, 0xa7, 0x00, 0xa7, 0x08, 0xc7, 0x08, 0xc7,
    0x08, 0xa7, 0x08, 0xa7, 0x08, 0xa7, 0x08, 0xa7, 0x08, 0xa7, 0x08, 0xa7, 0x08, 0xa7, 0x08, 0xa7,
    0x08, 0xa7, 0x08, 0x86, 0x08, 0x86, 0x08, 0x86, 0x08, 0x86, 0x08, 0x86, 0x08, 0x86, 0x08, 0x86,
    0x08, 0x86, 0x08, 0x86, 0x08, 0x86, 0x08, 0x86, 0x08, 0x86, 0x08, 0x86, 0x08, 0x86, 0x08, 0x86,
    0x08, 0x86, 0x08, 0x86, 0x08, 0x86, 0x08, 0x86, 0x08, 0x86, 0x08, 0x86, 0x00, 0x66, 0x08, 0x86,
    0x08, 0x86, 0x00, 0x66, 0x00, 0x66, 0x00, 0x66, 0x08, 0x86, 0x00, 0x66, 0x00, 0x66, 0x10, 0xc7,
    0x08, 0x86, 0x08, 0xa6, 0x00, 0x65, 0x19, 0x28, 0x31, 0xeb, 0x00, 0x24, 0x08, 0xa6, 0x10, 0xc6,
    0x08, 0x85, 0x08, 0x85, 0x08, 0x85, 0x08, 0x85, 0x08, 0x86, 0x08, 0x86, 0x08, 0x86, 0x08, 0x86,
    0x08, 0x86, 0x08, 0x86, 0x08, 0x86, 0x08, 0x86, 0x08, 0x86, 0x08, 0x86, 0x08, 0x85, 0x08, 0x85,
    0x08, 0x86, 0x08, 0x86, 0x08, 0x86, 0x08, 0x86, 0x08, 0x86, 0x08, 0x86, 0x08, 0x86, 0x08, 0x86,
    0x08, 0x86, 0x08, 0x86, 0x08, 0x86, 0x08, 0x86, 0x08, 0x86, 0x08, 0x86, 0x08, 0x86, 0x08, 0x86,
    0x08, 0x86, 0x08, 0x86, 0x08, 0x86, 0x08, 0x86, 0x08, 0x86, 0x08, 0x86, 0x08, 0x86, 0x08, 0x86,
    0x08, 0x86, 0x08, 0x86, 0x08, 0x86, 0x08, 0x86, 0x08, 0x86, 0x08, 0x86, 0x08, 0x86, 0x08, 0x86,
    0x08, 0x86, 0x08, 0x86, 0x08, 0x86, 0x08, 0x86, 0x08, 0x86, 0x08, 0x86, 0x08, 0x86, 0x08, 0x86,
    0x08, 0xa6, 0x08, 0xa6, 0x08, 0xa6, 0x08, 0xa6, 0x08, 0xa6, 0x08, 0xa6, 0x08, 0xa6, 0x08, 0xa6,
    0x08, 0xa6, 0x08, 0xa6, 0x08, 0xc7, 0x08, 0xc7, 0x08, 0xc7, 0x08, 0xc7, 0x08, 0xc7, 0x08, 0xc7,
    0x08, 0xc7, 0x08, 0xc7, 0x08, 0xc7, 0x08, 0xc7, 0x08, 0xe7, 0x08, 0xe7, 0x08, 0xe8, 0x08, 0xe8,
    0x08, 0xe8, 0x09, 0x08, 0x09, 0x08, 0x09, 0x08, 0x09, 0x08, 0x09, 0x08, 0x09, 0x08, 0x09, 0x08,
    0x09, 0x08, 0x09, 0x29, 0x09, 0x29, 0x09, 0x29, 0x09, 0x29, 0x09, 0x29, 0x09, 0x29, 0x09, 0x29,
    0x09, 0x29, 0x09, 0x29, 0x09, 0x29, 0x09, 0x29, 0x09, 0x29, 0x09, 0x29, 0x09, 0x29, 0x09, 0x08,
    0x09, 0x08, 0x09, 0x08, 0x09, 0x08, 0x09, 0x08, 0x09, 0x08, 0x09, 0x08, 0x09, 0x08, 0x08, 0xe8,
    0x08, 0xe8, 0x08, 0xe8, 0x08, 0xe8, 0x08, 0xe8, 0x08, 0xe7, 0x08, 0xe7, 0x08, 0xc7, 0x08, 0xc7,
    0x08, 0xe7, 0x08, 0xc7, 0x08, 0xc7, 0x08, 0xc7, 0x08, 0xc7, 0x08, 0xc7, 0x08, 0xa7, 0x08, 0xa7,
    0x08, 0xa7, 0x08, 0xa7, 0x08, 0xa7, 0x08, 0xa7, 0x08, 0xa7, 0x08, 0xa7, 0x08, 0xa7, 0x08, 0xa7,
    0x08, 0xa7, 0x08, 0xa7, 0x08, 0xa7, 0x08, 0xa7, 0x08, 0xa7, 0x08, 0xa7, 0x08, 0xa6, 0x08, 0xa6,
    0x08, 0xa6, 0x08, 0xa6, 0x08, 0xa6, 0x08, 0xa6, 0x08, 0xa6, 0x08, 0xa6, 0x08, 0xc7, 0x08, 0xc7,
    0x08, 0xc7, 0x08, 0xc7, 0x08, 0xc7, 0x08, 0xc7, 0x08, 0xc7, 0x08, 0xc7, 0x08, 0xc7, 0x08, 0xc7,
    0x08, 0xc7, 0x08, 0xc7, 0x08, 0xc7, 0x08, 0xc7, 0x08, 0xc7, 0x08, 0xc7, 0x00, 0x66, 0x11, 0x08,
    0x11, 0x08, 0x00, 0x46, 0x21, 0x6b, 0x53, 0x12, 0x00, 0x88, 0x08, 0xc8, 0x08, 0xe9, 0x08, 0xe8,
    0x08, 0xe8, 0x08, 0xe8, 0x08, 0xe7, 0x08, 0xe7, 0x08, 0xe7, 0x08, 0xe7, 0x08, 0xe7, 0x08, 0xe7,
    0x08, 0xe8, 0x09, 0x08, 0x09, 0x08, 0x00, 0xe8, 0x00, 0xe8, 0x01, 0x09, 0x11, 0x8c, 0x09, 0xad,
    0x11, 0xad, 0x11, 0xad, 0x11, 0xcd, 0x11, 0xcd, 0x11, 0xcd, 0x11, 0xcd, 0x11, 0xcd, 0x11, 0xcd,
    0x11, 0xcd, 0x11, 0xcd, 0x11, 0xcd, 0x11, 0xcd, 0x11, 0xcd, 0x11, 0xcd, 0x11, 0xad, 0x11, 0xad,
    0x11, 0xcd, 0x11, 0xcd, 0x09, 0xce, 0x09, 0xce, 0x09, 0xce, 0x09, 0xce, 0x09, 0xce, 0x11, 0xcd,
    0x11, 0xcd, 0x09, 0x8c, 0x01, 0x4a, 0x01, 0x2a, 0x09, 0x2a, 0x09, 0x6a, 0x09, 0x4a, 0x09, 0x69,
    0x09, 0x69, 0x09, 0x69, 0x09, 0x69, 0x09, 0x6a, 0x09, 0x6a, 0x09, 0x6a, 0x09, 0x8a, 0x09, 0x8a,
    0x09, 0x6a, 0x09, 0x6a, 0x09, 0x6a, 0x09, 0x6a, 0x09, 0x6a, 0x09, 0x8a, 0x09, 0x6a, 0x09, 0x6a,
    0x09, 0x6a, 0x09, 0x6a, 0x09, 0x69, 0x09, 0x69, 0x09, 0x69, 0x09, 0x49, 0x09, 0x49, 0x09, 0x49,
    0x09, 0x29, 0x09, 0x29, 0x09, 0x29, 0x09, 0x29, 0x09, 0x29, 0x09, 0x08, 0x00, 0x86, 0x11, 0x29,
    0x10, 0xe8, 0x08, 0xe8, 0x21, 0x8b, 0x11, 0x09, 0x08, 0xc8, 0x10, 0xe9, 0x11, 0x09, 0x11, 0x09,
    0x11, 0x09, 0x10, 0xe9, 0x10, 0xe9, 0x08, 0xe9, 0x08, 0xe9, 0x08, 0xe8, 0x08, 0xc8, 0x08, 0xc8,
    0x08, 0xc8, 0x08, 0xc8, 0x08, 0xc8, 0x08, 0xc8, 0x08, 0xc8, 0x08, 0xc8, 0x08, 0xa7, 0x08, 0xa7,
    0x08, 0xa7, 0x08, 0xa7, 0x08, 0xa7, 0x08, 0x87, 0x08, 0x87, 0x08, 0xa7, 0x08, 0x86, 0x08, 0x86,
    0x08, 0x86, 0x08, 0x86, 0x08, 0x86, 0x08, 0x86, 0x08, 0x86, 0x08, 0x86, 0x08, 0xa7, 0x08, 0xa7,
    0x08, 0xa7, 0x08, 0xa7, 0x08, 0xa7, 0x08, 0xa7, 0x08, 0xa7, 0x08, 0xa7, 0x10, 0xc7, 0x08, 0xa7,
    0x08, 0xa7, 0x08, 0xa7, 0x10, 0xc8, 0x10, 0xc7, 0x08, 0x86, 0x00, 0x45, 0x00, 0x66, 0x00, 0x66,
    0x08, 0x86, 0x08, 0xa6, 0x00, 0x25, 0x10, 0xc7, 0x31, 0xcb, 0x19, 0x08, 0x00, 0x45, 0x08, 0x85,
    0x08, 0x85, 0x08, 0x85, 0x08, 0x85, 0x08, 0x85, 0x08, 0x86, 0x08, 0x86, 0x08, 0x86, 0x08, 0x86,
    0x08, 0x86, 0x08, 0x86, 0x08, 0x86, 0x08, 0x86, 0x08, 0x86, 0x08, 0x86, 0x08, 0x85, 0x08, 0x85,
    0x08, 0x86, 0x08, 0x86, 0x08, 0x86, 0x08, 0x86, 0x08, 0x86, 0x08, 0x86, 0x08, 0x86, 0x08, 0x86,
    0x08, 0x86, 0x08, 0x86, 0x08, 0x86, 0x08, 0x86, 0x08, 0x86, 0x08, 0x86, 0x08, 0x86, 0x08, 0x86,
    0x08, 0x86, 0x08, 0x86, 0x08, 0x86, 0x08, 0x86, 0x08, 0x86, 0x08, 0x86, 0x08, 0x86, 0x08, 0x86,
    0x08, 0x86, 0x08, 0x86, 0x08, 0x86, 0x08, 0x86, 0x08, 0x86, 0x08, 0x86, 0x08, 0x86, 0x08, 0x86,
    0x08, 0x86, 0x08, 0x86, 0x08, 0x86, 0x08, 0x86, 0x08, 0x86, 0x08, 0x86, 0x08, 0x86, 0x08, 0x86,
    0x08, 0xa6, 0x08, 0xa6, 0x08, 0xa6, 0x08, 0xa6, 0x08, 0xa6, 0x08, 0xa6, 0x08, 0xa6, 0x08, 0xa6,
    0x08, 0xa6, 0x08, 0xc7, 0x08, 0xc7, 0x08, 0xc7, 0x08, 0xc7, 0x08, 0xc7, 0x08, 0xc7, 0x08, 0xc7,
    0x08, 0xc7, 0x08, 0xc7, 0x08, 0xe7, 0x08, 0xe7, 0x08, 0xe8, 0x08, 0xe8, 0x09, 0x08, 0x09, 0x08,
    0x09, 0x08, 0x09, 0x08, 0x09, 0x08, 0x09, 0x28, 0x09, 0x08, 0x09, 0x08, 0x09, 0x28, 0x09, 0x28,
    0x09, 0x29, 0x09, 0x29, 0x09, 0x29, 0x09, 0x29, 0x09, 0x29, 0x09, 0x49, 0x09, 0x49, 0x09, 0x49,
    0x09, 0x49, 0x09, 0x49, 0x09, 0x49, 0x09, 0x49, 0x09, 0x29, 0x09, 0x29, 0x09, 0x29, 0x09, 0x29,
    0x09, 0x29, 0x09, 0x29, 0x09, 0x08, 0x09, 0x08, 0x09, 0x08, 0x09, 0x08, 0x09, 0x08, 0x09, 0x08,
    0x08, 0xe8, 0x08, 0xe8, 0x08, 0xe8, 0x08, 0xe8, 0x08, 0xe8, 0x08, 0xe8, 0x08, 0xe7, 0x08, 0xc7,
    0x08, 0xc7, 0x08, 0xc7, 0x08, 0xc7, 0x08, 0xc7, 0x08, 0xc7, 0x08, 0xc7, 0x08, 0xa7, 0x08, 0xa7,
    0x08, 0xa7, 0x08, 0xa7, 0x08, 0xa7, 0x08, 0xa7, 0x08, 0xa7, 0x08, 0xa7, 0x08, 0xa7, 0x08, 0xa7,
    0x08, 0xa7, 0x08, 0xa7, 0x08, 0xa7, 0x08, 0xa7, 0x08, 0xa7, 0x08, 0xa7, 0x08, 0xa6, 0x08, 0xa6,
    0x08, 0xa6, 0x08, 0xa6, 0x08, 0xa6, 0x08, 0xa6, 0x08, 0xa6, 0x08, 0xa6, 0x08, 0xc7, 0x08, 0xc7,
    0x08, 0xc7, 0x08, 0xc7, 0x08, 0xc7, 0x08, 0xc7, 0x08, 0xc7, 0x08, 0xc7, 0x08, 0xc6, 0x08, 0xc6,
    0x08, 0xc6, 0x08, 0xc6, 0x08, 0xc6, 0x08, 0xc6, 0x08, 0xc7, 0x08, 0xc7, 0x00, 0x86, 0x08, 0xe8,
    0x11, 0x09, 0x00, 0x87, 0x4a, 0xd0, 0x29, 0xcd, 0x00, 0x06, 0x11, 0x0a, 0x08, 0xe8, 0x08, 0xe8,
    0x08, 0xe8, 0x08, 0xe8, 0x08, 0xe7, 0x08, 0xe7, 0x08, 0xe7, 0x09, 0x07, 0x08, 0xe7, 0x08, 0xe7,
    0x09, 0x08, 0x09, 0x08, 0x01, 0x08, 0x00, 0xc8, 0x00, 0xe8, 0x01, 0x2a, 0x09, 0xad, 0x09, 0xad,
    0x09, 0xad, 0x09, 0xad, 0x09, 0xae, 0x09, 0xad, 0x09, 0xae, 0x09, 0xad, 0x09, 0xae, 0x09, 0xcd,
    0x09, 0xae, 0x09, 0xcd, 0x09, 0xce, 0x09, 0xcd, 0x09, 0xce, 0x09, 0xad, 0x09, 0xad, 0x09, 0xad,
    0x09, 0xad, 0x09, 0xae, 0x09, 0xae, 0x01, 0xce, 0x01, 0xae, 0x01, 0xce, 0x09, 0xce, 0x09, 0xce,
    0x09, 0xcd, 0x09, 0x8c, 0x01, 0x4b, 0x01, 0x2a, 0x01, 0x2a, 0x01, 0x2a, 0x09, 0x4a, 0x09, 0x69,
    0x09, 0x69, 0x09, 0x69, 0x09, 0x69, 0x09, 0x69, 0x09, 0x6a, 0x09, 0x6a, 0x09, 0x6a, 0x09, 0x6a,
    0x09, 0x6a, 0x09, 0x6a, 0x09, 0x6a, 0x09, 0x6a, 0x09, 0x6a, 0x09, 0x6a, 0x09, 0x6a, 0x09, 0x69,
    0x09, 0x69, 0x09, 0x69, 0x09, 0x49, 0x09, 0x49, 0x09, 0x49, 0x09, 0x49, 0x09, 0x29, 0x09, 0x29,
    0x09, 0x29, 0x09, 0x29, 0x09, 0x29, 0x09, 0x09, 0x09, 0x09, 0x09, 0x08, 0x19, 0x69, 0x11, 0x28,
    0x00, 0xa7, 0x00, 0xa7, 0x11, 0x09, 0x00, 0x46, 0x3a, 0x4e, 0x4b, 0x11, 0x42, 0x90, 0x42, 0xb0,
    0x42, 0x90, 0x42, 0x90, 0x42, 0x8f, 0x3a, 0x6f, 0x3a, 0x6f, 0x3a, 0x6f, 0x3a, 0x4f, 0x3a, 0x4e,
    0x3a, 0x4e, 0x3a, 0x4e, 0x3a, 0x2e, 0x3a, 0x2e, 0x3a, 0x2e, 0x3a, 0x4e, 0x3a, 0x2e, 0x3a, 0x2e,
    0x3a, 0x2e, 0x3a, 0x2d, 0x3a, 0x0d, 0x3a, 0x0d, 0x3a, 0x0d, 0x3a, 0x0d, 0x3a, 0x0d, 0x3a, 0x0d,
    0x3a, 0x0d, 0x3a, 0x0d, 0x3a, 0x0d, 0x3a, 0x0d, 0x3a, 0x0d, 0x3a, 0x0d, 0x31, 0xec, 0x31, 0xec,
    0x31, 0xec, 0x31, 0xec, 0x31, 0xec, 0x31, 0xec, 0x31, 0xec, 0x31, 0xec, 0x31, 0xcc, 0x31, 0xcb,
    0x29, 0xac, 0x31, 0xcc, 0x31, 0xcc, 0x31, 0xcc, 0x31, 0xcb, 0x29, 0xab, 0x08, 0xa7, 0x00, 0x25,
    0x08, 0x86, 0x08, 0x86, 0x00, 0x66, 0x08, 0x86, 0x10, 0xe8, 0x31, 0xec, 0x00, 0x66, 0x08, 0x86,
    0x08, 0x85, 0x08, 0x85, 0x08, 0x85, 0x08, 0x85, 0x08, 0x86, 0x08, 0x86, 0x08, 0x86, 0x08, 0x86,
    0x08, 0x86, 0x08, 0x86, 0x08, 0x86, 0x08, 0x86, 0x08, 0x86, 0x08, 0x86, 0x08, 0x85, 0x08, 0x85,
    0x08, 0x86, 0x08, 0x86, 0x08, 0x86, 0x08, 0x86, 0x08, 0x86, 0x08, 0x86, 0x08, 0x86, 0x08, 0x86,
    0x08, 0x86, 0x08, 0x86, 0x08, 0x86, 0x08, 0x86, 0x08, 0x86, 0x08, 0x86, 0x08, 0x86, 0x08, 0x86,
    0x08, 0x86, 0x08, 0x86, 0x08, 0x86, 0x08, 0x86, 0x08, 0x86, 0x08, 0x86, 0x08, 0x86, 0x08, 0x86,
    0x08, 0x86, 0x08, 0x86, 0x08, 0x86, 0x08, 0x86, 0x08, 0x86, 0x08, 0x86, 0x08, 0x86, 0x08, 0x86,
    0x08, 0x86, 0x08, 0x86, 0x08, 0x86, 0x08, 0x86, 0x08, 0x86, 0x08, 0x86, 0x08, 0x86, 0x08, 0x86,
    0x08, 0xa6, 0x08, 0xa6, 0x08, 0xa6, 0x08, 0xa6, 0x08, 0xa6, 0x08, 0xa6, 0x08, 0xa6, 0x08, 0xa6,
    0x08, 0xa6, 0x08, 0xc7, 0x08, 0xc7, 0x08, 0xc7, 0x08, 0xc7, 0x08, 0xc7, 0x08, 0xc7, 0x08, 0xc7,
    0x08, 0xc7, 0x08, 0xc7, 0x08, 0xe7, 0x08, 0xe8, 0x08, 0xe8, 0x08, 0xe8, 0x09, 0x08, 0x09, 0x08,
    0x09, 0x08, 0x09, 0x08, 0x09, 0x28, 0x09, 0x28, 0x09, 0x28, 0x09, 0x28, 0x09, 0x29, 0x09, 0x29,
    0x09, 0x29, 0x09, 0x29, 0x09, 0x49, 0x09, 0x49, 0x09, 0x49, 0x09, 0x49, 0x09, 0x49, 0x09, 0x49,
    0x09, 0x49, 0x09, 0x49, 0x09, 0x49, 0x09, 0x49, 0x09, 0x49, 0x09, 0x49, 0x09, 0x29, 0x09, 0x29,
    0x09, 0x29, 0x09, 0x29, 0x09, 0x29, 0x09, 0x29, 0x09, 0x29, 0x09, 0x09, 0x09, 0x08, 0x09, 0x08,
    0x09, 0x08, 0x08, 0xe8, 0x08, 0xe8, 0x08, 0xe8, 0x08, 0xe8, 0x08, 0xe8, 0x08, 0xe7, 0x08, 0xe7,
    0x08, 0xc7, 0x08, 0xc7, 0x08, 0xc7, 0x08, 0xc7, 0x08, 0xc7, 0x08, 0xc7, 0x08, 0xa7, 0x08, 0xa7,
    0x08, 0xa7, 0x08, 0xa7, 0x08, 0xa7, 0x08, 0xa7, 0x08, 0xa7, 0x08, 0xa7, 0x08, 0xa7, 0x08, 0xa7,
    0x08, 0xa7, 0x08, 0xa7, 0x08, 0xa7, 0x08, 0xa7, 0x08, 0xa7, 0x08, 0xa7, 0x08, 0xc7, 0x08, 0xc7,
    0x08, 0xa6, 0x08, 0xa6, 0x08, 0xa6, 0x08, 0xa6, 0x08, 0xa6, 0x08, 0xa6, 0x08, 0xc7, 0x08, 0xc7,
    0x08, 0xc7, 0x08, 0xc7, 0x08, 0xc7, 0x08, 0xc7, 0x08, 0xc7, 0x08, 0xc7, 0x08, 0xc6, 0x08, 0xc6,
    0x08, 0xc6, 0x08, 0xc6, 0x08, 0xc6, 0x08, 0xc6, 0x08, 0xc7, 0x08, 0xc7, 0x08, 0xe8, 0x00, 0x66,
    0x00, 0xa7, 0x21, 0x8b, 0x4a, 0xd1, 0x00, 0x88, 0x08, 0xc9, 0x08, 0xc9, 0x08, 0xc8, 0x08, 0xc8,
    0x08, 0xc7, 0x08, 0xe7, 0x08, 0xe7, 0x08, 0xe7, 0x08, 0xe7, 0x09, 0x07, 0x08, 0xe7, 0x08, 0xe7,
    0x09, 0x07, 0x09, 0x08, 0x00, 0xe8, 0x00, 0xc8, 0x00, 0xe9, 0x09, 0x4b, 0x09, 0xad, 0x09, 0xae,
    0x09, 0xae, 0x09, 0xae, 0x09, 0xae, 0x09, 0xae, 0x01, 0xae, 0x01, 0xae, 0x01, 0xae, 0x01, 0xae,
    0x01, 0xae, 0x01, 0xae, 0x01, 0xae, 0x01, 0xae, 0x01, 0xae, 0x01, 0xae, 0x01, 0xad, 0x01, 0xad,
    0x01, 0xae, 0x01, 0xae, 0x01, 0xae, 0x01, 0xae, 0x01, 0xaf, 0x01, 0xae, 0x01, 0xce, 0x01, 0xae,
    0x09, 0xad, 0x09, 0xad, 0x01, 0x6c, 0x01, 0x4b, 0x01, 0x2a, 0x01, 0x2a, 0x09, 0x49, 0x09, 0x49,
    0x09, 0x49, 0x09, 0x69, 0x09, 0x69, 0x09, 0x69, 0x09, 0x69, 0x09, 0x69, 0x09, 0x69, 0x09, 0x69,
    0x09, 0x4a, 0x09, 0x4a, 0x09, 0x4a, 0x09, 0x4a, 0x09, 0x4a, 0x09, 0x69, 0x09, 0x49, 0x09, 0x49,
    0x09, 0x49, 0x09, 0x49, 0x09, 0x49, 0x09, 0x49, 0x09, 0x49, 0x09, 0x49, 0x09, 0x29, 0x09, 0x29,
    0x09, 0x29, 0x09, 0x29, 0x09, 0x09, 0x09, 0x09, 0x09, 0x09, 0x09, 0x08, 0x09, 0x08, 0x00, 0x86,
    0x11, 0x49, 0x11, 0x4a, 0x11, 0x09, 0x19, 0x6b, 0x53, 0x32, 0x19, 0x6b, 0x11, 0x0a, 0x11, 0x0a,
    0x09, 0x0a, 0x09, 0x0a, 0x09, 0x0a, 0x08, 0xea, 0x08, 0xe9, 0x08, 0xe9, 0x10, 0xe9, 0x10, 0xe9,
    0x08, 0xc9, 0x08, 0xc9, 0x08, 0xc9, 0x08, 0xc9, 0x08, 0xc9, 0x08, 0xc9, 0x08, 0xc8, 0x08, 0xc8,
    0x08, 0xa8, 0x08, 0xa8, 0x08, 0xa8, 0x08, 0xa8, 0x08, 0xa8, 0x08, 0xa8, 0x08, 0xa8, 0x08, 0xa8,
    0x08, 0xa8, 0x08, 0xa8, 0x08, 0xa8, 0x08, 0xa8, 0x08, 0xa8, 0x08, 0xa8, 0x08, 0xa8, 0x08, 0xa8,
    0x08, 0xa8, 0x08, 0xa8, 0x08, 0xa8, 0x08, 0xa8, 0x08, 0xa8, 0x08, 0xa8, 0x08, 0xa8, 0x10, 0xc8,
    0x18, 0xe9, 0x10, 0xe9, 0x08, 0xa8, 0x08, 0xa8, 0x19, 0x29, 0x29, 0xab, 0x19, 0x29, 0x00, 0x66,
    0x08, 0x86, 0x00, 0x66, 0x08, 0xa7, 0x00, 0x66, 0x00, 0x25, 0x31, 0xec, 0x19, 0x09, 0x19, 0x29,
    0x08, 0x85, 0x08, 0x85, 0x08, 0x85, 0x08, 0x85, 0x08, 0x86, 0x08, 0x86, 0x08, 0x86, 0x08, 0x86,
    0x08, 0x86, 0x08, 0x86, 0x08, 0x86, 0x08, 0x86, 0x08, 0x86, 0x08, 0x86, 0x08, 0x85, 0x08, 0x85,
    0x08, 0x86, 0x08, 0x86, 0x08, 0x86, 0x08, 0x86, 0x08, 0x86, 0x08, 0x86, 0x08, 0x86, 0x08, 0x86,
    0x08, 0x86, 0x08, 0x86, 0x08, 0x86, 0x08, 0x86, 0x08, 0x86, 0x08, 0x86, 0x08, 0x86, 0x08, 0x86,
    0x08, 0x86, 0x08, 0x86, 0x08, 0x86, 0x08, 0x86, 0x08, 0x86, 0x08, 0x86, 0x08, 0x86, 0x08, 0x86,
    0x08, 0x86, 0x08, 0x86, 0x08, 0x86, 0x08, 0x86, 0x08, 0x86, 0x08, 0x86, 0x08, 0x86, 0x08, 0x86,
    0x08, 0x86, 0x08, 0x86, 0x08, 0x86, 0x08, 0x86, 0x08, 0x86, 0x08, 0x86, 0x08, 0x86, 0x08, 0x86,
    0x08, 0xa6, 0x08, 0xa6, 0x08, 0xa6, 0x08, 0xa6, 0x08, 0xa6, 0x08, 0xa6, 0x08, 0xa6, 0x08, 0xa6,
    0x08, 0xc7, 0x08, 0xc7, 0x08, 0xc7, 0x08, 0xc7, 0x08, 0xc7, 0x08, 0xc7, 0x08, 0xc7, 0x08, 0xc7,
    0x08, 0xe7, 0x08, 0xe7, 0x08, 0xe8, 0x08, 0xe8, 0x08, 0xe8, 0x08, 0xe8, 0x09, 0x08, 0x09, 0x28,
    0x09, 0x28, 0x09, 0x28, 0x09, 0x28, 0x09, 0x28, 0x09, 0x28, 0x09, 0x28, 0x09, 0x49, 0x09, 0x49,
    0x09, 0x49, 0x09, 0x49, 0x09, 0x49, 0x09, 0x49, 0x09, 0x49, 0x09, 0x49, 0x09, 0x49, 0x09, 0x49,
    0x09, 0x49, 0x09, 0x49, 0x09, 0x49, 0x09, 0x49, 0x09, 0x49, 0x09, 0x49, 0x09, 0x49, 0x09, 0x49,
    0x09, 0x49, 0x09, 0x29, 0x09, 0x29, 0x09, 0x29, 0x09, 0x29, 0x09, 0x29, 0x09, 0x08, 0x09, 0x08,
    0x09, 0x08, 0x09, 0x08, 0x08, 0xe8, 0x08, 0xe8, 0x08, 0xe8, 0x08, 0xe8, 0x08, 0xe7, 0x08, 0xe7,
    0x08, 0xe7, 0x08, 0xc7, 0x08, 0xc7, 0x08, 0xc7, 0x08, 0xc7, 0x08, 0xc7, 0x08, 0xa7, 0x08, 0xa7,
    0x08, 0xa7, 0x08, 0xa7, 0x08, 0xa7, 0x08, 0xa7, 0x08, 0xa7, 0x08, 0xa7, 0x08, 0xa7, 0x08, 0xa7,
    0x08, 0xa7, 0x08, 0xa7, 0x08, 0xa7, 0x08, 0xa7, 0x08, 0xa7, 0x08, 0xa7, 0x08, 0xc7, 0x08, 0xc7,
    0x08, 0xc7, 0x08, 0xa6, 0x08, 0xa6, 0x08, 0xa6, 0x08, 0xa6, 0x08, 0xa6, 0x08, 0xc7, 0x08, 0xc7,
    0x08, 0xc7, 0x08, 0xc7, 0x08, 0xc7, 0x08, 0xc7, 0x08, 0xc7, 0x08, 0xc7, 0x08, 0xc6, 0x08, 0xc6,
    0x08, 0xc6, 0x08, 0xc6, 0x08, 0xc6, 0x08, 0xc6, 0x08, 0xc7, 0x08, 0xc7, 0x10, 0xe8, 0x00, 0x25,
    0x11, 0x29, 0x42, 0x6f, 0x21, 0x8b, 0x00, 0x47, 0x11, 0x0a, 0x00, 0xa8, 0x08, 0xc8, 0x00, 0xc8,
    0x08, 0xc7, 0x08, 0xe7, 0x08, 0xe7, 0x08, 0xe7, 0x08, 0xe7, 0x08, 0xe6, 0x08, 0xe7, 0x00, 0xe7,
    0x00, 0xe7, 0x00, 0xe8, 0x00, 0xe8, 0x00, 0xc8, 0x01, 0x09, 0x11, 0x8c, 0x09, 0xce, 0x09, 0xce,
    0x09, 0xce, 0x09, 0xce, 0x09, 0xce, 0x09, 0xce, 0x01, 0xce, 0x01, 0xce, 0x01, 0xce, 0x01, 0xce,
    0x01, 0xce, 0x01, 0xce, 0x01, 0xee, 0x01, 0xee, 0x01, 0xee, 0x01, 0xce, 0x09, 0xce, 0x09, 0xce,
    0x01, 0xcf, 0x01, 0xcf, 0x01, 0xcf, 0x01, 0xcf, 0x01, 0xcf, 0x01, 0xcf, 0x01, 0xcf, 0x01, 0xae,
    0x01, 0xae, 0x09, 0xce, 0x09, 0xad, 0x09, 0x6c, 0x01, 0x4b, 0x01, 0x2a, 0x01, 0x49, 0x01, 0x48,
    0x01, 0x49, 0x09, 0x49, 0x09, 0x49, 0x09, 0x49, 0x09, 0x49, 0x09, 0x49, 0x09, 0x49, 0x09, 0x49,
    0x09, 0x49, 0x09, 0x49, 0x09, 0x4a, 0x09, 0x4a, 0x09, 0x4a, 0x09, 0x49, 0x09, 0x49, 0x09, 0x49,
    0x09, 0x49, 0x09, 0x49, 0x09, 0x49, 0x09, 0x29, 0x09, 0x29, 0x09, 0x29, 0x09, 0x29, 0x09, 0x29,
    0x09, 0x29, 0x09, 0x08, 0x09, 0x09, 0x09, 0x09, 0x09, 0x08, 0x09, 0x08, 0x11, 0x49, 0x00, 0xc8,
    0x09, 0x29, 0x00, 0x87, 0x00, 0xc8, 0x42, 0xd0, 0x32, 0x4f, 0x00, 0x47, 0x00, 0xc9, 0x00, 0xc9,
    0x00, 0xa9, 0x00, 0xa9, 0x00, 0xa9, 0x00, 0xa9, 0x00, 0xa9, 0x00, 0xa9, 0x08, 0xa9, 0x08, 0xa9,
    0x00, 0x88, 0x00, 0x88, 0x00, 0x88, 0x00, 0x88, 0x00, 0x88, 0x00, 0x88, 0x00, 0x68, 0x00, 0x68,
    0x00, 0x68, 0x00, 0x68, 0x00, 0x68, 0x00, 0x68, 0x00, 0x68, 0x00, 0x68, 0x08, 0x87, 0x08, 0x87,
    0x08, 0x87, 0x08, 0x87, 0x08, 0x87, 0x08, 0x87, 0x08, 0x87, 0x08, 0x87, 0x08, 0x88, 0x08, 0x88,
    0x08, 0x88, 0x08, 0x88, 0x08, 0x88, 0x08, 0x88, 0x08, 0x88, 0x08, 0x88, 0x00, 0x26, 0x00, 0x46,
    0x00, 0x67, 0x00, 0x67, 0x00, 0x26, 0x00, 0x26, 0x08, 0x87, 0x10, 0xe9, 0x29, 0x8b, 0x10, 0xe8,
    0x00, 0x66, 0x00, 0x66, 0x08, 0x87, 0x00, 0x46, 0x00, 0x46, 0x19, 0x2a, 0x29, 0x8b, 0x29, 0xac,
    0x08, 0x85, 0x08, 0x85, 0x08, 0x85, 0x08, 0x85, 0x08, 0x86, 0x08, 0x86, 0x08, 0x86, 0x08, 0x86,
    0x08, 0x86, 0x08, 0x86, 0x08, 0x86, 0x08, 0x86, 0x08, 0x86, 0x08, 0x86, 0x08, 0x86, 0x08, 0x86,
    0x08, 0x86, 0x08, 0x86, 0x08, 0x86, 0x08, 0x86, 0x08, 0x86, 0x08, 0x86, 0x08, 0x86, 0x08, 0x86,
    0x08, 0x86, 0x08, 0x86, 0x08, 0x86, 0x08, 0x86, 0x08, 0x86, 0x08, 0x86, 0x08, 0x86, 0x08, 0x86,
    0x08, 0x86, 0x08, 0x86, 0x08, 0x86, 0x08, 0x86, 0x08, 0x86, 0x08, 0x86, 0x08, 0x86, 0x08, 0x86,
    0x08, 0x86, 0x08, 0x86, 0x08, 0x86, 0x08, 0x86, 0x08, 0x86, 0x08, 0x86, 0x08, 0x86, 0x08, 0x86,
    0x08, 0x86, 0x08, 0x86, 0x08, 0x86, 0x08, 0x86, 0x08, 0x86, 0x08, 0xa6, 0x08, 0x86, 0x08, 0xa6,
    0x08, 0xa6, 0x08, 0xa6, 0x08, 0xa6, 0x08, 0xa6, 0x08, 0xa6, 0x08, 0xa6, 0x08, 0xa6, 0x08, 0xa6,
    0x08, 0xc7, 0x08, 0xc7, 0x08, 0xc7, 0x08, 0xc7, 0x08, 0xc7, 0x08, 0xc7, 0x08, 0xe7, 0x08, 0xe7,
    0x08, 0xe7, 0x08, 0xe7, 0x08, 0xe8, 0x08, 0xe8, 0x08, 0xe8, 0x09, 0x08, 0x09, 0x08, 0x09, 0x08,
    0x09, 0x08, 0x09, 0x28, 0x09, 0x28, 0x09, 0x28, 0x09, 0x29, 0x09, 0x29, 0x09, 0x49, 0x09, 0x49,
    0x09, 0x49, 0x09, 0x49, 0x09, 0x49, 0x09, 0x49, 0x09, 0x49, 0x09, 0x69, 0x09, 0x69, 0x09, 0x69,
    0x09, 0x69, 0x09, 0x69, 0x09, 0x69, 0x09, 0x49, 0x09, 0x49, 0x09, 0x49, 0x09, 0x49, 0x09, 0x49,
    0x09, 0x49, 0x09, 0x49, 0x09, 0x29, 0x09, 0x29, 0x09, 0x29, 0x09, 0x29, 0x09, 0x08, 0x09, 0x08,
    0x09, 0x08, 0x09, 0x08, 0x09, 0x08, 0x08, 0xe8, 0x08, 0xe8, 0x08, 0xe8, 0x08, 0xe8, 0x08, 0xe7,
    0x08, 0xe7, 0x08, 0xe7, 0x08, 0xc7, 0x08, 0xc7, 0x08, 0xc7, 0x08, 0xc7, 0x08, 0xc7, 0x08, 0xa7,
    0x08, 0xa7, 0x08, 0xa7, 0x08, 0xa7, 0x08, 0xa7, 0x08, 0xa7, 0x08, 0xa7, 0x08, 0xa7, 0x08, 0xa7,
    0x08, 0xa7, 0x08, 0xa7, 0x08, 0xa7, 0x08, 0xa7, 0x08, 0xa7, 0x08, 0xa7, 0x08, 0xa7, 0x08, 0xc7,
    0x08, 0xc7, 0x08, 0xa6, 0x08, 0xa6, 0x08, 0xa6, 0x08, 0xa6, 0x08, 0xa6, 0x08, 0xc7, 0x08, 0xc7,
    0x08, 0xc7, 0x08, 0xc7, 0x08, 0xc7, 0x08, 0xc7, 0x08, 0xc7, 0x08, 0xc7, 0x08, 0xc6, 0x08, 0xc6,
    0x08, 0xc6, 0x08, 0xc6, 0x08, 0xc7, 0x08, 0xc7, 0x08, 0xc7, 0x08, 0xc7, 0x08, 0xa7, 0x00, 0x46,
    0x32, 0x2d, 0x42, 0xb0, 0x00, 0x26, 0x08, 0xe9, 0x00, 0x67, 0x08, 0xe9, 0x08, 0xc8, 0x08, 0xe8,
    0x08, 0xc7, 0x08, 0xc7, 0x08, 0xc7, 0x08, 0xc7, 0x08, 0xc6, 0x08, 0xc6, 0x08, 0xe7, 0x00, 0xc6,
    0x00, 0xc7, 0x00, 0xe8, 0x00, 0xc8, 0x00, 0xc8, 0x01, 0x4a, 0x11, 0xcd, 0x01, 0xad, 0x01, 0xae,
    0x01, 0xae, 0x01, 0xae, 0x01, 0xae, 0x01, 0xae, 0x01, 0xce, 0x01, 0xce, 0x01, 0xce, 0x01, 0xce,
    0x01, 0xce, 0x01, 0xce, 0x01, 0xce, 0x01, 0xce, 0x01, 0xce, 0x01, 0xce, 0x01, 0xae, 0x01, 0xae,
    0x01, 0xaf, 0x01, 0xaf, 0x01, 0xaf, 0x01, 0xcf, 0x01, 0xcf, 0x01, 0xcf, 0x01, 0xcf, 0x01, 0xae,
    0x01, 0xae, 0x09, 0xce, 0x09, 0xce, 0x01, 0x8c, 0x01, 0x2b, 0x01, 0x09, 0x01, 0x29, 0x01, 0x28,
    0x01, 0x49, 0x01, 0x29, 0x01, 0x49, 0x01, 0x49, 0x09, 0x49, 0x09, 0x49, 0x09, 0x49, 0x09, 0x49,
    0x09, 0x49, 0x09, 0x49, 0x09, 0x49, 0x09, 0x4a, 0x09, 0x4a, 0x09, 0x4a, 0x09, 0x49, 0x09, 0x49,
    0x09, 0x49, 0x09, 0x49, 0x09, 0x29, 0x09, 0x29, 0x09, 0x29, 0x09, 0x28, 0x09, 0x28, 0x09, 0x28,
    0x09, 0x28, 0x09, 0x08, 0x09, 0x08, 0x09, 0x09, 0x09, 0x08, 0x09, 0x08, 0x09, 0x09, 0x00, 0xe8,
    0x00, 0xc8, 0x00, 0xc8, 0x19, 0x8b, 0x4b, 0x32, 0x00, 0x67, 0x08, 0xe9, 0x00, 0xc9, 0x00, 0xc9,
    0x00, 0xc9, 0x00, 0xc9, 0x00, 0xc9, 0x00, 0xc9, 0x00, 0xc9, 0x00, 0xa9, 0x08, 0xa8, 0x08, 0xa8,
    0x08, 0x88, 0x08, 0x88, 0x08, 0x88, 0x08, 0x88, 0x08, 0x88, 0x08, 0x88, 0x08, 0x88, 0x08, 0x88,
    0x08, 0x88, 0x08, 0x88, 0x08, 0x88, 0x08, 0x88, 0x08, 0x88, 0x08, 0x88, 0x08, 0x87, 0x08, 0x87,
    0x08, 0x87, 0x08, 0x87, 0x08, 0x87, 0x08, 0x87, 0x08, 0x87, 0x08, 0x87, 0x08, 0x67, 0x08, 0x67,
    0x08, 0x67, 0x08, 0x67, 0x08, 0x67, 0x08, 0x67, 0x08, 0x67, 0x08, 0x67, 0x10, 0xa8, 0x08, 0x87,
    0x00, 0x67, 0x08, 0x87, 0x08, 0xa7, 0x08, 0x87, 0x00, 0x46, 0x00, 0x46, 0x31, 0xcc, 0x21, 0x4a,
    0x00, 0x46, 0x00, 0x67, 0x08, 0x67, 0x00, 0x46, 0x10, 0xc8, 0x00, 0x46, 0x29, 0xac, 0x31, 0xcd,
    0x08, 0x86, 0x08, 0x86, 0x08, 0x86, 0x08, 0x86, 0x08, 0x86, 0x08, 0x86, 0x08, 0x86, 0x08, 0x86,
    0x08, 0x86, 0x08, 0x86, 0x08, 0x86, 0x08, 0x86, 0x08, 0x86, 0x08, 0x86, 0x08, 0x86, 0x08, 0x86,
    0x08, 0x86, 0x08, 0x86, 0x08, 0x86, 0x08, 0x86, 0x08, 0x86, 0x08, 0x86, 0x08, 0x86, 0x08, 0x86,
    0x08, 0x86, 0x08, 0x86, 0x08, 0x86, 0x08, 0x86, 0x08, 0x86, 0x08, 0x86, 0x08, 0x86, 0x08, 0xa6,
    0x08, 0xa6, 0x08, 0xa6, 0x08, 0xa6, 0x08, 0xa6, 0x08, 0xa6, 0x08, 0xa6, 0x08, 0x86, 0x08, 0x86,
    0x08, 0x86, 0x08, 0xa6, 0x08, 0xa6, 0x08, 0xa6, 0x08, 0xa6, 0x08, 0xa6, 0x08, 0xa6, 0x08, 0xa6,
    0x08, 0xa6, 0x08, 0xa6, 0x08, 0xa6, 0x08, 0xa6, 0x08, 0xa6, 0x08, 0xa6, 0x08, 0xa7, 0x08, 0xa7,
    0x08, 0xa7, 0x08, 0xa7, 0x08, 0xa7, 0x08, 0xa7, 0x08, 0xa7, 0x08, 0xa7, 0x08, 0xa7, 0x08, 0xc7,
    0x08, 0xc7, 0x08, 0xc7, 0x08, 0xc7, 0x08, 0xe7, 0x08, 0xc7, 0x08, 0xe7, 0x08, 0xe7, 0x08, 0xe7,
    0x08, 0xe7, 0x08, 0xe8, 0x09, 0x08, 0x09, 0x08, 0x09, 0x08, 0x09, 0x08, 0x09, 0x08, 0x09, 0x08,
    0x09, 0x29, 0x09, 0x29, 0x09, 0x29, 0x09, 0x49, 0x09, 0x49, 0x09, 0x49, 0x09, 0x49, 0x09, 0x49,
    0x09, 0x4a, 0x09, 0x69, 0x09, 0x6a, 0x09, 0x6a, 0x09, 0x6a, 0x09, 0x6a, 0x09, 0x8a, 0x09, 0x8a,
    0x09, 0x8a, 0x09, 0x8a, 0x09, 0x8a, 0x09, 0x6a, 0x09, 0x6a, 0x09, 0x6a, 0x09, 0x4a, 0x09, 0x49,
    0x09, 0x29, 0x09, 0x29, 0x11, 0x29, 0x11, 0x29, 0x11, 0x29, 0x11, 0x09, 0x09, 0x29, 0x09, 0x09,
    0x09, 0x09, 0x09, 0x08, 0x09, 0x08, 0x08, 0xe8, 0x08, 0xe8, 0x08, 0xe8, 0x08, 0xe8, 0x08, 0xe8,
    0x08, 0xe8, 0x08, 0xe8, 0x08, 0xe8, 0x08, 0xe7, 0x08, 0xc7, 0x08, 0xc7, 0x08, 0xc7, 0x08, 0xc7,
    0x08, 0xc7, 0x08, 0xc7, 0x08, 0xc7, 0x08, 0xc7, 0x08, 0xa7, 0x08, 0xa7, 0x08, 0xc7, 0x08, 0xc7,
    0x08, 0xc7, 0x08, 0xc7, 0x08, 0xa7, 0x08, 0xa7, 0x08, 0xa7, 0x08, 0xa7, 0x08, 0xa7, 0x08, 0xc7,
    0x08, 0xc7, 0x08, 0xc7, 0x08, 0xc7, 0x08, 0xc7, 0x08, 0xc7, 0x08, 0xc7, 0x08, 0xc7, 0x08, 0xc7,
    0x08, 0xc7, 0x08, 0xc7, 0x08, 0xc7, 0x08, 0xc7, 0x08, 0xc7, 0x08, 0xc7, 0x08, 0xc6, 0x00, 0xa5,
    0x08, 0xc7, 0x00, 0xa6, 0x08, 0xa7, 0x08, 0xc8, 0x00, 0x66, 0x08, 0xc8, 0x08, 0xa8, 0x08, 0xe9,
    0x42, 0x8f, 0x19, 0x2a, 0x08, 0xc8, 0x00, 0x87, 0x11, 0x09, 0x08, 0xc8, 0x08, 0xc8, 0x00, 0xc8,
    0x08, 0xc7, 0x08, 0xc7, 0x08, 0xc7, 0x08, 0xc6, 0x08, 0xc6, 0x08, 0xc6, 0x08, 0xa6, 0x08, 0xe7,
    0x08, 0xe8, 0x00, 0x87, 0x00, 0xc8, 0x09, 0x4a, 0x09, 0x8c, 0x09, 0x8d, 0x01, 0xce, 0x01, 0xce,
    0x01, 0xce, 0x01, 0xce, 0x01, 0xce, 0x01, 0xce, 0x01, 0xce, 0x01, 0xce, 0x01, 0xce, 0x01, 0xce,
    0x01, 0xce, 0x01, 0xce, 0x01, 0xce, 0x01, 0xce, 0x01, 0xce, 0x01, 0xce, 0x01, 0xce, 0x01, 0xce,
    0x01, 0xce, 0x01, 0xce, 0x01, 0xcf, 0x01, 0xcf, 0x01, 0xce, 0x01, 0xce, 0x01, 0xce, 0x01, 0xce,
    0x01, 0xce, 0x01, 0xce, 0x01, 0xce, 0x09, 0xce, 0x01, 0x8c, 0x01, 0x4b, 0x01, 0x09, 0x01, 0x29,
    0x01, 0x49, 0x01, 0x28, 0x01, 0x29, 0x09, 0x69, 0x09, 0x49, 0x09, 0x28, 0x09, 0x48, 0x09, 0x48,
    0x09, 0x29, 0x09, 0x49, 0x09, 0x49, 0x09, 0x49, 0x09, 0x49, 0x09, 0x49, 0x09, 0x29, 0x09, 0x29,
    0x09, 0x29, 0x11, 0x29, 0x09, 0x29, 0x09, 0x29, 0x09, 0x28, 0x09, 0x28, 0x09, 0x28, 0x09, 0x08,
    0x09, 0x08, 0x09, 0x28, 0x09, 0x08, 0x08, 0xe8, 0x08, 0xe8, 0x08, 0xe8, 0x09, 0x09, 0x09, 0x09,
    0x00, 0xa8, 0x00, 0xa8, 0x5b, 0x72, 0x11, 0x4a, 0x00, 0x66, 0x08, 0xe8, 0x08, 0xc7, 0x08, 0xc7,
    0x08, 0xa7, 0x08, 0xa7, 0x08, 0xa7, 0x08, 0xa7, 0x08, 0xa7, 0x08, 0xa7, 0x08, 0xa7, 0x08, 0xa7,
    0x08, 0xa7, 0x08, 0xa7, 0x08, 0x87, 0x08, 0x87, 0x08, 0x87, 0x08, 0x87, 0x08, 0x87, 0x08, 0x86,
    0x08, 0x86, 0x08, 0x86, 0x08, 0x86, 0x08, 0x86, 0x08, 0x86, 0x08, 0x86, 0x08, 0x86, 0x08, 0x86,
    0x08, 0x86, 0x08, 0x86, 0x08, 0x86, 0x08, 0x86, 0x08, 0x86, 0x08, 0x86, 0x08, 0x86, 0x08, 0x86,
    0x08, 0x86, 0x08, 0x86, 0x08, 0x86, 0x08, 0x86, 0x08, 0x86, 0x08, 0x86, 0x08, 0x86, 0x08, 0x86,
    0x08, 0x66, 0x08, 0x86, 0x10, 0xc7, 0x08, 0x86, 0x00, 0x46, 0x08, 0x86, 0x08, 0x87, 0x3a, 0x0d,
    0x10, 0xe8, 0x00, 0x46, 0x08, 0x66, 0x10, 0xa7, 0x08, 0x67, 0x00, 0x67, 0x10, 0xe9, 0x31, 0xac,
    0x08, 0x86, 0x08, 0x86, 0x08, 0x86, 0x08, 0x86, 0x08, 0x86, 0x08, 0x86, 0x08, 0x86, 0x08, 0x86,
    0x08, 0x86, 0x08, 0x86, 0x08, 0x86, 0x08, 0x86, 0x08, 0x86, 0x08, 0x86, 0x08, 0x86, 0x08, 0x86,
    0x08, 0x86, 0x08, 0x86, 0x08, 0x86, 0x08, 0x86, 0x08, 0x86, 0x08, 0x86, 0x08, 0x86, 0x08, 0x86,
    0x08, 0x86, 0x08, 0x86, 0x08, 0x86, 0x08, 0x86, 0x08, 0x86, 0x08, 0x86, 0x08, 0xa6, 0x08, 0xa6,
    0x08, 0xa6, 0x08, 0xa6, 0x08, 0xa6, 0x08, 0xa6, 0x08, 0xa6, 0x08, 0xa6, 0x08, 0x86, 0x08, 0x86,
    0x08, 0x86, 0x08, 0xa6, 0x08, 0xa6, 0x08, 0xa6, 0x08, 0xa6, 0x08, 0xa6, 0x08, 0xa6, 0x08, 0xa6,
    0x08, 0xa6, 0x08, 0xa6, 0x08, 0xa6, 0x08, 0xa6, 0x08, 0xa6, 0x08, 0xa6, 0x08, 0xa7, 0x08, 0xa7,
    0x08, 0xa7, 0x08, 0xc7, 0x08, 0xc7, 0x08, 0xc7, 0x08, 0xc7, 0x08, 0xc7, 0x08, 0xc7, 0x08, 0xc7,
    0x08, 0xc7, 0x08, 0xc7, 0x08, 0xc7, 0x08, 0xe7, 0x08, 0xe7, 0x08, 0xe7, 0x08, 0xe7, 0x08, 0xe7,
    0x08, 0xe7, 0x09, 0x08, 0x09, 0x08, 0x09, 0x08, 0x09, 0x28, 0x09, 0x28, 0x09, 0x09, 0x09, 0x29,
    0x09, 0x29, 0x09, 0x29, 0x09, 0x49, 0x09, 0x49, 0x09, 0x49, 0x09, 0x49, 0x09, 0x6a, 0x09, 0x6a,
    0x09, 0x6a, 0x09, 0x6a, 0x09, 0x6a, 0x09, 0x8a, 0x09, 0x8a, 0x09, 0x8a, 0x01, 0x8a, 0x01, 0x8a,
    0x01, 0x8a, 0x01, 0x8a, 0x09, 0x8a, 0x09, 0x8a, 0x09, 0x6a, 0x09, 0x6a, 0x09, 0x6a, 0x09, 0x4a,
    0x09, 0x4a, 0x09, 0x29, 0x11, 0x49, 0x11, 0x29, 0x11, 0x29, 0x09, 0x29, 0x09, 0x29, 0x09, 0x29,
    0x09, 0x29, 0x09, 0x09, 0x09, 0x08, 0x09, 0x08, 0x08, 0xe8, 0x08, 0xe8, 0x08, 0xe8, 0x08, 0xe8,
    0x08, 0xe8, 0x08, 0xe8, 0x08, 0xe8, 0x08, 0xe8, 0x08, 0xe7, 0x08, 0xe7, 0x08, 0xc7, 0x08, 0xc7,
    0x08, 0xc7, 0x08, 0xc7, 0x08, 0xc7, 0x08, 0xc7, 0x08, 0xa7, 0x08, 0xa7, 0x08, 0xc7, 0x08, 0xc7,
    0x08, 0xc7, 0x08, 0xc7, 0x08, 0xa7, 0x08, 0xa7, 0x08, 0xa7, 0x08, 0xa7, 0x08, 0xa7, 0x08, 0xc7,
    0x08, 0xc7, 0x08, 0xc7, 0x08, 0xc7, 0x08, 0xc7, 0x08, 0xc7, 0x08, 0xc7, 0x08, 0xc7, 0x08, 0xc7,
    0x08, 0xc7, 0x08, 0xc7, 0x08, 0xc7, 0x08, 0xc7, 0x08, 0xc7, 0x08, 0xc7, 0x08, 0xc6, 0x00, 0x85,
    0x11, 0x28, 0x08, 0xc7, 0x00, 0x86, 0x00, 0xa7, 0x08, 0xc8, 0x08, 0xc9, 0x00, 0x47, 0x3a, 0x4f,
    0x31, 0xed, 0x00, 0x87, 0x08, 0xc8, 0x08, 0xc7, 0x00, 0x86, 0x08, 0xe8, 0x08, 0xc8, 0x08, 0xc8,
    0x08, 0xc7, 0x08, 0xc7, 0x08, 0xc7, 0x08, 0xc6, 0x10, 0xc6, 0x10, 0xc6, 0x08, 0xc6, 0x08, 0xe7,
    0x08, 0xc8, 0x00, 0xa8, 0x00, 0xe9, 0x09, 0x6b, 0x09, 0xad, 0x09, 0xad, 0x01, 0xae, 0x01, 0xce,
    0x01, 0xce, 0x01, 0xce, 0x01, 0xce, 0x01, 0xce, 0x01, 0xce, 0x01, 0xce, 0x01, 0xce, 0x01, 0xce,
    0x01, 0xce, 0x01, 0xce, 0x01, 0xce, 0x01, 0xce, 0x01, 0xce, 0x01, 0xce, 0x01, 0xce, 0x01, 0xce,
    0x01, 0xce, 0x01, 0xce, 0x01, 0xce, 0x01, 0xce, 0x01, 0xce, 0x01, 0xce, 0x01, 0xce, 0x01, 0xce,
    0x01, 0xce, 0x01, 0xae, 0x01, 0xce, 0x01, 0xce, 0x01, 0xad, 0x01, 0x6c, 0x01, 0x29, 0x01, 0x29,
    0x01, 0x49, 0x01, 0x29, 0x01, 0x28, 0x09, 0x49, 0x09, 0x48, 0x09, 0x28, 0x09, 0x28, 0x09, 0x28,
    0x09, 0x28, 0x09, 0x28, 0x09, 0x29, 0x09, 0x29, 0x09, 0x29, 0x09, 0x29, 0x09, 0x09, 0x11, 0x09,
    0x11, 0x29, 0x11, 0x29, 0x11, 0x28, 0x09, 0x08, 0x09, 0x08, 0x09, 0x08, 0x11, 0x28, 0x09, 0x08,
    0x08, 0xe8, 0x09, 0x08, 0x09, 0x08, 0x08, 0xe8, 0x08, 0xe8, 0x08, 0xe8, 0x00, 0xc8, 0x09, 0x09,
    0x00, 0x46, 0x32, 0x4e, 0x3a, 0x4e, 0x09, 0x08, 0x08, 0xe8, 0x08, 0xc7, 0x08, 0xc7, 0x08, 0xc7,
    0x08, 0xa7, 0x08, 0xa7, 0x08, 0xa7, 0x08, 0xa7, 0x08, 0xa7, 0x08, 0xa7, 0x08, 0xa6, 0x08, 0xa6,
    0x08, 0xa6, 0x08, 0xa6, 0x08, 0x86, 0x08, 0x86, 0x08, 0x86, 0x08, 0x86, 0x08, 0x86, 0x08, 0x86,
    0x08, 0x86, 0x08, 0x86, 0x08, 0x86, 0x08, 0x86, 0x08, 0x86, 0x08, 0x86, 0x08, 0x86, 0x08, 0x86,
    0x08, 0x86, 0x08, 0x86, 0x08, 0x86, 0x08, 0x86, 0x08, 0x86, 0x08, 0x86, 0x08, 0x86, 0x08, 0x86,
    0x08, 0x86, 0x08, 0x86, 0x08, 0x86, 0x08, 0x86, 0x08, 0x86, 0x08, 0x86, 0x08, 0x65, 0x08, 0xa6,
    0x08, 0x86, 0x08, 0x86, 0x08, 0x86, 0x00, 0x65, 0x00, 0x45, 0x08, 0x86, 0x08, 0x86, 0x29, 0xab,
    0x29, 0x8b, 0x00, 0x05, 0x10, 0xa8, 0x08, 0x67, 0x00, 0x46, 0x08, 0x87, 0x00, 0x67, 0x21, 0x4a,
    0x08, 0x86, 0x08, 0x86, 0x08, 0x86, 0x08, 0x86, 0x08, 0x86, 0x08, 0x86, 0x08, 0x86, 0x08, 0x86,
    0x08, 0x86, 0x08, 0x86, 0x08, 0x86, 0x08, 0x86, 0x08, 0x86, 0x08, 0x86, 0x08, 0x86, 0x08, 0x86,
    0x08, 0x86, 0x08, 0x86, 0x08, 0x86, 0x08, 0x86, 0x08, 0x86, 0x08, 0x86, 0x08, 0x86, 0x08, 0x86,
    0x08, 0x86, 0x08, 0x86, 0x08, 0x86, 0x08, 0x86, 0x08, 0x86, 0x08, 0x86, 0x08, 0xa6, 0x08, 0xa6,
    0x08, 0xa6, 0x08, 0xa6, 0x08, 0xa6, 0x08, 0xa6, 0x08, 0xa6, 0x08, 0xa6, 0x08, 0x86, 0x08, 0x86,
    0x08, 0x86, 0x08, 0xa6, 0x08, 0xa6, 0x08, 0xa6, 0x08, 0xa6, 0x08, 0xa6, 0x08, 0xa6, 0x08, 0xa6,
    0x08, 0xa6, 0x08, 0xa6, 0x08, 0xa6, 0x08, 0xa6, 0x08, 0xa6, 0x08, 0xa6, 0x08, 0xa7, 0x08, 0xa7,
    0x08, 0xa7, 0x08, 0xc7, 0x08, 0xc7, 0x08, 0xc7, 0x08, 0xc7, 0x08, 0xc7, 0x08, 0xc7, 0x08, 0xc7,
    0x08, 0xc7, 0x08, 0xc7, 0x08, 0xe7, 0x08, 0xe7, 0x08, 0xe7, 0x08, 0xe7, 0x08, 0xe7, 0x08, 0xe7,
    0x09, 0x08, 0x09, 0x08, 0x09, 0x08, 0x09, 0x08, 0x09, 0x28, 0x09, 0x28, 0x09, 0x29, 0x09, 0x29,
    0x09, 0x29, 0x09, 0x29, 0x09, 0x49, 0x09, 0x49, 0x09, 0x4a, 0x09, 0x4a, 0x09, 0x6a, 0x09, 0x6a,
    0x09, 0x8a, 0x09, 0x8a, 0x09, 0x8a, 0x09, 0x8a, 0x09, 0x8b, 0x09, 0x8b, 0x01, 0x8b, 0x01, 0xab,
    0x01, 0xab, 0x09, 0xab, 0x09, 0xab, 0x09, 0x8b, 0x09, 0x8a, 0x09, 0x8a, 0x09, 0x6a, 0x09, 0x6a,
    0x09, 0x4a, 0x09, 0x4a, 0x09, 0x4a, 0x09, 0x4a, 0x09, 0x29, 0x09, 0x29, 0x09, 0x29, 0x09, 0x29,
    0x09, 0x29, 0x09, 0x29, 0x09, 0x08, 0x09, 0x08, 0x09, 0x08, 0x08, 0xe8, 0x08, 0xe8, 0x08, 0xe8,
    0x08, 0xe8, 0x08, 0xe8, 0x08, 0xe8, 0x08, 0xe8, 0x08, 0xe8, 0x08, 0xe7, 0x08, 0xc7, 0x08, 0xc7,
    0x08, 0xc7, 0x08, 0xc7, 0x08, 0xc7, 0x08, 0xc7, 0x08, 0xc7, 0x08, 0xa7, 0x08, 0xc7, 0x08, 0xc7,
    0x08, 0xc7, 0x08, 0xc7, 0x08, 0xa7, 0x08, 0xa7, 0x08, 0xa7, 0x08, 0xa7, 0x08, 0xa7, 0x08, 0xc7,
    0x08, 0xc7, 0x08, 0xc7, 0x08, 0xc7, 0x08, 0xc7, 0x08, 0xc7, 0x08, 0xc7, 0x08, 0xc7, 0x08, 0xc7,
    0x08, 0xc7, 0x08, 0xc7, 0x08, 0xc7, 0x08, 0xc7, 0x08, 0xc7, 0x08, 0xc7, 0x08, 0xc6, 0x00, 0x85,
    0x11, 0x28, 0x08, 0xc7, 0x00, 0xa7, 0x00, 0xa7, 0x08, 0xe9, 0x00, 0x88, 0x11, 0x0a, 0x52, 0xf1,
    0x10, 0xe9, 0x00, 0x46, 0x08, 0xa8, 0x10, 0xe8, 0x00, 0x46, 0x08, 0xe8, 0x08, 0xc7, 0x08, 0xc7,
    0x08, 0xc7, 0x08, 0xc7, 0x08, 0xc7, 0x08, 0xc6, 0x10, 0xc6, 0x08, 0xc6, 0x10, 0xc7, 0x08, 0xa7,
    0x00, 0xa7, 0x00, 0xe9, 0x09, 0x4b, 0x09, 0x8c, 0x09, 0xad, 0x09, 0xae, 0x01, 0xce, 0x01, 0xce,
    0x01, 0xce, 0x01, 0xce, 0x01, 0xce, 0x01, 0xce, 0x01, 0xce, 0x01, 0xce, 0x01, 0xce, 0x01, 0xce,
    0x01, 0xce, 0x01, 0xce, 0x01, 0xce, 0x01, 0xce, 0x01, 0xce, 0x01, 0xce, 0x01, 0xce, 0x01, 0xce,
    0x01, 0xce, 0x01, 0xce, 0x01, 0xce, 0x01, 0xce, 0x01, 0xce, 0x01, 0xce, 0x01, 0xce, 0x01, 0xce,
    0x01, 0xce, 0x01, 0xce, 0x01, 0xce, 0x01, 0xce, 0x01, 0xce, 0x01, 0x8c, 0x01, 0x2a, 0x01, 0x29,
    0x01, 0x29, 0x01, 0x29, 0x01, 0x29, 0x01, 0x28, 0x09, 0x28, 0x09, 0x48, 0x09, 0x08, 0x09, 0x08,
    0x09, 0x08, 0x09, 0x08, 0x09, 0x28, 0x09, 0x29, 0x01, 0x29, 0x09, 0x29, 0x09, 0x09, 0x09, 0x09,
    0x09, 0x08, 0x09, 0x08, 0x09, 0x08, 0x09, 0x08, 0x09, 0x08, 0x09, 0x08, 0x09, 0x08, 0x08, 0xe7,
    0x08, 0xe7, 0x09, 0x08, 0x09, 0x08, 0x08, 0xe8, 0x08, 0xe8, 0x08, 0xe8, 0x00, 0xc8, 0x00, 0xc8,
    0x08, 0xe9, 0x53, 0x32, 0x11, 0x09, 0x08, 0xc8, 0x11, 0x08, 0x00, 0xa7, 0x08, 0xc7, 0x08, 0xc7,
    0x08, 0xa6, 0x08, 0xa6, 0x08, 0xa6, 0x08, 0xa6, 0x08, 0xa6, 0x08, 0xa6, 0x08, 0xa6, 0x08, 0xa6,
    0x08, 0xa6, 0x08, 0xa6, 0x08, 0x86, 0x08, 0x86, 0x08, 0x86, 0x08, 0x86, 0x08, 0x86, 0x08, 0x86,
    0x08, 0x86, 0x08, 0x86, 0x08, 0x86, 0x08, 0x86, 0x08, 0x86, 0x08, 0x86, 0x08, 0x86, 0x08, 0x86,
    0x08, 0x86, 0x08, 0x86, 0x08, 0x86, 0x08, 0x86, 0x08, 0x86, 0x08, 0x86, 0x08, 0x86, 0x08, 0x86,
    0x08, 0x86, 0x08, 0x86, 0x08, 0x86, 0x08, 0x86, 0x08, 0x86, 0x08, 0x86, 0x08, 0x86, 0x08, 0xa6,
    0x08, 0x86, 0x08, 0x65, 0x08, 0x86, 0x08, 0x86, 0x08, 0x86, 0x08, 0x86, 0x08, 0x87, 0x10, 0xa7,
    0x31, 0xcc, 0x10, 0xc8, 0x08, 0x67, 0x00, 0x66, 0x08, 0x67, 0x08, 0xa7, 0x00, 0x46, 0x19, 0x09,
    0x08, 0x86, 0x08, 0x86, 0x08, 0x86, 0x08, 0x86, 0x08, 0x86, 0x08, 0x86, 0x08, 0x86, 0x08, 0x86,
    0x08, 0x86, 0x08, 0x86, 0x08, 0x86, 0x08, 0x86, 0x08, 0x86, 0x08, 0x86, 0x08, 0x86, 0x08, 0x86,
    0x08, 0x86, 0x08, 0x86, 0x08, 0x86, 0x08, 0x86, 0x08, 0x86, 0x08, 0x86, 0x08, 0x86, 0x08, 0x86,
    0x08, 0x86, 0x08, 0x86, 0x08, 0x86, 0x08, 0x86, 0x08, 0x86, 0x08, 0x86, 0x08, 0xa6, 0x08, 0xa6,
    0x08, 0xa6, 0x08, 0xa6, 0x08, 0xa6, 0x08, 0xa6, 0x08, 0xa6, 0x08, 0xa6, 0x08, 0x86, 0x08, 0x86,
    0x08, 0x86, 0x08, 0xa6, 0x08, 0xa6, 0x08, 0xa6, 0x08, 0xa6, 0x08, 0xa6, 0x08, 0xa6, 0x08, 0xa6,
    0x08, 0xa6, 0x08, 0xa6, 0x08, 0xa6, 0x08, 0xa6, 0x08, 0xa6, 0x08, 0xa6, 0x08, 0xa7, 0x08, 0xa7,
    0x08, 0xa7, 0x08, 0xc7, 0x08, 0xc7, 0x08, 0xc7, 0x08, 0xc7, 0x08, 0xc7, 0x08, 0xc7, 0x08, 0xc7,
    0x08, 0xc7, 0x08, 0xc7, 0x08, 0xe7, 0x08, 0xe7, 0x08, 0xe7, 0x08, 0xe7, 0x08, 0xe7, 0x08, 0xe8,
    0x09, 0x08, 0x09, 0x08, 0x09, 0x08, 0x09, 0x08, 0x09, 0x28, 0x09, 0x29, 0x09, 0x29, 0x09, 0x29,
    0x09, 0x29, 0x09, 0x49, 0x09, 0x4a, 0x09, 0x4a, 0x09, 0x4a, 0x09, 0x6a, 0x09, 0x6a, 0x09, 0x6a,
    0x09, 0x8a, 0x09, 0x8a, 0x09, 0x8a, 0x09, 0x8b, 0x11, 0x8b, 0x09, 0xab, 0x09, 0xab, 0x09, 0xab,
    0x09, 0xab, 0x09, 0xab, 0x09, 0xab, 0x09, 0xab, 0x09, 0x8b, 0x09, 0x8a, 0x09, 0x8a, 0x09, 0x6a,
    0x09, 0x6a, 0x09, 0x6a, 0x09, 0x6a, 0x09, 0x4a, 0x09, 0x4a, 0x09, 0x49, 0x09, 0x49, 0x09, 0x29,
    0x09, 0x29, 0x09, 0x29, 0x09, 0x08, 0x09, 0x08, 0x09, 0x08, 0x09, 0x08, 0x09, 0x08, 0x09, 0x08,
    0x08, 0xe8, 0x08, 0xe8, 0x08, 0xe8, 0x08, 0xe8, 0x08, 0xe8, 0x08, 0xe7, 0x08, 0xc7, 0x08, 0xc7,
    0x08, 0xc7, 0x08, 0xc7, 0x08, 0xc7, 0x08, 0xc7, 0x08, 0xc7, 0x08, 0xc7, 0x08, 0xc7, 0x08, 0xc7,
    0x08, 0xc7, 0x08, 0xc7, 0x08, 0xa7, 0x08, 0xa7, 0x08, 0xa7, 0x08, 0xa7, 0x08, 0xc7, 0x08, 0xc7,
    0x08, 0xc7, 0x08, 0xc7, 0x08, 0xc7, 0x08, 0xc7, 0x08, 0xc7, 0x08, 0xc7, 0x08, 0xc7, 0x08, 0xc7,
    0x08, 0xc7, 0x08, 0xc7, 0x08, 0xc7, 0x08, 0xc7, 0x08, 0xc7, 0x08, 0xc7, 0x08, 0xc7, 0x00, 0xa6,
    0x00, 0xa6, 0x08, 0xc7, 0x08, 0xc8, 0x08, 0xc8, 0x00, 0x87, 0x00, 0x87, 0x42, 0x6f, 0x29, 0xcc,
    0x00, 0x26, 0x08, 0xc8, 0x08, 0xa8, 0x11, 0x08, 0x00, 0xa7, 0x08, 0xa7, 0x08, 0xc7, 0x08, 0xc7,
    0x08, 0xc7, 0x08, 0xc7, 0x08, 0xc6, 0x08, 0xc6, 0x08, 0xc6, 0x08, 0xc6, 0x08, 0xe7, 0x00, 0xa7,
    0x00, 0xa7, 0x09, 0x2a, 0x11, 0x8c, 0x09, 0xad, 0x09, 0xad, 0x09, 0xae, 0x01, 0xce, 0x01, 0xce,
    0x01, 0xce, 0x01, 0xce, 0x01, 0xce, 0x01, 0xce, 0x01, 0xce, 0x01, 0xce, 0x01, 0xce, 0x01, 0xce,
    0x01, 0xce, 0x01, 0xce, 0x01, 0xce, 0x01, 0xce, 0x01, 0xce, 0x01, 0xce, 0x01, 0xce, 0x01, 0xce,
    0x01, 0xce, 0x01, 0xce, 0x01, 0xce, 0x01, 0xce, 0x01, 0xce, 0x01, 0xce, 0x01, 0xce, 0x01, 0xce,
    0x01, 0xce, 0x01, 0xce, 0x01, 0xce, 0x01, 0xce, 0x01, 0xce, 0x01, 0xad, 0x01, 0x6b, 0x01, 0x29,
    0x01, 0x09, 0x01, 0x29, 0x01, 0x29, 0x01, 0x08, 0x09, 0x08, 0x09, 0x28, 0x09, 0x08, 0x09, 0x08,
    0x09, 0x08, 0x09, 0x08, 0x09, 0x08, 0x09, 0x29, 0x09, 0x29, 0x09, 0x09, 0x09, 0x09, 0x09, 0x09,
    0x09, 0x08, 0x09, 0x08, 0x09, 0x08, 0x09, 0x08, 0x09, 0x08, 0x09, 0x08, 0x09, 0x08, 0x08, 0xe7,
    0x08, 0xe7, 0x08, 0xe8, 0x08, 0xe8, 0x08, 0xe8, 0x08, 0xe8, 0x08, 0xe8, 0x00, 0xa8, 0x00, 0xc9,
    0x3a, 0x6f, 0x32, 0x4e, 0x00, 0x87, 0x08, 0xe8, 0x00, 0xa7, 0x08, 0xc7, 0x08, 0xc7, 0x08, 0xc7,
    0x08, 0xa6, 0x08, 0xa6, 0x08, 0xa6, 0x08, 0xa6, 0x08, 0xa6, 0x08, 0xa6, 0x08, 0xa6, 0x08, 0xa6,
    0x08, 0xa6, 0x08, 0xa6, 0x08, 0x86, 0x08, 0x86, 0x08, 0x86, 0x08, 0x86, 0x08, 0x86, 0x08, 0x86,
    0x08, 0x86, 0x08, 0x86, 0x08, 0x86, 0x08, 0x86, 0x08, 0x86, 0x08, 0x86, 0x08, 0x86, 0x08, 0x86,
    0x08, 0x86, 0x08, 0x86, 0x08, 0x86, 0x08, 0x86, 0x08, 0x86, 0x08, 0x86, 0x08, 0x86, 0x08, 0x86,
    0x08, 0x86, 0x08, 0x86, 0x08, 0x86, 0x08, 0x86, 0x08, 0x86, 0x08, 0x86, 0x08, 0xa6, 0x08, 0x85,
    0x00, 0x65, 0x00, 0x65, 0x08, 0x86, 0x10, 0xc7, 0x10, 0xc7, 0x00, 0x66, 0x10, 0xa7, 0x00, 0x04,
    0x21, 0x4a, 0x3a, 0x0d, 0x00, 0x26, 0x08, 0x67, 0x10, 0xc8, 0x08, 0x87, 0x00, 0x66, 0x19, 0x29,
    0x08, 0x86, 0x08, 0x86, 0x08, 0x86, 0x08, 0x86, 0x08, 0x86, 0x08, 0x86, 0x08, 0x86, 0x08, 0x86,
    0x08, 0x86, 0x08, 0x86, 0x08, 0x86, 0x08, 0x86, 0x08, 0x86, 0x08, 0x86, 0x08, 0x86, 0x08, 0x86,
    0x08, 0x86, 0x08, 0x86, 0x08, 0x86, 0x08, 0x86, 0x08, 0x86, 0x08, 0x86, 0x08, 0x86, 0x08, 0x86,
    0x08, 0x86, 0x08, 0x86, 0x08, 0x86, 0x08, 0x86, 0x08, 0x86, 0x08, 0x86, 0x08, 0xa6, 0x08, 0xa6,
    0x08, 0xa6, 0x08, 0xa6, 0x08, 0xa6, 0x08, 0xa6, 0x08, 0xa6, 0x08, 0xa6, 0x08, 0x86, 0x08, 0x86,
    0x08, 0x86, 0x08, 0xa6, 0x08, 0xa6, 0x08, 0xa6, 0x08, 0xa6, 0x08, 0xa6, 0x08, 0xa6, 0x08, 0xa6,
    0x08, 0xa6, 0x08, 0xa6, 0x08, 0xa6, 0x08, 0xa6, 0x08, 0xa6, 0x08, 0xa6, 0x08, 0xa7, 0x08, 0xa7,
    0x08, 0xa7, 0x08, 0xc7, 0x08, 0xc7, 0x08, 0xc7, 0x08, 0xc7, 0x08, 0xc7, 0x08, 0xc7, 0x08, 0xc7,
    0x08, 0xc7, 0x08, 0xc7, 0x08, 0xc7, 0x08, 0xe7, 0x08, 0xe7, 0x08, 0xe7, 0x08, 0xe8, 0x08, 0xe8,
    0x09, 0x08, 0x09, 0x08, 0x09, 0x08, 0x09, 0x28, 0x09, 0x29, 0x09, 0x29, 0x09, 0x49, 0x09, 0x49,
    0x09, 0x4a, 0x09, 0x4a, 0x09, 0x4a, 0x09, 0x6a, 0x09, 0x6a, 0x09, 0x6a, 0x09, 0x6a, 0x09, 0x8a,
    0x09, 0x8a, 0x09, 0x8b, 0x09, 0x8b, 0x11, 0x8b, 0x09, 0xab, 0x09, 0xab, 0x09, 0xab, 0x09, 0xcb,
    0x09, 0xab, 0x09, 0xab, 0x09, 0xab, 0x09, 0xab, 0x09, 0xab, 0x09, 0x8b, 0x09, 0x8b, 0x09, 0x8a,
    0x09, 0x8a, 0x09, 0x6a, 0x09, 0x6a, 0x09, 0x6a, 0x01, 0x6a, 0x09, 0x49, 0x09, 0x49, 0x09, 0x49,
    0x09, 0x49, 0x09, 0x29, 0x09, 0x29, 0x09, 0x29, 0x09, 0x08, 0x09, 0x08, 0x09, 0x08, 0x09, 0x08,
    0x09, 0x08, 0x09, 0x08, 0x08, 0xe8, 0x08, 0xe8, 0x08, 0xe8, 0x08, 0xe7, 0x08, 0xc7, 0x08, 0xe7,
    0x08, 0xc7, 0x08, 0xc7, 0x08, 0xc7, 0x08, 0xc7, 0x08, 0xc7, 0x08, 0xc7, 0x08, 0xc7, 0x08, 0xc7,
    0x08, 0xc7, 0x08, 0xc7, 0x08, 0xa7, 0x08, 0xa7, 0x08, 0xa7, 0x08, 0xa7, 0x08, 0xc7, 0x08, 0xc7,
    0x08, 0xc7, 0x08, 0xc7, 0x08, 0xc7, 0x08, 0xc7, 0x08, 0xc7, 0x08, 0xc7, 0x08, 0xc7, 0x08, 0xc7,
    0x08, 0xc7, 0x08, 0xc7, 0x08, 0xc7, 0x08, 0xc7, 0x08, 0xc7, 0x08, 0xc7, 0x08, 0xa6, 0x11, 0x08,
    0x00, 0x25, 0x08, 0xc7, 0x08, 0xc8, 0x08, 0xc8, 0x00, 0x46, 0x21, 0x6b, 0x42, 0xb0, 0x00, 0x87,
    0x00, 0x67, 0x11, 0x09, 0x08, 0xc7, 0x08, 0xe8, 0x08, 0xc7, 0x08, 0xc7, 0x08, 0xc7, 0x08, 0xc7,
    0x08, 0xc7, 0x08, 0xc7, 0x08, 0xc6, 0x08, 0xc6, 0x08, 0xc6, 0x08, 0xc7, 0x08, 0xc7, 0x00, 0xa7,
    0x00, 0xc8, 0x09, 0x4b, 0x11, 0xad, 0x09, 0xad, 0x09, 0xad, 0x01, 0xae, 0x01, 0xce, 0x01, 0xce,
    0x01, 0xce, 0x01, 0xce, 0x01, 0xce, 0x01, 0xce, 0x01, 0xce, 0x01, 0xce, 0x01, 0xce, 0x01, 0xce,
    0x01, 0xce, 0x01, 0xce, 0x01, 0xce, 0x01, 0xce, 0x01, 0xce, 0x01, 0xce, 0x01, 0xce, 0x01, 0xce,
    0x01, 0xce, 0x01, 0xce, 0x01, 0xce, 0x01, 0xce, 0x01, 0xce, 0x01, 0xce, 0x09, 0xee, 0x01, 0xce,
    0x01, 0xce, 0x01, 0xce, 0x01, 0xce, 0x01, 0xce, 0x01, 0xae, 0x01, 0xad, 0x09, 0x8c, 0x01, 0x2a,
    0x00, 0xe9, 0x01, 0x09, 0x09, 0x29, 0x09, 0x28, 0x09, 0x08, 0x09, 0x08, 0x09, 0x08, 0x09, 0x08,
    0x09, 0x08, 0x09, 0x08, 0x09, 0x08, 0x09, 0x09, 0x09, 0x09, 0x09, 0x09, 0x09, 0x09, 0x09, 0x09,
    0x09, 0x08, 0x09, 0x08, 0x09, 0x08, 0x09, 0x08, 0x09, 0x08, 0x09, 0x08, 0x08, 0xe7, 0x08, 0xe7,
    0x08, 0xe7, 0x08, 0xe7, 0x08, 0xe8, 0x08, 0xe8, 0x08, 0xe8, 0x08, 0xc8, 0x00, 0x67, 0x21, 0xcd,
    0x4a, 0xd1, 0x08, 0xe9, 0x00, 0xa8, 0x08, 0xe8, 0x00, 0x86, 0x10, 0xe8, 0x08, 0xc7, 0x08, 0xc7,
    0x08, 0xa6, 0x08, 0xa6, 0x08, 0xa6, 0x08, 0xa6, 0x08, 0xa6, 0x08, 0xa6, 0x08, 0xa6, 0x08, 0xa6,
    0x08, 0xa6, 0x08, 0xa6, 0x08, 0x86, 0x08, 0x86, 0x08, 0x86, 0x08, 0x86, 0x08, 0x86, 0x08, 0x86,
    0x08, 0x86, 0x08, 0x86, 0x08, 0x86, 0x08, 0x86, 0x08, 0x86, 0x08, 0x86, 0x08, 0x86, 0x08, 0x86,
    0x08, 0x86, 0x08, 0x86, 0x08, 0x86, 0x08, 0x86, 0x08, 0x86, 0x08, 0x86, 0x08, 0x86, 0x08, 0x86,
    0x08, 0x86, 0x08, 0x86, 0x08, 0x86, 0x08, 0x86, 0x08, 0x86, 0x08, 0x86, 0x08, 0x86, 0x08, 0x65,
    0x08, 0x86, 0x08, 0x86, 0x00, 0x65, 0x08, 0x86, 0x08, 0xa7, 0x00, 0x45, 0x08, 0x87, 0x00, 0x25,
    0x08, 0x87, 0x3a, 0x0d, 0x19, 0x09, 0x08, 0x66, 0x08, 0x87, 0x08, 0x66, 0x00, 0x65, 0x19, 0x28,
    0x08, 0x86, 0x08, 0x86, 0x08, 0x86, 0x08, 0x86, 0x08, 0x86, 0x08, 0x86, 0x08, 0x86, 0x08, 0x86,
    0x08, 0x86, 0x08, 0x86, 0x08, 0x86, 0x08, 0x86, 0x08, 0x86, 0x08, 0x86, 0x08, 0x86, 0x08, 0x86,
    0x08, 0x86, 0x08, 0x86, 0x08, 0x86, 0x08, 0x86, 0x08, 0x86, 0x08, 0x86, 0x08, 0x86, 0x08, 0x86,
    0x08, 0x86, 0x08, 0x86, 0x08, 0x86, 0x08, 0x86, 0x08, 0x86, 0x08, 0x86, 0x08, 0xa6, 0x08, 0xa6,
    0x08, 0xa6, 0x08, 0xa6, 0x08, 0xa6, 0x08, 0xa6, 0x08, 0xa6, 0x08, 0xa6, 0x08, 0x86, 0x08, 0x86,
    0x08, 0x86, 0x08, 0xa6, 0x08, 0xa6, 0x08, 0xa6, 0x08, 0xa6, 0x08, 0xa6, 0x08, 0x86, 0x08, 0x86,
    0x08, 0xa6, 0x08, 0xa6, 0x08, 0xa6, 0x08, 0xa6, 0x08, 0xa6, 0x08, 0xa6, 0x08, 0xa7, 0x08, 0xa7,
    0x08, 0xa7, 0x08, 0xc7, 0x08, 0xc7, 0x08, 0xc7, 0x08, 0xc7, 0x08, 0xc7, 0x08, 0xc7, 0x08, 0xc7,
    0x08, 0xc7, 0x08, 0xe7, 0x08, 0xe7, 0x08, 0xe7, 0x08, 0xe7, 0x08, 0xe8, 0x08, 0xe8, 0x09, 0x08,
    0x09, 0x08, 0x09, 0x08, 0x09, 0x28, 0x09, 0x28, 0x09, 0x29, 0x09, 0x49, 0x09, 0x4a, 0x09, 0x4a,
    0x09, 0x4a, 0x09, 0x6a, 0x09, 0x6a, 0x09, 0x6a, 0x09, 0x6a, 0x09, 0x6a, 0x11, 0x8a, 0x09, 0x8b,
    0x09, 0x8b, 0x09, 0x8b, 0x11, 0x8b, 0x09, 0xab, 0x09, 0xab, 0x09, 0xab, 0x09, 0xcb, 0x09, 0xcc,
    0x09, 0xcc, 0x09, 0xcc, 0x09, 0xcc, 0x09, 0xcb, 0x09, 0xab, 0x09, 0xab, 0x09, 0xab, 0x09, 0x8b,
    0x09, 0x8b, 0x09, 0x8a, 0x09, 0x8a, 0x09, 0x8a, 0x01, 0x6a, 0x01, 0x6a, 0x09, 0x4a, 0x09, 0x49,
    0x09, 0x49, 0x09, 0x49, 0x09, 0x29, 0x09, 0x29, 0x09, 0x29, 0x09, 0x08, 0x09, 0x08, 0x09, 0x08,
    0x09, 0x08, 0x09, 0x08, 0x08, 0xe8, 0x08, 0xe8, 0x08, 0xe8, 0x08, 0xe8, 0x08, 0xe7, 0x08, 0xe7,
    0x08, 0xe7, 0x08, 0xc7, 0x08, 0xc7, 0x08, 0xc7, 0x08, 0xc7, 0x08, 0xc7, 0x08, 0xc7, 0x08, 0xc7,
    0x08, 0xc7, 0x08, 0xc7, 0x08, 0xa7, 0x08, 0xa7, 0x08, 0xa7, 0x08, 0xa7, 0x08, 0xc7, 0x08, 0xc7,
    0x08, 0xc7, 0x08, 0xc7, 0x08, 0xc7, 0x08, 0xc7, 0x08, 0xc7, 0x08, 0xc7, 0x08, 0xc7, 0x08, 0xc7,
    0x08, 0xc7, 0x08, 0xc7, 0x08, 0xc7, 0x08, 0xc7, 0x08, 0xc7, 0x08, 0xc7, 0x00, 0x86, 0x19, 0x49,
    0x00, 0x45, 0x08, 0xc7, 0x00, 0xa7, 0x00, 0xa7, 0x08, 0xc8, 0x42, 0x6f, 0x21, 0x6b, 0x00, 0x87,
    0x10, 0xe9, 0x00, 0x87, 0x08, 0xc8, 0x08, 0xc7, 0x00, 0x86, 0x11, 0x08, 0x08, 0xc7, 0x08, 0xc7,
    0x08, 0xc7, 0x08, 0xc7, 0x08, 0xc7, 0x08, 0xc7, 0x08, 0xc7, 0x08, 0xc7, 0x00, 0xc7, 0x00, 0xc8,
    0x01, 0x09, 0x09, 0x6b, 0x09, 0xad, 0x09, 0xae, 0x01, 0xae, 0x01, 0xae, 0x01, 0xce, 0x01, 0xce,
    0x01, 0xce, 0x01, 0xce, 0x01, 0xce, 0x01, 0xce, 0x01, 0xce, 0x01, 0xce, 0x01, 0xce, 0x01, 0xce,
    0x01, 0xce, 0x01, 0xce, 0x01, 0xce, 0x01, 0xce, 0x01, 0xce, 0x01, 0xce, 0x01, 0xce, 0x01, 0xce,
    0x01, 0xce, 0x01, 0xce, 0x01, 0xce, 0x01, 0xce, 0x01, 0xce, 0x01, 0xce, 0x09, 0xee, 0x01, 0xce,
    0x01, 0xce, 0x01, 0xce, 0x01, 0xce, 0x01, 0xae, 0x01, 0xad, 0x01, 0xcd, 0x09, 0xad, 0x01, 0x4b,
    0x01, 0x09, 0x01, 0x09, 0x01, 0x09, 0x09, 0x29, 0x09, 0x08, 0x09, 0x08, 0x09, 0x08, 0x09, 0x08,
    0x09, 0x08, 0x09, 0x08, 0x09, 0x08, 0x09, 0x08, 0x09, 0x09, 0x09, 0x09, 0x09, 0x09, 0x09, 0x08,
    0x09, 0x08, 0x09, 0x08, 0x09, 0x08, 0x09, 0x08, 0x09, 0x08, 0x08, 0xe7, 0x08, 0xe7, 0x08, 0xe7,
    0x08, 0xe7, 0x08, 0xc7, 0x08, 0xe8, 0x08, 0xe8, 0x08, 0xc8, 0x00, 0xa8, 0x00, 0x88, 0x42, 0xd1,
    0x21, 0xac, 0x00, 0x87, 0x08, 0xc8, 0x08, 0xc7, 0x08, 0xc7, 0x11, 0x08, 0x08, 0xc7, 0x08, 0xc6,
    0x08, 0xa6, 0x08, 0xa6, 0x08, 0xa6, 0x08, 0xa6, 0x08, 0xa6, 0x08, 0xa6, 0x08, 0xa6, 0x08, 0xa6,
    0x08, 0xa6, 0x08, 0xa6, 0x08, 0x86, 0x08, 0x86, 0x08, 0x86, 0x08, 0x86, 0x08, 0x86, 0x08, 0x86,
    0x08, 0x86, 0x08, 0x86, 0x08, 0x86, 0x08, 0x86, 0x08, 0x86, 0x08, 0x86, 0x08, 0x86, 0x08, 0x86,
    0x08, 0x86, 0x08, 0x86, 0x08, 0x86, 0x08, 0x86, 0x08, 0x86, 0x08, 0x86, 0x08, 0x86, 0x08, 0x86,
    0x08, 0x86, 0x08, 0x86, 0x08, 0x86, 0x08, 0x86, 0x08, 0x86, 0x08, 0x86, 0x08, 0x86, 0x08, 0xa6,
    0x21, 0x28, 0x21, 0x49, 0x08, 0x66, 0x00, 0x25, 0x08, 0x86, 0x08, 0x86, 0x00, 0x66, 0x10, 0xe8,
    0x00, 0x46, 0x10, 0xc8, 0x3a, 0x2d, 0x08, 0x87, 0x00, 0x26, 0x08, 0x86, 0x08, 0x65, 0x19, 0x27,
    0x08, 0x86, 0x08, 0x86, 0x08, 0x86, 0x08, 0x86, 0x08, 0x86, 0x08, 0x86, 0x08, 0x86, 0x08, 0x86,
    0x08, 0x86, 0x08, 0x86, 0x08, 0x86, 0x08, 0x86, 0x08, 0x86, 0x08, 0x86, 0x08, 0x86, 0x08, 0x86,
    0x08, 0x86, 0x08, 0x86, 0x08, 0x86, 0x08, 0x86, 0x08, 0x86, 0x08, 0x86, 0x08, 0x86, 0x08, 0x86,
    0x08, 0x86, 0x08, 0x86, 0x08, 0x86, 0x08, 0x86, 0x08, 0x86, 0x08, 0x86, 0x08, 0xa6, 0x08, 0xa6,
    0x08, 0xa6, 0x08, 0xa6, 0x08, 0xa6, 0x08, 0xa6, 0x08, 0xa6, 0x08, 0xa6, 0x08, 0x86, 0x08, 0x86,
    0x08, 0x86, 0x08, 0xa6, 0x08, 0xa6, 0x08, 0xa6, 0x08, 0xa6, 0x08, 0xa6, 0x08, 0x86, 0x08, 0x86,
    0x08, 0xa6, 0x08, 0xa6, 0x08, 0xa6, 0x08, 0xa6, 0x08, 0xa6, 0x08, 0xa6, 0x08, 0xa7, 0x08, 0xa7,
    0x08, 0xa7, 0x08, 0xc7, 0x08, 0xc7, 0x08, 0xc7, 0x08, 0xc7, 0x08, 0xc7, 0x08, 0xc7, 0x08, 0xc7,
    0x08, 0xc7, 0x08, 0xc7, 0x08, 0xe7, 0x08, 0xe7, 0x08, 0xe8, 0x08, 0xe8, 0x09, 0x08, 0x09, 0x08,
    0x09, 0x08, 0x09, 0x08, 0x09, 0x29, 0x09, 0x29, 0x09, 0x49, 0x09, 0x49, 0x09, 0x4a, 0x09, 0x6a,
    0x09, 0x6a, 0x09, 0x6a, 0x09, 0x6a, 0x09, 0x6a, 0x09, 0x6b, 0x09, 0x6b, 0x11, 0x8b, 0x11, 0x8b,
    0x11, 0x8b, 0x11, 0xab, 0x11, 0xac, 0x11, 0xac, 0x11, 0xac, 0x09, 0xcc, 0x09, 0xcc, 0x09, 0xcc,
    0x09, 0xcc, 0x09, 0xcc, 0x09, 0xcc, 0x09, 0xcc, 0x11, 0xac, 0x09, 0xab, 0x09, 0xab, 0x09, 0xab,
    0x09, 0x8b, 0x09, 0x8b, 0x09, 0x8b, 0x01, 0x8a, 0x01, 0x6a, 0x01, 0x6a, 0x09, 0x6a, 0x09, 0x4a,
    0x09, 0x4a, 0x09, 0x49, 0x09, 0x29, 0x09, 0x29, 0x09, 0x29, 0x09, 0x29, 0x09, 0x08, 0x09, 0x08,
    0x09, 0x08, 0x09, 0x08, 0x09, 0x08, 0x09, 0x08, 0x08, 0xe8, 0x08, 0xe8, 0x08, 0xe7, 0x08, 0xe7,
    0x08, 0xc7, 0x08, 0xc7, 0x08, 0xc7, 0x08, 0xc7, 0x08, 0xc7, 0x08, 0xc7, 0x08, 0xc7, 0x08, 0xc7,
    0x08, 0xc7, 0x08, 0xc7, 0x08, 0xa7, 0x08, 0xa7, 0x08, 0xa7, 0x08, 0xa7, 0x08, 0xc7, 0x08, 0xc7,
    0x08, 0xc7, 0x08, 0xc7, 0x08, 0xc7, 0x08, 0xc7, 0x08, 0xc7, 0x08, 0xc7, 0x08, 0xc7, 0x08, 0xc7,
    0x08, 0xc7, 0x08, 0xc7, 0x08, 0xc7, 0x08, 0xc7, 0x08, 0xc7, 0x08, 0xc7, 0x00, 0xa7, 0x08, 0xe7,
    0x00, 0xa7, 0x08, 0xa7, 0x00, 0xa7, 0x08, 0xa7, 0x29, 0xcc, 0x3a, 0x2e, 0x00, 0x87, 0x08, 0xc8,
    0x10, 0xe9, 0x00, 0x86, 0x08, 0xc7, 0x08, 0xa7, 0x00, 0xa6, 0x08, 0xc7, 0x08, 0xc7, 0x08, 0xc6,
    0x08, 0xc6, 0x08, 0xc7, 0x08, 0xc7, 0x08, 0xc7, 0x08, 0xc7, 0x00, 0xc7, 0x00, 0xc8, 0x01, 0x09,
    0x09, 0x4b, 0x09, 0x8c, 0x09, 0xad, 0x09, 0xae, 0x01, 0xae, 0x01, 0xcf, 0x01, 0xce, 0x01, 0xce,
    0x01, 0xce, 0x01, 0xce, 0x01, 0xce, 0x01, 0xce, 0x01, 0xce, 0x01, 0xce, 0x01, 0xce, 0x01, 0xce,
    0x01, 0xce, 0x01, 0xce, 0x01, 0xce, 0x01, 0xce, 0x01, 0xce, 0x01, 0xce, 0x01, 0xce, 0x01, 0xce,
    0x01, 0xce, 0x01, 0xce, 0x01, 0xce, 0x01, 0xce, 0x01, 0xce, 0x01, 0xce, 0x01, 0xce, 0x01, 0xae,
    0x01, 0xce, 0x01, 0xce, 0x01, 0xce, 0x01, 0xae, 0x01, 0xae, 0x09, 0xce, 0x09, 0xad, 0x09, 0x8c,
    0x01, 0x4b, 0x01, 0x09, 0x00, 0xe9, 0x01, 0x09, 0x09, 0x08, 0x09, 0x08, 0x09, 0x08, 0x08, 0xe8,
    0x08, 0xe8, 0x09, 0x08, 0x08, 0xe8, 0x09, 0x08, 0x09, 0x08, 0x09, 0x08, 0x08, 0xe8, 0x08, 0xe8,
    0x08, 0xe8, 0x08, 0xe8, 0x09, 0x08, 0x08, 0xe8, 0x08, 0xe7, 0x08, 0xe7, 0x08, 0xe7, 0x09, 0x08,
    0x08, 0xe8, 0x08, 0xc7, 0x08, 0xc8, 0x08, 0xe8, 0x00, 0xc8, 0x00, 0x87, 0x21, 0xac, 0x3a, 0x6f,
    0x08, 0xa9, 0x00, 0xa8, 0x08, 0xe8, 0x00, 0x86, 0x10, 0xe8, 0x08, 0xc7, 0x08, 0xc7, 0x08, 0xc6,
    0x08, 0xa6, 0x08, 0xa6, 0x08, 0xa6, 0x08, 0xa6, 0x08, 0xa6, 0x08, 0xa6, 0x08, 0xa6, 0x08, 0xa6,
    0x08, 0xa6, 0x08, 0xa6, 0x08, 0x86, 0x08, 0x86, 0x08, 0x86, 0x08, 0x86, 0x08, 0xa6, 0x08, 0xa6,
    0x08, 0xa6, 0x08, 0xa6, 0x08, 0xa6, 0x08, 0xa6, 0x08, 0xa6, 0x08, 0xa6, 0x08, 0x86, 0x08, 0x86,
    0x08, 0x86, 0x08, 0x86, 0x08, 0x86, 0x08, 0x86, 0x08, 0x86, 0x08, 0x86, 0x08, 0x86, 0x08, 0x86,
    0x08, 0x86, 0x08, 0x86, 0x08, 0x86, 0x08, 0x86, 0x08, 0x86, 0x08, 0x86, 0x08, 0xa6, 0x08, 0xa6,
    0x21, 0x69, 0x31, 0xab, 0x10, 0xc7, 0x00, 0x45, 0x08, 0x86, 0x10, 0xa7, 0x00, 0x66, 0x18, 0xe8,
    0x08, 0x66, 0x00, 0x25, 0x31, 0xcc, 0x21, 0x29, 0x08, 0x66, 0x08, 0x86, 0x08, 0x85, 0x21, 0x27,
    0x08, 0x86, 0x08, 0x86, 0x08, 0x86, 0x08, 0x86, 0x08, 0x86, 0x08, 0x86, 0x08, 0x86, 0x08, 0x86,
    0x08, 0x86, 0x08, 0x86, 0x08, 0x86, 0x08, 0x86, 0x08, 0x86, 0x08, 0x86, 0x08, 0x86, 0x08, 0x86,
    0x08, 0x86, 0x08, 0x86, 0x08, 0x86, 0x08, 0x86, 0x08, 0x86, 0x08, 0x86, 0x08, 0x86, 0x08, 0x86,
    0x08, 0x86, 0x08, 0x86, 0x08, 0x86, 0x08, 0x86, 0x08, 0x86, 0x08, 0x86, 0x08, 0xa6, 0x08, 0xa6,
    0x08, 0xa6, 0x08, 0xa6, 0x08, 0xa6, 0x08, 0xa6, 0x08, 0xa6, 0x08, 0xa6, 0x08, 0x86, 0x08, 0x86,
    0x08, 0x86, 0x08, 0xa6, 0x08, 0xa6, 0x08, 0xa6, 0x08, 0xa6, 0x08, 0xa6, 0x08, 0x86, 0x08, 0x86,
    0x08, 0x86, 0x08, 0xa6, 0x08, 0xa6, 0x08, 0xa6, 0x08, 0xa6, 0x08, 0xa6, 0x08, 0xa7, 0x08, 0xa7,
    0x08, 0xa7, 0x08, 0xc7, 0x08, 0xc7, 0x08, 0xc7, 0x08, 0xc7, 0x08, 0xc7, 0x08, 0xc7, 0x08, 0xc7,
    0x08, 0xc7, 0x08, 0xc7, 0x08, 0xe7, 0x08, 0xe7, 0x08, 0xe8, 0x08, 0xe8, 0x09, 0x08, 0x09, 0x08,
    0x09, 0x08, 0x09, 0x08, 0x09, 0x29, 0x09, 0x29, 0x09, 0x49, 0x09, 0x49, 0x09, 0x6a, 0x09, 0x6a,
    0x09, 0x6a, 0x09, 0x6a, 0x09, 0x6a, 0x09, 0x6a, 0x09, 0x6b, 0x09, 0x8b, 0x11, 0x8b, 0x11, 0xab,
    0x11, 0xac, 0x11, 0xac, 0x11, 0xcc, 0x11, 0xcc, 0x09, 0xcc, 0x09, 0xec, 0x09, 0xcc, 0x09, 0xcc,
    0x09, 0xcc, 0x09, 0xcc, 0x11, 0xcc, 0x09, 0xcc, 0x11, 0xac, 0x11, 0xac, 0x11, 0xac, 0x09, 0xab,
    0x09, 0x8b, 0x09, 0x8b, 0x09, 0x8b, 0x09, 0x8b, 0x01, 0x8b, 0x01, 0x6a, 0x09, 0x6a, 0x09, 0x4a,
    0x09, 0x4a, 0x09, 0x4a, 0x09, 0x49, 0x09, 0x29, 0x09, 0x29, 0x09, 0x29, 0x09, 0x08, 0x09, 0x08,
    0x09, 0x08, 0x09, 0x08, 0x09, 0x08, 0x09, 0x08, 0x08, 0xe8, 0x08, 0xe8, 0x08, 0xe7, 0x08, 0xe7,
    0x08, 0xc7, 0x08, 0xc7, 0x08, 0xc7, 0x08, 0xc7, 0x08, 0xc7, 0x08, 0xc7, 0x08, 0xc7, 0x08, 0xc7,
    0x08, 0xc7, 0x08, 0xc7, 0x08, 0xa7, 0x08, 0xa7, 0x08, 0xa7, 0x08, 0xa7, 0x08, 0xc7, 0x08, 0xc7,
    0x08, 0xc7, 0x08, 0xc7, 0x08, 0xc7, 0x08, 0xc7, 0x08, 0xc7, 0x08, 0xc7, 0x08, 0xc7, 0x08, 0xc7,
    0x08, 0xc7, 0x08, 0xc7, 0x08, 0xc7, 0x08, 0xc7, 0x08, 0xc7, 0x08, 0xc7, 0x08, 0xc8, 0x00, 0x66,
    0x10, 0xe8, 0x00, 0xa7, 0x08, 0xc8, 0x08, 0xe8, 0x42, 0x6f, 0x19, 0x2a, 0x00, 0x87, 0x08, 0xa8,
    0x00, 0x86, 0x08, 0xe8, 0x08, 0xc7, 0x00, 0xa7, 0x11, 0x08, 0x00, 0x65, 0x08, 0xc6, 0x08, 0xa6,
    0x08, 0xc6, 0x08, 0xc7, 0x08, 0xc7, 0x08, 0xc7, 0x00, 0xc7, 0x00, 0xc8, 0x00, 0xa8, 0x09, 0x2a,
    0x11, 0x8c, 0x09, 0xad, 0x09, 0xad, 0x01, 0xae, 0x01, 0xcf, 0x01, 0xcf, 0x01, 0xce, 0x01, 0xce,
    0x01, 0xce, 0x01, 0xce, 0x01, 0xce, 0x01, 0xce, 0x01, 0xce, 0x01, 0xce, 0x01, 0xce, 0x01, 0xce,
    0x01, 0xce, 0x01, 0xce, 0x01, 0xce, 0x01, 0xce, 0x01, 0xce, 0x01, 0xce, 0x01, 0xce, 0x01, 0xce,
    0x01, 0xce, 0x01, 0xce, 0x01, 0xce, 0x01, 0xce, 0x01, 0xce, 0x01, 0xce, 0x01, 0xad, 0x01, 0xad,
    0x01, 0xae, 0x01, 0xce, 0x01, 0xce, 0x01, 0xae, 0x01, 0xce, 0x09, 0xce, 0x09, 0xad, 0x09, 0xad,
    0x09, 0x8c, 0x01, 0x0a, 0x00, 0xc8, 0x00, 0xe8, 0x09, 0x09, 0x11, 0x09, 0x08, 0xe8, 0x08, 0xe8,
    0x08, 0xe8, 0x08, 0xe8, 0x08, 0xe8, 0x08, 0xe8, 0x08, 0xe8, 0x08, 0xe8, 0x08, 0xe8, 0x08, 0xe8,
    0x08, 0xe8, 0x08, 0xe8, 0x08, 0xe7, 0x08, 0xe7, 0x08, 0xe7, 0x08, 0xe7, 0x08, 0xe8, 0x09, 0x08,
    0x08, 0xe8, 0x08, 0xc7, 0x00, 0xc7, 0x08, 0xc8, 0x00, 0xc8, 0x00, 0x87, 0x53, 0x12, 0x19, 0x6b,
    0x08, 0xa8, 0x08, 0xc8, 0x10, 0xe9, 0x00, 0x46, 0x08, 0xc8, 0x00, 0x86, 0x08, 0xc7, 0x08, 0xc6,
    0x08, 0xa6, 0x08, 0xa6, 0x08, 0xa6, 0x08, 0xa6, 0x08, 0xa6, 0x08, 0xa6, 0x08, 0xa6, 0x08, 0xa6,
    0x08, 0xa6, 0x08, 0xa6, 0x08, 0x86, 0x08, 0x86, 0x08, 0x86, 0x08, 0x86, 0x08, 0xa6, 0x08, 0xa6,
    0x08, 0xa6, 0x08, 0xa6, 0x08, 0xa6, 0x08, 0xa6, 0x08, 0xa6, 0x08, 0xa6, 0x08, 0x86, 0x08, 0x86,
    0x08, 0x86, 0x08, 0x86, 0x08, 0x86, 0x08, 0x86, 0x08, 0x86, 0x08, 0x86, 0x08, 0x86, 0x08, 0x86,
    0x08, 0x86, 0x08, 0x86, 0x08, 0x86, 0x08, 0x86, 0x08, 0x86, 0x08, 0x86, 0x08, 0xa6, 0x00, 0x45,
    0x19, 0x08, 0x29, 0xaa, 0x19, 0x08, 0x08, 0x66, 0x08, 0x86, 0x08, 0x66, 0x08, 0x86, 0x08, 0x66,
    0x08, 0x66, 0x00, 0x46, 0x08, 0x87, 0x3a, 0x0d, 0x19, 0x09, 0x00, 0x66, 0x08, 0x65, 0x19, 0x27,
    0x08, 0x86, 0x08, 0x86, 0x08, 0x86, 0x08, 0x86, 0x08, 0x86, 0x08, 0x86, 0x08, 0x86, 0x08, 0x86,
    0x08, 0x86, 0x08, 0x86, 0x08, 0x86, 0x08, 0x86, 0x08, 0x86, 0x08, 0x86, 0x08, 0x86, 0x08, 0x86,
    0x08, 0x86, 0x08, 0x86, 0x08, 0x86, 0x08, 0x86, 0x08, 0x86, 0x08, 0x86, 0x08, 0x86, 0x08, 0x86,
    0x08, 0x86, 0x08, 0x86, 0x08, 0x86, 0x08, 0x86, 0x08, 0x86, 0x08, 0x86, 0x08, 0x86, 0x08, 0x86,
    0x08, 0x86, 0x08, 0x86, 0x08, 0x86, 0x08, 0x86, 0x08, 0x86, 0x08, 0x86, 0x08, 0xa6, 0x08, 0xa6,
    0x08, 0xa6, 0x08, 0xa6, 0x08, 0xa6, 0x08, 0xa6, 0x08, 0xa6, 0x08, 0xa6, 0x08, 0xa6, 0x08, 0xa6,
    0x08, 0xa6, 0x08, 0xa6, 0x08, 0xa6, 0x08, 0xa6, 0x08, 0xa6, 0x08, 0xc7, 0x08, 0xa7, 0x08, 0xa7,
    0x08, 0xa7, 0x08, 0xa7, 0x08, 0xa7, 0x08, 0xc7, 0x08, 0xc7, 0x08, 0xc7, 0x08, 0xc7, 0x08, 0xc7,
    0x08, 0xc7, 0x08, 0xc7, 0x08, 0xe8, 0x08, 0xe8, 0x08, 0xe8, 0x08, 0xe8, 0x09, 0x08, 0x09, 0x08,
    0x09, 0x29, 0x09, 0x29, 0x09, 0x29, 0x09, 0x29, 0x09, 0x49, 0x09, 0x49, 0x09, 0x4a, 0x09, 0x6a,
    0x09, 0x6a, 0x09, 0x6a, 0x09, 0x8b, 0x11, 0x8b, 0x11, 0x8b, 0x11, 0xab, 0x11, 0xac, 0x11, 0xcc,
    0x01, 0x4a, 0x1a, 0x4e, 0x12, 0x0d, 0x01, 0x8c, 0x09, 0xcc, 0x12, 0x4e, 0x09, 0xed, 0x11, 0xed,
    0x12, 0x0d, 0x09, 0xac, 0x22, 0x4e, 0x1a, 0x2e, 0x01, 0x2a, 0x11, 0xcc, 0x11, 0xcc, 0x19, 0xed,
    0x11, 0xcc, 0x09, 0xac, 0x09, 0x8b, 0x09, 0xab, 0x09, 0x8b, 0x01, 0x6a, 0x09, 0x8a, 0x09, 0x6a,
    0x09, 0x6a, 0x09, 0x6a, 0x09, 0x6a, 0x09, 0x4a, 0x09, 0x49, 0x09, 0x29, 0x09, 0x29, 0x09, 0x09,
    0x09, 0x08, 0x09, 0x08, 0x08, 0xe8, 0x08, 0xe8, 0x08, 0xe8, 0x08, 0xe8, 0x08, 0xe7, 0x08, 0xe7,
    0x08, 0xe7, 0x08, 0xe7, 0x08, 0xc7, 0x08, 0xc7, 0x08, 0xc7, 0x08, 0xc7, 0x08, 0xc7, 0x08, 0xc7,
    0x08, 0xc7, 0x08, 0xc7, 0x08, 0xc7, 0x08, 0xc7, 0x08, 0xc7, 0x08, 0xc7, 0x08, 0xc7, 0x08, 0xc7,
    0x08, 0xc7, 0x08, 0xc7, 0x08, 0xc7, 0x08, 0xc7, 0x08, 0xc7, 0x08, 0xc7, 0x08, 0xc7, 0x08, 0xc7,
    0x08, 0xc7, 0x08, 0xc7, 0x08, 0xc7, 0x08, 0xc7, 0x08, 0xc7, 0x08, 0xa7, 0x08, 0xa7, 0x08, 0xa7,
    0x08, 0xc7, 0x10, 0xe9, 0x00, 0x26, 0x42, 0x6e, 0x32, 0x0d, 0x00, 0x46, 0x08, 0xc8, 0x08, 0xc8,
    0x08, 0xc8, 0x08, 0xc7, 0x08, 0xc7, 0x08, 0xc7, 0x08, 0xc7, 0x08, 0xc7, 0x08, 0xa6, 0x08, 0xa6,
    0x08, 0xc6, 0x08, 0xa6, 0x08, 0xa7, 0x08, 0xc7, 0x00, 0xa7, 0x00, 0xa7, 0x00, 0xe9, 0x09, 0x4b,
    0x11, 0xad, 0x11, 0xce, 0x01, 0x8d, 0x01, 0x8d, 0x01, 0xae, 0x01, 0xef, 0x01, 0xce, 0x01, 0xce,
    0x01, 0xce, 0x01, 0xce, 0x01, 0xce, 0x01, 0xce, 0x01, 0xce, 0x01, 0xce, 0x01, 0xce, 0x01, 0xce,
    0x01, 0xce, 0x01, 0xce, 0x01, 0xce, 0x01, 0xce, 0x01, 0xce, 0x01, 0xce, 0x01, 0xce, 0x01, 0xce,
    0x01, 0xce, 0x01, 0xce, 0x01, 0xce, 0x01, 0xce, 0x01, 0xce, 0x01, 0xce, 0x01, 0xce, 0x01, 0xce,
    0x01, 0xce, 0x01, 0xce, 0x01, 0xce, 0x01, 0xce, 0x01, 0xce, 0x01, 0xce, 0x09, 0xcd, 0x11, 0xad,
    0x09, 0x8c, 0x01, 0x4b, 0x00, 0xe9, 0x00, 0xc8, 0x00, 0xe8, 0x08, 0xe8, 0x08, 0xe8, 0x08, 0xe7,
    0x08, 0xe8, 0x08, 0xe8, 0x08, 0xe8, 0x08, 0xe8, 0x08, 0xe8, 0x08, 0xe8, 0x08, 0xe8, 0x08, 0xe8,
    0x08, 0xe8, 0x08, 0xe8, 0x08, 0xe7, 0x08, 0xe7, 0x08, 0xe7, 0x08, 0xe7, 0x11, 0x08, 0x08, 0xc7,
    0x00, 0xa7, 0x11, 0x08, 0x08, 0xc8, 0x08, 0xc8, 0x00, 0x67, 0x3a, 0x4e, 0x32, 0x0e, 0x08, 0xc9,
    0x08, 0xa8, 0x08, 0xa8, 0x00, 0xa7, 0x08, 0xc7, 0x00, 0x86, 0x08, 0xc7, 0x08, 0xa6, 0x08, 0xa6,
    0x08, 0xa6, 0x08, 0xa6, 0x08, 0xa6, 0x08, 0xa6, 0x08, 0xa6, 0x08, 0xa6, 0x08, 0x86, 0x08, 0x86,
    0x08, 0x86, 0x08, 0x86, 0x08, 0x86, 0x08, 0x86, 0x08, 0x86, 0x08, 0x86, 0x08, 0x86, 0x08, 0x86,
    0x08, 0x86, 0x08, 0x86, 0x08, 0x86, 0x08, 0x86, 0x08, 0x86, 0x08, 0x86, 0x08, 0x86, 0x08, 0x86,
    0x08, 0x86, 0x08, 0x86, 0x08, 0x86, 0x08, 0x86, 0x08, 0x86, 0x08, 0x86, 0x08, 0x86, 0x08, 0x86,
    0x08, 0x86, 0x08, 0x86, 0x08, 0x86, 0x08, 0x86, 0x08, 0x86, 0x08, 0x86, 0x08, 0x86, 0x08, 0x86,
    0x00, 0x66, 0x10, 0xa7, 0x3a, 0x2d, 0x00, 0x66, 0x00, 0x66, 0x08, 0xa7, 0x08, 0x66, 0x10, 0xa7,
    0x08, 0x66, 0x00, 0x66, 0x08, 0x66, 0x29, 0x6a, 0x31, 0xec, 0x00, 0x25, 0x00, 0x44, 0x21, 0x48,
    0x08, 0x86, 0x08, 0x86, 0x08, 0x86, 0x08, 0x86, 0x08, 0x86, 0x08, 0x86, 0x08, 0x86, 0x08, 0x86,
    0x08, 0x86, 0x08, 0x86, 0x08, 0x86, 0x08, 0x86, 0x08, 0x86, 0x08, 0x86, 0x08, 0x86, 0x08, 0x86,
    0x08, 0x86, 0x08, 0x86, 0x08, 0x86, 0x08, 0x86, 0x08, 0x86, 0x08, 0x86, 0x08, 0x86, 0x08, 0x86,
    0x08, 0x86, 0x08, 0x86, 0x08, 0x86, 0x08, 0x86, 0x08, 0x86, 0x08, 0x86, 0x08, 0x86, 0x08, 0x86,
    0x08, 0x86, 0x08, 0x86, 0x08, 0x86, 0x08, 0x86, 0x08, 0x86, 0x08, 0x86, 0x08, 0xa6, 0x08, 0xa6,
    0x08, 0xa6, 0x08, 0xa6, 0x08, 0xa6, 0x08, 0xa6, 0x08, 0xa6, 0x08, 0xa6, 0x08, 0xa6, 0x08, 0xa6,
    0x08, 0xa6, 0x08, 0xa6, 0x08, 0xa6, 0x08, 0xa6, 0x08, 0xa6, 0x08, 0xc7, 0x08, 0xa7, 0x08, 0xa7,
    0x08, 0xa7, 0x08, 0xa7, 0x08, 0xa7, 0x08, 0xc7, 0x08, 0xc7, 0x08, 0xc7, 0x08, 0xc7, 0x08, 0xc7,
    0x08, 0xc7, 0x08, 0xe7, 0x08, 0xe8, 0x08, 0xe8, 0x08, 0xe8, 0x08, 0xe8, 0x09, 0x08, 0x09, 0x08,
    0x09, 0x29, 0x09, 0x29, 0x09, 0x29, 0x09, 0x29, 0x09, 0x49, 0x09, 0x49, 0x09, 0x6a, 0x01, 0x6a,
    0x09, 0x6a, 0x09, 0x8a, 0x09, 0x8b, 0x11, 0x8b, 0x11, 0xab, 0x11, 0xac, 0x11, 0xcc, 0x11, 0xcc,
    0x1a, 0x4e, 0x01, 0x8b, 0x01, 0xac, 0x09, 0xed, 0x1a, 0x6f, 0x0a, 0x0d, 0x01, 0xac, 0x01, 0xcc,
    0x09, 0xed, 0x22, 0x6f, 0x09, 0xcc, 0x01, 0x8b, 0x2a, 0x8f, 0x09, 0x8b, 0x11, 0xcc, 0x11, 0xcc,
    0x11, 0xcc, 0x11, 0xac, 0x09, 0xac, 0x09, 0xac, 0x09, 0x8b, 0x01, 0x6a, 0x09, 0x6a, 0x09, 0x6a,
    0x09, 0x4a, 0x09, 0x4a, 0x09, 0x4a, 0x09, 0x49, 0x09, 0x49, 0x09, 0x29, 0x09, 0x29, 0x09, 0x29,
    0x09, 0x08, 0x09, 0x08, 0x09, 0x08, 0x09, 0x08, 0x08, 0xe8, 0x08, 0xe8, 0x08, 0xe8, 0x08, 0xe7,
    0x08, 0xe7, 0x08, 0xe7, 0x08, 0xc7, 0x08, 0xc7, 0x08, 0xc7, 0x08, 0xc7, 0x08, 0xc7, 0x08, 0xc7,
    0x08, 0xc7, 0x08, 0xc7, 0x08, 0xc7, 0x08, 0xa7, 0x08, 0xa7, 0x08, 0xa7, 0x08, 0xc7, 0x08, 0xc7,
    0x08, 0xc7, 0x08, 0xc7, 0x08, 0xc7, 0x08, 0xc7, 0x08, 0xc7, 0x08, 0xc7, 0x08, 0xc7, 0x08, 0xc7,
    0x08, 0xc7, 0x08, 0xc7, 0x08, 0xc7, 0x08, 0xc7, 0x08, 0xc7, 0x08, 0xa7, 0x08, 0xe8, 0x00, 0x67,
    0x11, 0x09, 0x00, 0x46, 0x19, 0x6a, 0x3a, 0x4e, 0x11, 0x09, 0x00, 0x87, 0x08, 0xc8, 0x08, 0xc8,
    0x08, 0xc7, 0x08, 0xc7, 0x08, 0xc7, 0x08, 0xc7, 0x08, 0xc7, 0x08, 0xc7, 0x08, 0xc7, 0x08, 0xa6,
    0x08, 0xa6, 0x08, 0xa7, 0x08, 0xc7, 0x00, 0xc8, 0x00, 0xc8, 0x00, 0xa8, 0x09, 0x4b, 0x09, 0x8c,
    0x09, 0xad, 0x09, 0xce, 0x09, 0xae, 0x01, 0xae, 0x01, 0xaf, 0x01, 0xcf, 0x01, 0xce, 0x01, 0xce,
    0x01, 0xce, 0x01, 0xce, 0x01, 0xce, 0x01, 0xce, 0x01, 0xce, 0x01, 0xce, 0x01, 0xce, 0x01, 0xce,
    0x01, 0xce, 0x01, 0xce, 0x01, 0xce, 0x01, 0xce, 0x01, 0xce, 0x01, 0xce, 0x01, 0xce, 0x01, 0xce,
    0x01, 0xce, 0x01, 0xce, 0x01, 0xce, 0x01, 0xce, 0x01, 0xce, 0x01, 0xce, 0x01, 0xce, 0x01, 0xce,
    0x01, 0xce, 0x01, 0xce, 0x01, 0xce, 0x01, 0xce, 0x01, 0xce, 0x01, 0xce, 0x09, 0xce, 0x09, 0xad,
    0x09, 0xad, 0x09, 0x6c, 0x01, 0x0a, 0x00, 0xe9, 0x00, 0xe8, 0x09, 0x08, 0x08, 0xe8, 0x08, 0xe7,
    0x08, 0xe8, 0x08, 0xe8, 0x08, 0xe8, 0x08, 0xe8, 0x08, 0xe8, 0x08, 0xe8, 0x08, 0xe8, 0x08, 0xe8,
    0x08, 0xe8, 0x08, 0xe7, 0x08, 0xe7, 0x08, 0xe7, 0x08, 0xe7, 0x08, 0xe7, 0x00, 0xa7, 0x11, 0x08,
    0x08, 0xc7, 0x08, 0xa7, 0x11, 0x09, 0x00, 0xa7, 0x19, 0x4a, 0x42, 0xb0, 0x19, 0x4b, 0x00, 0x67,
    0x00, 0x88, 0x08, 0xa8, 0x08, 0xa7, 0x08, 0xe8, 0x00, 0x86, 0x08, 0xc7, 0x08, 0xa6, 0x08, 0xa6,
    0x08, 0xa6, 0x08, 0xa6, 0x08, 0xa6, 0x08, 0xa6, 0x08, 0xa6, 0x08, 0xa6, 0x08, 0x86, 0x08, 0x86,
    0x08, 0x86, 0x08, 0x86, 0x08, 0x86, 0x08, 0x86, 0x08, 0x86, 0x08, 0x86, 0x08, 0x86, 0x08, 0x86,
    0x08, 0x86, 0x08, 0x86, 0x08, 0x86, 0x08, 0x86, 0x08, 0x86, 0x08, 0x86, 0x08, 0x86, 0x08, 0x86,
    0x08, 0x86, 0x08, 0x86, 0x08, 0x86, 0x08, 0x86, 0x08, 0x86, 0x08, 0x86, 0x08, 0x86, 0x08, 0x86,
    0x08, 0x86, 0x08, 0x86, 0x08, 0x86, 0x08, 0x86, 0x08, 0x86, 0x08, 0x86, 0x00, 0x65, 0x19, 0x08,
    0x00, 0x66, 0x00, 0x45, 0x31, 0xec, 0x29, 0x6a, 0x00, 0x04, 0x08, 0x86, 0x00, 0x66, 0x08, 0x86,
    0x08, 0x66, 0x08, 0x86, 0x00, 0x46, 0x10, 0xa7, 0x29, 0x8b, 0x21, 0x49, 0x00, 0x44, 0x10, 0xe7,
    0x08, 0x86, 0x08, 0x86, 0x08, 0x86, 0x08, 0x86, 0x08, 0x86, 0x08, 0x86, 0x08, 0x86, 0x08, 0x86,
    0x08, 0x86, 0x08, 0x86, 0x08, 0x86, 0x08, 0x86, 0x08, 0x86, 0x08, 0x86, 0x08, 0x86, 0x08, 0x86,
    0x08, 0x86, 0x08, 0x86, 0x08, 0x86, 0x08, 0x86, 0x08, 0x86, 0x08, 0x86, 0x08, 0x86, 0x08, 0x86,
    0x08, 0x86, 0x08, 0x86, 0x08, 0x86, 0x08, 0x86, 0x08, 0x86, 0x08, 0x86, 0x08, 0x86, 0x08, 0x86,
    0x08, 0x86, 0x08, 0x86, 0x08, 0x86, 0x08, 0x86, 0x08, 0x86, 0x08, 0x86, 0x08, 0xa6, 0x08, 0xa6,
    0x08, 0xa6, 0x08, 0xa6, 0x08, 0xa6, 0x08, 0xa6, 0x08, 0xa6, 0x08, 0xa6, 0x08, 0xa6, 0x08, 0xa6,
    0x08, 0xa6, 0x08, 0xa6, 0x08, 0xa6, 0x08, 0xa6, 0x08, 0xa6, 0x08, 0xc7, 0x08, 0xa7, 0x08, 0xa7,
    0x08, 0xa7, 0x08, 0xa7, 0x08, 0xa7, 0x08, 0xc7, 0x08, 0xc7, 0x08, 0xc7, 0x08, 0xc7, 0x08, 0xc7,
    0x08, 0xe8, 0x08, 0xe8, 0x08, 0xe8, 0x08, 0xe8, 0x08, 0xe8, 0x08, 0xe8, 0x09, 0x08, 0x09, 0x08,
    0x09, 0x29, 0x09, 0x29, 0x09, 0x29, 0x09, 0x29, 0x09, 0x49, 0x09, 0x49, 0x09, 0x6a, 0x01, 0x6a,
    0x09, 0x8a, 0x09, 0x8b, 0x09, 0x8b, 0x09, 0xab, 0x11, 0xac, 0x11, 0xac, 0x11, 0xed, 0x01, 0x6b,
    0x01, 0xac, 0x12, 0x4e, 0x12, 0x4e, 0x12, 0x8f, 0x01, 0xac, 0x1a, 0xd0, 0x33, 0x93, 0x2b, 0x52,
    0x1a, 0xaf, 0x01, 0xac, 0x01, 0x6b, 0x2a, 0xf1, 0x09, 0xac, 0x09, 0x8c, 0x11, 0xcd, 0x11, 0xac,
    0x11, 0xac, 0x11, 0xcc, 0x11, 0xcc, 0x11, 0xac, 0x09, 0x8b, 0x09, 0x8b, 0x09, 0x6a, 0x09, 0x6a,
    0x09, 0x6a, 0x01, 0x49, 0x09, 0x4a, 0x09, 0x49, 0x09, 0x29, 0x09, 0x29, 0x09, 0x29, 0x09, 0x29,
    0x09, 0x09, 0x09, 0x09, 0x09, 0x08, 0x09, 0x08, 0x08, 0xe8, 0x08, 0xe8, 0x08, 0xe8, 0x08, 0xe8,
    0x08, 0xe8, 0x08, 0xe8, 0x08, 0xe8, 0x08, 0xc7, 0x08, 0xc7, 0x08, 0xc7, 0x08, 0xc7, 0x08, 0xc7,
    0x08, 0xc7, 0x08, 0xc7, 0x08, 0xc7, 0x08, 0xc7, 0x08, 0xa7, 0x08, 0xa7, 0x08, 0xa7, 0x08, 0xa7,
    0x08, 0xa7, 0x08, 0xa7, 0x08, 0xa7, 0x08, 0xa7, 0x08, 0xa7, 0x08, 0xa7, 0x08, 0xa7, 0x08, 0xa7,
    0x08, 0xa7, 0x08, 0xa7, 0x08, 0xa7, 0x08, 0xa7, 0x08, 0xa7, 0x08, 0xa7, 0x08, 0xe9, 0x00, 0x87,
    0x08, 0xe9, 0x00, 0x46, 0x42, 0x8f, 0x29, 0xac, 0x00, 0x66, 0x08, 0xa8, 0x08, 0xc8, 0x08, 0xc8,
    0x08, 0xc7, 0x08, 0xc7, 0x08, 0xc7, 0x08, 0xc7, 0x08, 0xc7, 0x08, 0xc7, 0x10, 0xe7, 0x08, 0xa6,
    0x00, 0x86, 0x08, 0xa7, 0x00, 0xc7, 0x00, 0xc8, 0x00, 0xc8, 0x00, 0xe9, 0x11, 0xac, 0x09, 0xad,
    0x09, 0xad, 0x09, 0xae, 0x09, 0xce, 0x09, 0xce, 0x01, 0xaf, 0x01, 0xae, 0x01, 0xce, 0x01, 0xce,
    0x01, 0xce, 0x01, 0xce, 0x01, 0xce, 0x01, 0xce, 0x01, 0xce, 0x01, 0xce, 0x01, 0xce, 0x01, 0xce,
    0x01, 0xce, 0x01, 0xce, 0x01, 0xce, 0x01, 0xce, 0x01, 0xce, 0x01, 0xce, 0x01, 0xce, 0x01, 0xce,
    0x01, 0xce, 0x01, 0xce, 0x01, 0xce, 0x01, 0xce, 0x01, 0xce, 0x01, 0xce, 0x01, 0xce, 0x01, 0xce,
    0x01, 0xce, 0x01, 0xce, 0x01, 0xce, 0x01, 0xce, 0x01, 0xce, 0x01, 0xce, 0x09, 0xce, 0x09, 0xad,
    0x09, 0xad, 0x11, 0x8d, 0x09, 0x4b, 0x01, 0x09, 0x00, 0xe8, 0x08, 0xe8, 0x08, 0xc8, 0x08, 0xe7,
    0x08, 0xe7, 0x08, 0xe7, 0x08, 0xe7, 0x08, 0xe7, 0x08, 0xe8, 0x08, 0xe8, 0x08, 0xe7, 0x08, 0xe7,
    0x08, 0xe7, 0x08, 0xe7, 0x08, 0xe7, 0x08, 0xe7, 0x08, 0xe7, 0x08, 0xe7, 0x00, 0xa7, 0x08, 0xe7,
    0x08, 0xe8, 0x08, 0xa7, 0x08, 0xa8, 0x00, 0xa8, 0x3a, 0x6f, 0x3a, 0x2e, 0x08, 0xc8, 0x00, 0x47,
    0x08, 0x88, 0x08, 0xc8, 0x08, 0xc8, 0x10, 0xe8, 0x08, 0xa7, 0x08, 0xa6, 0x08, 0xa6, 0x08, 0xa6,
    0x08, 0xa6, 0x08, 0xa6, 0x08, 0xa6, 0x08, 0xa6, 0x08, 0xa6, 0x08, 0xa6, 0x08, 0x86, 0x08, 0x86,
    0x08, 0x86, 0x08, 0x86, 0x08, 0x86, 0x08, 0x86, 0x08, 0x86, 0x08, 0x86, 0x08, 0x86, 0x08, 0x86,
    0x08, 0x86, 0x08, 0x86, 0x08, 0x86, 0x08, 0x86, 0x08, 0x86, 0x08, 0x86, 0x08, 0x86, 0x08, 0x86,
    0x08, 0x86, 0x08, 0x86, 0x08, 0x86, 0x08, 0x86, 0x08, 0x86, 0x08, 0x86, 0x08, 0x86, 0x08, 0x86,
    0x08, 0x86, 0x08, 0x86, 0x08, 0x86, 0x08, 0x86, 0x08, 0x86, 0x08, 0x86, 0x08, 0x66, 0x10, 0xe8,
    0x08, 0x66, 0x00, 0x66, 0x19, 0x08, 0x42, 0x4d, 0x08, 0x86, 0x00, 0x45, 0x08, 0x86, 0x08, 0x66,
    0x00, 0x66, 0x08, 0xa7, 0x00, 0x45, 0x00, 0x04, 0x19, 0x29, 0x3a, 0x2d, 0x08, 0xa7, 0x08, 0xa7,
    0x08, 0x86, 0x08, 0x86, 0x08, 0x86, 0x08, 0x86, 0x08, 0x86, 0x08, 0x86, 0x08, 0x86, 0x08, 0x86,
    0x08, 0x86, 0x08, 0x86, 0x08, 0x86, 0x08, 0x86, 0x08, 0x86, 0x08, 0x86, 0x08, 0x86, 0x08, 0x86,
    0x08, 0x86, 0x08, 0x86, 0x08, 0x86, 0x08, 0x86, 0x08, 0x86, 0x08, 0x86, 0x08, 0x86, 0x08, 0x86,
    0x08, 0x86, 0x08, 0x86, 0x08, 0x86, 0x08, 0x86, 0x08, 0x86, 0x08, 0x86, 0x08, 0xa6, 0x08, 0xa6,
    0x08, 0xa6, 0x08, 0xa6, 0x08, 0xa6, 0x08, 0xa6, 0x08, 0xa6, 0x08, 0xa6, 0x08, 0xa6, 0x08, 0xa6,
    0x08, 0xa6, 0x08, 0xa6, 0x08, 0xa6, 0x08, 0xa6, 0x08, 0xa6, 0x08, 0xa6, 0x08, 0xa6, 0x08, 0xa6,
    0x08, 0xa6, 0x08, 0xa6, 0x08, 0xa6, 0x08, 0xa6, 0x08, 0xa6, 0x08, 0xc7, 0x08, 0xa7, 0x08, 0xa7,
    0x08, 0xa7, 0x08, 0xa7, 0x08, 0xa7, 0x08, 0xc7, 0x08, 0xc7, 0x08, 0xc7, 0x08, 0xc7, 0x08, 0xc7,
    0x08, 0xe8, 0x08, 0xe8, 0x08, 0xe8, 0x08, 0xe8, 0x08, 0xe8, 0x09, 0x08, 0x09, 0x08, 0x09, 0x08,
    0x09, 0x29, 0x09, 0x49, 0x09, 0x29, 0x09, 0x49, 0x09, 0x49, 0x09, 0x4a, 0x09, 0x6a, 0x09, 0x6a,
    0x09, 0x8a, 0x09, 0x8b, 0x09, 0x8b, 0x11, 0xab, 0x11, 0xac, 0x11, 0xac, 0x12, 0x0d, 0x09, 0xcd,
    0x1a, 0x4f, 0x0a, 0x0d, 0x00, 0xe9, 0x33, 0xb4, 0x6d, 0x7b, 0x6d, 0x7b, 0x7e, 0x1d, 0x6d, 0x9a,
    0x75, 0xdc, 0x75, 0x9b, 0x54, 0x97, 0x01, 0x09, 0x01, 0xac, 0x1a, 0x6f, 0x12, 0x0d, 0x09, 0xcc,
    0x09, 0xac, 0x11, 0xcc, 0x11, 0xcc, 0x09, 0xac, 0x09, 0xab, 0x09, 0xab, 0x09, 0x8b, 0x09, 0x6a,
    0x09, 0x6a, 0x09, 0x6a, 0x09, 0x6a, 0x09, 0x6a, 0x09, 0x49, 0x09, 0x49, 0x09, 0x29, 0x09, 0x29,
    0x09, 0x09, 0x09, 0x09, 0x09, 0x08, 0x09, 0x08, 0x08, 0xe8, 0x08, 0xe8, 0x08, 0xe8, 0x08, 0xe8,
    0x08, 0xe8, 0x08, 0xe8, 0x08, 0xe8, 0x08, 0xe8, 0x08, 0xc7, 0x08, 0xc7, 0x08, 0xc8, 0x08, 0xc8,
    0x08, 0xc8, 0x08, 0xc8, 0x08, 0xc7, 0x08, 0xc7, 0x08, 0xc7, 0x08, 0xc7, 0x08, 0xa7, 0x08, 0xa7,
    0x08, 0xa7, 0x08, 0xa7, 0x08, 0xa7, 0x08, 0xa7, 0x08, 0xa7, 0x08, 0xa7, 0x08, 0xa7, 0x08, 0xa7,
    0x08, 0xa7, 0x08, 0xa7, 0x08, 0xa7, 0x08, 0xa7, 0x08, 0xa7, 0x08, 0xa7, 0x08, 0xa8, 0x08, 0xc8,
    0x00, 0x67, 0x21, 0x6b, 0x4a, 0xb0, 0x08, 0xa8, 0x00, 0x87, 0x08, 0xa7, 0x08, 0xc8, 0x08, 0xc7,
    0x08, 0xc7, 0x08, 0xc7, 0x08, 0xc7, 0x08, 0xc7, 0x08, 0xc7, 0x08, 0xc7, 0x08, 0xe7, 0x08, 0xa6,
    0x00, 0x86, 0x00, 0xc7, 0x00, 0xc8, 0x00, 0xa8, 0x00, 0xe9, 0x01, 0x4b, 0x11, 0xad, 0x09, 0xad,
    0x01, 0xad, 0x01, 0xae, 0x01, 0xae, 0x01, 0xce, 0x01, 0xae, 0x01, 0x8e, 0x01, 0xce, 0x01, 0xce,
    0x01, 0xce, 0x01, 0xce, 0x01, 0xce, 0x01, 0xce, 0x01, 0xce, 0x01, 0xce, 0x01, 0xce, 0x01, 0xce,
    0x01, 0xce, 0x01, 0xce, 0x01, 0xce, 0x01, 0xce, 0x01, 0xce, 0x01, 0xce, 0x01, 0xce, 0x01, 0xce,
    0x01, 0xce, 0x01, 0xce, 0x01, 0xce, 0x01, 0xce, 0x01, 0xce, 0x01, 0xce, 0x01, 0xce, 0x01, 0xce,
    0x01, 0xce, 0x01, 0xce, 0x01, 0xce, 0x01, 0xce, 0x01, 0xce, 0x01, 0xce, 0x09, 0xcf, 0x09, 0xae,
    0x09, 0xad, 0x11, 0xcd, 0x11, 0x8c, 0x01, 0x0a, 0x00, 0xc8, 0x08, 0xe8, 0x08, 0xc8, 0x08, 0xe7,
    0x08, 0xe7, 0x08, 0xe7, 0x08, 0xe7, 0x08, 0xe7, 0x08, 0xe7, 0x08, 0xe7, 0x08, 0xe7, 0x08, 0xe7,
    0x08, 0xe7, 0x08, 0xe7, 0x08, 0xe7, 0x08, 0xe7, 0x08, 0xe7, 0x08, 0xc7, 0x11, 0x08, 0x00, 0x86,
    0x11, 0x08, 0x08, 0xc8, 0x00, 0x46, 0x19, 0x6a, 0x4a, 0xd1, 0x11, 0x09, 0x08, 0x88, 0x00, 0x87,
    0x08, 0xc8, 0x08, 0xc8, 0x08, 0xa7, 0x08, 0xc7, 0x08, 0xc7, 0x00, 0x86, 0x08, 0xa6, 0x08, 0xa6,
    0x08, 0xa6, 0x08, 0xa6, 0x08, 0xa6, 0x08, 0xa6, 0x08, 0xa6, 0x08, 0xa6, 0x08, 0x86, 0x08, 0x86,
    0x08, 0x86, 0x08, 0x86, 0x08, 0x86, 0x08, 0x86, 0x08, 0x86, 0x08, 0x86, 0x08, 0x86, 0x08, 0x86,
    0x08, 0x86, 0x08, 0x86, 0x08, 0x86, 0x08, 0x86, 0x08, 0x86, 0x08, 0x86, 0x08, 0x86, 0x08, 0x86,
    0x08, 0x86, 0x08, 0x86, 0x08, 0x86, 0x08, 0x86, 0x08, 0x86, 0x08, 0x86, 0x08, 0x86, 0x08, 0x86,
    0x08, 0x86, 0x08, 0x86, 0x08, 0x86, 0x08, 0x86, 0x08, 0x86, 0x08, 0x86, 0x10, 0xa7, 0x00, 0x45,
    0x08, 0x66, 0x10, 0xc7, 0x00, 0x04, 0x39, 0xec, 0x29, 0xab, 0x00, 0x45, 0x08, 0xa7, 0x08, 0x86,
    0x00, 0x66, 0x08, 0x86, 0x08, 0x86, 0x00, 0x45, 0x10, 0xc7, 0x31, 0xab, 0x21, 0x49, 0x10, 0xe8,
    0x08, 0x86, 0x08, 0x86, 0x08, 0x86, 0x08, 0x86, 0x08, 0x86, 0x08, 0x86, 0x08, 0x86, 0x08, 0x86,
    0x08, 0x86, 0x08, 0x86, 0x08, 0x86, 0x08, 0x86, 0x08, 0x86, 0x08, 0x86, 0x08, 0x86, 0x08, 0x86,
    0x08, 0x86, 0x08, 0x86, 0x08, 0x86, 0x08, 0x86, 0x08, 0x86, 0x08, 0x86, 0x08, 0x86, 0x08, 0x86,
    0x08, 0x86, 0x08, 0x86, 0x08, 0x86, 0x08, 0x86, 0x08, 0x86, 0x08, 0x86, 0x08, 0xa6, 0x08, 0xa6,
    0x08, 0xa6, 0x08, 0xa6, 0x08, 0xa6, 0x08, 0xa6, 0x08, 0xa6, 0x08, 0xa6, 0x08, 0xa6, 0x08, 0xa6,
    0x08, 0xa6, 0x08, 0xa6, 0x08, 0xa6, 0x08, 0xa6, 0x08, 0xa6, 0x08, 0xa6, 0x08, 0xa6, 0x08, 0xa6,
    0x08, 0xa6, 0x08, 0xa6, 0x08, 0xa6, 0x08, 0xa6, 0x08, 0xa6, 0x08, 0xc7, 0x08, 0xa7, 0x08, 0xa7,
    0x08, 0xa7, 0x08, 0xa7, 0x08, 0xa7, 0x08, 0xc7, 0x08, 0xc7, 0x08, 0xc7, 0x08, 0xc8, 0x08, 0xe8,
    0x08, 0xe8, 0x08, 0xe8, 0x08, 0xe8, 0x08, 0xe8, 0x09, 0x08, 0x09, 0x08, 0x09, 0x08, 0x09, 0x29,
    0x09, 0x29, 0x09, 0x49, 0x09, 0x49, 0x09, 0x49, 0x09, 0x49, 0x09, 0x4a, 0x09, 0x6a, 0x01, 0x8a,
    0x09, 0x8b, 0x09, 0x8b, 0x09, 0xac, 0x11, 0xac, 0x11, 0xac, 0x11, 0xcc, 0x01, 0x8b, 0x1a, 0x4f,
    0x0a, 0x0d, 0x01, 0x6b, 0x6d, 0x7b, 0x6d, 0x9b, 0x54, 0xf9, 0x1b, 0x31, 0x02, 0x6e, 0x0b, 0x10,
    0x02, 0x4d, 0x3c, 0x56, 0x75, 0xfc, 0x54, 0x97, 0x1a, 0xaf, 0x01, 0xcc, 0x12, 0x2e, 0x09, 0xed,
    0x09, 0xcc, 0x09, 0xcc, 0x09, 0xcc, 0x09, 0xac, 0x09, 0xac, 0x09, 0xac, 0x09, 0x8b, 0x09, 0x8a,
    0x09, 0x6a, 0x09, 0x6a, 0x09, 0x6a, 0x09, 0x6a, 0x09, 0x4a, 0x09, 0x49, 0x09, 0x29, 0x09, 0x29,
    0x09, 0x09, 0x09, 0x09, 0x08, 0xe8, 0x08, 0xe8, 0x08, 0xe8, 0x08, 0xe8, 0x08, 0xe8, 0x08, 0xe8,
    0x08, 0xe8, 0x08, 0xe8, 0x08, 0xe8, 0x08, 0xe8, 0x08, 0xe8, 0x08, 0xc7, 0x08, 0xc7, 0x08, 0xc7,
    0x08, 0xc7, 0x08, 0xc7, 0x08, 0xc7, 0x08, 0xc7, 0x08, 0xc7, 0x08, 0xc7, 0x08, 0xc7, 0x08, 0xc7,
    0x08, 0xc7, 0x08, 0xc7, 0x08, 0xc7, 0x08, 0xc7, 0x08, 0xc7, 0x08, 0xc7, 0x08, 0xc7, 0x08, 0xc7,
    0x08, 0xc7, 0x08, 0xc7, 0x08, 0xc7, 0x08, 0xc7, 0x08, 0xc7, 0x08, 0xc8, 0x08, 0xa8, 0x00, 0x88,
    0x08, 0xa8, 0x4a, 0xb0, 0x21, 0x6b, 0x00, 0x67, 0x08, 0xc8, 0x08, 0xa7, 0x08, 0xc8, 0x08, 0xc7,
    0x08, 0xc7, 0x08, 0xc7, 0x08, 0xc7, 0x08, 0xc7, 0x08, 0xc7, 0x08, 0xc7, 0x08, 0xc7, 0x08, 0xa7,
    0x08, 0xc7, 0x00, 0xc7, 0x00, 0xa8, 0x00, 0xa8, 0x01, 0x0a, 0x09, 0x8c, 0x09, 0xad, 0x09, 0xae,
    0x09, 0xae, 0x09, 0xae, 0x01, 0xae, 0x01, 0xae, 0x01, 0xce, 0x01, 0xce, 0x01, 0xce, 0x01, 0xce,
    0x01, 0xce, 0x01, 0xce, 0x01, 0xce, 0x01, 0xce, 0x01, 0xce, 0x01, 0xce, 0x01, 0xce, 0x01, 0xce,
    0x01, 0xce, 0x01, 0xce, 0x01, 0xce, 0x01, 0xce, 0x01, 0xce, 0x01, 0xce, 0x01, 0xce, 0x01, 0xce,
    0x01, 0xce, 0x01, 0xce, 0x01, 0xce, 0x01, 0xce, 0x01, 0xce, 0x01, 0xce, 0x01, 0xce, 0x01, 0xce,
    0x01, 0xce, 0x01, 0xce, 0x01, 0xce, 0x01, 0xce, 0x01, 0xce, 0x01, 0xce, 0x09, 0xcf, 0x01, 0xae,
    0x09, 0xae, 0x11, 0xce, 0x11, 0xad, 0x09, 0x2a, 0x00, 0xe9, 0x00, 0xc8, 0x08, 0xe8, 0x08, 0xe7,
    0x08, 0xe7, 0x08, 0xe7, 0x08, 0xe7, 0x08, 0xe7, 0x08, 0xe7, 0x08, 0xe7, 0x08, 0xc7, 0x08, 0xc7,
    0x08, 0xe7, 0x08, 0xe7, 0x08, 0xc7, 0x08, 0xc7, 0x08, 0xc7, 0x08, 0xc7, 0x10, 0xe8, 0x08, 0xa7,
    0x08, 0xe8, 0x00, 0xa7, 0x08, 0xa8, 0x42, 0x6f, 0x31, 0xed, 0x00, 0x46, 0x08, 0xc8, 0x08, 0xc8,
    0x10, 0xc8, 0x08, 0xa7, 0x08, 0x86, 0x08, 0xa7, 0x10, 0xc7, 0x08, 0xa6, 0x08, 0xa6, 0x08, 0xa6,
    0x08, 0xa6, 0x08, 0xa6, 0x08, 0xa6, 0x08, 0xa7, 0x08, 0xa7, 0x08, 0xa7, 0x08, 0x86, 0x08, 0x86,
    0x08, 0x86, 0x08, 0x86, 0x08, 0x86, 0x08, 0x86, 0x08, 0x86, 0x08, 0x86, 0x08, 0x86, 0x08, 0x86,
    0x08, 0x86, 0x08, 0x86, 0x08, 0x86, 0x08, 0x86, 0x08, 0x86, 0x08, 0x86, 0x08, 0x86, 0x08, 0x86,
    0x08, 0x86, 0x08, 0x86, 0x08, 0x86, 0x08, 0x86, 0x08, 0x86, 0x08, 0x86, 0x08, 0x86, 0x08, 0x86,
    0x08, 0x86, 0x08, 0x86, 0x08, 0x86, 0x08, 0x86, 0x08, 0x86, 0x08, 0x86, 0x10, 0xc7, 0x00, 0x46,
    0x08, 0x66, 0x10, 0xa7, 0x00, 0x04, 0x18, 0xe8, 0x3a, 0x0c, 0x18, 0xe8, 0x00, 0x66, 0x08, 0x86,
    0x08, 0xa7, 0x08, 0x66, 0x08, 0x86, 0x08, 0x86, 0x08, 0x86, 0x10, 0xc7, 0x29, 0xac, 0x21, 0x6b,
    0x08, 0x86, 0x08, 0x86, 0x08, 0x86, 0x08, 0x86, 0x08, 0x86, 0x08, 0x86, 0x08, 0x86, 0x08, 0x86,
    0x08, 0x86, 0x08, 0x86, 0x08, 0x86, 0x08, 0x86, 0x08, 0x86, 0x08, 0x86, 0x08, 0x86, 0x08, 0x86,
    0x08, 0x86, 0x08, 0x86, 0x08, 0x86, 0x08, 0x86, 0x08, 0x86, 0x08, 0x86, 0x08, 0x86, 0x08, 0x86,
    0x08, 0x86, 0x08, 0x86, 0x08, 0x86, 0x08, 0x86, 0x08, 0x86, 0x08, 0x86, 0x08, 0xa6, 0x08, 0xa6,
    0x08, 0xa6, 0x08, 0xa6, 0x08, 0xa6, 0x08, 0xa6, 0x08, 0xa6, 0x08, 0xa6, 0x08, 0xa6, 0x08, 0xa6,
    0x08, 0xa6, 0x08, 0xa6, 0x08, 0xa6, 0x08, 0xa6, 0x08, 0xa6, 0x08, 0xa6, 0x08, 0xa6, 0x08, 0xa6,
    0x08, 0xa6, 0x08, 0xa6, 0x08, 0xa6, 0x08, 0xa6, 0x08, 0xa6, 0x08, 0xc7, 0x08, 0xa7, 0x08, 0xa7,
    0x08, 0xa7, 0x08, 0xa7, 0x08, 0xa7, 0x08, 0xc7, 0x08, 0xc7, 0x08, 0xc7, 0x08, 0xc8, 0x08, 0xe8,
    0x08, 0xe8, 0x08, 0xe8, 0x08, 0xe8, 0x08, 0xe8, 0x09, 0x08, 0x09, 0x08, 0x09, 0x08, 0x09, 0x29,
    0x09, 0x29, 0x09, 0x49, 0x09, 0x49, 0x09, 0x49, 0x09, 0x49, 0x09, 0x6a, 0x09, 0x8a, 0x09, 0x8b,
    0x09, 0x8b, 0x09, 0xab, 0x09, 0xac, 0x11, 0xcc, 0x11, 0xcc, 0x11, 0xcd, 0x12, 0x2e, 0x01, 0xcd,
    0x01, 0xed, 0x3b, 0xd4, 0x7d, 0xfd, 0x13, 0x11, 0x02, 0x0d, 0x02, 0x6e, 0x02, 0xef, 0x02, 0xae,
    0x02, 0xef, 0x02, 0xcf, 0x02, 0x0d, 0x6d, 0xbb, 0x65, 0x39, 0x01, 0x8b, 0x0a, 0x2e, 0x0a, 0x2e,
    0x0a, 0x0d, 0x09, 0xcc, 0x09, 0xcc, 0x09, 0xcc, 0x09, 0xcc, 0x09, 0xac, 0x09, 0x8b, 0x09, 0x8a,
    0x09, 0x6a, 0x01, 0x6a, 0x09, 0x6a, 0x09, 0x6a, 0x09, 0x49, 0x09, 0x49, 0x09, 0x29, 0x09, 0x29,
    0x09, 0x09, 0x09, 0x09, 0x08, 0xe8, 0x08, 0xe8, 0x08, 0xe8, 0x09, 0x08, 0x08, 0xe8, 0x08, 0xe8,
    0x08, 0xe8, 0x08, 0xe8, 0x08, 0xe8, 0x08, 0xe8, 0x08, 0xe8, 0x08, 0xe8, 0x08, 0xc7, 0x08, 0xc7,
    0x08, 0xc7, 0x08, 0xc7, 0x08, 0xc7, 0x08, 0xa7, 0x08, 0xa7, 0x08, 0xa7, 0x08, 0xc7, 0x08, 0xc7,
    0x08, 0xc7, 0x08, 0xc7, 0x08, 0xc7, 0x08, 0xc7, 0x08, 0xc7, 0x08, 0xc7, 0x08, 0xc7, 0x08, 0xc7,
    0x08, 0xc7, 0x08, 0xc7, 0x08, 0xc7, 0x08, 0xc7, 0x08, 0xc7, 0x08, 0xc8, 0x08, 0xa8, 0x00, 0x47,
    0x29, 0xac, 0x42, 0x90, 0x00, 0x46, 0x08, 0xe8, 0x00, 0x87, 0x08, 0xe8, 0x08, 0xc7, 0x08, 0xc7,
    0x08, 0xc7, 0x08, 0xc7, 0x08, 0xc7, 0x08, 0xc7, 0x08, 0xc7, 0x08, 0xc7, 0x08, 0xa6, 0x08, 0xc7,
    0x08, 0xc8, 0x00, 0xc8, 0x00, 0xa8, 0x00, 0xe9, 0x09, 0x4b, 0x11, 0xad, 0x09, 0xad, 0x09, 0xce,
    0x09, 0xce, 0x09, 0xce, 0x01, 0xae, 0x01, 0xce, 0x01, 0xce, 0x09, 0xcf, 0x01, 0xce, 0x01, 0xce,
    0x01, 0xce, 0x01, 0xce, 0x01, 0xce, 0x01, 0xce, 0x01, 0xce, 0x01, 0xce, 0x01, 0xce, 0x01, 0xce,
    0x01, 0xce, 0x01, 0xce, 0x01, 0xce, 0x01, 0xce, 0x01, 0xce, 0x01, 0xce, 0x01, 0xce, 0x01, 0xce,
    0x01, 0xce, 0x01, 0xce, 0x01, 0xce, 0x01, 0xce, 0x01, 0xce, 0x01, 0xce, 0x01, 0xce, 0x01, 0xce,
    0x01, 0xce, 0x01, 0xce, 0x01, 0xce, 0x01, 0xce, 0x01, 0xce, 0x01, 0xce, 0x01, 0xcf, 0x01, 0xcf,
    0x09, 0xce, 0x09, 0xae, 0x11, 0xad, 0x09, 0x6b, 0x01, 0x09, 0x00, 0xc8, 0x00, 0xc8, 0x08, 0xe7,
    0x08, 0xc7, 0x08, 0xe7, 0x08, 0xe7, 0x08, 0xe7, 0x08, 0xe7, 0x08, 0xe7, 0x08, 0xc7, 0x08, 0xc7,
    0x08, 0xc7, 0x08, 0xc7, 0x08, 0xc7, 0x08, 0xc7, 0x08, 0xc7, 0x08, 0xc7, 0x00, 0xa7, 0x19, 0x49,
    0x00, 0xa7, 0x00, 0x86, 0x31, 0xed, 0x4a, 0xd0, 0x00, 0x87, 0x00, 0x87, 0x08, 0xa7, 0x08, 0xa7,
    0x08, 0x87, 0x08, 0xa7, 0x00, 0x86, 0x00, 0x86, 0x10, 0xe7, 0x08, 0xa6, 0x08, 0xa6, 0x08, 0xa6,
    0x08, 0xa6, 0x08, 0xa6, 0x08, 0xa7, 0x08, 0xa7, 0x08, 0xa7, 0x08, 0xa7, 0x08, 0x86, 0x08, 0x86,
    0x08, 0x86, 0x08, 0x86, 0x08, 0x86, 0x08, 0x86, 0x08, 0x86, 0x08, 0x86, 0x08, 0x86, 0x08, 0x86,
    0x08, 0x86, 0x08, 0x86, 0x08, 0x86, 0x08, 0x86, 0x08, 0x86, 0x08, 0x86, 0x08, 0x86, 0x08, 0x86,
    0x08, 0x86, 0x08, 0x86, 0x08, 0x86, 0x08, 0x86, 0x08, 0x86, 0x08, 0x86, 0x08, 0x86, 0x08, 0x86,
    0x08, 0x86, 0x08, 0x86, 0x08, 0x86, 0x08, 0x86, 0x08, 0x86, 0x08, 0x86, 0x08, 0x86, 0x10, 0xc8,
    0x08, 0x66, 0x00, 0x66, 0x10, 0xa7, 0x00, 0x45, 0x29, 0x6a, 0x31, 0xcb, 0x00, 0x45, 0x08, 0x86,
    0x10, 0xc7, 0x08, 0x86, 0x00, 0x66, 0x08, 0xa7, 0x08, 0x66, 0x00, 0x46, 0x29, 0x8c, 0x29, 0xad,
    0x08, 0x86, 0x08, 0x86, 0x08, 0x86, 0x08, 0x86, 0x08, 0x86, 0x08, 0x86, 0x08, 0x86, 0x08, 0x86,
    0x08, 0x86, 0x08, 0x86, 0x08, 0x86, 0x08, 0x86, 0x08, 0x86, 0x08, 0x86, 0x08, 0x86, 0x08, 0x86,
    0x08, 0x86, 0x08, 0x86, 0x08, 0x86, 0x08, 0x86, 0x08, 0x86, 0x08, 0x86, 0x08, 0x86, 0x08, 0x86,
    0x08, 0x86, 0x08, 0x86, 0x08, 0x86, 0x08, 0x86, 0x08, 0x86, 0x08, 0x86, 0x08, 0xa6, 0x08, 0xa6,
    0x08, 0xa6, 0x08, 0xa6, 0x08, 0xa6, 0x08, 0xa6, 0x08, 0xa6, 0x08, 0xa6, 0x08, 0xa6, 0x08, 0xa6,
    0x08, 0xa6, 0x08, 0xa6, 0x08, 0xa6, 0x08, 0xa6, 0x08, 0xa6, 0x08, 0xa6, 0x08, 0xa6, 0x08, 0xa6,
    0x08, 0xa6, 0x08, 0xa6, 0x08, 0xa6, 0x08, 0xa6, 0x08, 0xa6, 0x08, 0xc7, 0x08, 0xa7, 0x08, 0xa7,
    0x08, 0xa7, 0x08, 0xa7, 0x08, 0xa7, 0x08, 0xc7, 0x08, 0xc7, 0x08, 0xc7, 0x08, 0xe8, 0x08, 0xe8,
    0x08, 0xe8, 0x08, 0xe8, 0x08, 0xe8, 0x08, 0xe8, 0x09, 0x08, 0x09, 0x08, 0x09, 0x08, 0x09, 0x29,
    0x09, 0x29, 0x09, 0x49, 0x09, 0x49, 0x09, 0x49, 0x09, 0x49, 0x09, 0x6a, 0x09, 0x8a, 0x09, 0x8b,
    0x09, 0xab, 0x09, 0xab, 0x11, 0xac, 0x11, 0xcc, 0x11, 0xcc, 0x11, 0xed, 0x09, 0xed, 0x0a, 0x0e,
    0x12, 0x8f, 0x5c, 0xf9, 0x44, 0x77, 0x13, 0x11, 0x02, 0x6e, 0x34, 0x56, 0x66, 0x5d, 0x55, 0xfb,
    0x3d, 0x38, 0x0b, 0x71, 0x02, 0xcf, 0x02, 0x6e, 0x7e, 0x1d, 0x3b, 0xf4, 0x01, 0xec, 0x0a, 0x2e,
    0x12, 0x2e, 0x09, 0xed, 0x01, 0xcc, 0x09, 0xed, 0x09, 0xed, 0x01, 0xcc, 0x09, 0xab, 0x09, 0x8a,
    0x09, 0x8a, 0x09, 0x6a, 0x09, 0x6a, 0x09, 0x6a, 0x09, 0x4a, 0x09, 0x49, 0x09, 0x49, 0x09, 0x49,
    0x09, 0x29, 0x09, 0x29, 0x09, 0x09, 0x09, 0x09, 0x09, 0x09, 0x09, 0x08, 0x08, 0xe8, 0x08, 0xe8,
    0x08, 0xe8, 0x08, 0xe8, 0x08, 0xe8, 0x08, 0xe8, 0x08, 0xe8, 0x08, 0xe8, 0x08, 0xc7, 0x08, 0xc7,
    0x08, 0xc7, 0x08, 0xc7, 0x08, 0xc7, 0x08, 0xc7, 0x08, 0xc7, 0x08, 0xc7, 0x08, 0xc7, 0x08, 0xc7,
    0x08, 0xc7, 0x08, 0xc7, 0x08, 0xc7, 0x08, 0xc7, 0x08, 0xc7, 0x08, 0xc7, 0x08, 0xc7, 0x08, 0xc7,
    0x08, 0xc7, 0x08, 0xc7, 0x08, 0xc7, 0x08, 0xc7, 0x08, 0xc7, 0x08, 0xc8, 0x00, 0x88, 0x10, 0xea,
    0x3a, 0x4f, 0x19, 0x6b, 0x00, 0x46, 0x11, 0x09, 0x00, 0x67, 0x08, 0xe8, 0x08, 0xc7, 0x08, 0xc7,
    0x08, 0xc7, 0x08, 0xc7, 0x08, 0xc7, 0x08, 0xc7, 0x08, 0xc6, 0x08, 0xc7, 0x00, 0xa6, 0x08, 0xc7,
    0x08, 0xc8, 0x00, 0xa7, 0x00, 0xc8, 0x01, 0x2a, 0x11, 0x8c, 0x09, 0xad, 0x09, 0xae, 0x09, 0xce,
    0x09, 0xce, 0x09, 0xce, 0x09, 0xce, 0x01, 0xae, 0x01, 0xce, 0x01, 0xce, 0x01, 0xce, 0x01, 0xce,
    0x01, 0xce, 0x01, 0xce, 0x01, 0xce, 0x01, 0xce, 0x01, 0xce, 0x01, 0xce, 0x01, 0xce, 0x01, 0xce,
    0x01, 0xce, 0x01, 0xce, 0x01, 0xce, 0x01, 0xce, 0x01, 0xce, 0x01, 0xce, 0x01, 0xce, 0x01, 0xce,
    0x01, 0xce, 0x01, 0xce, 0x01, 0xce, 0x01, 0xce, 0x01, 0xce, 0x01, 0xce, 0x01, 0xce, 0x01, 0xce,
    0x01, 0xce, 0x01, 0xce, 0x01, 0xce, 0x01, 0xce, 0x01, 0xce, 0x01, 0xce, 0x01, 0xae, 0x09, 0xcf,
    0x09, 0xce, 0x09, 0xad, 0x09, 0xad, 0x11, 0xac, 0x09, 0x6b, 0x00, 0xe8, 0x00, 0xc8, 0x08, 0xc7,
    0x08, 0xc7, 0x08, 0xe7, 0x08, 0xe7, 0x08, 0xe7, 0x08, 0xe7, 0x08, 0xc7, 0x08, 0xc7, 0x08, 0xc7,
    0x08, 0xc7, 0x08, 0xc7, 0x08, 0xc7, 0x08, 0xc7, 0x08, 0xc7, 0x08, 0xc7, 0x08, 0xa7, 0x11, 0x28,
    0x00, 0x86, 0x11, 0x09, 0x4a, 0xb0, 0x29, 0xcc, 0x00, 0x06, 0x08, 0xe9, 0x08, 0xa7, 0x08, 0xa7,
    0x00, 0x66, 0x08, 0xc7, 0x08, 0xa7, 0x00, 0x86, 0x10, 0xe7, 0x08, 0xa6, 0x08, 0xa6, 0x08, 0xa6,
    0x08, 0xa6, 0x08, 0xa7, 0x08, 0xa7, 0x08, 0xa7, 0x08, 0xa7, 0x08, 0xa7, 0x08, 0x86, 0x08, 0x86,
    0x08, 0x86, 0x08, 0x86, 0x08, 0x86, 0x08, 0x86, 0x08, 0x86, 0x08, 0x86, 0x08, 0x86, 0x08, 0x86,
    0x08, 0x86, 0x08, 0x86, 0x08, 0x86, 0x08, 0x86, 0x08, 0x86, 0x08, 0x86, 0x08, 0x86, 0x08, 0x86,
    0x08, 0x86, 0x08, 0x86, 0x08, 0x86, 0x08, 0x86, 0x08, 0x86, 0x08, 0x86, 0x08, 0x86, 0x08, 0x86,
    0x08, 0x86, 0x08, 0x86, 0x08, 0x86, 0x08, 0x86, 0x08, 0x86, 0x08, 0x86, 0x08, 0x66, 0x10, 0xc7,
    0x08, 0x86, 0x00, 0x46, 0x10, 0xc8, 0x00, 0x25, 0x08, 0xa7, 0x31, 0xec, 0x19, 0x08, 0x00, 0x66,
    0x08, 0xa7, 0x08, 0x86, 0x00, 0x45, 0x10, 0xa7, 0x08, 0x86, 0x00, 0x66, 0x10, 0xea, 0x29, 0xad,
    0x08, 0x86, 0x08, 0x86, 0x08, 0x86, 0x08, 0x86, 0x08, 0x86, 0x08, 0x86, 0x08, 0x86, 0x08, 0x86,
    0x08, 0x86, 0x08, 0x86, 0x08, 0x86, 0x08, 0x86, 0x08, 0x86, 0x08, 0x86, 0x08, 0x86, 0x08, 0x86,
    0x08, 0x86, 0x08, 0x86, 0x08, 0x86, 0x08, 0x86, 0x08, 0x86, 0x08, 0x86, 0x08, 0x86, 0x08, 0x86,
    0x08, 0x86, 0x08, 0x86, 0x08, 0x86, 0x08, 0x86, 0x08, 0x86, 0x08, 0x86, 0x08, 0xa6, 0x08, 0xa6,
    0x08, 0xa6, 0x08, 0xa6, 0x08, 0xa6, 0x08, 0xa6, 0x08, 0xa6, 0x08, 0xa6, 0x08, 0xa6, 0x08, 0xa6,
    0x08, 0xa6, 0x08, 0xa6, 0x08, 0xa6, 0x08, 0xa6, 0x08, 0xa6, 0x08, 0xa6, 0x08, 0xa6, 0x08, 0xa6,
    0x08, 0xa6, 0x08, 0xa6, 0x08, 0xa6, 0x08, 0xa6, 0x08, 0xa6, 0x08, 0xc7, 0x08, 0xa7, 0x08, 0xa7,
    0x08, 0xa7, 0x08, 0xa7, 0x08, 0xa7, 0x08, 0xc7, 0x08, 0xc7, 0x08, 0xc7, 0x08, 0xe7, 0x08, 0xe8,
    0x08, 0xe8, 0x08, 0xe8, 0x08, 0xe8, 0x09, 0x08, 0x09, 0x08, 0x09, 0x08, 0x09, 0x08, 0x09, 0x29,
    0x09, 0x49, 0x09, 0x49, 0x09, 0x49, 0x09, 0x49, 0x09, 0x49, 0x09, 0x6a, 0x09, 0x8a, 0x09, 0xab,
    0x09, 0xab, 0x09, 0xab, 0x09, 0xcc, 0x11, 0xcc, 0x11, 0xcc, 0x11, 0xed, 0x12, 0x2e, 0x01, 0x2a,
    0x54, 0xb8, 0x7e, 0x1d, 0x02, 0x2d, 0x02, 0x8f, 0x4d, 0x39, 0x5e, 0x3c, 0x66, 0xfe, 0x66, 0xfe,
    0x66, 0xfe, 0x5e, 0x9d, 0x03, 0x30, 0x02, 0xef, 0x3c, 0x76, 0x65, 0x59, 0x01, 0xcc, 0x0a, 0x4d,
    0x12, 0x6e, 0x0a, 0x0d, 0x01, 0xcc, 0x0a, 0x0d, 0x0a, 0x0d, 0x01, 0xcb, 0x09, 0xab, 0x09, 0xab,
    0x09, 0x8b, 0x09, 0x8b, 0x09, 0x8b, 0x09, 0x8b, 0x09, 0x6a, 0x09, 0x6a, 0x09, 0x4a, 0x09, 0x4a,
    0x09, 0x4a, 0x09, 0x29, 0x09, 0x29, 0x11, 0x09, 0x11, 0x09, 0x11, 0x09, 0x08, 0xe9, 0x08, 0xe8,
    0x08, 0xe9, 0x08, 0xe8, 0x08, 0xe8, 0x08, 0xe8, 0x08, 0xc8, 0x08, 0xc8, 0x08, 0xe8, 0x08, 0xe8,
    0x08, 0xc8, 0x08, 0xc8, 0x08, 0xc8, 0x08, 0xc8, 0x08, 0xc8, 0x08, 0xc8, 0x08, 0xc8, 0x08, 0xc8,
    0x08, 0xc8, 0x08, 0xc8, 0x08, 0xc8, 0x08, 0xc8, 0x08, 0xc8, 0x08, 0xc8, 0x08, 0xc8, 0x08, 0xc8,
    0x08, 0xc8, 0x08, 0xc8, 0x08, 0xc8, 0x08, 0xc8, 0x08, 0xc8, 0x08, 0xc8, 0x00, 0x47, 0x31, 0xee,
    0x42, 0x6f, 0x00, 0x26, 0x10, 0xe9, 0x08, 0xa8, 0x08, 0xa7, 0x08, 0xa7, 0x08, 0xc7, 0x08, 0xc7,
    0x08, 0xc7, 0x08, 0xc7, 0x08, 0xc7, 0x08, 0xc7, 0x08, 0xc7, 0x08, 0xc7, 0x08, 0xa7, 0x08, 0xc8,
    0x00, 0xc7, 0x00, 0x87, 0x00, 0xc9, 0x09, 0x6b, 0x11, 0xad, 0x09, 0x8d, 0x09, 0xce, 0x09, 0xae,
    0x01, 0xae, 0x01, 0xae, 0x01, 0xae, 0x01, 0xae, 0x01, 0xae, 0x01, 0x8e, 0x01, 0xce, 0x01, 0xce,
    0x01, 0xce, 0x01, 0xce, 0x01, 0xce, 0x01, 0xce, 0x01, 0xce, 0x01, 0xce, 0x01, 0xce, 0x01, 0xce,
    0x01, 0xce, 0x01, 0xce, 0x01, 0xce, 0x01, 0xce, 0x01, 0xce, 0x01, 0xce, 0x01, 0xce, 0x01, 0xce,
    0x01, 0xce, 0x01, 0xce, 0x01, 0xce, 0x01, 0xce, 0x01, 0xce, 0x01, 0xce, 0x01, 0xce, 0x01, 0xce,
    0x01, 0xce, 0x01, 0xce, 0x01, 0xce, 0x01, 0xce, 0x01, 0xce, 0x01, 0xce, 0x01, 0xae, 0x09, 0xcf,
    0x09, 0xce, 0x01, 0x8d, 0x09, 0xad, 0x11, 0xcd, 0x11, 0x8c, 0x01, 0x09, 0x00, 0xc8, 0x00, 0xc8,
    0x08, 0xc7, 0x08, 0xc7, 0x08, 0xe7, 0x08, 0xe7, 0x08, 0xc7, 0x08, 0xc7, 0x08, 0xc7, 0x08, 0xc7,
    0x08, 0xc7, 0x08, 0xc7, 0x08, 0xc7, 0x08, 0xc7, 0x08, 0xc7, 0x08, 0xc7, 0x11, 0x08, 0x00, 0x66,
    0x00, 0x87, 0x32, 0x0d, 0x4a, 0xaf, 0x00, 0x87, 0x00, 0x67, 0x10, 0xe9, 0x08, 0x87, 0x08, 0xa6,
    0x00, 0x66, 0x10, 0xe8, 0x10, 0xe7, 0x00, 0x86, 0x10, 0xe7, 0x08, 0xa6, 0x08, 0xa6, 0x08, 0xa6,
    0x08, 0xa6, 0x08, 0x86, 0x08, 0x86, 0x08, 0x87, 0x08, 0x87, 0x08, 0x87, 0x08, 0x86, 0x08, 0x86,
    0x08, 0x86, 0x08, 0x86, 0x08, 0x86, 0x08, 0x86, 0x08, 0x86, 0x08, 0x86, 0x08, 0x86, 0x08, 0x86,
    0x08, 0x86, 0x08, 0x86, 0x08, 0x86, 0x08, 0x86, 0x08, 0x86, 0x08, 0x86, 0x08, 0x86, 0x08, 0x86,
    0x08, 0x86, 0x08, 0x86, 0x08, 0x86, 0x08, 0x86, 0x08, 0x86, 0x08, 0x86, 0x08, 0x86, 0x08, 0x86,
    0x08, 0x86, 0x08, 0x86, 0x08, 0x86, 0x08, 0x86, 0x08, 0x86, 0x08, 0x86, 0x08, 0xa7, 0x00, 0x25,
    0x10, 0xa7, 0x10, 0xa7, 0x08, 0x66, 0x00, 0x46, 0x00, 0x46, 0x21, 0x6a, 0x3a, 0x0d, 0x00, 0x66,
    0x00, 0x45, 0x08, 0x86, 0x08, 0x86, 0x10, 0xc7, 0x08, 0x86, 0x08, 0x86, 0x00, 0x26, 0x19, 0x4b,
    0x08, 0x86, 0x08, 0x86, 0x08, 0x86, 0x08, 0x86, 0x08, 0x86, 0x08, 0x86, 0x08, 0x86, 0x08, 0x86,
    0x08, 0x86, 0x08, 0x86, 0x08, 0x86, 0x08, 0x86, 0x08, 0x86, 0x08, 0x86, 0x08, 0xa6, 0x08, 0xa6,
    0x08, 0xa6, 0x08, 0xa6, 0x08, 0xa6, 0x08, 0xa6, 0x08, 0xa6, 0x08, 0xa6, 0x08, 0xa6, 0x08, 0xa6,
    0x08, 0xa6, 0x08, 0xa6, 0x08, 0xa6, 0x08, 0xa6, 0x08, 0xa6, 0x08, 0xa6, 0x08, 0xa6, 0x08, 0xa6,
    0x08, 0xa6, 0x08, 0xa6, 0x08, 0xa6, 0x08, 0xa6, 0x08, 0xa6, 0x08, 0xa6, 0x08, 0xa6, 0x08, 0xa6,
    0x08, 0xa6, 0x08, 0xa6, 0x08, 0xa6, 0x08, 0xa6, 0x08, 0xa6, 0x08, 0xa6, 0x08, 0xa6, 0x08, 0xa6,
    0x08, 0xa6, 0x08, 0xa6, 0x08, 0xa7, 0x08, 0xa7, 0x08, 0xa7, 0x08, 0xc7, 0x08, 0xc7, 0x08, 0xc7,
    0x08, 0xc7, 0x08, 0xc7, 0x08, 0xc7, 0x08, 0xc7, 0x08, 0xc7, 0x08, 0xc7, 0x08, 0xe7, 0x08, 0xe7,
    0x08, 0xe7, 0x08, 0xe8, 0x08, 0xe8, 0x09, 0x08, 0x09, 0x08, 0x09, 0x08, 0x09, 0x28, 0x09, 0x29,
    0x09, 0x49, 0x09, 0x49, 0x09, 0x4a, 0x09, 0x4a, 0x09, 0x6a, 0x09, 0x8a, 0x09, 0xaa, 0x09, 0xab,
    0x09, 0xab, 0x09, 0xcb, 0x09, 0xcc, 0x11, 0xcc, 0x11, 0xcc, 0x11, 0xed, 0x1a, 0x2e, 0x01, 0x0a,
    0x5c, 0xf8, 0x4c, 0xb7, 0x02, 0x4d, 0x13, 0x92, 0x7f, 0x5f, 0x66, 0xfe, 0x5f, 0x9f, 0x4f, 0x1e,
    0x67, 0xbf, 0x56, 0xfd, 0x2d, 0x17, 0x02, 0xce, 0x13, 0x71, 0x65, 0x9a, 0x0a, 0x6e, 0x01, 0xec,
    0x01, 0xab, 0x01, 0xcc, 0x01, 0xcb, 0x01, 0x8a, 0x01, 0x6a, 0x01, 0xab, 0x01, 0x6a, 0x01, 0x4a,
    0x01, 0x4a, 0x01, 0x4a, 0x01, 0x2a, 0x01, 0x2a, 0x01, 0x2a, 0x01, 0x2a, 0x01, 0x09, 0x01, 0x09,
    0x00, 0xe9, 0x00, 0xc9, 0x00, 0xc9, 0x00, 0xc8, 0x00, 0xa8, 0x00, 0xa8, 0x00, 0x88, 0x00, 0x88,
    0x00, 0x88, 0x00, 0x88, 0x00, 0x88, 0x00, 0x88, 0x00, 0x88, 0x00, 0x88, 0x00, 0x68, 0x00, 0x68,
    0x00, 0x68, 0x00, 0x68, 0x00, 0x68, 0x00, 0x67, 0x00, 0x67, 0x00, 0x67, 0x00, 0x67, 0x00, 0x67,
    0x00, 0x67, 0x00, 0x67, 0x00, 0x67, 0x00, 0x67, 0x00, 0x67, 0x00, 0x67, 0x00, 0x67, 0x00, 0x67,
    0x00, 0x67, 0x00, 0x67, 0x00, 0x67, 0x00, 0x67, 0x00, 0x67, 0x00, 0x67, 0x10, 0xe9, 0x3a, 0x4f,
    0x19, 0x4b, 0x00, 0x67, 0x08, 0xc8, 0x08, 0xc8, 0x08, 0xc8, 0x08, 0xc7, 0x08, 0xc7, 0x08, 0xc7,
    0x08, 0xc7, 0x08, 0xc7, 0x08, 0xc7, 0x08, 0xc7, 0x08, 0xc7, 0x08, 0xc7, 0x08, 0xe7, 0x08, 0xc7,
    0x00, 0x87, 0x00, 0xa8, 0x09, 0x2a, 0x11, 0xad, 0x11, 0xad, 0x09, 0x8d, 0x09, 0xae, 0x01, 0xce,
    0x01, 0xaf, 0x01, 0xaf, 0x01, 0xaf, 0x01, 0xce, 0x01, 0xae, 0x01, 0xce, 0x01, 0xce, 0x01, 0xce,
    0x01, 0xce, 0x01, 0xce, 0x01, 0xce, 0x01, 0xce, 0x01, 0xce, 0x01, 0xce, 0x01, 0xce, 0x01, 0xce,
    0x01, 0xce, 0x01, 0xce, 0x01, 0xce, 0x01, 0xce, 0x01, 0xce, 0x01, 0xce, 0x01, 0xce, 0x01, 0xce,
    0x01, 0xce, 0x01, 0xce, 0x01, 0xce, 0x01, 0xce, 0x01, 0xce, 0x01, 0xce, 0x01, 0xce, 0x01, 0xce,
    0x01, 0xce, 0x01, 0xce, 0x01, 0xcf, 0x01, 0xcf, 0x01, 0xcf, 0x01, 0xce, 0x01, 0xae, 0x09, 0xcf,
    0x09, 0xee, 0x01, 0xad, 0x09, 0xad, 0x11, 0xce, 0x11, 0xcd, 0x11, 0x8c, 0x00, 0xc9, 0x00, 0xc8,
    0x00, 0xe8, 0x08, 0xc8, 0x08, 0xc7, 0x08, 0xc7, 0x08, 0xc7, 0x10, 0xc7, 0x08, 0xc7, 0x08, 0xa7,
    0x10, 0xe7, 0x10, 0xe8, 0x08, 0xc7, 0x08, 0xc7, 0x08, 0xc8, 0x08, 0xc8, 0x08, 0xe8, 0x00, 0x87,
    0x19, 0x4a, 0x4a, 0xd0, 0x08, 0xa7, 0x08, 0xa7, 0x08, 0xc8, 0x08, 0xc8, 0x08, 0xa7, 0x08, 0xc7,
    0x08, 0xa6, 0x08, 0xa6, 0x08, 0xa6, 0x08, 0xa6, 0x08, 0xa6, 0x08, 0xa6, 0x08, 0xa6, 0x08, 0xa6,
    0x08, 0xa6, 0x08, 0xa6, 0x08, 0xa6, 0x08, 0xa7, 0x08, 0xa7, 0x08, 0xa7, 0x08, 0xa6, 0x08, 0xa6,
    0x08, 0xa6, 0x08, 0xa6, 0x08, 0xa6, 0x08, 0xa6, 0x08, 0xa6, 0x08, 0xa6, 0x08, 0xa6, 0x08, 0xa6,
    0x08, 0xa6, 0x08, 0xa6, 0x08, 0xa6, 0x08, 0xa6, 0x08, 0xa6, 0x08, 0xa6, 0x08, 0x86, 0x08, 0x86,
    0x08, 0x86, 0x08, 0x86, 0x08, 0x86, 0x08, 0x86, 0x08, 0x86, 0x08, 0x86, 0x08, 0x86, 0x08, 0x86,
    0x08, 0x86, 0x08, 0x86, 0x08, 0x86, 0x08, 0x86, 0x08, 0x86, 0x08, 0x86, 0x08, 0xa6, 0x08, 0xa6,
    0x08, 0x86, 0x08, 0x86, 0x08, 0x86, 0x08, 0x87, 0x08, 0x66, 0x00, 0x25, 0x31, 0xab, 0x31, 0xab,
    0x00, 0x45, 0x08, 0x86, 0x08, 0x86, 0x00, 0x65, 0x00, 0x45, 0x08, 0x86, 0x00, 0x66, 0x10, 0xc7,
    0x08, 0x86, 0x08, 0x86, 0x08, 0x86, 0x08, 0x86, 0x08, 0x86, 0x08, 0x86, 0x08, 0x86, 0x08, 0x86,
    0x08, 0x86, 0x08, 0x86, 0x08, 0x86, 0x08, 0x86, 0x08, 0x86, 0x08, 0x86, 0x08, 0xa6, 0x08, 0xa6,
    0x08, 0xa6, 0x08, 0xa6, 0x08, 0xa6, 0x08, 0xa6, 0x08, 0xa6, 0x08, 0xa6, 0x08, 0xa6, 0x08, 0xa6,
    0x08, 0xa6, 0x08, 0xa6, 0x08, 0xa6, 0x08, 0xa6, 0x08, 0xa6, 0x08, 0xa6, 0x08, 0xa6, 0x08, 0xa6,
    0x08, 0xa6, 0x08, 0xa6, 0x08, 0xa6, 0x08, 0xa6, 0x08, 0xa6, 0x08, 0xa6, 0x08, 0xa6, 0x08, 0xa6,
    0x08, 0xa6, 0x08, 0xa6, 0x08, 0xa6, 0x08, 0xa6, 0x08, 0xa6, 0x08, 0xa6, 0x08, 0xa6, 0x08, 0xa6,
    0x08, 0xa6, 0x08, 0xa6, 0x08, 0xa7, 0x08, 0xa7, 0x08, 0xc7, 0x08, 0xc7, 0x08, 0xc7, 0x08, 0xc7,
    0x08, 0xc7, 0x08, 0xc7, 0x08, 0xc7, 0x08, 0xc7, 0x08, 0xc7, 0x08, 0xe7, 0x08, 0xe7, 0x08, 0xe7,
    0x08, 0xe7, 0x08, 0xe8, 0x09, 0x08, 0x09, 0x08, 0x09, 0x08, 0x09, 0x08, 0x09, 0x28, 0x09, 0x29,
    0x09, 0x49, 0x09, 0x49, 0x09, 0x4a, 0x09, 0x4a, 0x09, 0x6a, 0x09, 0x8a, 0x09, 0xaa, 0x09, 0xab,
    0x09, 0xab, 0x09, 0xcb, 0x09, 0xcc, 0x11, 0xcc, 0x11, 0xcc, 0x11, 0xec, 0x1a, 0x4e, 0x01, 0xab,
    0x75, 0x9b, 0x2b, 0xd3, 0x02, 0x6d, 0x3d, 0x38, 0x4d, 0xfb, 0x6f, 0x9f, 0x4f, 0x3e, 0x57, 0x9f,
    0x4f, 0x3e, 0x5f, 0x5f, 0x5e, 0xbd, 0x66, 0x7c, 0x65, 0xdb, 0x76, 0x1c, 0x7d, 0xdb, 0x75, 0x7a,
    0x75, 0x59, 0x75, 0x59, 0x75, 0x39, 0x64, 0xf8, 0x64, 0xf7, 0x6c, 0xf8, 0x6c, 0xb7, 0x6c, 0x97,
    0x64, 0x77, 0x64, 0x56, 0x64, 0x15, 0x5b, 0xf5, 0x5b, 0xd5, 0x5b, 0xd4, 0x53, 0x73, 0x53, 0x73,
    0x53, 0x73, 0x53, 0x53, 0x53, 0x33, 0x53, 0x32, 0x4b, 0x12, 0x4b, 0x12, 0x4a, 0xf2, 0x4a, 0xf2,
    0x4a, 0xd2, 0x4a, 0xd2, 0x4a, 0xd1, 0x42, 0xb1, 0x42, 0xb1, 0x42, 0xb1, 0x42, 0xb1, 0x42, 0xb1,
    0x42, 0xb1, 0x42, 0xb1, 0x42, 0x90, 0x42, 0x90, 0x42, 0x90, 0x42, 0xb0, 0x42, 0x6f, 0x3a, 0x8f,
    0x3a, 0x8f, 0x3a, 0x8f, 0x3a, 0x8f, 0x3a, 0x8f, 0x3a, 0x8f, 0x3a, 0x8f, 0x3a, 0x6f, 0x3a, 0x6f,
    0x3a, 0x6f, 0x3a, 0x6f, 0x3a, 0x6f, 0x3a, 0x6f, 0x3a, 0x6f, 0x42, 0x6f, 0x3a, 0x2f, 0x32, 0x0e,
    0x08, 0xa8, 0x00, 0x67, 0x10, 0xe9, 0x00, 0x86, 0x00, 0x86, 0x10, 0xe8, 0x08, 0xc7, 0x08, 0xc7,
    0x08, 0xc7, 0x08, 0xc7, 0x08, 0xc7, 0x08, 0xc7, 0x08, 0xc7, 0x08, 0xa7, 0x08, 0xc7, 0x08, 0xa7,
    0x00, 0xa7, 0x00, 0xa8, 0x01, 0x0a, 0x11, 0x8c, 0x09, 0xad, 0x09, 0xae, 0x01, 0xae, 0x01, 0xce,
    0x01, 0xcf, 0x01, 0xcf, 0x01, 0xaf, 0x01, 0xaf, 0x01, 0xae, 0x01, 0xce, 0x01, 0xce, 0x01, 0xce,
    0x01, 0xce, 0x01, 0xce, 0x01, 0xce, 0x01, 0xce, 0x01, 0xce, 0x01, 0xce, 0x01, 0xce, 0x01, 0xce,
    0x01, 0xce, 0x01, 0xce, 0x01, 0xce, 0x01, 0xce, 0x01, 0xce, 0x01, 0xce, 0x01, 0xce, 0x01, 0xce,
    0x01, 0xce, 0x01, 0xce, 0x01, 0xce, 0x01, 0xce, 0x01, 0xce, 0x01, 0xce, 0x01, 0xce, 0x01, 0xce,
    0x01, 0xce, 0x01, 0xce, 0x01, 0xcf, 0x01, 0xcf, 0x01, 0xcf, 0x01, 0xcf, 0x01, 0xae, 0x09, 0xce,
    0x09, 0xce, 0x01, 0xae, 0x09, 0xae, 0x11, 0xee, 0x09, 0xad, 0x09, 0x6b, 0x00, 0xc9, 0x00, 0xc9,
    0x00, 0xc8, 0x08, 0xc8, 0x08, 0xc7, 0x08, 0xc7, 0x10, 0xc7, 0x10, 0xc7, 0x10, 0xc7, 0x10, 0xc7,
    0x10, 0xc7, 0x08, 0xc7, 0x08, 0xa7, 0x08, 0xc7, 0x08, 0xc8, 0x00, 0xc8, 0x08, 0xc8, 0x00, 0x46,
    0x42, 0x8f, 0x29, 0xec, 0x00, 0x87, 0x00, 0x87, 0x10, 0xe9, 0x08, 0x87, 0x08, 0xa7, 0x08, 0xc7,
    0x08, 0xa6, 0x08, 0xa6, 0x08, 0xa6, 0x08, 0xa6, 0x08, 0xa6, 0x08, 0xa6, 0x08, 0xa6, 0x08, 0xa6,
    0x08, 0xa6, 0x08, 0xa6, 0x08, 0xa6, 0x08, 0xa6, 0x08, 0xa6, 0x08, 0xa6, 0x08, 0xa6, 0x08, 0xa6,
    0x08, 0xa6, 0x08, 0xa6, 0x08, 0xa6, 0x08, 0xa6, 0x08, 0xa6, 0x08, 0xa6, 0x08, 0xa6, 0x08, 0xa6,
    0x08, 0xa6, 0x08, 0xa6, 0x08, 0xa6, 0x08, 0xa6, 0x08, 0xa6, 0x08, 0xa6, 0x08, 0x86, 0x08, 0x86,
    0x08, 0x86, 0x08, 0x86, 0x08, 0x86, 0x08, 0x86, 0x08, 0x86, 0x08, 0x86, 0x08, 0x86, 0x08, 0x86,
    0x08, 0x86, 0x08, 0x86, 0x08, 0x86, 0x08, 0x86, 0x08, 0x86, 0x08, 0x86, 0x08, 0xa6, 0x08, 0xa6,
    0x08, 0x86, 0x08, 0x86, 0x08, 0x86, 0x10, 0xa7, 0x08, 0x87, 0x00, 0x66, 0x19, 0x29, 0x29, 0x8b,
    0x19, 0x09, 0x00, 0x25, 0x08, 0x86, 0x08, 0xa6, 0x00, 0x65, 0x08, 0xa6, 0x08, 0x85, 0x10, 0xe7,
    0x08, 0x86, 0x08, 0x86, 0x08, 0x86, 0x08, 0x86, 0x08, 0x86, 0x08, 0x86, 0x08, 0x86, 0x08, 0x86,
    0x08, 0x86, 0x08, 0x86, 0x08, 0x86, 0x08, 0x86, 0x08, 0x86, 0x08, 0x86, 0x08, 0xa6, 0x08, 0xa6,
    0x08, 0xa6, 0x08, 0xa6, 0x08, 0xa6, 0x08, 0xa6, 0x08, 0xa6, 0x08, 0xa6, 0x08, 0xa6, 0x08, 0xa6,
    0x08, 0xa6, 0x08, 0xa6, 0x08, 0xa6, 0x08, 0xa6, 0x08, 0xa6, 0x08, 0xa6, 0x08, 0xa6, 0x08, 0xa6,
    0x08, 0xa6, 0x08, 0xa6, 0x08, 0xa6, 0x08, 0xa6, 0x08, 0xa6, 0x08, 0xa6, 0x08, 0xa6, 0x08, 0xa6,
    0x08, 0xa6, 0x08, 0xa6, 0x08, 0xa6, 0x08, 0xa6, 0x08, 0xa6, 0x08, 0xa6, 0x08, 0xa6, 0x08, 0xa6,
    0x08, 0xa6, 0x08, 0xa6, 0x08, 0xa7, 0x08, 0xa7, 0x08, 0xc7, 0x08, 0xc7, 0x08, 0xc7, 0x08, 0xc7,
    0x08, 0xc7, 0x08, 0xc7, 0x08, 0xc7, 0x08, 0xc7, 0x08, 0xc7, 0x08, 0xe7, 0x08, 0xe7, 0x08, 0xe7,
    0x08, 0xe7, 0x08, 0xe8, 0x09, 0x08, 0x09, 0x08, 0x09, 0x08, 0x09, 0x08, 0x09, 0x28, 0x09, 0x29,
    0x09, 0x49, 0x09, 0x49, 0x09, 0x4a, 0x09, 0x4a, 0x09, 0x6a, 0x09, 0x8a, 0x09, 0x8a, 0x09, 0xaa,
    0x09, 0xab, 0x09, 0xcb, 0x09, 0xcc, 0x09, 0xcc, 0x11, 0xec, 0x11, 0xec, 0x22, 0x8f, 0x01, 0x2a,
    0x6d, 0x5a, 0x4c, 0x96, 0x02, 0x2c, 0x24, 0x55, 0x7f, 0x5f, 0x5e, 0xbd, 0x5f, 0x5f, 0x67, 0xbf,
    0x57, 0x1e, 0x67, 0x5f, 0x3d, 0x78, 0x1c, 0x13, 0x3c, 0x95, 0x6d, 0xdb, 0x3b, 0xd3, 0x43, 0xd4,
    0x43, 0xd3, 0x3b, 0x93, 0x3b, 0x72, 0x33, 0x51, 0x33, 0x31, 0x33, 0x31, 0x33, 0x11, 0x3a, 0xf1,
    0x32, 0xd0, 0x32, 0xd0, 0x32, 0xaf, 0x2a, 0x8f, 0x2a, 0x6f, 0x2a, 0x6f, 0x2a, 0x4e, 0x2a, 0x4e,
    0x2a, 0x2e, 0x2a, 0x0e, 0x2a, 0x0e, 0x2a, 0x0d, 0x29, 0xed, 0x29, 0xed, 0x29, 0xcd, 0x29, 0xcd,
    0x29, 0xcd, 0x29, 0xcd, 0x21, 0xad, 0x21, 0xad, 0x21, 0xad, 0x21, 0xad, 0x29, 0xad, 0x29, 0xac,
    0x29, 0xac, 0x29, 0xac, 0x29, 0xac, 0x29, 0xac, 0x21, 0x8c, 0x21, 0xac, 0x21, 0x8c, 0x21, 0x8b,
    0x21, 0x8b, 0x21, 0x8b, 0x21, 0x8b, 0x21, 0x8b, 0x21, 0x8b, 0x21, 0x8b, 0x21, 0x8b, 0x21, 0x8b,
    0x21, 0x8b, 0x21, 0x8b, 0x21, 0x8b, 0x21, 0x8b, 0x21, 0x8b, 0x21, 0x8c, 0x29, 0xac, 0x19, 0x2a,
    0x00, 0x47, 0x08, 0xc8, 0x11, 0x09, 0x00, 0x87, 0x00, 0x66, 0x08, 0xc7, 0x08, 0xc7, 0x08, 0xc7,
    0x08, 0xc7, 0x08, 0xc7, 0x08, 0xc7, 0x08, 0xc7, 0x08, 0xc7, 0x08, 0xc7, 0x08, 0xa7, 0x08, 0xa7,
    0x08, 0xa7, 0x00, 0xa8, 0x00, 0xe9, 0x09, 0x4b, 0x09, 0xad, 0x11, 0xce, 0x09, 0xae, 0x01, 0xce,
    0x01, 0xcf, 0x01, 0xcf, 0x01, 0xcf, 0x01, 0xcf, 0x01, 0xaf, 0x01, 0xaf, 0x01, 0xce, 0x01, 0xce,
    0x01, 0xce, 0x01, 0xce, 0x01, 0xce, 0x01, 0xce, 0x01, 0xce, 0x01, 0xce, 0x01, 0xce, 0x01, 0xce,
    0x01, 0xce, 0x01, 0xce, 0x01, 0xce, 0x01, 0xce, 0x01, 0xce, 0x01, 0xce, 0x01, 0xce, 0x01, 0xce,
    0x01, 0xce, 0x01, 0xce, 0x01, 0xce, 0x01, 0xce, 0x01, 0xce, 0x01, 0xce, 0x01, 0xce, 0x01, 0xce,
    0x01, 0xce, 0x01, 0xce, 0x01, 0xcf, 0x01, 0xcf, 0x01, 0xcf, 0x01, 0xcf, 0x01, 0xcf, 0x01, 0xcf,
    0x01, 0xae, 0x01, 0xae, 0x09, 0xce, 0x11, 0xce, 0x09, 0x8c, 0x01, 0x0a, 0x00, 0xc8, 0x00, 0xc8,
    0x08, 0xc8, 0x08, 0xc8, 0x08, 0xc7, 0x08, 0xc7, 0x08, 0xc7, 0x10, 0xc7, 0x10, 0xc7, 0x10, 0xc7,
    0x08, 0xc7, 0x08, 0xa6, 0x08, 0xa7, 0x08, 0xe8, 0x08, 0xe8, 0x00, 0xa7, 0x00, 0x67, 0x19, 0x4a,
    0x42, 0xb0, 0x08, 0xe8, 0x08, 0xa8, 0x00, 0x67, 0x10, 0xe8, 0x08, 0x87, 0x08, 0xa7, 0x08, 0xc7,
    0x08, 0xa6, 0x08, 0xa6, 0x08, 0xa6, 0x08, 0xa6, 0x08, 0xa6, 0x08, 0xa6, 0x08, 0xa6, 0x08, 0xa6,
    0x08, 0xa6, 0x08, 0xa6, 0x08, 0xa6, 0x08, 0xa6, 0x08, 0xa6, 0x08, 0xa6, 0x08, 0xa6, 0x08, 0xa6,
    0x08, 0xa6, 0x08, 0xa6, 0x08, 0xa6, 0x08, 0xa6, 0x08, 0xa6, 0x08, 0xa6, 0x08, 0xa6, 0x08, 0xa6,
    0x08, 0xa6, 0x08, 0xa6, 0x08, 0xa6, 0x08, 0xa6, 0x08, 0xa6, 0x08, 0xa6, 0x08, 0x86, 0x08, 0x86,
    0x08, 0x86, 0x08, 0x86, 0x08, 0x86, 0x08, 0x86, 0x08, 0x86, 0x08, 0x86, 0x08, 0x86, 0x08, 0x86,
    0x08, 0x86, 0x08, 0x86, 0x08, 0x86, 0x08, 0x86, 0x08, 0x86, 0x08, 0x86, 0x08, 0xa6, 0x08, 0xa6,
    0x08, 0x85, 0x08, 0x86, 0x08, 0x86, 0x10, 0xa7, 0x10, 0xa7, 0x08, 0x86, 0x08, 0x87, 0x21, 0x4a,
    0x39, 0xec, 0x00, 0x25, 0x08, 0x66, 0x10, 0xc7, 0x08, 0x86, 0x08, 0x86, 0x08, 0x86, 0x10, 0xe7,
    0x08, 0x86, 0x08, 0x86, 0x08, 0x86, 0x08, 0x86, 0x08, 0x86, 0x08, 0x86, 0x08, 0x86, 0x08, 0x86,
    0x08, 0x86, 0x08, 0x86, 0x08, 0x86, 0x08, 0x86, 0x08, 0x86, 0x08, 0x86, 0x08, 0xa6, 0x08, 0xa6,
    0x08, 0xa6, 0x08, 0xa6, 0x08, 0xa6, 0x08, 0xa6, 0x08, 0xa6, 0x08, 0xa6, 0x08, 0xa6, 0x08, 0xa6,
    0x08, 0xa6, 0x08, 0xa6, 0x08, 0xa6, 0x08, 0xa6, 0x08, 0xa6, 0x08, 0xa6, 0x08, 0xa6, 0x08, 0xa6,
    0x08, 0xa6, 0x08, 0xa6, 0x08, 0xa6, 0x08, 0xa6, 0x08, 0xa6, 0x08, 0xa6, 0x08, 0xa6, 0x08, 0xa6,
    0x08, 0xa6, 0x08, 0xa6, 0x08, 0xa6, 0x08, 0xa6, 0x08, 0xa6, 0x08, 0xa6, 0x08, 0xa6, 0x08, 0xa6,
    0x08, 0xa6, 0x08, 0xa6, 0x08, 0xa7, 0x08, 0xa7, 0x08, 0xc7, 0x08, 0xc7, 0x08, 0xc7, 0x08, 0xc7,
    0x08, 0xc7, 0x08, 0xc7, 0x08, 0xc7, 0x08, 0xc7, 0x08, 0xc7, 0x08, 0xe7, 0x08, 0xe7, 0x08, 0xe7,
    0x08, 0xe7, 0x08, 0xe8, 0x08, 0xe8, 0x09, 0x08, 0x09, 0x08, 0x09, 0x08, 0x09, 0x28, 0x09, 0x29,
    0x09, 0x49, 0x09, 0x49, 0x09, 0x4a, 0x09, 0x4a, 0x09, 0x6a, 0x09, 0x8a, 0x09, 0x8a, 0x09, 0xaa,
    0x09, 0xab, 0x09, 0xab, 0x09, 0xcc, 0x09, 0xec, 0x09, 0xec, 0x09, 0xec, 0x12, 0x4e, 0x01, 0x2a,
    0x5c, 0xd8, 0x5d, 0x19, 0x01, 0xec, 0x0b, 0x51, 0x55, 0xba, 0x7f, 0x5f, 0x6f, 0x5f, 0x5e, 0xfe,
    0x66, 0xfe, 0x66, 0xde, 0x2c, 0x95, 0x02, 0x0c, 0x2c, 0x14, 0x65, 0x7a, 0x01, 0xab, 0x01, 0xcb,
    0x01, 0xcc, 0x01, 0xab, 0x01, 0x8a, 0x01, 0x8a, 0x01, 0x8a, 0x01, 0x4a, 0x01, 0x29, 0x01, 0x09,
    0x01, 0x09, 0x00, 0xe9, 0x00, 0xe9, 0x00, 0xe8, 0x00, 0xc8, 0x00, 0xc8, 0x00, 0xc8, 0x00, 0xc8,
    0x00, 0xa8, 0x00, 0xa8, 0x00, 0x88, 0x00, 0x88, 0x00, 0x88, 0x00, 0x67, 0x00, 0x67, 0x00, 0x67,
    0x00, 0x67, 0x00, 0x67, 0x00, 0x68, 0x00, 0x68, 0x00, 0x87, 0x00, 0x87, 0x00, 0x67, 0x00, 0x67,
    0x00, 0x67, 0x00, 0x67, 0x00, 0x67, 0x00, 0x67, 0x00, 0x67, 0x00, 0x67, 0x00, 0x67, 0x00, 0x67,
    0x00, 0x67, 0x00, 0x67, 0x00, 0x67, 0x00, 0x67, 0x00, 0x67, 0x00, 0x67, 0x00, 0x67, 0x00, 0x87,
    0x00, 0x67, 0x00, 0x87, 0x00, 0x67, 0x00, 0x87, 0x00, 0x67, 0x00, 0x67, 0x00, 0x67, 0x00, 0x87,
    0x08, 0xa8, 0x10, 0xe9, 0x08, 0xc8, 0x08, 0xa7, 0x08, 0xc7, 0x08, 0xa7, 0x08, 0xc7, 0x08, 0xc7,
    0x08, 0xc7, 0x08, 0xc7, 0x08, 0xc7, 0x08, 0xc7, 0x08, 0xc7, 0x08, 0xc7, 0x08, 0xa6, 0x08, 0xa6,
    0x08, 0xc7, 0x00, 0xa7, 0x00, 0xa8, 0x01, 0x0a, 0x09, 0x6c, 0x11, 0xee, 0x09, 0xae, 0x01, 0xae,
    0x01, 0xce, 0x01, 0xcf, 0x01, 0xcf, 0x01, 0xcf, 0x01, 0xcf, 0x01, 0xcf, 0x01, 0xce, 0x01, 0xce,
    0x01, 0xce, 0x01, 0xce, 0x01, 0xce, 0x01, 0xce, 0x01, 0xce, 0x01, 0xce, 0x01, 0xce, 0x01, 0xce,
    0x01, 0xce, 0x01, 0xce, 0x01, 0xce, 0x01, 0xce, 0x01, 0xce, 0x01, 0xce, 0x01, 0xce, 0x01, 0xce,
    0x01, 0xce, 0x01, 0xce, 0x01, 0xce, 0x01, 0xce, 0x01, 0xce, 0x01, 0xce, 0x01, 0xce, 0x01, 0xce,
    0x01, 0xce, 0x01, 0xce, 0x01, 0xcf, 0x01, 0xcf, 0x01, 0xcf, 0x01, 0xcf, 0x01, 0xcf, 0x01, 0xcf,
    0x01, 0xae, 0x01, 0xce, 0x11, 0xce, 0x09, 0xad, 0x09, 0x4b, 0x00, 0xc8, 0x00, 0xc8, 0x00, 0xc8,
    0x08, 0xc8, 0x08, 0xc7, 0x08, 0xc7, 0x08, 0xc7, 0x08, 0xc7, 0x08, 0xc7, 0x08, 0xa7, 0x10, 0xc7,
    0x08, 0xa7, 0x08, 0xa7, 0x08, 0xc8, 0x10, 0xe8, 0x08, 0xc8, 0x00, 0xa7, 0x00, 0x67, 0x4a, 0xd0,
    0x19, 0x2a, 0x00, 0x87, 0x10, 0xe9, 0x00, 0x87, 0x08, 0xa8, 0x10, 0xc8, 0x08, 0xa7, 0x08, 0xc7,
    0x08, 0xa6, 0x08, 0xa6, 0x08, 0xa6, 0x08, 0xa6, 0x08, 0xa6, 0x08, 0xa6, 0x08, 0xc7, 0x08, 0xc7,
    0x08, 0xa6, 0x08, 0xa6, 0x08, 0xa6, 0x08, 0xa6, 0x08, 0xa6, 0x08, 0xa6, 0x08, 0xa6, 0x08, 0xa6,
    0x08, 0xa6, 0x08, 0xa6, 0x08, 0xa6, 0x08, 0xa6, 0x08, 0xa6, 0x08, 0xa6, 0x08, 0xa6, 0x08, 0xa6,
    0x08, 0xa6, 0x08, 0xa6, 0x08, 0xa6, 0x08, 0xa6, 0x08, 0xa6, 0x08, 0xa6, 0x08, 0x86, 0x08, 0x86,
    0x08, 0x86, 0x08, 0x86, 0x08, 0x86, 0x08, 0x86, 0x08, 0x86, 0x08, 0x86, 0x08, 0x86, 0x08, 0x86,
    0x08, 0x86, 0x08, 0x86, 0x08, 0x86, 0x08, 0x86, 0x08, 0x86, 0x08, 0x86, 0x08, 0xa6, 0x08, 0x85,
    0x08, 0x85, 0x08, 0x85, 0x08, 0x86, 0x08, 0xa6, 0x08, 0xa7, 0x08, 0x87, 0x00, 0x46, 0x19, 0x09,
    0x3a, 0x0c, 0x18, 0xe8, 0x00, 0x66, 0x08, 0x86, 0x08, 0xa7, 0x08, 0x86, 0x00, 0x65, 0x10, 0xe7,
    0x08, 0x86, 0x08, 0x86, 0x08, 0x86, 0x08, 0x86, 0x08, 0x86, 0x08, 0x86, 0x08, 0x86, 0x08, 0x86,
    0x08, 0x86, 0x08, 0x86, 0x08, 0x86, 0x08, 0x86, 0x08, 0x86, 0x08, 0x86, 0x08, 0xa6, 0x08, 0xa6,
    0x08, 0xa6, 0x08, 0xa6, 0x08, 0xa6, 0x08, 0xa6, 0x08, 0xa6, 0x08, 0xa6, 0x08, 0xa6, 0x08, 0xa6,
    0x08, 0xa6, 0x08, 0xa6, 0x08, 0xa6, 0x08, 0xa6, 0x08, 0xa6, 0x08, 0xa6, 0x08, 0xa6, 0x08, 0xa6,
    0x08, 0xa6, 0x08, 0xa6, 0x08, 0xa6, 0x08, 0xa6, 0x08, 0xa6, 0x08, 0xa6, 0x08, 0xa6, 0x08, 0xa6,
    0x08, 0xa6, 0x08, 0xa6, 0x08, 0xa6, 0x08, 0xa6, 0x08, 0xa6, 0x08, 0xa6, 0x08, 0xa6, 0x08, 0xa6,
    0x08, 0xa6, 0x08, 0xa6, 0x08, 0xa7, 0x08, 0xa7, 0x08, 0xc7, 0x08, 0xc7, 0x08, 0xc7, 0x08, 0xc7,
    0x08, 0xc7, 0x08, 0xc7, 0x08, 0xc7, 0x08, 0xc7, 0x08, 0xc7, 0x08, 0xe7, 0x08, 0xe7, 0x08, 0xe7,
    0x08, 0xe7, 0x08, 0xe8, 0x08, 0xe8, 0x09, 0x08, 0x09, 0x08, 0x09, 0x08, 0x09, 0x28, 0x09, 0x29,
    0x09, 0x49, 0x09, 0x49, 0x09, 0x4a, 0x09, 0x4a, 0x09, 0x6a, 0x09, 0x6a, 0x09, 0x8a, 0x09, 0x8a,
    0x09, 0xab, 0x09, 0xcb, 0x09, 0xcc, 0x09, 0xec, 0x09, 0xec, 0x09, 0xec, 0x09, 0xec, 0x12, 0x2e,
    0x2b, 0x11, 0x7e, 0x1d, 0x12, 0xd0, 0x02, 0x2d, 0x13, 0xb2, 0x66, 0x3c, 0x66, 0xbe, 0x66, 0x9d,
    0x5e, 0x5c, 0x34, 0xf7, 0x02, 0xef, 0x02, 0xcf, 0x65, 0x79, 0x54, 0xb7, 0x01, 0xcc, 0x0a, 0x0d,
    0x12, 0x2d, 0x09, 0xec, 0x09, 0xec, 0x11, 0xec, 0x11, 0xec, 0x09, 0xcb, 0x09, 0xab, 0x09, 0xab,
    0x09, 0x8b, 0x09, 0x6a, 0x09, 0x6a, 0x09, 0x4a, 0x09, 0x4a, 0x09, 0x4a, 0x09, 0x4a, 0x11, 0x4a,
    0x11, 0x2a, 0x11, 0x2a, 0x11, 0x0a, 0x11, 0x0a, 0x11, 0x09, 0x09, 0x09, 0x08, 0xe9, 0x08, 0xe9,
    0x08, 0xe9, 0x08, 0xe9, 0x10, 0xe9, 0x10, 0xe9, 0x10, 0xe9, 0x10, 0xe9, 0x08, 0xc8, 0x08, 0xc8,
    0x08, 0xc8, 0x08, 0xc8, 0x08, 0xc8, 0x08, 0xc8, 0x08, 0xc8, 0x08, 0xc8, 0x08, 0xc8, 0x08, 0xc8,
    0x08, 0xc8, 0x08, 0xc8, 0x08, 0xc8, 0x08, 0xc8, 0x08, 0xc8, 0x08, 0xc8, 0x08, 0xc8, 0x08, 0xc8,
    0x08, 0xc8, 0x08, 0xc8, 0x08, 0xc8, 0x08, 0xc8, 0x08, 0xc8, 0x08, 0xc8, 0x00, 0x87, 0x08, 0xa8,
    0x11, 0x09, 0x08, 0xc8, 0x00, 0x66, 0x08, 0xa7, 0x10, 0xe8, 0x08, 0xe7, 0x08, 0xc7, 0x08, 0xc7,
    0x08, 0xc7, 0x08, 0xc7, 0x08, 0xc7, 0x08, 0xc7, 0x08, 0xc7, 0x08, 0xc7, 0x08, 0x86, 0x08, 0xa6,
    0x08, 0xc7, 0x00, 0xa7, 0x00, 0xa7, 0x00, 0xc8, 0x09, 0x4b, 0x11, 0xad, 0x09, 0xae, 0x09, 0xae,
    0x01, 0xae, 0x01, 0xaf, 0x01, 0xcf, 0x01, 0xcf, 0x01, 0xcf, 0x01, 0xcf, 0x01, 0xce, 0x01, 0xce,
    0x01, 0xce, 0x01, 0xce, 0x01, 0xce, 0x01, 0xce, 0x01, 0xce, 0x01, 0xce, 0x01, 0xce, 0x01, 0xce,
    0x01, 0xce, 0x01, 0xce, 0x01, 0xce, 0x01, 0xce, 0x01, 0xce, 0x01, 0xce, 0x01, 0xce, 0x01, 0xce,
    0x01, 0xce, 0x01, 0xce, 0x01, 0xce, 0x01, 0xce, 0x01, 0xce, 0x01, 0xce, 0x01, 0xce, 0x01, 0xce,
    0x01, 0xce, 0x01, 0xce, 0x01, 0xce, 0x01, 0xce, 0x01, 0xce, 0x01, 0xcf, 0x01, 0xcf, 0x01, 0xcf,
    0x01, 0xae, 0x09, 0xce, 0x09, 0xcd, 0x09, 0x6c, 0x01, 0x09, 0x00, 0xa7, 0x00, 0xa7, 0x08, 0xc7,
    0x08, 0xc7, 0x08, 0xc7, 0x08, 0xc7, 0x08, 0xc7, 0x08, 0xc7, 0x08, 0xc7, 0x00, 0x86, 0x08, 0xc7,
    0x08, 0xa7, 0x08, 0xa7, 0x10, 0xe8, 0x08, 0xc8, 0x00, 0x87, 0x00, 0xa7, 0x29, 0xac, 0x42, 0x8f,
    0x00, 0x46, 0x08, 0xa8, 0x08, 0xc8, 0x08, 0xa7, 0x08, 0xa7, 0x08, 0xc7, 0x08, 0xa7, 0x08, 0xc7,
    0x08, 0xa6, 0x08, 0xa6, 0x08, 0xa6, 0x08, 0xa6, 0x08, 0xa6, 0x08, 0xa6, 0x08, 0xc7, 0x08, 0xc7,
    0x08, 0xa6, 0x08, 0xa6, 0x08, 0xa6, 0x08, 0xa6, 0x08, 0xa6, 0x08, 0xa6, 0x08, 0xa6, 0x08, 0xa6,
    0x08, 0xa6, 0x08, 0xa6, 0x08, 0xa6, 0x08, 0xa6, 0x08, 0xa6, 0x08, 0xa6, 0x08, 0xa6, 0x08, 0xa6,
    0x08, 0xa6, 0x08, 0xa6, 0x08, 0xa6, 0x08, 0xa6, 0x08, 0xa6, 0x08, 0xa6, 0x08, 0x86, 0x08, 0x86,
    0x08, 0x86, 0x08, 0x86, 0x08, 0x86, 0x08, 0x86, 0x08, 0x86, 0x08, 0x86, 0x08, 0x86, 0x08, 0x86,
    0x08, 0x86, 0x08, 0x86, 0x08, 0x86, 0x08, 0x86, 0x08, 0x86, 0x08, 0x86, 0x08, 0xa6, 0x08, 0x85,
    0x08, 0x85, 0x08, 0x85, 0x08, 0x86, 0x08, 0x86, 0x08, 0x86, 0x08, 0x86, 0x08, 0x66, 0x08, 0x87,
    0x21, 0x29, 0x39, 0xec, 0x08, 0x87, 0x00, 0x25, 0x10, 0xc7, 0x00, 0x66, 0x00, 0x86, 0x08, 0xe7,
    0x08, 0x86, 0x08, 0x86, 0x08, 0x86, 0x08, 0x86, 0x08, 0x86, 0x08, 0x86, 0x08, 0x86, 0x08, 0x86,
    0x08, 0x86, 0x08, 0x86, 0x08, 0x86, 0x08, 0x86, 0x08, 0x86, 0x08, 0x86, 0x08, 0xa6, 0x08, 0xa6,
    0x08, 0xa6, 0x08, 0xa6, 0x08, 0xa6, 0x08, 0xa6, 0x08, 0xa6, 0x08, 0xa6, 0x08, 0xa6, 0x08, 0xa6,
    0x08, 0xa6, 0x08, 0xa6, 0x08, 0xa6, 0x08, 0xa6, 0x08, 0xa6, 0x08, 0xa6, 0x08, 0xa6, 0x08, 0xa6,
    0x08, 0xa6, 0x08, 0xa6, 0x08, 0xa6, 0x08, 0xa6, 0x08, 0xa6, 0x08, 0xa6, 0x08, 0xa6, 0x08, 0xa6,
    0x08, 0xa6, 0x08, 0xa6, 0x08, 0xa6, 0x08, 0xa6, 0x08, 0xa6, 0x08, 0xa6, 0x08, 0xa6, 0x08, 0xa6,
    0x08, 0xa6, 0x08, 0xa6, 0x08, 0xa7, 0x08, 0xa7, 0x08, 0xc7, 0x08, 0xc7, 0x08, 0xc7, 0x08, 0xc7,
    0x08, 0xc7, 0x08, 0xc7, 0x08, 0xc7, 0x08, 0xc7, 0x08, 0xc7, 0x08, 0xc7, 0x08, 0xe7, 0x08, 0xe7,
    0x08, 0xe7, 0x08, 0xe8, 0x08, 0xe8, 0x09, 0x08, 0x09, 0x08, 0x09, 0x08, 0x09, 0x28, 0x09, 0x29,
    0x09, 0x49, 0x09, 0x49, 0x09, 0x4a, 0x09, 0x4a, 0x09, 0x6a, 0x09, 0x6a, 0x09, 0x8a, 0x09, 0x8a,
    0x09, 0xab, 0x09, 0xcb, 0x09, 0xcb, 0x01, 0xec, 0x09, 0xec, 0x0a, 0x0c, 0x01, 0xec, 0x12, 0x6e,
    0x01, 0x8b, 0x65, 0x19, 0x65, 0x7a, 0x02, 0x4e, 0x0a, 0xf0, 0x02, 0x8e, 0x23, 0xf3, 0x2c, 0x55,
    0x13, 0x92, 0x02, 0xcf, 0x02, 0x0c, 0x3c, 0x76, 0x65, 0x59, 0x1a, 0xf0, 0x01, 0xec, 0x0a, 0x0d,
    0x0a, 0x0d, 0x09, 0xcc, 0x09, 0xac, 0x09, 0xcc, 0x09, 0xab, 0x09, 0x8b, 0x11, 0xab, 0x09, 0xab,
    0x09, 0x8b, 0x09, 0x6a, 0x09, 0x6a, 0x09, 0x4a, 0x09, 0x4a, 0x09, 0x4a, 0x09, 0x2a, 0x09, 0x2a,
    0x11, 0x2a, 0x09, 0x2a, 0x11, 0x0a, 0x09, 0x09, 0x09, 0x09, 0x09, 0x09, 0x08, 0xe9, 0x08, 0xe9,
    0x08, 0xe8, 0x08, 0xe8, 0x08, 0xc8, 0x08, 0xc8, 0x08, 0xc8, 0x08, 0xc8, 0x08, 0xc8, 0x08, 0xc8,
    0x08, 0xc8, 0x08, 0xc8, 0x08, 0xc8, 0x08, 0xc7, 0x08, 0xc7, 0x08, 0xc8, 0x08, 0xc8, 0x08, 0xc8,
    0x08, 0xc8, 0x08, 0xc8, 0x08, 0xc8, 0x08, 0xc8, 0x08, 0xc8, 0x08, 0xc8, 0x08, 0xc8, 0x08, 0xc8,
    0x08, 0xc8, 0x08, 0xc8, 0x08, 0xc8, 0x08, 0xc8, 0x08, 0xc8, 0x08, 0xc8, 0x11, 0x09, 0x08, 0xa8,
    0x08, 0xe8, 0x08, 0xc8, 0x00, 0xa7, 0x08, 0xc7, 0x08, 0xa7, 0x08, 0xc7, 0x08, 0xc7, 0x08, 0xc7,
    0x08, 0xc7, 0x08, 0xc7, 0x08, 0xc7, 0x08, 0xc7, 0x08, 0xc7, 0x08, 0xc7, 0x08, 0xa6, 0x08, 0xa6,
    0x08, 0xa7, 0x08, 0xa7, 0x00, 0xa7, 0x00, 0xa8, 0x01, 0x0a, 0x09, 0x6c, 0x09, 0xad, 0x09, 0xae,
    0x09, 0xae, 0x01, 0xce, 0x01, 0xaf, 0x01, 0xcf, 0x01, 0xcf, 0x01, 0xcf, 0x01, 0xcf, 0x01, 0xce,
    0x01, 0xce, 0x01, 0xce, 0x01, 0xce, 0x01, 0xce, 0x01, 0xce, 0x01, 0xce, 0x01, 0xce, 0x01, 0xce,
    0x01, 0xce, 0x01, 0xce, 0x01, 0xce, 0x01, 0xce, 0x01, 0xce, 0x01, 0xce, 0x01, 0xce, 0x01, 0xce,
    0x01, 0xce, 0x01, 0xce, 0x01, 0xce, 0x01, 0xce, 0x01, 0xce, 0x01, 0xce, 0x01, 0xce, 0x01, 0xce,
    0x01, 0xce, 0x01, 0xce, 0x01, 0xce, 0x01, 0xce, 0x01, 0xce, 0x01, 0xcf, 0x01, 0xef, 0x01, 0xcf,
    0x01, 0xce, 0x09, 0xce, 0x09, 0x8c, 0x01, 0x2a, 0x00, 0xc8, 0x00, 0xa7, 0x00, 0xa7, 0x08, 0xa7,
    0x08, 0xc7, 0x08, 0xc7, 0x08, 0xc7, 0x08, 0xc7, 0x08, 0xc7, 0x08, 0xc7, 0x00, 0x86, 0x08, 0xc7,
    0x08, 0xc7, 0x08, 0xa7, 0x08, 0xe8, 0x00, 0x87, 0x00, 0x66, 0x11, 0x09, 0x4a, 0xf0, 0x08, 0xe8,
    0x00, 0xa7, 0x08, 0xe8, 0x00, 0x87, 0x08, 0xc8, 0x08, 0xc7, 0x00, 0x86, 0x08, 0xa7, 0x08, 0xc7,
    0x08, 0xa6, 0x08, 0xa6, 0x08, 0xa6, 0x08, 0xa6, 0x08, 0xa6, 0x08, 0xa6, 0x08, 0xc7, 0x08, 0xc7,
    0x08, 0xa6, 0x08, 0xa6, 0x08, 0xa6, 0x08, 0xa6, 0x08, 0xa6, 0x08, 0xa6, 0x08, 0xa6, 0x08, 0xa6,
    0x08, 0xa6, 0x08, 0xa6, 0x08, 0xa6, 0x08, 0xa6, 0x08, 0xa6, 0x08, 0xa6, 0x08, 0xa6, 0x08, 0xa6,
    0x08, 0xa6, 0x08, 0xa6, 0x08, 0xa6, 0x08, 0xa6, 0x08, 0xa6, 0x08, 0xa6, 0x08, 0x86, 0x08, 0x86,
    0x08, 0x86, 0x08, 0x86, 0x08, 0x86, 0x08, 0x86, 0x08, 0x86, 0x08, 0x86, 0x08, 0x86, 0x08, 0x86,
    0x08, 0x86, 0x08, 0x86, 0x08, 0x86, 0x08, 0x86, 0x08, 0x86, 0x08, 0x86, 0x08, 0xa6, 0x08, 0x85,
    0x08, 0x85, 0x08, 0x85, 0x08, 0x85, 0x08, 0x65, 0x08, 0x86, 0x08, 0x86, 0x08, 0x86, 0x00, 0x45,
    0x00, 0x66, 0x3a, 0x0d, 0x19, 0x09, 0x08, 0x66, 0x10, 0xc8, 0x08, 0x86, 0x00, 0x85, 0x10, 0xe7,
    0x08, 0x86, 0x08, 0x86, 0x08, 0x86, 0x08, 0x86, 0x08, 0x86, 0x08, 0x86, 0x08, 0x86, 0x08, 0x86,
    0x08, 0x86, 0x08, 0x86, 0x08, 0x86, 0x08, 0x86, 0x08, 0x86, 0x08, 0x86, 0x08, 0xa6, 0x08, 0xa6,
    0x08, 0xa6, 0x08, 0xa6, 0x08, 0xa6, 0x08, 0xa6, 0x08, 0xa6, 0x08, 0xa6, 0x08, 0xa6, 0x08, 0xa6,
    0x08, 0xa6, 0x08, 0xa6, 0x08, 0xa6, 0x08, 0xa6, 0x08, 0xa6, 0x08, 0xa6, 0x08, 0xa6, 0x08, 0xa6,
    0x08, 0xa6, 0x08, 0xa6, 0x08, 0xa6, 0x08, 0xa6, 0x08, 0xa6, 0x08, 0xa6, 0x08, 0xa6, 0x08, 0xa6,
    0x08, 0xa6, 0x08, 0xa6, 0x08, 0xa6, 0x08, 0xa6, 0x08, 0xa6, 0x08, 0xa6, 0x08, 0xa6, 0x08, 0xa6,
    0x08, 0xa6, 0x08, 0xa6, 0x08, 0xa7, 0x08, 0xa7, 0x08, 0xc7, 0x08, 0xc7, 0x08, 0xc7, 0x08, 0xc7,
    0x08, 0xc7, 0x08, 0xc7, 0x08, 0xc7, 0x08, 0xc7, 0x08, 0xc7, 0x08, 0xc7, 0x08, 0xe7, 0x08, 0xe7,
    0x08, 0xe7, 0x08, 0xe8, 0x08, 0xe8, 0x09, 0x08, 0x09, 0x08, 0x09, 0x08, 0x09, 0x28, 0x09, 0x29,
    0x09, 0x49, 0x09, 0x49, 0x09, 0x4a, 0x09, 0x4a, 0x09, 0x6a, 0x09, 0x6a, 0x09, 0x6a, 0x09, 0x8a,
    0x09, 0x8a, 0x09, 0xab, 0x01, 0xcb, 0x01, 0xec, 0x01, 0xec, 0x02, 0x0c, 0x01, 0xec, 0x0a, 0x2d,
    0x0a, 0x4e, 0x02, 0x0c, 0x75, 0xbb, 0x54, 0xd8, 0x0a, 0x8f, 0x0a, 0xcf, 0x02, 0x2d, 0x02, 0x2d,
    0x02, 0x0c, 0x23, 0x72, 0x4c, 0xd7, 0x75, 0xbb, 0x3c, 0x14, 0x02, 0x0d, 0x12, 0x6e, 0x12, 0x4e,
    0x12, 0x2d, 0x12, 0x0d, 0x11, 0xed, 0x11, 0xed, 0x11, 0xcc, 0x11, 0xcc, 0x09, 0xab, 0x09, 0xab,
    0x09, 0x8b, 0x09, 0x8a, 0x09, 0x6a, 0x09, 0x6a, 0x11, 0x6a, 0x11, 0x6a, 0x09, 0x09, 0x09, 0x09,
    0x09, 0x09, 0x08, 0xe9, 0x08, 0xe9, 0x08, 0xe9, 0x08, 0xc8, 0x08, 0xc8, 0x08, 0xe8, 0x08, 0xc8,
    0x08, 0xc8, 0x08, 0xc8, 0x08, 0xc7, 0x08, 0xa7, 0x08, 0xa7, 0x08, 0xa7, 0x08, 0xc7, 0x08, 0xc7,
    0x08, 0xa7, 0x08, 0xc7, 0x08, 0xc7, 0x08, 0xa7, 0x08, 0xa7, 0x08, 0xa7, 0x08, 0xc7, 0x08, 0xc7,
    0x08, 0xc8, 0x08, 0xc7, 0x08, 0xc8, 0x08, 0xc7, 0x08, 0xc8, 0x08, 0xc7, 0x08, 0xa8, 0x08, 0xc7,
    0x08, 0xa8, 0x08, 0xc7, 0x08, 0xa8, 0x08, 0xc7, 0x08, 0xa8, 0x08, 0xc8, 0x08, 0xc8, 0x00, 0x87,
    0x08, 0xc8, 0x08, 0xc7, 0x08, 0xe8, 0x10, 0xe8, 0x00, 0x86, 0x08, 0xc7, 0x08, 0xc7, 0x08, 0xc7,
    0x08, 0xc7, 0x08, 0xc7, 0x08, 0xc7, 0x08, 0xc7, 0x08, 0xc7, 0x08, 0xc6, 0x10, 0xa6, 0x08, 0xa6,
    0x08, 0xa6, 0x08, 0xa7, 0x00, 0xa7, 0x00, 0xa8, 0x00, 0xe9, 0x01, 0x2a, 0x11, 0xad, 0x09, 0xad,
    0x09, 0xae, 0x09, 0xae, 0x01, 0xaf, 0x01, 0xcf, 0x01, 0xcf, 0x01, 0xcf, 0x01, 0xcf, 0x01, 0xce,
    0x01, 0xce, 0x01, 0xce, 0x01, 0xce, 0x01, 0xce, 0x01, 0xce, 0x01, 0xce, 0x01, 0xce, 0x01, 0xce,
    0x01, 0xce, 0x01, 0xce, 0x01, 0xce, 0x01, 0xce, 0x01, 0xce, 0x01, 0xce, 0x01, 0xce, 0x01, 0xce,
    0x01, 0xce, 0x01, 0xce, 0x01, 0xce, 0x01, 0xce, 0x01, 0xce, 0x01, 0xce, 0x01, 0xce, 0x01, 0xce,
    0x01, 0xce, 0x01, 0xce, 0x01, 0xce, 0x01, 0xce, 0x01, 0xce, 0x01, 0xcf, 0x01, 0xcf, 0x01, 0xcf,
    0x01, 0xcf, 0x09, 0xce, 0x09, 0x6b, 0x00, 0xc8, 0x00, 0x87, 0x08, 0xa7, 0x08, 0xa6, 0x08, 0xa6,
    0x08, 0xa6, 0x08, 0xc7, 0x08, 0xa7, 0x08, 0xc7, 0x08, 0xc7, 0x08, 0xc8, 0x00, 0x87, 0x08, 0xc8,
    0x08, 0xa7, 0x08, 0xa7, 0x08, 0xc8, 0x00, 0x67, 0x08, 0xa8, 0x31, 0xed, 0x3a, 0x4e, 0x00, 0x46,
    0x10, 0xe8, 0x08, 0xc8, 0x08, 0xa7, 0x08, 0xc7, 0x08, 0xa7, 0x00, 0x86, 0x08, 0xa7, 0x08, 0xc7,
    0x08, 0xa6, 0x08, 0xa6, 0x08, 0xa6, 0x08, 0xa6, 0x08, 0xa6, 0x08, 0xa6, 0x08, 0xa6, 0x08, 0xa6,
    0x08, 0xa6, 0x08, 0xa6, 0x08, 0xa6, 0x08, 0xa6, 0x08, 0xa6, 0x08, 0xa6, 0x08, 0xa6, 0x08, 0xa6,
    0x08, 0xa6, 0x08, 0xa6, 0x08, 0xa6, 0x08, 0xa6, 0x08, 0xa6, 0x08, 0xa6, 0x08, 0xa6, 0x08, 0xa6,
    0x08, 0xa6, 0x08, 0xa6, 0x08, 0xa6, 0x08, 0xa6, 0x08, 0xa6, 0x08, 0xa6, 0x08, 0x86, 0x08, 0x86,
    0x08, 0x86, 0x08, 0x86, 0x08, 0x86, 0x08, 0x86, 0x08, 0x86, 0x08, 0x86, 0x08, 0x86, 0x08, 0x86,
    0x08, 0x86, 0x08, 0x86, 0x08, 0x86, 0x08, 0x86, 0x08, 0x86, 0x08, 0x86, 0x08, 0x85, 0x08, 0x85,
    0x08, 0x85, 0x08, 0xa6, 0x08, 0xa6, 0x08, 0x86, 0x08, 0x86, 0x08, 0x86, 0x08, 0x66, 0x00, 0x46,
    0x00, 0x25, 0x19, 0x09, 0x31, 0xab, 0x19, 0x09, 0x00, 0x66, 0x08, 0x86, 0x08, 0x86, 0x10, 0xe7,
    0x08, 0x86, 0x08, 0x86, 0x08, 0x86, 0x08, 0x86, 0x08, 0x86, 0x08, 0x86, 0x08, 0x86, 0x08, 0x86,
    0x08, 0x86, 0x08, 0x86, 0x08, 0x86, 0x08, 0x86, 0x08, 0x86, 0x08, 0x86, 0x08, 0xa6, 0x08, 0xa6,
    0x08, 0xa6, 0x08, 0xa6, 0x08, 0xa6, 0x08, 0xa6, 0x08, 0xa6, 0x08, 0xa6, 0x08, 0xa6, 0x08, 0xa6,
    0x08, 0xa6, 0x08, 0xa6, 0x08, 0xa6, 0x08, 0xa6, 0x08, 0xa6, 0x08, 0xa6, 0x08, 0xa6, 0x08, 0xa6,
    0x08, 0xa6, 0x08, 0xa6, 0x08, 0xa6, 0x08, 0xa6, 0x08, 0xa6, 0x08, 0xa6, 0x08, 0xa6, 0x08, 0xa6,
    0x08, 0xa6, 0x08, 0xa6, 0x08, 0xa6, 0x08, 0xa6, 0x08, 0xa6, 0x08, 0xa6, 0x08, 0xa6, 0x08, 0xa6,
    0x08, 0xa6, 0x08, 0xa6, 0x08, 0xa7, 0x08, 0xa7, 0x08, 0xc7, 0x08, 0xc7, 0x08, 0xc7, 0x08, 0xc7,
    0x08, 0xc7, 0x08, 0xc7, 0x08, 0xc7, 0x08, 0xc7, 0x08, 0xc7, 0x08, 0xc7, 0x08, 0xe7, 0x08, 0xe7,
    0x08, 0xe7, 0x08, 0xe8, 0x08, 0xe8, 0x09, 0x08, 0x09, 0x08, 0x09, 0x08, 0x09, 0x08, 0x09, 0x29,
    0x09, 0x49, 0x09, 0x49, 0x09, 0x4a, 0x09, 0x4a, 0x09, 0x6a, 0x09, 0x6a, 0x11, 0x6a, 0x09, 0x6a,
    0x09, 0x8a, 0x09, 0xab, 0x01, 0xcb, 0x01, 0xeb, 0x02, 0x0c, 0x02, 0x0c, 0x02, 0x0c, 0x1a, 0x8f,
    0x12, 0x8f, 0x01, 0xec, 0x02, 0x0d, 0x75, 0x9b, 0x6d, 0x7a, 0x5d, 0x19, 0x4c, 0x76, 0x54, 0xb7,
    0x5d, 0x19, 0x65, 0x19, 0x75, 0xbb, 0x2b, 0x72, 0x01, 0xcc, 0x12, 0x8f, 0x0a, 0x4e, 0x0a, 0x0d,
    0x09, 0xcc, 0x09, 0xcc, 0x09, 0xcc, 0x09, 0xac, 0x09, 0x8b, 0x11, 0x8b, 0x09, 0xab, 0x09, 0x8b,
    0x09, 0x8a, 0x09, 0x6a, 0x09, 0x4a, 0x01, 0x49, 0x01, 0x29, 0x09, 0x29, 0x09, 0x4a, 0x09, 0x2a,
    0x09, 0x29, 0x09, 0x09, 0x09, 0x09, 0x09, 0x09, 0x09, 0x09, 0x08, 0xe9, 0x08, 0xe8, 0x10, 0xe8,
    0x10, 0xe8, 0x10, 0xe8, 0x08, 0xe8, 0x08, 0xe8, 0x10, 0xe8, 0x08, 0xe7, 0x08, 0xe7, 0x08, 0xe7,
    0x10, 0xc7, 0x10, 0xc7, 0x10, 0xc7, 0x10, 0xc7, 0x08, 0xc7, 0x08, 0xc7, 0x08, 0xa7, 0x08, 0xa7,
    0x08, 0xa7, 0x08, 0xa7, 0x08, 0xa7, 0x08, 0xa7, 0x08, 0xa7, 0x08, 0xa7, 0x08, 0xa7, 0x08, 0xa7,
    0x08, 0xa7, 0x08, 0xa7, 0x08, 0xa7, 0x08, 0xa7, 0x08, 0xa7, 0x08, 0xc7, 0x08, 0xa7, 0x08, 0xc8,
    0x11, 0x29, 0x00, 0x87, 0x00, 0x86, 0x10, 0xe8, 0x00, 0xa6, 0x08, 0xe7, 0x08, 0xc7, 0x08, 0xc7,
    0x08, 0xc7, 0x08, 0xc7, 0x08, 0xc7, 0x08, 0xc7, 0x08, 0xc7, 0x08, 0xc6, 0x10, 0xc6, 0x08, 0xa6,
    0x08, 0xa6, 0x08, 0xa7, 0x08, 0xa7, 0x00, 0xa7, 0x00, 0xa8, 0x00, 0xe9, 0x11, 0xac, 0x11, 0xad,
    0x09, 0xae, 0x09, 0xae, 0x01, 0xae, 0x01, 0xaf, 0x01, 0xcf, 0x01, 0xcf, 0x01, 0xcf, 0x01, 0xce,
    0x01, 0xce, 0x01, 0xce, 0x01, 0xce, 0x01, 0xce, 0x01, 0xce, 0x01, 0xce, 0x01, 0xce, 0x01, 0xce,
    0x01, 0xce, 0x01, 0xce, 0x01, 0xce, 0x01, 0xce, 0x01, 0xce, 0x01, 0xce, 0x01, 0xce, 0x01, 0xce,
    0x01, 0xce, 0x01, 0xce, 0x01, 0xce, 0x01, 0xce, 0x01, 0xce, 0x01, 0xce, 0x01, 0xce, 0x01, 0xce,
    0x01, 0xce, 0x01, 0xce, 0x01, 0xce, 0x01, 0xce, 0x01, 0xce, 0x01, 0xcf, 0x01, 0xcf, 0x01, 0xcf,
    0x09, 0xcf, 0x09, 0xce, 0x01, 0x4b, 0x00, 0xa7, 0x00, 0x86, 0x08, 0xc7, 0x08, 0xa6, 0x08, 0xa6,
    0x10, 0xa6, 0x08, 0xc6, 0x08, 0xa7, 0x08, 0xc7, 0x08, 0xc7, 0x08, 0xc8, 0x00, 0xa7, 0x08, 0xc8,
    0x00, 0xa7, 0x00, 0xa7, 0x08, 0xc8, 0x00, 0x87, 0x19, 0x2a, 0x4a, 0xf1, 0x08, 0xc8, 0x10, 0xe8,
    0x00, 0x87, 0x00, 0x87, 0x11, 0x08, 0x08, 0xc7, 0x00, 0x66, 0x10, 0xc7, 0x08, 0xc7, 0x08, 0xc7,
    0x08, 0xa6, 0x08, 0xa6, 0x08, 0xa6, 0x08, 0xa6, 0x08, 0xa6, 0x08, 0xa6, 0x08, 0xa6, 0x08, 0xa6,
    0x08, 0xa6, 0x08, 0xa6, 0x08, 0xa6, 0x08, 0xa6, 0x08, 0xa6, 0x08, 0xc7, 0x08, 0xa6, 0x08, 0xa6,
    0x08, 0xa6, 0x08, 0xa6, 0x08, 0xa6, 0x08, 0xa6, 0x08, 0xa6, 0x08, 0xa6, 0x08, 0xa6, 0x08, 0xa6,
    0x08, 0xa6, 0x08, 0xa6, 0x08, 0xa6, 0x08, 0xa6, 0x08, 0xa6, 0x08, 0xa6, 0x08, 0x86, 0x08, 0x86,
    0x08, 0x86, 0x08, 0x86, 0x08, 0x86, 0x08, 0x86, 0x08, 0x86, 0x08, 0x86, 0x08, 0x86, 0x08, 0x86,
    0x08, 0x86, 0x08, 0x86, 0x08, 0x86, 0x08, 0x86, 0x08, 0x86, 0x08, 0x86, 0x08, 0x85, 0x08, 0x85,
    0x08, 0x85, 0x10, 0xa6, 0x10, 0xa6, 0x08, 0x86, 0x08, 0x86, 0x10, 0xa7, 0x08, 0x86, 0x08, 0x87,
    0x00, 0x46, 0x00, 0x05, 0x3a, 0x2d, 0x29, 0xab, 0x00, 0x05, 0x00, 0x66, 0x08, 0x85, 0x10, 0xe6,
    0x08, 0x86, 0x08, 0x86, 0x08, 0x86, 0x08, 0x86, 0x08, 0x86, 0x08, 0x86, 0x08, 0x86, 0x08, 0x86,
    0x08, 0x86, 0x08, 0x86, 0x08, 0x86, 0x08, 0x86, 0x08, 0x86, 0x08, 0x86, 0x08, 0x86, 0x08, 0x86,
    0x08, 0x86, 0x08, 0x86, 0x08, 0x86, 0x08, 0x86, 0x08, 0x86, 0x08, 0x86, 0x08, 0xa6, 0x08, 0xa6,
    0x08, 0xa6, 0x08, 0xa6, 0x08, 0xa6, 0x08, 0xa6, 0x08, 0xa6, 0x08, 0xa6, 0x08, 0xa6, 0x08, 0xa6,
    0x08, 0xa6, 0x08, 0xa6, 0x08, 0xa6, 0x08, 0xa6, 0x08, 0xa6, 0x08, 0xa6, 0x08, 0xa6, 0x08, 0xa6,
    0x08, 0xa6, 0x08, 0xa6, 0x08, 0xa6, 0x08, 0xa7, 0x08, 0xa7, 0x08, 0xa7, 0x08, 0xc7, 0x08, 0xc7,
    0x08, 0xc7, 0x08, 0xc7, 0x08, 0xa7, 0x08, 0xa7, 0x08, 0xc7, 0x08, 0xc7, 0x08, 0xc7, 0x08, 0xc7,
    0x08, 0xc7, 0x08, 0xc7, 0x08, 0xc7, 0x08, 0xc7, 0x08, 0xc7, 0x08, 0xc7, 0x08, 0xe7, 0x08, 0xe7,
    0x08, 0xe7, 0x08, 0xe8, 0x09, 0x08, 0x09, 0x08, 0x09, 0x08, 0x09, 0x28, 0x09, 0x29, 0x09, 0x29,
    0x09, 0x29, 0x09, 0x29, 0x09, 0x49, 0x09, 0x4a, 0x09, 0x4a, 0x09, 0x6a, 0x11, 0x6a, 0x09, 0x6a,
    0x09, 0x8a, 0x09, 0xab, 0x01, 0xcb, 0x01, 0xeb, 0x02, 0x0c, 0x02, 0x0c, 0x01, 0xec, 0x0a, 0x4d,
    0x12, 0x4e, 0x0a, 0x0d, 0x12, 0x4e, 0x01, 0xcc, 0x23, 0x11, 0x5c, 0xd8, 0x75, 0x9b, 0x75, 0x7a,
    0x5c, 0xb7, 0x33, 0x72, 0x0a, 0x2d, 0x01, 0xcc, 0x01, 0xec, 0x0a, 0x4d, 0x02, 0x0d, 0x0a, 0x0d,
    0x09, 0xec, 0x09, 0xcc, 0x09, 0xcc, 0x11, 0xac, 0x11, 0xac, 0x11, 0x8c, 0x09, 0x6b, 0x01, 0x6a,
    0x01, 0x6a, 0x01, 0x6a, 0x09, 0x6a, 0x09, 0x4a, 0x09, 0x4a, 0x09, 0x2a, 0x09, 0x29, 0x09, 0x2a,
    0x11, 0x2a, 0x09, 0x09, 0x08, 0xe9, 0x09, 0x09, 0x11, 0x0a, 0x08, 0xc8, 0x11, 0x09, 0x11, 0x08,
    0x08, 0xe7, 0x08, 0xa7, 0x08, 0xc7, 0x08, 0xe7, 0x10, 0xe8, 0x08, 0xc7, 0x08, 0xc7, 0x08, 0xc7,
    0x10, 0xc7, 0x08, 0xc7, 0x08, 0xc7, 0x08, 0xc7, 0x08, 0xc7, 0x08, 0xc7, 0x08, 0xc7, 0x08, 0xc7,
    0x08, 0xc7, 0x08, 0xc7, 0x08, 0xc7, 0x08, 0xc7, 0x08, 0xc7, 0x08, 0xc7, 0x08, 0xc7, 0x08, 0xc7,
    0x08, 0xc7, 0x08, 0xc7, 0x08, 0xc7, 0x08, 0xc7, 0x08, 0xc7, 0x08, 0xc7, 0x08, 0xc7, 0x08, 0xc7,
    0x08, 0xc7, 0x08, 0xc7, 0x08, 0xc7, 0x08, 0xc7, 0x08, 0xc7, 0x08, 0xc7, 0x08, 0xc7, 0x08, 0xc7,
    0x08, 0xc7, 0x08, 0xc7, 0x08, 0xc7, 0x08, 0xc7, 0x08, 0xc7, 0x08, 0xc6, 0x10, 0xc6, 0x10, 0xc6,
    0x08, 0xc6, 0x08, 0xc7, 0x08, 0xa7, 0x00, 0xa7, 0x00, 0xa7, 0x00, 0x87, 0x01, 0x2a, 0x11, 0x8c,
    0x11, 0xce, 0x09, 0xae, 0x01, 0x8e, 0x01, 0xae, 0x01, 0xcf, 0x01, 0xaf, 0x01, 0xcf, 0x01, 0xce,
    0x01, 0xce, 0x01, 0xce, 0x01, 0xce, 0x01, 0xce, 0x01, 0xce, 0x01, 0xce, 0x01, 0xce, 0x01, 0xce,
    0x01, 0xce, 0x01, 0xce, 0x01, 0xce, 0x01, 0xce, 0x01, 0xce, 0x01, 0xce, 0x01, 0xce, 0x01, 0xce,
    0x01, 0xce, 0x01, 0xce, 0x01, 0xce, 0x01, 0xce, 0x01, 0xce, 0x01, 0xce, 0x01, 0xce, 0x01, 0xce,
    0x01, 0xce, 0x01, 0xce, 0x01, 0xce, 0x01, 0xce, 0x01, 0xce, 0x01, 0xce, 0x01, 0xcf, 0x09, 0xef,
    0x09, 0xce, 0x01, 0x4b, 0x00, 0xc9, 0x00, 0xa7, 0x00, 0xa6, 0x08, 0xa6, 0x10, 0xa6, 0x10, 0xc6,
    0x10, 0xa6, 0x10, 0xc6, 0x08, 0xc7, 0x08, 0xc7, 0x08, 0xc8, 0x08, 0xc8, 0x08, 0xc8, 0x08, 0xc8,
    0x00, 0x87, 0x08, 0xc8, 0x08, 0xe9, 0x00, 0x05, 0x4a, 0xb0, 0x21, 0x8b, 0x00, 0x66, 0x00, 0x87,
    0x00, 0x87, 0x08, 0xa7, 0x08, 0xa7, 0x08, 0xa7, 0x08, 0xc7, 0x10, 0xc7, 0x08, 0xa6, 0x08, 0xa6,
    0x08, 0xa6, 0x08, 0xa6, 0x08, 0xa6, 0x08, 0xa6, 0x08, 0xa6, 0x08, 0xa6, 0x08, 0xa6, 0x08, 0xa6,
    0x08, 0xa6, 0x08, 0xa6, 0x08, 0xa6, 0x08, 0xa6, 0x08, 0xa6, 0x08, 0xa6, 0x08, 0xa6, 0x08, 0xa6,
    0x08, 0xa6, 0x08, 0xa6, 0x08, 0x86, 0x08, 0x86, 0x08, 0x86, 0x08, 0x86, 0x08, 0xa6, 0x08, 0xa6,
    0x08, 0xa6, 0x08, 0xa6, 0x08, 0xa6, 0x08, 0xa6, 0x08, 0xa6, 0x08, 0xa6, 0x08, 0x86, 0x08, 0x86,
    0x08, 0x86, 0x08, 0x86, 0x08, 0x86, 0x08, 0x86, 0x08, 0x86, 0x08, 0x86, 0x08, 0x86, 0x08, 0x86,
    0x08, 0x86, 0x08, 0x86, 0x08, 0x86, 0x08, 0x86, 0x08, 0x86, 0x08, 0xa6, 0x08, 0xa6, 0x08, 0xa5,
    0x08, 0xa6, 0x08, 0xa6, 0x08, 0xa6, 0x08, 0xa6, 0x08, 0x86, 0x08, 0x86, 0x00, 0x45, 0x10, 0xc8,
    0x08, 0xa7, 0x00, 0x46, 0x19, 0x09, 0x3a, 0x0d, 0x10, 0xa8, 0x08, 0x87, 0x10, 0x86, 0x10, 0xc6,
    0x08, 0x86, 0x08, 0x86, 0x08, 0x86, 0x08, 0x86, 0x08, 0x86, 0x08, 0x86, 0x08, 0x86, 0x08, 0x86,
    0x08, 0x86, 0x08, 0x86, 0x08, 0x86, 0x08, 0x86, 0x08, 0x86, 0x08, 0x86, 0x08, 0x86, 0x08, 0x86,
    0x08, 0x86, 0x08, 0x86, 0x08, 0x86, 0x08, 0x86, 0x08, 0x86, 0x08, 0x86, 0x08, 0xa6, 0x08, 0xa6,
    0x08, 0xa6, 0x08, 0xa6, 0x08, 0xa6, 0x08, 0xa6, 0x08, 0xa6, 0x08, 0xa6, 0x08, 0xa6, 0x08, 0xa6,
    0x08, 0xa6, 0x08, 0xa6, 0x08, 0xa6, 0x08, 0xa6, 0x08, 0xa6, 0x08, 0xa6, 0x08, 0xa6, 0x08, 0xa6,
    0x08, 0xa6, 0x08, 0xa6, 0x08, 0xa6, 0x08, 0xa7, 0x08, 0xa7, 0x08, 0xa7, 0x08, 0xc7, 0x08, 0xc7,
    0x08, 0xc7, 0x08, 0xc7, 0x08, 0xa7, 0x08, 0xa7, 0x08, 0xc7, 0x08, 0xc7, 0x08, 0xc7, 0x08, 0xc7,
    0x08, 0xc7, 0x08, 0xc7, 0x08, 0xc7, 0x08, 0xc7, 0x08, 0xc7, 0x08, 0xc7, 0x08, 0xe7, 0x08, 0xe7,
    0x08, 0xe7, 0x08, 0xe8, 0x09, 0x08, 0x09, 0x08, 0x09, 0x08, 0x09, 0x08, 0x09, 0x29, 0x09, 0x29,
    0x09, 0x29, 0x09, 0x29, 0x09, 0x49, 0x09, 0x4a, 0x09, 0x4a, 0x09, 0x6a, 0x11, 0x6a, 0x09, 0x6a,
    0x09, 0x8a, 0x09, 0xab, 0x01, 0xcb, 0x01, 0xeb, 0x01, 0xec, 0x02, 0x0c, 0x0a, 0x2d, 0x0a, 0x0c,
    0x01, 0xec, 0x0a, 0x0d, 0x12, 0x2e, 0x0a, 0x0d, 0x0a, 0x0d, 0x01, 0x2a, 0x01, 0x09, 0x01, 0x4a,
    0x01, 0x8b, 0x01, 0xcc, 0x02, 0x0d, 0x12, 0x4e, 0x12, 0x8e, 0x12, 0x6e, 0x02, 0x0d, 0x0a, 0x0d,
    0x09, 0xec, 0x09, 0xcc, 0x09, 0xcc, 0x09, 0xac, 0x09, 0x8b, 0x09, 0x8b, 0x09, 0x8b, 0x09, 0x8b,
    0x09, 0x6a, 0x09, 0x6a, 0x01, 0x6a, 0x09, 0x4a, 0x01, 0x4a, 0x01, 0x29, 0x09, 0x2a, 0x11, 0x6a,
    0x09, 0x2a, 0x08, 0xe9, 0x09, 0x09, 0x08, 0xe9, 0x08, 0xe9, 0x11, 0x4a, 0x00, 0xa7, 0x08, 0xe8,
    0x11, 0x08, 0x08, 0xe7, 0x08, 0xc7, 0x08, 0xc7, 0x08, 0xc7, 0x08, 0xc7, 0x08, 0xc7, 0x08, 0xc7,
    0x10, 0xc7, 0x08, 0xc7, 0x08, 0xc7, 0x08, 0xc7, 0x08, 0xc7, 0x08, 0xc7, 0x08, 0xc7, 0x08, 0xc7,
    0x08, 0xc7, 0x08, 0xc7, 0x08, 0xc7, 0x08, 0xc7, 0x08, 0xc7, 0x08, 0xc7, 0x08, 0xc7, 0x08, 0xc7,
    0x08, 0xc7, 0x08, 0xc7, 0x08, 0xc7, 0x08, 0xc7, 0x08, 0xc7, 0x08, 0xc7, 0x08, 0xc7, 0x08, 0xc7,
    0x08, 0xc7, 0x08, 0xc7, 0x08, 0xc7, 0x08, 0xc7, 0x08, 0xc7, 0x08, 0xc7, 0x08, 0xc7, 0x08, 0xc7,
    0x08, 0xc7, 0x08, 0xc7, 0x08, 0xc7, 0x08, 0xc7, 0x08, 0xc7, 0x08, 0xc7, 0x10, 0xc7, 0x10, 0xc7,
    0x10, 0xc7, 0x08, 0xc7, 0x08, 0xa7, 0x00, 0xa7, 0x00, 0xa7, 0x00, 0xa7, 0x00, 0xe9, 0x09, 0x2b,
    0x09, 0x8c, 0x09, 0xad, 0x09, 0xae, 0x09, 0xce, 0x09, 0xcf, 0x09, 0xcf, 0x01, 0xce, 0x01, 0xce,
    0x01, 0xce, 0x01, 0xce, 0x01, 0xce, 0x01, 0xce, 0x01, 0xce, 0x01, 0xce, 0x01, 0xce, 0x01, 0xce,
    0x01, 0xce, 0x01, 0xce, 0x01, 0xce, 0x01, 0xce, 0x01, 0xce, 0x01, 0xce, 0x01, 0xce, 0x01, 0xce,
    0x01, 0xce, 0x01, 0xce, 0x01, 0xce, 0x01, 0xce, 0x01, 0xce, 0x01, 0xce, 0x01, 0xce, 0x01, 0xce,
    0x01, 0xce, 0x01, 0xce, 0x01, 0xce, 0x01, 0xce, 0x01, 0xce, 0x01, 0xce, 0x01, 0xce, 0x09, 0xce,
    0x09, 0x8d, 0x01, 0x2a, 0x00, 0xc8, 0x00, 0xa7, 0x08, 0xa7, 0x08, 0xa6, 0x10, 0xa6, 0x10, 0xa6,
    0x10, 0xa6, 0x10, 0xa6, 0x08, 0xc7, 0x08, 0xc7, 0x08, 0xc8, 0x08, 0xc8, 0x08, 0xe8, 0x00, 0xa7,
    0x08, 0xa8, 0x11, 0x09, 0x00, 0x05, 0x21, 0xac, 0x3a, 0x4e, 0x10, 0xe9, 0x08, 0xa8, 0x08, 0xc8,
    0x08, 0xc8, 0x08, 0xc7, 0x08, 0xa7, 0x08, 0xa7, 0x08, 0xc7, 0x08, 0xc7, 0x08, 0xa6, 0x08, 0xa6,
    0x08, 0xa6, 0x08, 0xa6, 0x08, 0xa6, 0x08, 0xa6, 0x08, 0xa6, 0x08, 0xa6, 0x08, 0xa6, 0x08, 0xa6,
    0x08, 0xa6, 0x08, 0xa6, 0x08, 0xa6, 0x08, 0xa6, 0x08, 0xa6, 0x08, 0xa6, 0x08, 0xa6, 0x08, 0xa6,
    0x08, 0xa6, 0x08, 0xa6, 0x08, 0xa6, 0x08, 0x86, 0x08, 0x86, 0x08, 0x86, 0x08, 0xa6, 0x08, 0xa6,
    0x08, 0xa6, 0x08, 0xa6, 0x08, 0xa6, 0x08, 0xa6, 0x08, 0xa6, 0x08, 0xa6, 0x08, 0x86, 0x08, 0x86,
    0x08, 0x86, 0x08, 0x86, 0x08, 0x86, 0x08, 0x86, 0x08, 0x86, 0x08, 0x86, 0x08, 0x86, 0x08, 0x86,
    0x08, 0x86, 0x08, 0x86, 0x08, 0x86, 0x08, 0x86, 0x08, 0x86, 0x08, 0xa6, 0x08, 0xa6, 0x08, 0xa6,
    0x08, 0xa6, 0x08, 0xa6, 0x08, 0xa6, 0x08, 0xa6, 0x08, 0x86, 0x08, 0x86, 0x08, 0xa6, 0x00, 0x45,
    0x08, 0x86, 0x08, 0x66, 0x00, 0x46, 0x29, 0x6b, 0x31, 0xcd, 0x00, 0x05, 0x10, 0xa6, 0x10, 0xc6,
    0x08, 0x86, 0x08, 0x86, 0x08, 0x86, 0x08, 0x86, 0x08, 0x86, 0x08, 0x86, 0x08, 0x86, 0x08, 0x86,
    0x08, 0x86, 0x08, 0x86, 0x08, 0x86, 0x08, 0x86, 0x08, 0x86, 0x08, 0x86, 0x08, 0x86, 0x08, 0x86,
    0x08, 0x86, 0x08, 0x86, 0x08, 0x86, 0x08, 0x86, 0x08, 0x86, 0x08, 0x86, 0x08, 0xa6, 0x08, 0xa6,
    0x08, 0xa6, 0x08, 0xa6, 0x08, 0xa6, 0x08, 0xa6, 0x08, 0xa6, 0x08, 0xa6, 0x08, 0x86, 0x08, 0xa6,
    0x08, 0xa6, 0x08, 0xa6, 0x08, 0xa6, 0x08, 0xa6, 0x08, 0xa6, 0x08, 0xa6, 0x08, 0xa6, 0x08, 0xa6,
    0x08, 0xa6, 0x08, 0xa6, 0x08, 0xa6, 0x08, 0xa7, 0x08, 0xa7, 0x08, 0xa7, 0x08, 0xc7, 0x08, 0xc7,
    0x08, 0xc7, 0x08, 0xc7, 0x08, 0xa7, 0x08, 0xa7, 0x08, 0xc7, 0x08, 0xc7, 0x08, 0xc7, 0x08, 0xc7,
    0x08, 0xc7, 0x08, 0xc7, 0x08, 0xc7, 0x08, 0xc7, 0x08, 0xc7, 0x08, 0xc7, 0x08, 0xe7, 0x08, 0xe7,
    0x08, 0xe7, 0x08, 0xe7, 0x08, 0xe8, 0x09, 0x08, 0x09, 0x08, 0x09, 0x08, 0x09, 0x29, 0x09, 0x29,
    0x09, 0x29, 0x09, 0x29, 0x09, 0x49, 0x09, 0x4a, 0x09, 0x4a, 0x09, 0x4a, 0x11, 0x6a, 0x09, 0x6a,
    0x09, 0x8a, 0x09, 0xaa, 0x01, 0xcb, 0x01, 0xcb, 0x01, 0xec, 0x01, 0xec, 0x01, 0xcb, 0x0a, 0x0d,
    0x09, 0xec, 0x1a, 0x4e, 0x12, 0x2d, 0x12, 0x6e, 0x22, 0xb0, 0x0a, 0x0d, 0x1a, 0x8f, 0x1a, 0x6f,
    0x12, 0x4e, 0x12, 0x6e, 0x12, 0x6e, 0x12, 0x6e, 0x02, 0x2d, 0x01, 0xcb, 0x0a, 0x2d, 0x0a, 0x0d,
    0x09, 0xed, 0x09, 0xed, 0x09, 0xcc, 0x09, 0xac, 0x09, 0xac, 0x09, 0x8b, 0x09, 0xab, 0x09, 0xab,
    0x09, 0x8b, 0x09, 0x8b, 0x09, 0x6b, 0x09, 0x6a, 0x09, 0x6a, 0x09, 0x4a, 0x01, 0x09, 0x11, 0x6b,
    0x09, 0x4a, 0x09, 0x2a, 0x11, 0x6b, 0x08, 0xe9, 0x00, 0x88, 0x08, 0xe9, 0x00, 0xc7, 0x08, 0xe8,
    0x11, 0x08, 0x08, 0xe7, 0x08, 0xc7, 0x08, 0xc7, 0x08, 0xc7, 0x08, 0xc7, 0x08, 0xe7, 0x08, 0xe7,
    0x08, 0xc7, 0x08, 0xc7, 0x08, 0xc7, 0x08, 0xc7, 0x08, 0xc7, 0x08, 0xc7, 0x08, 0xc7, 0x08, 0xc7,
    0x08, 0xc7, 0x08, 0xc7, 0x08, 0xc7, 0x08, 0xc7, 0x08, 0xc7, 0x08, 0xc7, 0x08, 0xc7, 0x08, 0xc7,
    0x08, 0xc7, 0x08, 0xc7, 0x08, 0xc7, 0x08, 0xc7, 0x08, 0xc7, 0x08, 0xc7, 0x08, 0xc7, 0x08, 0xc7,
    0x08, 0xc7, 0x08, 0xc7, 0x08, 0xc7, 0x08, 0xc7, 0x08, 0xc7, 0x08, 0xc7, 0x08, 0xc8, 0x08, 0xc7,
    0x08, 0xc7, 0x08, 0xc7, 0x08, 0xc7, 0x08, 0xc7, 0x08, 0xc7, 0x08, 0xc7, 0x08, 0xc7, 0x10, 0xc7,
    0x10, 0xc7, 0x08, 0xc7, 0x08, 0xc7, 0x08, 0xa7, 0x00, 0xa7, 0x00, 0xa7, 0x00, 0xa8, 0x00, 0xe9,
    0x09, 0x4b, 0x11, 0xad, 0x11, 0xce, 0x09, 0xce, 0x09, 0xce, 0x09, 0xef, 0x01, 0xce, 0x01, 0xce,
    0x01, 0xce, 0x01, 0xce, 0x01, 0xce, 0x01, 0xce, 0x01, 0xce, 0x01, 0xce, 0x01, 0xce, 0x01, 0xce,
    0x01, 0xce, 0x01, 0xce, 0x01, 0xce, 0x01, 0xce, 0x01, 0xce, 0x01, 0xce, 0x01, 0xce, 0x01, 0xce,
    0x01, 0xce, 0x01, 0xce, 0x01, 0xce, 0x01, 0xce, 0x01, 0xce, 0x01, 0xce, 0x01, 0xce, 0x01, 0xce,
    0x01, 0xce, 0x01, 0xce, 0x01, 0xce, 0x01, 0xce, 0x01, 0xce, 0x01, 0xce, 0x09, 0xcd, 0x09, 0x8c,
    0x01, 0x2b, 0x00, 0xe9, 0x00, 0xc8, 0x08, 0xc7, 0x08, 0xc7, 0x08, 0xa6, 0x10, 0xc6, 0x10, 0xc6,
    0x10, 0xc6, 0x08, 0xc6, 0x08, 0xc7, 0x08, 0xc7, 0x08, 0xc8, 0x08, 0xc8, 0x00, 0xc8, 0x00, 0xc8,
    0x08, 0xe9, 0x08, 0xa8, 0x00, 0x67, 0x4a, 0xd0, 0x19, 0x4a, 0x08, 0x88, 0x10, 0xc8, 0x10, 0xc8,
    0x10, 0xc8, 0x10, 0xc7, 0x08, 0xc7, 0x08, 0xc7, 0x08, 0xa6, 0x08, 0xc6, 0x08, 0xa6, 0x08, 0xa6,
    0x08, 0xa6, 0x08, 0xa6, 0x08, 0xa6, 0x08, 0xa6, 0x08, 0xa6, 0x08, 0xa6, 0x08, 0xa6, 0x08, 0xa6,
    0x08, 0xa6, 0x08, 0xa6, 0x08, 0xa6, 0x08, 0xa6, 0x08, 0xa6, 0x08, 0xa6, 0x08, 0xa6, 0x08, 0xa6,
    0x08, 0xa6, 0x08, 0xa6, 0x08, 0xa6, 0x08, 0xa6, 0x08, 0x86, 0x08, 0x86, 0x08, 0xa6, 0x08, 0xa6,
    0x08, 0xa6, 0x08, 0xa6, 0x08, 0xa6, 0x08, 0xa6, 0x08, 0xa6, 0x08, 0xa6, 0x08, 0x86, 0x08, 0x86,
    0x08, 0x86, 0x08, 0x86, 0x08, 0x86, 0x08, 0x86, 0x08, 0x86, 0x08, 0x86, 0x08, 0x86, 0x08, 0x86,
    0x08, 0x86, 0x08, 0x86, 0x08, 0x86, 0x08, 0x86, 0x08, 0x86, 0x08, 0x86, 0x08, 0xa6, 0x08, 0xa6,
    0x08, 0xa6, 0x08, 0xa6, 0x08, 0xa6, 0x08, 0xa6, 0x08, 0xa6, 0x08, 0x86, 0x10, 0xe7, 0x00, 0x25,
    0x08, 0x86, 0x08, 0xa7, 0x00, 0x46, 0x10, 0xa8, 0x42, 0x4e, 0x10, 0xa7, 0x10, 0x86, 0x18, 0xa6,
    0x08, 0x86, 0x08, 0x86, 0x08, 0x86, 0x08, 0x86, 0x08, 0x86, 0x08, 0x86, 0x08, 0x86, 0x08, 0x86,
    0x08, 0x86, 0x08, 0x86, 0x08, 0x86, 0x08, 0x86, 0x08, 0x86, 0x08, 0x86, 0x08, 0xa6, 0x08, 0xa6,
    0x08, 0xa6, 0x08, 0xa6, 0x08, 0xa6, 0x08, 0xa6, 0x08, 0xa6, 0x08, 0xa6, 0x08, 0xa6, 0x08, 0xa6,
    0x08, 0xa6, 0x08, 0xa6, 0x08, 0xa6, 0x08, 0xa6, 0x08, 0xa6, 0x08, 0xa6, 0x08, 0x86, 0x08, 0x86,
    0x08, 0x86, 0x08, 0x86, 0x08, 0xa6, 0x08, 0xa6, 0x08, 0xa6, 0x08, 0xa6, 0x08, 0xa6, 0x08, 0xa6,
    0x08, 0xa6, 0x08, 0xa6, 0x08, 0xa6, 0x08, 0xa7, 0x08, 0xa7, 0x08, 0xa7, 0x08, 0xc7, 0x08, 0xc7,
    0x08, 0xc7, 0x08, 0xc7, 0x08, 0xa7, 0x08, 0xa7, 0x08, 0xc7, 0x08, 0xc7, 0x08, 0xc7, 0x08, 0xc7,
    0x08, 0xc7, 0x08, 0xc7, 0x08, 0xc7, 0x08, 0xc7, 0x08, 0xc7, 0x08, 0xc7, 0x08, 0xe7, 0x08, 0xe7,
    0x08, 0xe7, 0x08, 0xe7, 0x08, 0xe8, 0x09, 0x08, 0x09, 0x08, 0x09, 0x08, 0x09, 0x08, 0x09, 0x29,
    0x09, 0x29, 0x09, 0x29, 0x09, 0x49, 0x09, 0x4a, 0x09, 0x4a, 0x09, 0x4a, 0x11, 0x6a, 0x09, 0x6a,
    0x09, 0x8a, 0x09, 0xaa, 0x01, 0xcb, 0x01, 0xcb, 0x01, 0xcb, 0x01, 0xec, 0x09, 0xcc, 0x12, 0x4e,
    0x01, 0x8b, 0x12, 0x0d, 0x12, 0x0d, 0x09, 0xec, 0x01, 0xac, 0x01, 0xac, 0x02, 0x0d, 0x02, 0x0d,
    0x02, 0x0d, 0x01, 0xec, 0x01, 0xec, 0x02, 0x0d, 0x02, 0x2d, 0x0a, 0x2d, 0x02, 0x0d, 0x01, 0xec,
    0x01, 0xec, 0x01, 0xcc, 0x01, 0xcc, 0x01, 0xac, 0x01, 0xac, 0x09, 0xab, 0x01, 0x6a, 0x01, 0x4a,
    0x01, 0x4a, 0x01, 0x4a, 0x01, 0x4a, 0x01, 0x4a, 0x01, 0x2a, 0x01, 0x29, 0x01, 0x2a, 0x01, 0x09,
    0x00, 0xc9, 0x00, 0xc8, 0x00, 0xe9, 0x09, 0x09, 0x09, 0x2a, 0x09, 0x2a, 0x11, 0x29, 0x11, 0x08,
    0x08, 0xe8, 0x08, 0xc7, 0x08, 0xe8, 0x08, 0xe8, 0x08, 0xe7, 0x08, 0xc7, 0x08, 0xc7, 0x08, 0xe7,
    0x08, 0xc7, 0x08, 0xc7, 0x08, 0xc7, 0x08, 0xc7, 0x08, 0xc7, 0x08, 0xc7, 0x08, 0xc7, 0x08, 0xc7,
    0x08, 0xc7, 0x08, 0xc7, 0x08, 0xc7, 0x08, 0xc7, 0x08, 0xc7, 0x08, 0xc7, 0x08, 0xc7, 0x08, 0xc7,
    0x08, 0xc7, 0x08, 0xc7, 0x08, 0xc7, 0x08, 0xc7, 0x08, 0xc7, 0x08, 0xc7, 0x08, 0xc7, 0x08, 0xc7,
    0x08, 0xc7, 0x08, 0xc7, 0x08, 0xc7, 0x08, 0xc8, 0x08, 0xc8, 0x08, 0xc8, 0x08, 0xc8, 0x08, 0xc8,
    0x08, 0xc8, 0x08, 0xc7, 0x08, 0xc7, 0x08, 0xc7, 0x08, 0xc7, 0x08, 0xc7, 0x08, 0xc7, 0x08, 0xc7,
    0x08, 0xc7, 0x08, 0xc7, 0x08, 0xc7, 0x08, 0xc7, 0x08, 0xa7, 0x00, 0xa7, 0x00, 0xa8, 0x00, 0xc8,
    0x01, 0x2a, 0x11, 0xac, 0x11, 0xce, 0x09, 0xad, 0x01, 0x8e, 0x09, 0xce, 0x01, 0xce, 0x01, 0xce,
    0x01, 0xce, 0x01, 0xce, 0x01, 0xce, 0x01, 0xce, 0x01, 0xce, 0x01, 0xce, 0x01, 0xce, 0x01, 0xce,
    0x01, 0xce, 0x01, 0xce, 0x01, 0xce, 0x01, 0xce, 0x01, 0xce, 0x01, 0xce, 0x01, 0xce, 0x01, 0xce,
    0x01, 0xce, 0x01, 0xce, 0x01, 0xce, 0x01, 0xce, 0x01, 0xce, 0x01, 0xce, 0x01, 0xce, 0x01, 0xce,
    0x01, 0xce, 0x01, 0xce, 0x01, 0xce, 0x01, 0xce, 0x01, 0xce, 0x01, 0xce, 0x09, 0xad, 0x09, 0x6b,
    0x00, 0xe9, 0x00, 0xc8, 0x00, 0xc8, 0x08, 0xe8, 0x08, 0xc7, 0x08, 0xa6, 0x08, 0xc6, 0x08, 0xc6,
    0x08, 0xc6, 0x08, 0xc7, 0x08, 0xc7, 0x08, 0xc7, 0x08, 0xc7, 0x08, 0xc8, 0x00, 0x87, 0x11, 0x29,
    0x08, 0xc8, 0x00, 0x26, 0x32, 0x2e, 0x3a, 0x4e, 0x00, 0x67, 0x08, 0xa8, 0x08, 0xa8, 0x08, 0xa8,
    0x08, 0xa7, 0x08, 0xc7, 0x08, 0xc7, 0x08, 0xc6, 0x08, 0xc6, 0x08, 0xc6, 0x08, 0xa6, 0x08, 0xa6,
    0x08, 0xa6, 0x08, 0xa6, 0x08, 0xa6, 0x08, 0xa6, 0x08, 0xa6, 0x08, 0xa6, 0x08, 0xa6, 0x08, 0xa6,
    0x08, 0xa6, 0x08, 0xa6, 0x08, 0xa6, 0x08, 0xa6, 0x08, 0xa6, 0x08, 0xa6, 0x08, 0xa6, 0x08, 0xa6,
    0x08, 0xa6, 0x08, 0xa6, 0x08, 0xa6, 0x08, 0xa6, 0x08, 0xa6, 0x08, 0xa6, 0x08, 0xa6, 0x08, 0xa6,
    0x08, 0xa6, 0x08, 0xa6, 0x08, 0xa6, 0x08, 0xa6, 0x08, 0xa6, 0x08, 0xa6, 0x08, 0x86, 0x08, 0x86,
    0x08, 0x86, 0x08, 0x86, 0x08, 0x86, 0x08, 0x86, 0x08, 0x86, 0x08, 0x86, 0x08, 0x86, 0x08, 0x86,
    0x08, 0x86, 0x08, 0x86, 0x08, 0x86, 0x08, 0x86, 0x08, 0x86, 0x08, 0x86, 0x08, 0x86, 0x08, 0x86,
    0x08, 0x86, 0x08, 0xa6, 0x08, 0xa6, 0x08, 0xa6, 0x08, 0xa6, 0x08, 0xa6, 0x08, 0x86, 0x08, 0x86,
    0x08, 0x86, 0x08, 0xa7, 0x10, 0xc8, 0x00, 0x26, 0x21, 0x4a, 0x42, 0x0d, 0x10, 0x87, 0x10, 0xa7,
    0x08, 0x86, 0x08, 0x86, 0x08, 0x86, 0x08, 0x86, 0x08, 0x86, 0x08, 0x86, 0x08, 0x86, 0x08, 0x86,
    0x08, 0x86, 0x08, 0x86, 0x08, 0x86, 0x08, 0x86, 0x08, 0x86, 0x08, 0x86, 0x08, 0xa6, 0x08, 0xa6,
    0x08, 0xa6, 0x08, 0xa6, 0x08, 0xa6, 0x08, 0xa6, 0x08, 0xa6, 0x08, 0xa6, 0x08, 0xa6, 0x08, 0xa6,
    0x08, 0xa6, 0x08, 0xa6, 0x08, 0xa6, 0x08, 0xa6, 0x08, 0xa6, 0x08, 0xa6, 0x08, 0x86, 0x08, 0x86,
    0x08, 0x86, 0x08, 0x86, 0x08, 0xa6, 0x08, 0xa6, 0x08, 0xa6, 0x08, 0xa6, 0x08, 0xa6, 0x08, 0xa6,
    0x08, 0xa6, 0x08, 0xa6, 0x08, 0xa6, 0x08, 0xa7, 0x08, 0xa7, 0x08, 0xa7, 0x08, 0xc7, 0x08, 0xc7,
    0x08, 0xc7, 0x08, 0xc7, 0x08, 0xa7, 0x08, 0xa7, 0x08, 0xc7, 0x08, 0xc7, 0x08, 0xc7, 0x08, 0xc7,
    0x08, 0xc7, 0x08, 0xc7, 0x08, 0xc7, 0x08, 0xc7, 0x08, 0xc7, 0x08, 0xc7, 0x08, 0xe7, 0x08, 0xe7,
    0x08, 0xe7, 0x08, 0xe7, 0x08, 0xe8, 0x09, 0x08, 0x09, 0x08, 0x09, 0x08, 0x09, 0x08, 0x09, 0x08,
    0x09, 0x29, 0x09, 0x29, 0x09, 0x29, 0x09, 0x49, 0x09, 0x4a, 0x09, 0x4a, 0x09, 0x6a, 0x09, 0x6a,
    0x09, 0x8a, 0x09, 0x8a, 0x01, 0xaa, 0x01, 0xcb, 0x01, 0xcb, 0x01, 0xcb, 0x12, 0x0d, 0x12, 0x0d,
    0x09, 0xcc, 0x09, 0xec, 0x01, 0x6b, 0x12, 0x4e, 0x22, 0xf1, 0x2b, 0x52, 0x1a, 0xd0, 0x1a, 0xf0,
    0x23, 0x31, 0x23, 0x31, 0x23, 0x10, 0x1a, 0xd0, 0x1a, 0xd0, 0x1a, 0xf0, 0x12, 0xaf, 0x1a, 0x8f,
    0x12, 0x8f, 0x12, 0x6e, 0x12, 0x6e, 0x12, 0x4e, 0x12, 0x4e, 0x12, 0x2e, 0x1a, 0x4e, 0x1a, 0x4e,
    0x1a, 0x2e, 0x1a, 0x2d, 0x1a, 0x0d, 0x1a, 0x0d, 0x19, 0xed, 0x19, 0xed, 0x1a, 0x0d, 0x11, 0x8b,
    0x19, 0xcc, 0x19, 0xcd, 0x11, 0x6b, 0x19, 0xac, 0x11, 0x8c, 0x00, 0x67, 0x09, 0x09, 0x09, 0x08,
    0x08, 0xe8, 0x08, 0xe8, 0x08, 0xe8, 0x08, 0xe8, 0x08, 0xe8, 0x08, 0xe8, 0x08, 0xe8, 0x08, 0xe7,
    0x08, 0xc7, 0x08, 0xc7, 0x08, 0xc7, 0x08, 0xc7, 0x08, 0xc7, 0x08, 0xc7, 0x08, 0xc7, 0x08, 0xc7,
    0x08, 0xc7, 0x08, 0xc7, 0x08, 0xc7, 0x08, 0xc7, 0x08, 0xc7, 0x08, 0xc7, 0x08, 0xc7, 0x08, 0xc7,
    0x08, 0xc7, 0x08, 0xc7, 0x08, 0xc7, 0x08, 0xc7, 0x08, 0xc7, 0x08, 0xc7, 0x08, 0xc7, 0x08, 0xc7,
    0x08, 0xc7, 0x08, 0xc7, 0x08, 0xc8, 0x08, 0xc8, 0x08, 0xc8, 0x08, 0xc8, 0x08, 0xc8, 0x08, 0xc8,
    0x08, 0xc8, 0x08, 0xc8, 0x08, 0xc7, 0x08, 0xc7, 0x08, 0xc7, 0x08, 0xc7, 0x08, 0xa7, 0x08, 0xc7,
    0x08, 0xc7, 0x08, 0xc7, 0x08, 0xc7, 0x08, 0xa7, 0x08, 0xa7, 0x08, 0xa7, 0x00, 0xa7, 0x00, 0xa8,
    0x01, 0x09, 0x11, 0x6c, 0x11, 0xad, 0x09, 0xad, 0x09, 0x8d, 0x01, 0xae, 0x01, 0xce, 0x01, 0xce,
    0x01, 0xce, 0x01, 0xce, 0x01, 0xce, 0x01, 0xce, 0x01, 0xce, 0x01, 0xce, 0x01, 0xce, 0x01, 0xce,
    0x01, 0xce, 0x01, 0xce, 0x01, 0xce, 0x01, 0xce, 0x01, 0xce, 0x01, 0xce, 0x01, 0xcf, 0x01, 0xcf,
    0x01, 0xcf, 0x01, 0xcf, 0x01, 0xce, 0x01, 0xce, 0x01, 0xce, 0x01, 0xce, 0x01, 0xce, 0x01, 0xce,
    0x01, 0xce, 0x01, 0xce, 0x01, 0xce, 0x01, 0xce, 0x01, 0xce, 0x09, 0xcd, 0x11, 0x8c, 0x09, 0x29,
    0x00, 0xc8, 0x00, 0xa7, 0x00, 0xc7, 0x08, 0xc7, 0x08, 0xc7, 0x08, 0xa6, 0x08, 0xc7, 0x08, 0xc7,
    0x08, 0xc7, 0x08, 0xa7, 0x08, 0xc7, 0x08, 0xc7, 0x08, 0xc7, 0x08, 0xc7, 0x00, 0xa7, 0x09, 0x29,
    0x00, 0x87, 0x08, 0xe9, 0x53, 0x11, 0x11, 0x09, 0x00, 0x46, 0x08, 0xa8, 0x08, 0x87, 0x08, 0x87,
    0x08, 0xa7, 0x08, 0xa7, 0x08, 0xc7, 0x08, 0xc6, 0x08, 0xc6, 0x08, 0xc6, 0x08, 0xa6, 0x08, 0xa6,
    0x08, 0xa6, 0x08, 0xa6, 0x08, 0xa6, 0x08, 0xa6, 0x08, 0xa6, 0x08, 0xa6, 0x08, 0xa6, 0x08, 0xa6,
    0x08, 0xa6, 0x08, 0xa6, 0x08, 0xa6, 0x08, 0xa6, 0x08, 0xa6, 0x08, 0xa6, 0x08, 0xa6, 0x08, 0xa6,
    0x08, 0xa6, 0x08, 0xa6, 0x08, 0xa6, 0x08, 0xa6, 0x08, 0xa6, 0x08, 0xa6, 0x08, 0xa6, 0x08, 0xa6,
    0x08, 0xa6, 0x08, 0xa6, 0x08, 0xa6, 0x08, 0xa6, 0x08, 0xa6, 0x08, 0xa6, 0x08, 0x86, 0x08, 0x86,
    0x08, 0x86, 0x08, 0x86, 0x08, 0x86, 0x08, 0x86, 0x08, 0x86, 0x08, 0x86, 0x08, 0x86, 0x08, 0x86,
    0x08, 0x86, 0x08, 0x86, 0x08, 0x86, 0x08, 0x86, 0x08, 0x86, 0x08, 0x86, 0x08, 0x86, 0x08, 0x86,
    0x08, 0x86, 0x08, 0x86, 0x08, 0x86, 0x08, 0x86, 0x08, 0xa6, 0x08, 0xa6, 0x00, 0x45, 0x08, 0xa6,
    0x08, 0x66, 0x08, 0x66, 0x08, 0xa7, 0x00, 0x46, 0x00, 0x25, 0x42, 0x2e, 0x18, 0xe9, 0x19, 0x09,
    0x08, 0x86, 0x08, 0x86, 0x08, 0x86, 0x08, 0x86, 0x08, 0x86, 0x08, 0x86, 0x08, 0x86, 0x08, 0x86,
    0x08, 0x86, 0x08, 0x86, 0x08, 0x86, 0x08, 0x86, 0x08, 0x86, 0x08, 0x86, 0x08, 0xa6, 0x08, 0xa6,
    0x08, 0xa6, 0x08, 0xa6, 0x08, 0xa6, 0x08, 0xa6, 0x08, 0xa6, 0x08, 0xa6, 0x08, 0xa6, 0x08, 0xa6,
    0x08, 0xa6, 0x08, 0xa6, 0x08, 0xa6, 0x08, 0xa6, 0x08, 0xa6, 0x08, 0xa6, 0x08, 0x86, 0x08, 0xa6,
    0x08, 0xa6, 0x08, 0xa6, 0x08, 0xa6, 0x08, 0xa6, 0x08, 0xa6, 0x08, 0xa6, 0x08, 0xa6, 0x08, 0xa6,
    0x08, 0xa6, 0x08, 0xa6, 0x08, 0xa6, 0x08, 0xa7, 0x08, 0xa7, 0x08, 0xa7, 0x08, 0xc7, 0x08, 0xc7,
    0x08, 0xc7, 0x08, 0xc7, 0x08, 0xa7, 0x08, 0xa7, 0x08, 0xc7, 0x08, 0xc7, 0x08, 0xc7, 0x08, 0xc7,
    0x08, 0xc7, 0x08, 0xc7, 0x08, 0xc7, 0x08, 0xc7, 0x08, 0xc7, 0x08, 0xc7, 0x08, 0xe7, 0x08, 0xe7,
    0x08, 0xe7, 0x08, 0xe7, 0x08, 0xe7, 0x08, 0xe8, 0x09, 0x08, 0x09, 0x08, 0x09, 0x08, 0x09, 0x08,
    0x09, 0x29, 0x09, 0x29, 0x09, 0x29, 0x09, 0x49, 0x09, 0x4a, 0x09, 0x4a, 0x09, 0x6a, 0x09, 0x6a,
    0x09, 0x6a, 0x09, 0x8a, 0x01, 0x8a, 0x01, 0xaa, 0x09, 0xab, 0x09, 0xab, 0x11, 0xcc, 0x01, 0x6b,
    0x1a, 0x2e, 0x09, 0xcc, 0x01, 0x8b, 0x4c, 0x15, 0x75, 0x7b, 0x6d, 0x5a, 0x6d, 0x9a, 0x6d, 0x7a,
    0x6d, 0x7a, 0x6d, 0x9a, 0x75, 0xbb, 0x75, 0x9a, 0x6d, 0x7a, 0x6d, 0x5a, 0x6d, 0x5a, 0x6d, 0x5a,
    0x6d, 0x39, 0x65, 0x19, 0x64, 0xf8, 0x64, 0xf8, 0x64, 0xd8, 0x64, 0xb8, 0x5c, 0x76, 0x5c, 0x56,
    0x5c, 0x36, 0x54, 0x35, 0x54, 0x15, 0x54, 0x15, 0x53, 0xf5, 0x53, 0xd4, 0x53, 0xf5, 0x4b, 0x73,
    0x5b, 0xd4, 0x63, 0xf5, 0x4b, 0x73, 0x53, 0x73, 0x53, 0x73, 0x32, 0x6f, 0x00, 0x87, 0x08, 0xc8,
    0x11, 0x29, 0x11, 0x29, 0x08, 0xe8, 0x00, 0xc7, 0x08, 0xc8, 0x11, 0x08, 0x08, 0xe8, 0x08, 0xe8,
    0x08, 0xc8, 0x08, 0xc7, 0x08, 0xc7, 0x08, 0xc7, 0x08, 0xc7, 0x08, 0xc7, 0x08, 0xc7, 0x08, 0xc7,
    0x08, 0xc7, 0x08, 0xc7, 0x08, 0xc7, 0x08, 0xc7, 0x08, 0xc7, 0x08, 0xc7, 0x08, 0xc7, 0x08, 0xc7,
    0x08, 0xc7, 0x08, 0xc7, 0x08, 0xc7, 0x08, 0xc7, 0x08, 0xc7, 0x08, 0xc7, 0x08, 0xc7, 0x08, 0xc7,
    0x08, 0xc7, 0x08, 0xc7, 0x08, 0xc8, 0x08, 0xc8, 0x08, 0xc8, 0x08, 0xc8, 0x08, 0xc8, 0x08, 0xc8,
    0x08, 0xc8, 0x08, 0xc8, 0x08, 0xc8, 0x08, 0xc7, 0x08, 0xc7, 0x08, 0xc7, 0x08, 0xa7, 0x08, 0xc7,
    0x08, 0xc7, 0x08, 0xc7, 0x08, 0xc7, 0x08, 0xa6, 0x08, 0xa7, 0x08, 0xa7, 0x00, 0x87, 0x00, 0xa7,
    0x00, 0xc8, 0x09, 0x2a, 0x09, 0x8c, 0x09, 0xad, 0x09, 0xad, 0x09, 0xae, 0x01, 0xce, 0x01, 0xce,
    0x01, 0xce, 0x01, 0xce, 0x01, 0xce, 0x01, 0xce, 0x01, 0xce, 0x01, 0xce, 0x01, 0xce, 0x01, 0xce,
    0x01, 0xce, 0x01, 0xce, 0x01, 0xce, 0x01, 0xce, 0x01, 0xce, 0x01, 0xce, 0x01, 0xcf, 0x01, 0xcf,
    0x01, 0xcf, 0x01, 0xcf, 0x01, 0xce, 0x01, 0xce, 0x01, 0xce, 0x01, 0xce, 0x01, 0xce, 0x01, 0xce,
    0x01, 0xce, 0x01, 0xce, 0x01, 0xce, 0x01, 0xce, 0x01, 0xce, 0x09, 0xcd, 0x09, 0x4a, 0x09, 0x08,
    0x00, 0xc7, 0x00, 0xa7, 0x00, 0xc7, 0x08, 0xc7, 0x00, 0xa7, 0x08, 0xa7, 0x08, 0xc7, 0x08, 0xc7,
    0x08, 0xc7, 0x08, 0xc7, 0x08, 0xc7, 0x08, 0xc7, 0x08, 0xc7, 0x08, 0xc7, 0x08, 0xe9, 0x00, 0xa8,
    0x00, 0x87, 0x3a, 0x4e, 0x32, 0x0d, 0x00, 0x46, 0x08, 0xa8, 0x08, 0xa8, 0x08, 0xa8, 0x08, 0xa7,
    0x08, 0xa7, 0x08, 0xa7, 0x08, 0xc7, 0x08, 0xc6, 0x08, 0xc6, 0x08, 0xa6, 0x08, 0xa6, 0x08, 0xa6,
    0x08, 0xa6, 0x08, 0xa6, 0x08, 0xa6, 0x08, 0xa6, 0x08, 0xa6, 0x08, 0xa6, 0x08, 0xa6, 0x08, 0xa6,
    0x08, 0xa6, 0x08, 0xa6, 0x08, 0xa6, 0x08, 0xa6, 0x08, 0xa6, 0x08, 0xa6, 0x08, 0xa6, 0x08, 0xa6,
    0x08, 0xa6, 0x08, 0xa6, 0x08, 0xa6, 0x08, 0xa6, 0x08, 0xa6, 0x08, 0xa6, 0x08, 0xa6, 0x08, 0xa6,
    0x08, 0xa6, 0x08, 0xa6, 0x08, 0xa6, 0x08, 0xa6, 0x08, 0xa6, 0x08, 0xa6, 0x08, 0x86, 0x08, 0x86,
    0x08, 0x86, 0x08, 0x86, 0x08, 0x86, 0x08, 0x86, 0x08, 0x86, 0x08, 0x86, 0x08, 0x86, 0x08, 0x86,
    0x08, 0x86, 0x08, 0x86, 0x08, 0x86, 0x08, 0x86, 0x08, 0x86, 0x08, 0x86, 0x08, 0x86, 0x08, 0x86,
    0x08, 0x86, 0x08, 0x86, 0x08, 0x86, 0x08, 0x86, 0x08, 0xa6, 0x08, 0xa6, 0x08, 0x86, 0x08, 0x86,
    0x08, 0x86, 0x08, 0x66, 0x00, 0x25, 0x10, 0xc8, 0x00, 0x25, 0x19, 0x09, 0x29, 0x8c, 0x31, 0xad,
    0x08, 0x86, 0x08, 0x86, 0x08, 0x86, 0x08, 0x86, 0x08, 0x86, 0x08, 0x86, 0x08, 0x86, 0x08, 0x86,
    0x08, 0x86, 0x08, 0x86, 0x08, 0x86, 0x08, 0x86, 0x08, 0x86, 0x08, 0x86, 0x08, 0xa6, 0x08, 0xa6,
    0x08, 0xa6, 0x08, 0xa6, 0x08, 0xa6, 0x08, 0xa6, 0x08, 0xa6, 0x08, 0xa6, 0x08, 0xa6, 0x08, 0xa6,
    0x08, 0xa6, 0x08, 0xa6, 0x08, 0xa6, 0x08, 0xa6, 0x08, 0xa6, 0x08, 0xa6, 0x08, 0xa6, 0x08, 0xa6,
    0x08, 0xa6, 0x08, 0xa6, 0x08, 0xa6, 0x08, 0xa6, 0x08, 0xa6, 0x08, 0xa6, 0x08, 0xa6, 0x08, 0xa6,
    0x08, 0xa6, 0x08, 0xa6, 0x08, 0xa6, 0x08, 0xa7, 0x08, 0xa7, 0x08, 0xa7, 0x08, 0xc7, 0x08, 0xc7,
    0x08, 0xc7, 0x08, 0xc7, 0x08, 0xa7, 0x08, 0xa7, 0x08, 0xc7, 0x08, 0xc7, 0x08, 0xc7, 0x08, 0xc7,
    0x08, 0xc7, 0x08, 0xc7, 0x08, 0xc7, 0x08, 0xc7, 0x08, 0xc7, 0x08, 0xc7, 0x08, 0xe7, 0x08, 0xe7,
    0x08, 0xe7, 0x08, 0xe7, 0x08, 0xe7, 0x08, 0xe8, 0x09, 0x08, 0x09, 0x08, 0x09, 0x08, 0x09, 0x08,
    0x09, 0x29, 0x09, 0x29, 0x09, 0x29, 0x09, 0x49, 0x09, 0x4a, 0x09, 0x4a, 0x09, 0x6a, 0x09, 0x6a,
    0x09, 0x6a, 0x09, 0x8a, 0x09, 0x8a, 0x01, 0x8a, 0x09, 0xab, 0x09, 0x8b, 0x11, 0xed, 0x01, 0x4a,
    0x11, 0xed, 0x01, 0x2a, 0x33, 0x11, 0x6d, 0x19, 0x33, 0x52, 0x02, 0x2d, 0x0a, 0x8e, 0x02, 0x6d,
    0x02, 0x2c, 0x02, 0x4d, 0x02, 0x4d, 0x02, 0x4d, 0x02, 0x2d, 0x02, 0x2d, 0x02, 0x2d, 0x02, 0x2d,
    0x02, 0x0d, 0x02, 0x0c, 0x01, 0xec, 0x01, 0xcc, 0x01, 0xcc, 0x01, 0xab, 0x01, 0xcc, 0x01, 0xac,
    0x01, 0x8b, 0x01, 0x8b, 0x01, 0x6b, 0x01, 0x6b, 0x01, 0x4b, 0x01, 0x4a, 0x09, 0x8c, 0x01, 0x2a,
    0x01, 0x0a, 0x01, 0x0a, 0x00, 0xea, 0x09, 0x2b, 0x22, 0x0e, 0x43, 0x12, 0x08, 0xe9, 0x08, 0xe8,
    0x08, 0xe8, 0x09, 0x09, 0x08, 0xe8, 0x00, 0xc8, 0x00, 0xc8, 0x08, 0xe8, 0x08, 0xe8, 0x08, 0xe8,
    0x08, 0xc8, 0x08, 0xc7, 0x08, 0xc7, 0x08, 0xc7, 0x08, 0xc7, 0x08, 0xc7, 0x08, 0xc7, 0x08, 0xc7,
    0x08, 0xc7, 0x08, 0xc7, 0x08, 0xc7, 0x08, 0xc7, 0x08, 0xc7, 0x08, 0xc7, 0x08, 0xc7, 0x08, 0xc7,
    0x08, 0xc7, 0x08, 0xc7, 0x08, 0xc7, 0x08, 0xc7, 0x08, 0xc7, 0x08, 0xc7, 0x08, 0xc7, 0x08, 0xc7,
    0x08, 0xc7, 0x08, 0xc7, 0x08, 0xc8, 0x08, 0xc8, 0x08, 0xc8, 0x08, 0xc8, 0x08, 0xc8, 0x08, 0xc8,
    0x08, 0xc8, 0x08, 0xc8, 0x08, 0xc8, 0x08, 0xc7, 0x08, 0xc7, 0x08, 0xc7, 0x08, 0xc7, 0x08, 0xc7,
    0x08, 0xc7, 0x08, 0xc7, 0x08, 0xc7, 0x08, 0xc7, 0x08, 0xa6, 0x08, 0xa7, 0x00, 0x87, 0x00, 0xa7,
    0x00, 0xa8, 0x00, 0xe9, 0x09, 0x4b, 0x11, 0x8d, 0x11, 0xae, 0x09, 0xae, 0x01, 0xce, 0x01, 0xce,
    0x01, 0xce, 0x01, 0xce, 0x01, 0xce, 0x01, 0xce, 0x01, 0xce, 0x01, 0xce, 0x01, 0xce, 0x01, 0xce,
    0x01, 0xce, 0x01, 0xce, 0x01, 0xce, 0x01, 0xce, 0x01, 0xce, 0x01, 0xce, 0x01, 0xcf, 0x01, 0xcf,
    0x01, 0xcf, 0x01, 0xcf, 0x01, 0xce, 0x01, 0xce, 0x01, 0xce, 0x01, 0xce, 0x01, 0xce, 0x01, 0xce,
    0x01, 0xce, 0x01, 0xce, 0x01, 0xce, 0x01, 0xce, 0x01, 0xce, 0x09, 0xad, 0x01, 0x08, 0x08, 0xc7,
    0x00, 0xa7, 0x08, 0xc7, 0x08, 0xc7, 0x00, 0xa7, 0x00, 0xa7, 0x08, 0xc7, 0x08, 0xc7, 0x08, 0xc7,
    0x08, 0xc7, 0x08, 0xc7, 0x08, 0xc7, 0x08, 0xc7, 0x08, 0xa7, 0x08, 0xc7, 0x08, 0xe9, 0x00, 0x67,
    0x21, 0x8b, 0x42, 0x8f, 0x08, 0xc8, 0x00, 0x87, 0x08, 0xa8, 0x08, 0xa8, 0x10, 0xc8, 0x08, 0xa8,
    0x08, 0xa7, 0x08, 0xa7, 0x08, 0xc7, 0x08, 0xc6, 0x08, 0xc6, 0x00, 0xa6, 0x08, 0xa6, 0x08, 0xa6,
    0x08, 0xa6, 0x08, 0xa6, 0x08, 0xa6, 0x08, 0xa6, 0x08, 0xa6, 0x08, 0xa6, 0x08, 0xa6, 0x08, 0xa6,
    0x08, 0xa6, 0x08, 0xa6, 0x08, 0xa6, 0x08, 0xa6, 0x08, 0xa6, 0x08, 0xa6, 0x08, 0xa6, 0x08, 0xa6,
    0x08, 0xa6, 0x08, 0xa6, 0x08, 0xa6, 0x08, 0xa6, 0x08, 0xa6, 0x08, 0xa6, 0x08, 0xa6, 0x08, 0xa6,
    0x08, 0xa6, 0x08, 0xa6, 0x08, 0xa6, 0x08, 0xa6, 0x08, 0xa6, 0x08, 0xa6, 0x08, 0x86, 0x08, 0x86,
    0x08, 0x86, 0x08, 0x86, 0x08, 0x86, 0x08, 0x86, 0x08, 0x86, 0x08, 0x86, 0x08, 0x86, 0x08, 0x86,
    0x08, 0x86, 0x08, 0x86, 0x08, 0x86, 0x08, 0x86, 0x08, 0x86, 0x08, 0x86, 0x08, 0x86, 0x08, 0x86,
    0x08, 0x86, 0x08, 0x86, 0x08, 0x86, 0x08, 0x86, 0x08, 0xa6, 0x08, 0xa6, 0x10, 0xc6, 0x08, 0xa6,
    0x08, 0x86, 0x08, 0x86, 0x08, 0x66, 0x10, 0xc7, 0x08, 0xa7, 0x00, 0x67, 0x29, 0xad, 0x31, 0xee,
    0x08, 0x86, 0x08, 0x86, 0x08, 0x86, 0x08, 0x86, 0x08, 0x86, 0x08, 0x86, 0x08, 0x86, 0x08, 0x86,
    0x08, 0x86, 0x08, 0x86, 0x08, 0x86, 0x08, 0x86, 0x08, 0x86, 0x08, 0x86, 0x08, 0xa6, 0x08, 0xa6,
    0x08, 0xa6, 0x08, 0xa6, 0x08, 0xa6, 0x08, 0xa6, 0x08, 0xa6, 0x08, 0xa6, 0x08, 0xa6, 0x08, 0xa6,
    0x08, 0xa6, 0x08, 0xa6, 0x08, 0xa6, 0x08, 0xa6, 0x08, 0xa6, 0x08, 0xa6, 0x08, 0xa6, 0x08, 0xa6,
    0x08, 0xa6, 0x08, 0xa6, 0x08, 0xa6, 0x08, 0xa6, 0x08, 0xa6, 0x08, 0xa6, 0x08, 0xa6, 0x08, 0xa6,
    0x08, 0xa6, 0x08, 0xa6, 0x08, 0xa6, 0x08, 0xa7, 0x08, 0xa7, 0x08, 0xc7, 0x08, 0xc7, 0x08, 0xc7,
    0x08, 0xa7, 0x08, 0xc7, 0x08, 0xa7, 0x08, 0xc7, 0x08, 0xc7, 0x08, 0xc7, 0x08, 0xc7, 0x08, 0xc7,
    0x08, 0xc7, 0x08, 0xc7, 0x08, 0xc7, 0x08, 0xc7, 0x08, 0xc7, 0x08, 0xc7, 0x08, 0xc7, 0x08, 0xc7,
    0x08, 0xe7, 0x08, 0xe7, 0x08, 0xe7, 0x08, 0xe8, 0x09, 0x08, 0x09, 0x08, 0x09, 0x08, 0x09, 0x08,
    0x09, 0x29, 0x09, 0x29, 0x09, 0x29, 0x09, 0x49, 0x09, 0x49, 0x09, 0x49, 0x09, 0x49, 0x09, 0x6a,
    0x09, 0x6a, 0x09, 0x6a, 0x09, 0x8a, 0x09, 0x8b, 0x09, 0x8b, 0x09, 0x8b, 0x09, 0x6b, 0x11, 0xed,
    0x1a, 0x0d, 0x00, 0xc8, 0x5c, 0x56, 0x6c, 0xf8, 0x01, 0x4a, 0x01, 0xec, 0x01, 0xec, 0x02, 0x0c,
    0x02, 0x2c, 0x02, 0x4d, 0x02, 0x0d, 0x01, 0xcc, 0x01, 0xcb, 0x01, 0xec, 0x01, 0xab, 0x01, 0xab,
    0x01, 0xab, 0x01, 0xab, 0x01, 0xab, 0x01, 0xab, 0x01, 0xab, 0x01, 0xab, 0x01, 0x6a, 0x01, 0x4a,
    0x01, 0x4a, 0x01, 0x4a, 0x01, 0x4b, 0x01, 0x4b, 0x01, 0x4b, 0x01, 0x4b, 0x01, 0x0a, 0x09, 0x6b,
    0x01, 0x2a, 0x01, 0x2a, 0x09, 0x6b, 0x00, 0x88, 0x00, 0xe9, 0x43, 0x12, 0x21, 0xac, 0x11, 0x29,
    0x00, 0xa7, 0x00, 0xa8, 0x08, 0xe9, 0x09, 0x09, 0x08, 0xe8, 0x00, 0xa7, 0x08, 0xe8, 0x08, 0xe8,
    0x08, 0xe8, 0x08, 0xc7, 0x08, 0xc7, 0x08, 0xc7, 0x08, 0xc7, 0x08, 0xc7, 0x08, 0xc7, 0x08, 0xc7,
    0x08, 0xc7, 0x08, 0xc7, 0x08, 0xc7, 0x08, 0xc7, 0x08, 0xc7, 0x08, 0xc7, 0x08, 0xc7, 0x08, 0xc7,
    0x08, 0xc7, 0x08, 0xc7, 0x08, 0xc7, 0x08, 0xc7, 0x08, 0xc7, 0x08, 0xc7, 0x08, 0xc7, 0x08, 0xc7,
    0x08, 0xc7, 0x08, 0xc7, 0x08, 0xc8, 0x08, 0xc8, 0x08, 0xc8, 0x08, 0xc8, 0x08, 0xc8, 0x08, 0xc8,
    0x08, 0xc8, 0x08, 0xc8, 0x08, 0xc8, 0x08, 0xc8, 0x08, 0xc7, 0x08, 0xc7, 0x08, 0xe8, 0x08, 0xe8,
    0x08, 0xc7, 0x08, 0xe7, 0x08, 0xc7, 0x08, 0xc7, 0x08, 0xc7, 0x08, 0xa7, 0x08, 0xa7, 0x08, 0xa7,
    0x00, 0xc8, 0x00, 0xc8, 0x01, 0x2a, 0x09, 0x8c, 0x11, 0xcd, 0x09, 0xad, 0x01, 0xce, 0x01, 0xce,
    0x01, 0xce, 0x01, 0xce, 0x01, 0xce, 0x01, 0xce, 0x01, 0xce, 0x01, 0xce, 0x01, 0xce, 0x01, 0xce,
    0x01, 0xce, 0x01, 0xce, 0x01, 0xce, 0x01, 0xce, 0x01, 0xce, 0x01, 0xce, 0x01, 0xcf, 0x01, 0xcf,
    0x01, 0xcf, 0x01, 0xcf, 0x01, 0xcf, 0x01, 0xce, 0x01, 0xcf, 0x01, 0xce, 0x01, 0xce, 0x01, 0xce,
    0x01, 0xce, 0x01, 0xce, 0x01, 0xce, 0x09, 0xce, 0x09, 0xcd, 0x11, 0xac, 0x00, 0xc7, 0x00, 0xa6,
    0x08, 0xa6, 0x08, 0xc7, 0x08, 0xc7, 0x00, 0xa7, 0x00, 0xa7, 0x08, 0xe8, 0x08, 0xc7, 0x08, 0xc7,
    0x08, 0xc7, 0x08, 0xc7, 0x08, 0xa7, 0x08, 0xa7, 0x08, 0xa7, 0x08, 0xc7, 0x00, 0xa8, 0x00, 0x67,
    0x42, 0xb0, 0x29, 0xac, 0x00, 0x46, 0x11, 0x09, 0x00, 0x67, 0x10, 0xc8, 0x08, 0xa7, 0x08, 0x87,
    0x08, 0x87, 0x08, 0xa7, 0x08, 0xc7, 0x08, 0xc6, 0x08, 0xc6, 0x08, 0xa6, 0x08, 0xa6, 0x08, 0xa6,
    0x08, 0xa6, 0x08, 0xa6, 0x08, 0xa6, 0x08, 0xa6, 0x08, 0xa6, 0x08, 0xa6, 0x08, 0xa6, 0x08, 0xa6,
    0x08, 0xa6, 0x08, 0xa6, 0x08, 0xa6, 0x08, 0xa6, 0x08, 0xa6, 0x08, 0xa6, 0x08, 0xa6, 0x08, 0xa6,
    0x08, 0xa6, 0x08, 0xa6, 0x08, 0xa6, 0x08, 0xa6, 0x08, 0xa6, 0x08, 0xa6, 0x08, 0xa6, 0x08, 0xa6,
    0x08, 0xa6, 0x08, 0xa6, 0x08, 0xa6, 0x08, 0xa6, 0x08, 0xa6, 0x08, 0xa6, 0x08, 0x86, 0x08, 0x86,
    0x08, 0x86, 0x08, 0x86, 0x08, 0x86, 0x08, 0x86, 0x08, 0x86, 0x08, 0x86, 0x08, 0x86, 0x08, 0x86,
    0x08, 0x86, 0x08, 0x86, 0x08, 0x86, 0x08, 0x86, 0x08, 0x86, 0x08, 0x86, 0x08, 0x86, 0x08, 0x86,
    0x08, 0x86, 0x08, 0x86, 0x08, 0x86, 0x08, 0x86, 0x08, 0x86, 0x08, 0xa6, 0x08, 0x65, 0x10, 0xc7,
    0x00, 0x65, 0x00, 0x65, 0x19, 0x08, 0x00, 0x45, 0x08, 0x87, 0x08, 0x87, 0x19, 0x4b, 0x21, 0x6c,
    0x08, 0x86, 0x08, 0xa6, 0x08, 0xa6, 0x08, 0xa6, 0x08, 0xa6, 0x08, 0xa6, 0x08, 0xa6, 0x08, 0xa6,
    0x08, 0xa6, 0x08, 0xa6, 0x08, 0xa6, 0x08, 0xa6, 0x08, 0xa6, 0x08, 0xa6, 0x08, 0xa6, 0x08, 0xa6,
    0x08, 0xa6, 0x08, 0xa6, 0x08, 0xa6, 0x08, 0xa6, 0x08, 0xa6, 0x08, 0xa6, 0x08, 0xa6, 0x08, 0xa6,
    0x08, 0xa6, 0x08, 0xa6, 0x08, 0xa6, 0x08, 0xa6, 0x08, 0xa6, 0x08, 0xa6, 0x08, 0xa7, 0x08, 0xa7,
    0x08, 0xa7, 0x08, 0xa7, 0x08, 0xa7, 0x08, 0xa7, 0x08, 0xa7, 0x08, 0xa7, 0x08, 0xa7, 0x08, 0xa7,
    0x08, 0xa7, 0x08, 0xa7, 0x08, 0xa7, 0x08, 0xa7, 0x08, 0xa7, 0x08, 0xa7, 0x08, 0xc7, 0x08, 0xc7,
    0x08, 0xc7, 0x08, 0xc7, 0x08, 0xc7, 0x08, 0xc7, 0x08, 0xc7, 0x08, 0xc7, 0x08, 0xc7, 0x08, 0xc7,
    0x08, 0xc7, 0x08, 0xc7, 0x08, 0xc7, 0x08, 0xc7, 0x08, 0xc7, 0x08, 0xc7, 0x08, 0xc7, 0x08, 0xc8,
    0x08, 0xc7, 0x08, 0xc7, 0x08, 0xc7, 0x08, 0xe8, 0x08, 0xe8, 0x09, 0x08, 0x09, 0x08, 0x09, 0x08,
    0x09, 0x09, 0x09, 0x29, 0x09, 0x29, 0x09, 0x29, 0x09, 0x29, 0x09, 0x49, 0x09, 0x49, 0x09, 0x6a,
    0x11, 0x8a, 0x09, 0x6a, 0x01, 0x4a, 0x01, 0x4a, 0x09, 0x6b, 0x09, 0x8c, 0x01, 0x4b, 0x11, 0xed,
    0x01, 0x6b, 0x32, 0xf1, 0x75, 0x19, 0x01, 0x8b, 0x09, 0xec, 0x01, 0xcc, 0x02, 0x0c, 0x01, 0xcc,
    0x01, 0xab, 0x02, 0x0d, 0x01, 0xed, 0x01, 0xcc, 0x0a, 0x0d, 0x01, 0xac, 0x01, 0xec, 0x01, 0xcc,
    0x01, 0xcc, 0x01, 0xcc, 0x01, 0xcb, 0x01, 0xab, 0x01, 0xab, 0x01, 0xab, 0x01, 0x6a, 0x01, 0x6a,
    0x01, 0x4a, 0x01, 0x4a, 0x01, 0x4a, 0x01, 0x2a, 0x01, 0x2a, 0x01, 0x2a, 0x01, 0x0a, 0x11, 0x6b,
    0x01, 0x09, 0x01, 0x09, 0x01, 0x29, 0x00, 0xc8, 0x09, 0x29, 0x09, 0x2a, 0x5b, 0x74, 0x08, 0xea,
    0x08, 0xc9, 0x08, 0xe9, 0x08, 0xe9, 0x00, 0x87, 0x08, 0xe8, 0x08, 0xc8, 0x08, 0xe8, 0x08, 0xe7,
    0x08, 0xc7, 0x08, 0xc7, 0x08, 0xc7, 0x08, 0xc7, 0x08, 0xc7, 0x08, 0xc7, 0x08, 0xc7, 0x08, 0xc7,
    0x08, 0xc7, 0x08, 0xc7, 0x08, 0xc7, 0x08, 0xc7, 0x08, 0xc7, 0x08, 0xc7, 0x08, 0xc7, 0x08, 0xc7,
    0x08, 0xc7, 0x08, 0xc7, 0x08, 0xc7, 0x08, 0xc7, 0x08, 0xc7, 0x08, 0xc7, 0x08, 0xc7, 0x08, 0xc7,
    0x08, 0xc7, 0x08, 0xc7, 0x08, 0xc7, 0x08, 0xc8, 0x08, 0xc8, 0x08, 0xc8, 0x08, 0xc8, 0x08, 0xc8,
    0x08, 0xc8, 0x08, 0xc8, 0x08, 0xc7, 0x08, 0xc7, 0x08, 0xc7, 0x08, 0xc7, 0x08, 0xc7, 0x08, 0xc7,
    0x08, 0xc7, 0x08, 0xc7, 0x08, 0xc7, 0x08, 0xc7, 0x08, 0xc7, 0x08, 0xc7, 0x00, 0x66, 0x08, 0xc7,
    0x08, 0xe8, 0x00, 0xc8, 0x00, 0xe9, 0x09, 0x6b, 0x11, 0xac, 0x09, 0xac, 0x09, 0xce, 0x01, 0xae,
    0x01, 0xae, 0x09, 0xcf, 0x09, 0xcf, 0x01, 0xae, 0x01, 0xae, 0x01, 0xcf, 0x01, 0xae, 0x01, 0xce,
    0x01, 0xae, 0x01, 0xce, 0x01, 0xae, 0x01, 0xce, 0x01, 0xae, 0x01, 0xce, 0x09, 0xcf, 0x09, 0xcf,
    0x01, 0xcf, 0x01, 0xcf, 0x01, 0xcf, 0x01, 0xcf, 0x01, 0xcf, 0x01, 0xcf, 0x01, 0xae, 0x09, 0xce,
    0x09, 0xae, 0x01, 0x8d, 0x09, 0xad, 0x11, 0xed, 0x09, 0x8c, 0x00, 0xe9, 0x00, 0xa7, 0x08, 0xa6,
    0x08, 0xa7, 0x08, 0xa7, 0x08, 0xc7, 0x08, 0xc7, 0x08, 0xc7, 0x08, 0xe7, 0x08, 0xc7, 0x00, 0x86,
    0x10, 0xe8, 0x00, 0x87, 0x08, 0xa8, 0x00, 0x67, 0x10, 0xe9, 0x08, 0xc8, 0x00, 0x67, 0x31, 0xed,
    0x42, 0x6f, 0x00, 0x66, 0x10, 0xe8, 0x08, 0x87, 0x10, 0xc8, 0x10, 0xc8, 0x08, 0x87, 0x08, 0xa7,
    0x08, 0xc8, 0x08, 0xa7, 0x08, 0xa7, 0x08, 0xa6, 0x08, 0xa6, 0x08, 0xa6, 0x08, 0xc6, 0x08, 0xc7,
    0x08, 0xc7, 0x08, 0xc7, 0x08, 0xc7, 0x08, 0xc7, 0x08, 0xc7, 0x08, 0xc7, 0x08, 0xa6, 0x08, 0xa6,
    0x08, 0xa6, 0x08, 0xa6, 0x08, 0xa6, 0x08, 0xa6, 0x08, 0xa6, 0x08, 0xa6, 0x08, 0xa6, 0x08, 0xa6,
    0x08, 0xa6, 0x08, 0xa6, 0x08, 0xa6, 0x08, 0xa6, 0x08, 0xa6, 0x08, 0xa6, 0x08, 0xa6, 0x08, 0xa6,
    0x08, 0xa6, 0x08, 0xa6, 0x08, 0xa6, 0x08, 0xa6, 0x08, 0x86, 0x08, 0x86, 0x08, 0xa6, 0x08, 0xa6,
    0x08, 0xa6, 0x08, 0xa6, 0x08, 0xa6, 0x08, 0xa6, 0x08, 0xa6, 0x08, 0xa6, 0x08, 0xa6, 0x08, 0xa6,
    0x08, 0xa6, 0x08, 0xa6, 0x08, 0xa6, 0x08, 0x86, 0x08, 0x86, 0x08, 0x86, 0x08, 0x86, 0x08, 0x86,
    0x08, 0x86, 0x08, 0x86, 0x08, 0x86, 0x08, 0x86, 0x08, 0x86, 0x08, 0x86, 0x08, 0x86, 0x08, 0x86,
    0x08, 0x86, 0x08, 0x86, 0x08, 0x86, 0x08, 0x86, 0x08, 0x86, 0x08, 0x87, 0x08, 0x67, 0x21, 0x4b,
    0x08, 0x86, 0x08, 0xa6, 0x08, 0xa6, 0x08, 0xa6, 0x08, 0xa6, 0x08, 0xa6, 0x08, 0xa6, 0x08, 0xa6,
    0x08, 0xa6, 0x08, 0xa6, 0x08, 0xa6, 0x08, 0xa6, 0x08, 0xa6, 0x08, 0xa6, 0x08, 0xa6, 0x08, 0xa6,
    0x08, 0xa6, 0x08, 0xa6, 0x08, 0xa6, 0x08, 0xa6, 0x08, 0xa6, 0x08, 0xa6, 0x08, 0xa6, 0x08, 0xa6,
    0x08, 0xa6, 0x08, 0xa6, 0x08, 0xa6, 0x08, 0xa6, 0x08, 0xa6, 0x08, 0xa6, 0x08, 0xa7, 0x08, 0xa7,
    0x08, 0xa7, 0x08, 0xa7, 0x08, 0xa7, 0x08, 0xa7, 0x08, 0xa7, 0x08, 0xa7, 0x08, 0xa7, 0x08, 0xa7,
    0x08, 0xa7, 0x08, 0xa7, 0x08, 0xa7, 0x08, 0xa7, 0x08, 0xa7, 0x08, 0xa7, 0x08, 0xc7, 0x08, 0xc7,
    0x08, 0xc7, 0x08, 0xc7, 0x08, 0xc7, 0x08, 0xc7, 0x08, 0xc7, 0x08, 0xc7, 0x08, 0xc7, 0x08, 0xc7,
    0x08, 0xc7, 0x08, 0xc7, 0x08, 0xc7, 0x08, 0xc7, 0x08, 0xc7, 0x08, 0xc7, 0x08, 0xc8, 0x08, 0xc8,
    0x08, 0xc7, 0x08, 0xc7, 0x08, 0xc7, 0x08, 0xe8, 0x08, 0xe8, 0x09, 0x08, 0x09, 0x08, 0x09, 0x08,
    0x09, 0x09, 0x09, 0x09, 0x09, 0x29, 0x09, 0x29, 0x09, 0x29, 0x09, 0x49, 0x09, 0x49, 0x09, 0x29,
    0x01, 0x29, 0x09, 0x4a, 0x11, 0x8b, 0x11, 0x8c, 0x09, 0x6b, 0x09, 0x4b, 0x09, 0x8c, 0x09, 0x8c,
    0x01, 0x0a, 0x6c, 0xb7, 0x3b, 0x52, 0x01, 0x8a, 0x09, 0xcc, 0x01, 0xab, 0x09, 0xec, 0x01, 0xcc,
    0x12, 0x4e, 0x01, 0x8b, 0x01, 0x8b, 0x0a, 0x0d, 0x01, 0x4a, 0x0a, 0x0d, 0x01, 0x8b, 0x01, 0x8b,
    0x01, 0x8b, 0x01, 0x8b, 0x01, 0x6a, 0x01, 0x6a, 0x01, 0x69, 0x01, 0x69, 0x01, 0x4a, 0x01, 0x4a,
    0x01, 0x4a, 0x01, 0x2a, 0x01, 0x2a, 0x01, 0x2a, 0x01, 0x2a, 0x09, 0x2a, 0x00, 0xa8, 0x00, 0xc9,
    0x01, 0x09, 0x11, 0x8b, 0x00, 0xe9, 0x01, 0x09, 0x00, 0xe8, 0x00, 0xc8, 0x3a, 0x90, 0x42, 0xb1,
    0x00, 0x48, 0x11, 0x2b, 0x09, 0x09, 0x00, 0xa8, 0x08, 0xe8, 0x08, 0xe8, 0x08, 0xe8, 0x08, 0xe7,
    0x08, 0xc7, 0x08, 0xc7, 0x08, 0xc7, 0x08, 0xc7, 0x08, 0xc7, 0x08, 0xc7, 0x08, 0xc7, 0x08, 0xc7,
    0x08, 0xc7, 0x08, 0xc7, 0x08, 0xc7, 0x08, 0xc7, 0x08, 0xc7, 0x08, 0xc7, 0x08, 0xc7, 0x08, 0xc7,
    0x08, 0xc7, 0x08, 0xc7, 0x08, 0xc7, 0x08, 0xc7, 0x08, 0xc7, 0x08, 0xc7, 0x08, 0xc7, 0x08, 0xc7,
    0x08, 0xc7, 0x08, 0xc7, 0x08, 0xc7, 0x08, 0xc7, 0x08, 0xc7, 0x08, 0xc7, 0x08, 0xc7, 0x08, 0xc7,
    0x08, 0xc7, 0x08, 0xc7, 0x08, 0xc7, 0x08, 0xc7, 0x08, 0xc7, 0x08, 0xc7, 0x08, 0xc7, 0x08, 0xc7,
    0x08, 0xc7, 0x08, 0xc7, 0x08, 0xc7, 0x08, 0xc7, 0x08, 0xc7, 0x08, 0xc7, 0x00, 0x86, 0x00, 0xc7,
    0x00, 0xc8, 0x00, 0xa7, 0x00, 0xc8, 0x01, 0x2a, 0x11, 0x8b, 0x09, 0xac, 0x09, 0xae, 0x01, 0xae,
    0x01, 0xae, 0x09, 0xcf, 0x01, 0xae, 0x01, 0x8e, 0x01, 0xae, 0x01, 0xae, 0x01, 0xae, 0x01, 0xae,
    0x01, 0xae, 0x01, 0xae, 0x01, 0xae, 0x01, 0xae, 0x01, 0xae, 0x01, 0xae, 0x01, 0xae, 0x01, 0xae,
    0x01, 0xaf, 0x01, 0xaf, 0x01, 0xaf, 0x01, 0xcf, 0x01, 0xcf, 0x01, 0xcf, 0x01, 0xcf, 0x09, 0xcf,
    0x09, 0xce, 0x09, 0x8d, 0x11, 0xad, 0x11, 0xac, 0x09, 0x4b, 0x00, 0xc8, 0x00, 0xa7, 0x08, 0xa7,
    0x08, 0xc7, 0x08, 0xc7, 0x08, 0xc7, 0x08, 0xc7, 0x08, 0xc7, 0x08, 0xe7, 0x08, 0xc7, 0x08, 0xa7,
    0x08, 0xa7, 0x10, 0xe8, 0x08, 0xa8, 0x08, 0xa8, 0x08, 0xa8, 0x08, 0xa8, 0x08, 0x68, 0x5b, 0x12,
    0x19, 0x2a, 0x08, 0x87, 0x10, 0xc8, 0x08, 0xa7, 0x00, 0x86, 0x10, 0xc8, 0x10, 0xc8, 0x10, 0xc8,
    0x08, 0xa8, 0x08, 0xa7, 0x08, 0xa7, 0x08, 0xc7, 0x08, 0xc6, 0x08, 0xc6, 0x08, 0xc6, 0x08, 0xc7,
    0x08, 0xc7, 0x08, 0xc7, 0x08, 0xc7, 0x08, 0xc7, 0x08, 0xc7, 0x08, 0xc7, 0x08, 0xa6, 0x08, 0xa6,
    0x08, 0xa6, 0x08, 0xa6, 0x08, 0xa6, 0x08, 0xa6, 0x08, 0xa6, 0x08, 0xa6, 0x08, 0xa6, 0x08, 0xa6,
    0x08, 0xa6, 0x08, 0xa6, 0x08, 0xa6, 0x08, 0xa6, 0x08, 0xa6, 0x08, 0xa6, 0x08, 0xa6, 0x08, 0xa6,
    0x08, 0xa6, 0x08, 0xa6, 0x08, 0xa6, 0x08, 0xa6, 0x08, 0xa6, 0x08, 0x86, 0x08, 0xa6, 0x08, 0xa6,
    0x08, 0xa6, 0x08, 0xa6, 0x08, 0xa6, 0x08, 0xa6, 0x08, 0xa6, 0x08, 0xa6, 0x08, 0xa6, 0x08, 0xa6,
    0x08, 0xa6, 0x08, 0xa6, 0x08, 0xa6, 0x08, 0x86, 0x08, 0x86, 0x08, 0x86, 0x08, 0x86, 0x08, 0x86,
    0x08, 0x86, 0x08, 0x86, 0x08, 0x86, 0x08, 0x86, 0x08, 0x86, 0x08, 0x86, 0x08, 0x86, 0x08, 0x86,
    0x08, 0x86, 0x08, 0x86, 0x08, 0x86, 0x08, 0x86, 0x08, 0x86, 0x08, 0x86, 0x00, 0x26, 0x19, 0x09,
    0x08, 0x86, 0x08, 0xa6, 0x08, 0xa6, 0x08, 0xa6, 0x08, 0xa6, 0x08, 0xa6, 0x08, 0xa6, 0x08, 0xa6,
    0x08, 0xa6, 0x08, 0xa6, 0x08, 0xa6, 0x08, 0xa6, 0x08, 0xa6, 0x08, 0xa6, 0x08, 0xa6, 0x08, 0xa6,
    0x08, 0xa6, 0x08, 0xa6, 0x08, 0xa6, 0x08, 0xa6, 0x08, 0xa6, 0x08, 0xa6, 0x08, 0xa6, 0x08, 0xa6,
    0x08, 0xa6, 0x08, 0xa6, 0x08, 0xa6, 0x08, 0xa6, 0x08, 0xa6, 0x08, 0xa6, 0x08, 0xa7, 0x08, 0xa7,
    0x08, 0xa7, 0x08, 0xa7, 0x08, 0xa7, 0x08, 0xa7, 0x08, 0xa7, 0x08, 0xa7, 0x08, 0xa7, 0x08, 0xa7,
    0x08, 0xa7, 0x08, 0xa7, 0x08, 0xa7, 0x08, 0xa7, 0x08, 0xa7, 0x08, 0xa7, 0x08, 0xc7, 0x08, 0xc7,
    0x08, 0xc7, 0x08, 0xc7, 0x08, 0xc7, 0x08, 0xc7, 0x08, 0xc7, 0x08, 0xc7, 0x08, 0xc7, 0x08, 0xc7,
    0x08, 0xc7, 0x08, 0xc7, 0x08, 0xc7, 0x08, 0xc7, 0x08, 0xc7, 0x08, 0xc7, 0x08, 0xc8, 0x08, 0xc8,
    0x08, 0xc7, 0x08, 0xc7, 0x08, 0xc7, 0x08, 0xe8, 0x08, 0xe8, 0x09, 0x08, 0x09, 0x08, 0x09, 0x08,
    0x09, 0x09, 0x09, 0x09, 0x09, 0x29, 0x09, 0x29, 0x09, 0x29, 0x09, 0x49, 0x09, 0x69, 0x09, 0x49,
    0x09, 0x49, 0x09, 0x4a, 0x09, 0x6b, 0x11, 0x8b, 0x09, 0x6b, 0x01, 0x4b, 0x11, 0xac, 0x01, 0x2a,
    0x22, 0x8f, 0x74, 0xd8, 0x01, 0x6b, 0x01, 0x6a, 0x01, 0xab, 0x01, 0x8a, 0x01, 0xac, 0x01, 0xab,
    0x01, 0x6a, 0x01, 0x8b, 0x01, 0x8b, 0x01, 0xac, 0x01, 0xcd, 0x01, 0xcc, 0x01, 0xac, 0x01, 0xab,
    0x01, 0xab, 0x01, 0x8b, 0x01, 0x8b, 0x01, 0x8a, 0x01, 0x8a, 0x01, 0x6a, 0x01, 0x4a, 0x01, 0x4a,
    0x01, 0x4a, 0x01, 0x4a, 0x01, 0x4a, 0x01, 0x2b, 0x09, 0x2b, 0x01, 0x2a, 0x11, 0x6b, 0x09, 0x2a,
    0x09, 0x0a, 0x00, 0xa8, 0x00, 0xc8, 0x09, 0x09, 0x01, 0x09, 0x09, 0x09, 0x11, 0x4b, 0x5b, 0x74,
    0x19, 0x2b, 0x00, 0xa9, 0x11, 0x0a, 0x08, 0xc8, 0x08, 0xe9, 0x08, 0xe8, 0x08, 0xe8, 0x08, 0xe7,
    0x08, 0xc7, 0x08, 0xc7, 0x08, 0xc7, 0x08, 0xc7, 0x08, 0xc7, 0x08, 0xc7, 0x08, 0xc7, 0x08, 0xc7,
    0x08, 0xc7, 0x08, 0xc7, 0x08, 0xc7, 0x08, 0xc7, 0x08, 0xc7, 0x08, 0xc7, 0x08, 0xc7, 0x08, 0xc7,
    0x08, 0xc7, 0x08, 0xc7, 0x08, 0xc7, 0x08, 0xc7, 0x08, 0xc7, 0x08, 0xc7, 0x08, 0xc7, 0x08, 0xc7,
    0x08, 0xc7, 0x08, 0xc7, 0x08, 0xc7, 0x08, 0xc7, 0x08, 0xc7, 0x08, 0xc7, 0x08, 0xc7, 0x08, 0xc7,
    0x08, 0xc7, 0x08, 0xc7, 0x08, 0xc7, 0x08, 0xc7, 0x08, 0xc7, 0x08, 0xc7, 0x08, 0xc7, 0x08, 0xc7,
    0x08, 0xc7, 0x08, 0xc7, 0x08, 0xc7, 0x08, 0xc7, 0x08, 0xc7, 0x08, 0xc7, 0x08, 0xa7, 0x00, 0xa7,
    0x00, 0xa7, 0x00, 0xa7, 0x00, 0xc8, 0x00, 0xe9, 0x09, 0x4a, 0x11, 0xac, 0x09, 0xce, 0x01, 0xcf,
    0x01, 0xcf, 0x09, 0xcf, 0x01, 0xaf, 0x01, 0xae, 0x01, 0xaf, 0x09, 0xcf, 0x01, 0xaf, 0x01, 0xaf,
    0x01, 0xaf, 0x01, 0xaf, 0x01, 0xaf, 0x01, 0xaf, 0x01, 0xaf, 0x01, 0xaf, 0x01, 0xae, 0x01, 0xae,
    0x01, 0xaf, 0x01, 0xaf, 0x01, 0xaf, 0x01, 0xaf, 0x01, 0xaf, 0x01, 0xcf, 0x01, 0xcf, 0x01, 0xae,
    0x09, 0xae, 0x09, 0xad, 0x09, 0x8c, 0x09, 0x6b, 0x01, 0x0a, 0x00, 0xc8, 0x08, 0xa7, 0x08, 0xc7,
    0x08, 0xc7, 0x08, 0xc7, 0x08, 0xc7, 0x08, 0xc7, 0x08, 0xc7, 0x08, 0xe7, 0x08, 0xc7, 0x08, 0xc7,
    0x08, 0xa7, 0x19, 0x29, 0x08, 0xa8, 0x08, 0xc8, 0x00, 0x67, 0x08, 0xa8, 0x31, 0xcd, 0x4a, 0xb0,
    0x00, 0x46, 0x08, 0xc8, 0x08, 0xc8, 0x10, 0xe8, 0x00, 0x66, 0x08, 0xc8, 0x08, 0xc8, 0x08, 0xa7,
    0x00, 0x87, 0x00, 0x87, 0x08, 0xa7, 0x08, 0xc7, 0x08, 0xe7, 0x08, 0xe7, 0x08, 0xc6, 0x08, 0xc7,
    0x08, 0xc7, 0x08, 0xc7, 0x08, 0xc7, 0x08, 0xc7, 0x08, 0xc7, 0x08, 0xc7, 0x08, 0xa6, 0x08, 0xa6,
    0x08, 0xa6, 0x08, 0xa6, 0x08, 0xa6, 0x08, 0xa6, 0x08, 0xa6, 0x08, 0xa6, 0x08, 0xa6, 0x08, 0xa6,
    0x08, 0xa6, 0x08, 0xa6, 0x08, 0xa6, 0x08, 0xa6, 0x08, 0xa6, 0x08, 0xa6, 0x08, 0xa6, 0x08, 0xa6,
    0x08, 0xa6, 0x08, 0xa6, 0x08, 0xa6, 0x08, 0xa6, 0x08, 0xa6, 0x08, 0xa6, 0x08, 0xa6, 0x08, 0xa6,
    0x08, 0xa6, 0x08, 0xa6, 0x08, 0xa6, 0x08, 0xa6, 0x08, 0xa6, 0x08, 0xa6, 0x08, 0xa6, 0x08, 0xa6,
    0x08, 0xa6, 0x08, 0xa6, 0x08, 0xa6, 0x08, 0x86, 0x08, 0x86, 0x08, 0x86, 0x08, 0x86, 0x08, 0x86,
    0x08, 0x86, 0x08, 0x86, 0x08, 0x86, 0x08, 0x86, 0x08, 0x86, 0x08, 0x86, 0x08, 0x86, 0x08, 0x86,
    0x08, 0x86, 0x08, 0x86, 0x08, 0x86, 0x08, 0x86, 0x08, 0x86, 0x08, 0x86, 0x00, 0x45, 0x19, 0x28,
    0x08, 0x86, 0x08, 0xa6, 0x08, 0xa6, 0x08, 0xa6, 0x08, 0xa6, 0x08, 0xa6, 0x08, 0xa6, 0x08, 0xa6,
    0x08, 0xa6, 0x08, 0xa6, 0x08, 0xa6, 0x08, 0xa6, 0x08, 0xa6, 0x08, 0xa6, 0x08, 0xa6, 0x08, 0xa6,
    0x08, 0xa6, 0x08, 0xa6, 0x08, 0xa6, 0x08, 0xa6, 0x08, 0xa6, 0x08, 0xa6, 0x08, 0xa6, 0x08, 0xa6,
    0x08, 0xa6, 0x08, 0xa6, 0x08, 0xa6, 0x08, 0xa6, 0x08, 0xa6, 0x08, 0xa6, 0x08, 0xa7, 0x08, 0xa7,
    0x08, 0xa7, 0x08, 0xa7, 0x08, 0xa7, 0x08, 0xa7, 0x08, 0xa7, 0x08, 0xa7, 0x08, 0xa7, 0x08, 0xa7,
    0x08, 0xa7, 0x08, 0xa7, 0x08, 0xa7, 0x08, 0xa7, 0x08, 0xa7, 0x08, 0xa7, 0x08, 0xc7, 0x08, 0xc7,
    0x08, 0xc7, 0x08, 0xc7, 0x08, 0xc7, 0x08, 0xc7, 0x08, 0xc7, 0x08, 0xc7, 0x08, 0xc7, 0x08, 0xc7,
    0x08, 0xc7, 0x08, 0xc7, 0x08, 0xc7, 0x08, 0xc7, 0x08, 0xc7, 0x08, 0xc7, 0x08, 0xc8, 0x08, 0xc8,
    0x08, 0xc7, 0x08, 0xc7, 0x08, 0xc7, 0x08, 0xe8, 0x08, 0xe8, 0x09, 0x08, 0x09, 0x08, 0x09, 0x08,
    0x09, 0x08, 0x09, 0x09, 0x09, 0x09, 0x09, 0x29, 0x09, 0x29, 0x09, 0x29, 0x09, 0x49, 0x09, 0x69,
    0x11, 0x6a, 0x09, 0x4a, 0x09, 0x2a, 0x09, 0x2a, 0x09, 0x6b, 0x11, 0xac, 0x01, 0x2b, 0x09, 0x6c,
    0x6c, 0xb8, 0x2a, 0xb0, 0x00, 0xe9, 0x01, 0x8b, 0x09, 0xab, 0x09, 0xab, 0x01, 0x8b, 0x01, 0xac,
    0x09, 0xcc, 0x22, 0xb0, 0x12, 0x0d, 0x01, 0x8b, 0x1a, 0x6f, 0x01, 0x6b, 0x09, 0xed, 0x09, 0xed,
    0x09, 0xed, 0x09, 0xed, 0x09, 0xcc, 0x09, 0xcc, 0x09, 0xcc, 0x09, 0xcc, 0x09, 0x8b, 0x09, 0x8b,
    0x09, 0x6b, 0x09, 0x6b, 0x09, 0x6b, 0x09, 0x4b, 0x09, 0x4b, 0x09, 0x4b, 0x00, 0xea, 0x09, 0x4b,
    0x11, 0x6b, 0x00, 0x67, 0x19, 0x8c, 0x11, 0x6b, 0x00, 0xe9, 0x08, 0xe9, 0x00, 0x88, 0x32, 0x4f,
    0x53, 0x12, 0x00, 0x06, 0x08, 0xe9, 0x08, 0xe9, 0x11, 0x09, 0x00, 0xc7, 0x08, 0xe8, 0x08, 0xe7,
    0x08, 0xc7, 0x08, 0xc7, 0x08, 0xc7, 0x08, 0xc7, 0x08, 0xc7, 0x08, 0xc7, 0x08, 0xc7, 0x08, 0xc7,
    0x08, 0xc7, 0x08, 0xc7, 0x08, 0xc7, 0x08, 0xc7, 0x08, 0xc7, 0x08, 0xc7, 0x08, 0xc7, 0x08, 0xc7,
    0x08, 0xc7, 0x08, 0xc7, 0x08, 0xc7, 0x08, 0xc7, 0x08, 0xc7, 0x08, 0xc7, 0x08, 0xc7, 0x08, 0xc7,
    0x08, 0xc7, 0x08, 0xc7, 0x08, 0xc7, 0x08, 0xc7, 0x08, 0xc7, 0x08, 0xc7, 0x08, 0xc7, 0x08, 0xc7,
    0x08, 0xc7, 0x08, 0xc7, 0x08, 0xc7, 0x08, 0xc7, 0x08, 0xc7, 0x08, 0xc7, 0x08, 0xc7, 0x08, 0xc7,
    0x08, 0xc7, 0x08, 0xc7, 0x08, 0xc7, 0x08, 0xc7, 0x08, 0xc7, 0x08, 0xc7, 0x08, 0xc7, 0x08, 0xc7,
    0x08, 0xc7, 0x00, 0xc8, 0x00, 0xa8, 0x00, 0xc8, 0x01, 0x09, 0x09, 0x8b, 0x09, 0xce, 0x01, 0xcf,
    0x09, 0xcf, 0x01, 0xce, 0x01, 0xae, 0x01, 0xae, 0x01, 0xae, 0x01, 0xcf, 0x01, 0xae, 0x01, 0xce,
    0x01, 0xae, 0x01, 0xce, 0x01, 0xae, 0x01, 0xce, 0x01, 0xae, 0x01, 0xae, 0x01, 0xae, 0x01, 0xae,
    0x01, 0xae, 0x01, 0xae, 0x01, 0xaf, 0x01, 0xaf, 0x01, 0xaf, 0x01, 0xaf, 0x01, 0xce, 0x01, 0x8d,
    0x09, 0x8d, 0x09, 0xad, 0x09, 0x8c, 0x01, 0x2a, 0x00, 0xe9, 0x00, 0xc8, 0x00, 0xc7, 0x08, 0xc7,
    0x08, 0xc7, 0x08, 0xc7, 0x08, 0xc7, 0x08, 0xc7, 0x08, 0xc7, 0x08, 0xc7, 0x08, 0xc7, 0x08, 0xe7,
    0x08, 0xa7, 0x10, 0xe8, 0x08, 0xa8, 0x08, 0x88, 0x00, 0x87, 0x11, 0x09, 0x5b, 0x33, 0x08, 0xc9,
    0x00, 0x67, 0x08, 0xc8, 0x10, 0xe8, 0x08, 0xc7, 0x00, 0xa6, 0x08, 0xc7, 0x08, 0xc8, 0x08, 0xa7,
    0x08, 0xa7, 0x08, 0xa7, 0x08, 0xa7, 0x08, 0xa7, 0x08, 0xc6, 0x08, 0xc6, 0x08, 0xc7, 0x08, 0xc7,
    0x08, 0xc7, 0x08, 0xc7, 0x08, 0xc7, 0x08, 0xc7, 0x08, 0xc7, 0x08, 0xc7, 0x08, 0xc7, 0x08, 0xa6,
    0x08, 0xa6, 0x08, 0xa6, 0x08, 0xa6, 0x08, 0xa6, 0x08, 0xa6, 0x08, 0xa6, 0x08, 0xa6, 0x08, 0xa6,
    0x08, 0xa6, 0x08, 0xa6, 0x08, 0xa6, 0x08, 0xa6, 0x08, 0xa6, 0x08, 0xa6, 0x08, 0xa6, 0x08, 0xa6,
    0x08, 0xa6, 0x08, 0xa6, 0x08, 0xa6, 0x08, 0xa6, 0x08, 0xa6, 0x08, 0xa6, 0x08, 0xa6, 0x08, 0xa6,
    0x08, 0xa6, 0x08, 0xa6, 0x08, 0xa6, 0x08, 0xa6, 0x08, 0xa6, 0x08, 0xa6, 0x08, 0xa6, 0x08, 0xa6,
    0x08, 0xa6, 0x08, 0xa6, 0x08, 0xa6, 0x08, 0x86, 0x08, 0x86, 0x08, 0x86, 0x08, 0x86, 0x08, 0x86,
    0x08, 0x86, 0x08, 0x86, 0x08, 0x86, 0x08, 0x86, 0x08, 0x86, 0x08, 0x86, 0x08, 0x86, 0x08, 0x86,
    0x08, 0x86, 0x08, 0x86, 0x08, 0x86, 0x08, 0x86, 0x08, 0x86, 0x08, 0x86, 0x08, 0x85, 0x21, 0x48,
    0x08, 0x86, 0x08, 0xa6, 0x08, 0xa6, 0x08, 0xa6, 0x08, 0xa6, 0x08, 0xa6, 0x08, 0xa6, 0x08, 0xa6,
    0x08, 0xa6, 0x08, 0xa6, 0x08, 0xa6, 0x08, 0xa6, 0x08, 0xa6, 0x08, 0xa6, 0x08, 0xa6, 0x08, 0xa6,
    0x08, 0xa6, 0x08, 0xa6, 0x08, 0xa6, 0x08, 0xa6, 0x08, 0xa6, 0x08, 0xa6, 0x08, 0xa6, 0x08, 0xa6,
    0x08, 0xa6, 0x08, 0xa6, 0x08, 0xa6, 0x08, 0xa6, 0x08, 0xa6, 0x08, 0xa6, 0x08, 0xa7, 0x08, 0xa7,
    0x08, 0xa7, 0x08, 0xa7, 0x08, 0xa7, 0x08, 0xa7, 0x08, 0xa7, 0x08, 0xa7, 0x08, 0xa7, 0x08, 0xa7,
    0x08, 0xa7, 0x08, 0xa7, 0x08, 0xa7, 0x08, 0xa7, 0x08, 0xa7, 0x08, 0xa7, 0x08, 0xc7, 0x08, 0xc7,
    0x08, 0xc7, 0x08, 0xc7, 0x08, 0xc7, 0x08, 0xc7, 0x08, 0xc7, 0x08, 0xc7, 0x08, 0xc7, 0x08, 0xc7,
    0x08, 0xc7, 0x08, 0xc7, 0x08, 0xc7, 0x08, 0xc7, 0x08, 0xc7, 0x08, 0xc7, 0x08, 0xe8, 0x08, 0xe8,
    0x08, 0xc7, 0x08, 0xc7, 0x08, 0xc7, 0x08, 0xe8, 0x08, 0xe8, 0x09, 0x08, 0x08, 0xe8, 0x08, 0xe8,
    0x08, 0xe8, 0x09, 0x08, 0x09, 0x09, 0x09, 0x09, 0x09, 0x29, 0x09, 0x29, 0x01, 0x08, 0x09, 0x29,
    0x09, 0x49, 0x09, 0x4a, 0x09, 0x4a, 0x09, 0x4a, 0x09, 0x6b, 0x11, 0x8c, 0x01, 0x0a, 0x3b, 0x12,
    0x64, 0x57, 0x00, 0xc9, 0x09, 0x8b, 0x11, 0xcc, 0x09, 0x8b, 0x09, 0xcc, 0x01, 0x2a, 0x2a, 0xd0,
    0x64, 0x97, 0x64, 0x77, 0x54, 0x36, 0x5c, 0x77, 0x5c, 0x77, 0x64, 0xb8, 0x54, 0x36, 0x54, 0x36,
    0x54, 0x36, 0x54, 0x36, 0x54, 0x36, 0x54, 0x16, 0x54, 0x15, 0x54, 0x15, 0x53, 0xf5, 0x53, 0xf5,
    0x53, 0xd5, 0x53, 0xd5, 0x53, 0xb5, 0x53, 0xb5, 0x53, 0x95, 0x53, 0x95, 0x53, 0x95, 0x53, 0x94,
    0x4b, 0x33, 0x19, 0xad, 0x00, 0xe9, 0x00, 0xe9, 0x09, 0x09, 0x00, 0xe9, 0x00, 0x88, 0x08, 0xea,
    0x53, 0x12, 0x19, 0x4b, 0x00, 0x88, 0x08, 0xe9, 0x08, 0xe8, 0x08, 0xc8, 0x08, 0xc8, 0x08, 0xe8,
    0x08, 0xc7, 0x08, 0xc7, 0x08, 0xc7, 0x08, 0xc7, 0x08, 0xc7, 0x08, 0xc7, 0x08, 0xc7, 0x08, 0xc7,
    0x08, 0xc7, 0x08, 0xc7, 0x08, 0xc7, 0x08, 0xc7, 0x08, 0xc7, 0x08, 0xc7, 0x08, 0xc7, 0x08, 0xc7,
    0x08, 0xc7, 0x08, 0xc7, 0x08, 0xc7, 0x08, 0xc7, 0x08, 0xc7, 0x08, 0xc7, 0x08, 0xc7, 0x08, 0xc7,
    0x08, 0xc7, 0x08, 0xc7, 0x08, 0xc7, 0x08, 0xc7, 0x08, 0xc7, 0x08, 0xc7, 0x08, 0xc7, 0x08, 0xc7,
    0x08, 0xc7, 0x08, 0xc7, 0x08, 0xc7, 0x08, 0xc7, 0x08, 0xc7, 0x08, 0xc7, 0x08, 0xc8, 0x08, 0xc8,
    0x08, 0xc8, 0x08, 0xc7, 0x08, 0xc7, 0x08, 0xc7, 0x08, 0xa7, 0x08, 0xa7, 0x10, 0xc8, 0x08, 0xa7,
    0x08, 0xc7, 0x08, 0xe8, 0x00, 0xc8, 0x00, 0x87, 0x00, 0xc8, 0x01, 0x2a, 0x09, 0xad, 0x01, 0xae,
    0x09, 0xae, 0x01, 0xae, 0x01, 0xae, 0x01, 0xae, 0x09, 0xae, 0x01, 0xae, 0x09, 0xae, 0x01, 0xae,
    0x09, 0xae, 0x01, 0xae, 0x09, 0xae, 0x01, 0xae, 0x09, 0xae, 0x09, 0xae, 0x09, 0xae, 0x09, 0xae,
    0x09, 0xae, 0x01, 0xce, 0x01, 0xae, 0x01, 0xce, 0x01, 0xce, 0x01, 0xae, 0x09, 0xce, 0x09, 0xae,
    0x09, 0xad, 0x11, 0xad, 0x09, 0x6c, 0x00, 0xe9, 0x00, 0xc8, 0x00, 0xc8, 0x00, 0xc7, 0x08, 0xc7,
    0x08, 0xc7, 0x08, 0xc7, 0x08, 0xc7, 0x08, 0xc7, 0x08, 0xc7, 0x08, 0xc7, 0x08, 0xc7, 0x08, 0xc7,
    0x08, 0xe8, 0x08, 0xa7, 0x08, 0xc8, 0x00, 0x67, 0x11, 0x09, 0x31, 0xed, 0x42, 0x4f, 0x00, 0x06,
    0x08, 0xc8, 0x08, 0xc8, 0x10, 0xe8, 0x08, 0xa7, 0x08, 0xc8, 0x08, 0xc7, 0x08, 0xc8, 0x08, 0xa8,
    0x08, 0xc8, 0x10, 0xe9, 0x08, 0xc8, 0x08, 0xa7, 0x00, 0x86, 0x08, 0xa6, 0x08, 0xc7, 0x08, 0xc7,
    0x08, 0xc7, 0x08, 0xc7, 0x08, 0xc7, 0x08, 0xc7, 0x08, 0xc7, 0x08, 0xc7, 0x08, 0xc7, 0x08, 0xc7,
    0x08, 0xc7, 0x08, 0xa6, 0x08, 0xa6, 0x08, 0xa6, 0x08, 0xa6, 0x08, 0xa6, 0x08, 0xa6, 0x08, 0xa6,
    0x08, 0xa6, 0x08, 0xa6, 0x08, 0xa6, 0x08, 0xa6, 0x08, 0xa6, 0x08, 0xa6, 0x08, 0xa6, 0x08, 0xa6,
    0x08, 0xa6, 0x08, 0xa6, 0x08, 0xa6, 0x08, 0xa6, 0x08, 0xa6, 0x08, 0xa6, 0x08, 0xa6, 0x08, 0xa6,
    0x08, 0xa6, 0x08, 0xa6, 0x08, 0xa6, 0x08, 0xa6, 0x08, 0xa6, 0x08, 0xa6, 0x08, 0xa6, 0x08, 0xa6,
    0x08, 0xa6, 0x08, 0xa6, 0x08, 0xa6, 0x08, 0x86, 0x08, 0x86, 0x08, 0x86, 0x08, 0x86, 0x08, 0x86,
    0x08, 0x86, 0x08, 0x86, 0x08, 0x86, 0x08, 0x86, 0x08, 0x86, 0x08, 0x86, 0x08, 0x86, 0x08, 0x86,
    0x08, 0x86, 0x08, 0x86, 0x08, 0x86, 0x08, 0x86, 0x08, 0x86, 0x08, 0xa6, 0x00, 0x64, 0x21, 0x47,
    0x08, 0x86, 0x08, 0xa6, 0x08, 0xa6, 0x08, 0xa6, 0x08, 0xa6, 0x08, 0xa6, 0x08, 0xa6, 0x08, 0xa6,
    0x08, 0xa6, 0x08, 0xa6, 0x08, 0xa6, 0x08, 0xa6, 0x08, 0xa6, 0x08, 0xa6, 0x08, 0xa6, 0x08, 0xa6,
    0x08, 0xa6, 0x08, 0xa6, 0x08, 0xa6, 0x08, 0xa6, 0x08, 0xa6, 0x08, 0xa6, 0x08, 0xa6, 0x08, 0xa6,
    0x08, 0xa6, 0x08, 0xa6, 0x08, 0xa6, 0x08, 0xa6, 0x08, 0xa6, 0x08, 0xa6, 0x08, 0xa7, 0x08, 0xa7,
    0x08, 0xa7, 0x08, 0xa7, 0x08, 0xa7, 0x08, 0xa7, 0x08, 0xa7, 0x08, 0xa7, 0x08, 0xa7, 0x08, 0xa7,
    0x08, 0xa7, 0x08, 0xa7, 0x08, 0xa7, 0x08, 0xa7, 0x08, 0xa7, 0x08, 0xa7, 0x08, 0xc7, 0x08, 0xc7,
    0x08, 0xc7, 0x08, 0xc7, 0x08, 0xc7, 0x08, 0xc7, 0x08, 0xc7, 0x08, 0xc7, 0x08, 0xc7, 0x08, 0xc7,
    0x08, 0xc7, 0x08, 0xc7, 0x08, 0xc7, 0x08, 0xc7, 0x08, 0xc7, 0x08, 0xc7, 0x08, 0xe8, 0x08, 0xe8,
    0x08, 0xc7, 0x08, 0xc7, 0x08, 0xc7, 0x08, 0xe8, 0x08, 0xe8, 0x08, 0xe8, 0x08, 0xe8, 0x08, 0xe8,
    0x08, 0xe8, 0x08, 0xe8, 0x09, 0x08, 0x09, 0x09, 0x09, 0x09, 0x09, 0x29, 0x09, 0x29, 0x01, 0x09,
    0x09, 0x29, 0x09, 0x4a, 0x11, 0x6a, 0x09, 0x4b, 0x01, 0x2a, 0x00, 0xe9, 0x22, 0x0e, 0x6c, 0x77,
    0x1a, 0x0e, 0x00, 0xe9, 0x11, 0xcc, 0x11, 0xcc, 0x01, 0x29, 0x01, 0x6a, 0x09, 0x6b, 0x5c, 0x15,
    0x3b, 0x32, 0x11, 0xcd, 0x1a, 0x4f, 0x1a, 0x2f, 0x09, 0xcd, 0x12, 0x2f, 0x11, 0xee, 0x11, 0xee,
    0x09, 0xee, 0x09, 0xee, 0x09, 0xed, 0x09, 0xed, 0x09, 0xcd, 0x09, 0xcd, 0x11, 0xcd, 0x09, 0xcd,
    0x09, 0xcd, 0x09, 0xad, 0x09, 0x8d, 0x09, 0x8d, 0x09, 0x8d, 0x09, 0x6c, 0x09, 0x4c, 0x11, 0x8c,
    0x2a, 0x2f, 0x53, 0x53, 0x00, 0x88, 0x00, 0xc9, 0x11, 0x2b, 0x00, 0x68, 0x08, 0xea, 0x08, 0xc9,
    0x19, 0x4b, 0x53, 0x32, 0x08, 0xc9, 0x08, 0xc8, 0x00, 0x87, 0x09, 0x09, 0x08, 0xc8, 0x08, 0xc8,
    0x08, 0xc8, 0x08, 0xc7, 0x08, 0xc7, 0x08, 0xc7, 0x08, 0xc7, 0x08, 0xc7, 0x08, 0xc7, 0x08, 0xc7,
    0x08, 0xc7, 0x08, 0xc7, 0x08, 0xc7, 0x08, 0xc7, 0x08, 0xc7, 0x08, 0xc7, 0x08, 0xc7, 0x08, 0xc7,
    0x08, 0xc7, 0x08, 0xc7, 0x08, 0xc7, 0x08, 0xc7, 0x08, 0xc7, 0x08, 0xc7, 0x08, 0xc7, 0x08, 0xc7,
    0x08, 0xc7, 0x08, 0xc7, 0x08, 0xc7, 0x08, 0xc7, 0x08, 0xc7, 0x08, 0xc7, 0x08, 0xc7, 0x08, 0xc7,
    0x08, 0xc7, 0x08, 0xc7, 0x08, 0xc7, 0x08, 0xc7, 0x08, 0xc7, 0x08, 0xc8, 0x08, 0xc8, 0x08, 0xc8,
    0x08, 0xc8, 0x08, 0xc8, 0x08, 0xc8, 0x08, 0xc7, 0x08, 0xa7, 0x08, 0xa7, 0x08, 0xa7, 0x08, 0xa7,
    0x08, 0xa7, 0x08, 0xc7, 0x08, 0xa7, 0x00, 0x87, 0x00, 0xa7, 0x00, 0xc8, 0x09, 0x8c, 0x09, 0xce,
    0x09, 0xce, 0x09, 0xce, 0x09, 0xae, 0x09, 0xce, 0x09, 0xce, 0x09, 0xce, 0x09, 0xce, 0x09, 0xce,
    0x09, 0xce, 0x09, 0xce, 0x09, 0xce, 0x09, 0xce, 0x09, 0xce, 0x09, 0xce, 0x11, 0xce, 0x11, 0xcd,
    0x09, 0xce, 0x09, 0xce, 0x09, 0xce, 0x09, 0xce, 0x09, 0xce, 0x09, 0xce, 0x11, 0xce, 0x11, 0xad,
    0x11, 0xad, 0x11, 0x8c, 0x09, 0x4a, 0x00, 0xc8, 0x00, 0xa8, 0x00, 0xc8, 0x08, 0xc7, 0x08, 0xc7,
    0x08, 0xc7, 0x08, 0xc7, 0x08, 0xc7, 0x08, 0xc7, 0x08, 0xc7, 0x08, 0xc7, 0x08, 0xc7, 0x08, 0xc7,
    0x10, 0xe8, 0x00, 0x87, 0x10, 0xe9, 0x00, 0x67, 0x21, 0x6b, 0x4a, 0xd0, 0x00, 0x47, 0x08, 0xc9,
    0x08, 0xa8, 0x08, 0xc8, 0x10, 0xe8, 0x08, 0xa7, 0x08, 0xc8, 0x08, 0xc8, 0x08, 0xa8, 0x00, 0x87,
    0x00, 0x87, 0x08, 0xc8, 0x08, 0xc8, 0x08, 0xa7, 0x08, 0xa6, 0x08, 0xc7, 0x08, 0xc7, 0x08, 0xc7,
    0x08, 0xc7, 0x08, 0xc7, 0x08, 0xc7, 0x08, 0xc7, 0x08, 0xc7, 0x08, 0xc7, 0x08, 0xc7, 0x08, 0xc7,
    0x08, 0xc7, 0x08, 0xc7, 0x08, 0xa6, 0x08, 0xa6, 0x08, 0xa6, 0x08, 0xa6, 0x08, 0xa6, 0x08, 0xa6,
    0x08, 0xa6, 0x08, 0xa6, 0x08, 0xa6, 0x08, 0xa6, 0x08, 0xa6, 0x08, 0xa6, 0x08, 0xa6, 0x08, 0xa6,
    0x08, 0xa6, 0x08, 0xa6, 0x08, 0xa6, 0x08, 0xa6, 0x08, 0xa6, 0x08, 0xa6, 0x08, 0xa6, 0x08, 0xa6,
    0x08, 0xa6, 0x08, 0xa6, 0x08, 0xa6, 0x08, 0xa6, 0x08, 0xa6, 0x08, 0xa6, 0x08, 0xa6, 0x08, 0xa6,
    0x08, 0xa6, 0x08, 0xa6, 0x08, 0xa6, 0x08, 0x86, 0x08, 0x86, 0x08, 0x86, 0x08, 0x86, 0x08, 0x86,
    0x08, 0x86, 0x08, 0x86, 0x08, 0x86, 0x08, 0x86, 0x08, 0x86, 0x08, 0x86, 0x08, 0x86, 0x08, 0x86,
    0x08, 0x86, 0x08, 0x86, 0x08, 0x86, 0x08, 0x86, 0x08, 0x86, 0x08, 0x86, 0x00, 0x44, 0x19, 0x27,
    0x08, 0x86, 0x08, 0xa6, 0x08, 0xa6, 0x08, 0xa6, 0x08, 0xa6, 0x08, 0xa6, 0x08, 0xa6, 0x08, 0xa6,
    0x08, 0xa6, 0x08, 0xa6, 0x08, 0xa6, 0x08, 0xa6, 0x08, 0xa6, 0x08, 0xa6, 0x08, 0xa6, 0x08, 0xa6,
    0x08, 0xa6, 0x08, 0xa6, 0x08, 0xa6, 0x08, 0xa6, 0x08, 0xa6, 0x08, 0xa6, 0x08, 0xa6, 0x08, 0xa6,
    0x08, 0xa6, 0x08, 0xa6, 0x08, 0xa6, 0x08, 0xa6, 0x08, 0xa6, 0x08, 0xa6, 0x08, 0xa7, 0x08, 0xa7,
    0x08, 0xa7, 0x08, 0xa7, 0x08, 0xa7, 0x08, 0xa7, 0x08, 0xa7, 0x08, 0xa7, 0x08, 0xa7, 0x08, 0xa7,
    0x08, 0xa7, 0x08, 0xa7, 0x08, 0xa7, 0x08, 0xa7, 0x08, 0xa7, 0x08, 0xa7, 0x08, 0xc7, 0x08, 0xc7,
    0x08, 0xc7, 0x08, 0xc7, 0x08, 0xc7, 0x08, 0xc7, 0x08, 0xc7, 0x08, 0xc7, 0x08, 0xc7, 0x08, 0xc7,
    0x08, 0xc7, 0x08, 0xc7, 0x08, 0xc7, 0x08, 0xc7, 0x08, 0xc7, 0x08, 0xc7, 0x08, 0xe8, 0x08, 0xe8,
    0x08, 0xc7, 0x08, 0xc7, 0x08, 0xc7, 0x08, 0xe8, 0x08, 0xe8, 0x08, 0xe8, 0x08, 0xe8, 0x08, 0xe8,
    0x08, 0xe8, 0x08, 0xe8, 0x09, 0x08, 0x09, 0x09, 0x09, 0x09, 0x09, 0x29, 0x11, 0x49, 0x09, 0x29,
    0x09, 0x29, 0x09, 0x29, 0x09, 0x4a, 0x09, 0x4a, 0x01, 0x0a, 0x00, 0xe9, 0x4b, 0x53, 0x4b, 0x53,
    0x00, 0xa9, 0x09, 0x6b, 0x09, 0x8b, 0x01, 0x6b, 0x01, 0x29, 0x01, 0x29, 0x3b, 0x32, 0x5c, 0x16,
    0x01, 0x2a, 0x00, 0xe9, 0x11, 0xcd, 0x01, 0x0a, 0x01, 0xad, 0x01, 0x4b, 0x01, 0x8c, 0x01, 0x8c,
    0x01, 0x8c, 0x01, 0x6c, 0x01, 0x6c, 0x01, 0x6c, 0x01, 0x6c, 0x01, 0x6c, 0x01, 0x4c, 0x01, 0x4c,
    0x01, 0x4c, 0x01, 0x4b, 0x01, 0x2b, 0x01, 0x2b, 0x01, 0x2b, 0x01, 0x0b, 0x01, 0x2c, 0x00, 0xca,
    0x01, 0x0b, 0x42, 0xf2, 0x11, 0x4b, 0x00, 0x68, 0x19, 0x4b, 0x08, 0xea, 0x08, 0xea, 0x11, 0x0a,
    0x00, 0x67, 0x4a, 0xd1, 0x29, 0xed, 0x08, 0xc8, 0x00, 0x87, 0x09, 0x09, 0x08, 0xc8, 0x08, 0xc8,
    0x08, 0xc8, 0x08, 0xc7, 0x08, 0xc7, 0x08, 0xc7, 0x08, 0xc7, 0x08, 0xc7, 0x08, 0xc7, 0x08, 0xc7,
    0x08, 0xc7, 0x08, 0xc7, 0x08, 0xc7, 0x08, 0xc7, 0x08, 0xc7, 0x08, 0xc7, 0x08, 0xc7, 0x08, 0xc7,
    0x08, 0xc7, 0x08, 0xc7, 0x08, 0xc7, 0x08, 0xc7, 0x08, 0xc7, 0x08, 0xc7, 0x08, 0xc7, 0x08, 0xc7,
    0x08, 0xc7, 0x08, 0xc7, 0x08, 0xc7, 0x08, 0xc7, 0x08, 0xc7, 0x08, 0xc7, 0x08, 0xc7, 0x08, 0xc7,
    0x08, 0xc7, 0x08, 0xc7, 0x08, 0xc7, 0x08, 0xc7, 0x08, 0xc7, 0x08, 0xc8, 0x08, 0xc8, 0x08, 0xc8,
    0x08, 0xc8, 0x08, 0xc8, 0x08, 0xc8, 0x08, 0xc8, 0x08, 0xa8, 0x08, 0xa8, 0x08, 0xa7, 0x08, 0xa7,
    0x08, 0xa7, 0x08, 0xa7, 0x08, 0xa7, 0x00, 0xa7, 0x00, 0xa7, 0x00, 0xa7, 0x01, 0x4b, 0x09, 0x8c,
    0x09, 0x8d, 0x09, 0x8c, 0x09, 0x8d, 0x09, 0xad, 0x09, 0xad, 0x09, 0x8c, 0x09, 0xad, 0x09, 0xad,
    0x09, 0xad, 0x09, 0xad, 0x09, 0xad, 0x09, 0xad, 0x09, 0xad, 0x09, 0xad, 0x09, 0x8c, 0x11, 0x8c,
    0x09, 0x8c, 0x09, 0x8c, 0x09, 0x8c, 0x09, 0x8c, 0x09, 0x8c, 0x09, 0x8c, 0x09, 0x6c, 0x11, 0x8c,
    0x11, 0x8c, 0x09, 0x4b, 0x00, 0xe9, 0x00, 0xa8, 0x00, 0xa7, 0x00, 0xc8, 0x08, 0xc7, 0x08, 0xc7,
    0x08, 0xc7, 0x08, 0xc7, 0x08, 0xc7, 0x08, 0xc7, 0x08, 0xc7, 0x08, 0xe7, 0x08, 0xc7, 0x11, 0x08,
    0x08, 0xc8, 0x08, 0xc7, 0x10, 0xe8, 0x00, 0x87, 0x19, 0x4a, 0x52, 0xf1, 0x00, 0x47, 0x10, 0xea,
    0x08, 0xa8, 0x08, 0xc8, 0x08, 0xa7, 0x08, 0xc8, 0x08, 0xa7, 0x08, 0xa7, 0x19, 0x2a, 0x08, 0xc8,
    0x00, 0x67, 0x00, 0x87, 0x08, 0xa8, 0x08, 0xc7, 0x08, 0xc7, 0x08, 0xe7, 0x08, 0xc7, 0x08, 0xc7,
    0x08, 0xc7, 0x08, 0xc7, 0x08, 0xc7, 0x08, 0xc7, 0x08, 0xc7, 0x08, 0xc7, 0x08, 0xc7, 0x08, 0xc7,
    0x08, 0xc7, 0x08, 0xc7, 0x08, 0xc7, 0x08, 0xa6, 0x08, 0xa6, 0x08, 0xa6, 0x08, 0xa6, 0x08, 0xa6,
    0x08, 0xa6, 0x08, 0xa6, 0x08, 0xa6, 0x08, 0xa6, 0x08, 0xa6, 0x08, 0xa6, 0x08, 0x86, 0x08, 0xa6,
    0x08, 0xa6, 0x08, 0xa6, 0x08, 0xa6, 0x08, 0xa6, 0x08, 0xa6, 0x08, 0xa6, 0x08, 0xa6, 0x08, 0xa6,
    0x08, 0xa6, 0x08, 0xa6, 0x08, 0xa6, 0x08, 0xa6, 0x08, 0xa6, 0x08, 0xa6, 0x08, 0xa6, 0x08, 0xa6,
    0x08, 0xa6, 0x08, 0xa6, 0x08, 0xa6, 0x08, 0x86, 0x08, 0x86, 0x08, 0x86, 0x08, 0x86, 0x08, 0x86,
    0x08, 0x86, 0x08, 0x86, 0x08, 0x86, 0x08, 0x86, 0x08, 0x86, 0x08, 0x86, 0x08, 0x86, 0x08, 0x86,
    0x08, 0x86, 0x08, 0x86, 0x08, 0x86, 0x08, 0x86, 0x08, 0x86, 0x08, 0x86, 0x00, 0x45, 0x21, 0x29,
    0x08, 0x86, 0x08, 0xa6, 0x08, 0xa6, 0x08, 0xa6, 0x08, 0xa6, 0x08, 0xa6, 0x08, 0xa6, 0x08, 0xa6,
    0x08, 0xa6, 0x08, 0xa6, 0x08, 0xa6, 0x08, 0xa6, 0x08, 0xa6, 0x08, 0xa6, 0x08, 0xa6, 0x08, 0xa6,
    0x08, 0xa6, 0x08, 0xa6, 0x08, 0xa6, 0x08, 0xa6, 0x08, 0xa6, 0x08, 0xa6, 0x08, 0xa6, 0x08, 0xa6,
    0x08, 0xa6, 0x08, 0xa6, 0x08, 0xa6, 0x08, 0xa6, 0x08, 0xa6, 0x08, 0xa6, 0x08, 0xa7, 0x08, 0xa7,
    0x08, 0xa7, 0x08, 0xa7, 0x08, 0xa7, 0x08, 0xa7, 0x08, 0xa7, 0x08, 0xa7, 0x08, 0xa7, 0x08, 0xa7,
    0x08, 0xa7, 0x08, 0xa7, 0x08, 0xa7, 0x08, 0xa7, 0x08, 0xa7, 0x08, 0xa7, 0x08, 0xc7, 0x08, 0xc7,
    0x08, 0xc7, 0x08, 0xc7, 0x08, 0xc7, 0x08, 0xc7, 0x08, 0xc7, 0x08, 0xc7, 0x08, 0xc7, 0x08, 0xc7,
    0x08, 0xc7, 0x08, 0xc7, 0x08, 0xc7, 0x08, 0xc7, 0x08, 0xc7, 0x08, 0xc7, 0x08, 0xe8, 0x08, 0xe8,
    0x08, 0xc7, 0x08, 0xc7, 0x08, 0xc7, 0x08, 0xe8, 0x08, 0xe8, 0x08, 0xe8, 0x08, 0xe8, 0x08, 0xe8,
    0x08, 0xe8, 0x08, 0xe8, 0x08, 0xe8, 0x09, 0x08, 0x09, 0x09, 0x09, 0x09, 0x09, 0x09, 0x09, 0x29,
    0x09, 0x29, 0x09, 0x09, 0x09, 0x09, 0x09, 0x2a, 0x11, 0x6b, 0x19, 0xac, 0x5b, 0xd5, 0x01, 0x0a,
    0x01, 0x0a, 0x09, 0x4b, 0x01, 0x4a, 0x01, 0x09, 0x11, 0xac, 0x09, 0x6b, 0x64, 0x16, 0x1a, 0x0e,
    0x01, 0x0a, 0x11, 0xcd, 0x11, 0xcd, 0x01, 0x6c, 0x09, 0xad, 0x09, 0xce, 0x09, 0xce, 0x09, 0xce,
    0x09, 0xce, 0x09, 0xce, 0x09, 0xae, 0x09, 0xad, 0x09, 0xad, 0x01, 0xad, 0x01, 0x8d, 0x01, 0x8d,
    0x01, 0x8d, 0x01, 0x8d, 0x01, 0x8d, 0x09, 0x8d, 0x09, 0x8d, 0x09, 0x8d, 0x09, 0x6d, 0x00, 0xeb,
    0x00, 0x89, 0x2a, 0x50, 0x5b, 0x94, 0x00, 0x88, 0x08, 0xca, 0x08, 0xc9, 0x08, 0xc9, 0x09, 0x0a,
    0x08, 0xc9, 0x11, 0x0a, 0x5b, 0x53, 0x08, 0xc9, 0x08, 0xc8, 0x08, 0xe9, 0x08, 0xc8, 0x08, 0xc8,
    0x08, 0xc8, 0x08, 0xc8, 0x08, 0xc8, 0x08, 0xc7, 0x08, 0xc7, 0x08, 0xc7, 0x08, 0xc7, 0x08, 0xc7,
    0x08, 0xc7, 0x08, 0xc7, 0x08, 0xc7, 0x08, 0xc7, 0x08, 0xc7, 0x08, 0xc7, 0x08, 0xc7, 0x08, 0xc7,
    0x08, 0xc7, 0x08, 0xc7, 0x08, 0xc7, 0x08, 0xc7, 0x08, 0xc7, 0x08, 0xc7, 0x08, 0xc7, 0x08, 0xc7,
    0x08, 0xc7, 0x08, 0xc7, 0x08, 0xc7, 0x08, 0xc7, 0x08, 0xc7, 0x08, 0xc7, 0x08, 0xc7, 0x08, 0xc7,
    0x08, 0xc7, 0x08, 0xc7, 0x08, 0xc7, 0x08, 0xc7, 0x08, 0xc7, 0x08, 0xc8, 0x08, 0xc8, 0x08, 0xc8,
    0x08, 0xc8, 0x08, 0xc8, 0x08, 0xc8, 0x08, 0xc8, 0x08, 0xa8, 0x08, 0xa8, 0x08, 0xa8, 0x08, 0xa7,
    0x08, 0xa7, 0x08, 0x87, 0x08, 0xa7, 0x08, 0xc7, 0x08, 0xc7, 0x00, 0xc7, 0x00, 0xc8, 0x01, 0x0a,
    0x01, 0x2a, 0x01, 0x2a, 0x01, 0x2a, 0x09, 0x4b, 0x09, 0x4b, 0x01, 0x2a, 0x01, 0x2b, 0x01, 0x2b,
    0x01, 0x2b, 0x01, 0x2b, 0x01, 0x2b, 0x01, 0x2b, 0x01, 0x2b, 0x09, 0x2a, 0x09, 0x2a, 0x09, 0x2a,
    0x09, 0x2a, 0x09, 0x2a, 0x09, 0x2a, 0x01, 0x2a, 0x01, 0x2a, 0x09, 0x2a, 0x01, 0x09, 0x09, 0x2a,
    0x11, 0x4a, 0x09, 0x09, 0x00, 0xa7, 0x00, 0xa7, 0x00, 0xa7, 0x08, 0xc7, 0x08, 0xc7, 0x08, 0xc7,
    0x08, 0xc8, 0x08, 0xc7, 0x08, 0xc7, 0x08, 0xe7, 0x08, 0xe7, 0x08, 0xe7, 0x08, 0xe8, 0x19, 0x29,
    0x08, 0xa7, 0x10, 0xe8, 0x08, 0xc8, 0x08, 0xa8, 0x10, 0xe9, 0x4a, 0xb0, 0x31, 0xcd, 0x00, 0x06,
    0x08, 0xc9, 0x08, 0xa8, 0x00, 0x66, 0x11, 0x09, 0x00, 0x87, 0x00, 0x87, 0x42, 0x6f, 0x21, 0x8b,
    0x08, 0xa8, 0x00, 0x88, 0x08, 0xa8, 0x08, 0xa7, 0x08, 0xa7, 0x08, 0xa6, 0x08, 0xc7, 0x08, 0xc7,
    0x08, 0xc7, 0x08, 0xc7, 0x08, 0xc7, 0x08, 0xc7, 0x08, 0xc7, 0x08, 0xc7, 0x08, 0xc7, 0x08, 0xc7,
    0x08, 0xc7, 0x08, 0xc7, 0x08, 0xc7, 0x08, 0xa6, 0x08, 0xa6, 0x08, 0xa6, 0x08, 0xa6, 0x08, 0xa6,
    0x08, 0xa6, 0x08, 0xa6, 0x08, 0xa6, 0x08, 0xa6, 0x08, 0xa6, 0x08, 0xa6, 0x08, 0x86, 0x08, 0x86,
    0x08, 0xa6, 0x08, 0xa6, 0x08, 0xa6, 0x08, 0xa6, 0x08, 0xa6, 0x08, 0xa6, 0x08, 0xa6, 0x08, 0xa6,
    0x08, 0xa6, 0x08, 0xa6, 0x08, 0xa6, 0x08, 0xa6, 0x08, 0xa6, 0x08, 0xa6, 0x08, 0xa6, 0x08, 0xa6,
    0x08, 0xa6, 0x08, 0xa6, 0x08, 0xa6, 0x08, 0x86, 0x08, 0x86, 0x08, 0x86, 0x08, 0x86, 0x08, 0x86,
    0x08, 0x86, 0x08, 0x86, 0x08, 0x86, 0x08, 0x86, 0x08, 0x86, 0x08, 0x86, 0x08, 0x86, 0x08, 0x86,
    0x08, 0x86, 0x08, 0x86, 0x08, 0x86, 0x08, 0x86, 0x08, 0x86, 0x08, 0x86, 0x08, 0x66, 0x21, 0x49,
    0x08, 0xa6, 0x08, 0xa6, 0x08, 0xa6, 0x08, 0xa6, 0x08, 0xa6, 0x08, 0xa6, 0x08, 0xa6, 0x08, 0xa6,
    0x08, 0xa6, 0x08, 0xa6, 0x08, 0xa6, 0x08, 0xa6, 0x08, 0xa6, 0x08, 0xa6, 0x08, 0xa6, 0x08, 0xa6,
    0x08, 0xa6, 0x08, 0xa6, 0x08, 0xa6, 0x08, 0xa6, 0x08, 0xa6, 0x08, 0xa6, 0x08, 0xa6, 0x08, 0xa6,
    0x08, 0xa6, 0x08, 0xa6, 0x08, 0xa6, 0x08, 0xa6, 0x08, 0xa6, 0x08, 0xa6, 0x08, 0xa7, 0x08, 0xa7,
    0x08, 0xa7, 0x08, 0xa7, 0x08, 0xc7, 0x08, 0xa7, 0x08, 0xa7, 0x08, 0xa7, 0x08, 0xa7, 0x08, 0xa7,
    0x08, 0xa7, 0x08, 0xa7, 0x08, 0xa7, 0x08, 0xa7, 0x08, 0xa7, 0x08, 0xc7, 0x08, 0xc7, 0x08, 0xc7,
    0x08, 0xc7, 0x08, 0xc7, 0x08, 0xc7, 0x08, 0xc7, 0x08, 0xc7, 0x08, 0xc7, 0x08, 0xc7, 0x08, 0xc7,
    0x08, 0xc7, 0x08, 0xc7, 0x08, 0xc7, 0x08, 0xc7, 0x08, 0xc7, 0x08, 0xc7, 0x08, 0xe8, 0x08, 0xe8,
    0x08, 0xe8, 0x08, 0xe8, 0x08, 0xe8, 0x08, 0xe8, 0x08, 0xe8, 0x08, 0xe8, 0x08, 0xe8, 0x08, 0xe8,
    0x08, 0xe8, 0x08, 0xe8, 0x08, 0xe8, 0x09, 0x09, 0x09, 0x09, 0x09, 0x09, 0x11, 0x2a, 0x09, 0x29,
    0x11, 0x4a, 0x11, 0x4a, 0x09, 0x2a, 0x00, 0xc8, 0x00, 0x88, 0x74, 0x77, 0x32, 0x90, 0x00, 0xe9,
    0x01, 0x0a, 0x09, 0x4a, 0x09, 0x6b, 0x11, 0x8c, 0x00, 0x88, 0x53, 0xb4, 0x43, 0x32, 0x00, 0xea,
    0x01, 0x4b, 0x11, 0xee, 0x09, 0x8c, 0x09, 0xad, 0x09, 0xad, 0x01, 0xad, 0x09, 0xae, 0x09, 0xae,
    0x09, 0xae, 0x09, 0xae, 0x09, 0xae, 0x09, 0xae, 0x09, 0xae, 0x09, 0xae, 0x09, 0xae, 0x01, 0xce,
    0x01, 0xce, 0x09, 0xae, 0x09, 0xae, 0x09, 0xae, 0x09, 0xae, 0x09, 0xae, 0x01, 0x4d, 0x11, 0xae,
    0x11, 0x6d, 0x00, 0x48, 0x4b, 0x13, 0x32, 0x50, 0x00, 0x68, 0x11, 0x0a, 0x00, 0xc9, 0x08, 0xc9,
    0x08, 0xc9, 0x00, 0x67, 0x3a, 0x70, 0x5b, 0x73, 0x00, 0x05, 0x19, 0x4a, 0x00, 0xa8, 0x08, 0xc8,
    0x19, 0x2a, 0x00, 0xa7, 0x00, 0x87, 0x11, 0x09, 0x08, 0xc7, 0x08, 0xe8, 0x08, 0xe8, 0x08, 0xe8,
    0x08, 0xe8, 0x08, 0xe8, 0x08, 0xe8, 0x08, 0xe8, 0x08, 0xe8, 0x08, 0xe8, 0x08, 0xe8, 0x08, 0xe8,
    0x08, 0xe8, 0x08, 0xe8, 0x08, 0xe8, 0x08, 0xe8, 0x08, 0xe8, 0x08, 0xe8, 0x08, 0xc8, 0x08, 0xc8,
    0x08, 0xc8, 0x08, 0xc8, 0x08, 0xc8, 0x08, 0xc8, 0x08, 0xc8, 0x08, 0xc8, 0x08, 0xc8, 0x08, 0xc8,
    0x08, 0xc8, 0x08, 0xc8, 0x08, 0xc8, 0x08, 0xc8, 0x08, 0xc8, 0x08, 0xc8, 0x08, 0xc8, 0x08, 0xc8,
    0x08, 0xc8, 0x08, 0xc8, 0x08, 0xc8, 0x08, 0xc8, 0x08, 0xc8, 0x08, 0xc8, 0x08, 0xa7, 0x08, 0xa7,
    0x08, 0xa7, 0x08, 0xa7, 0x08, 0xa7, 0x08, 0xa7, 0x08, 0xa7, 0x08, 0xc7, 0x00, 0xa7, 0x00, 0xa8,
    0x00, 0xa8, 0x00, 0xa8, 0x00, 0xa8, 0x00, 0xa8, 0x00, 0xa8, 0x00, 0xa8, 0x00, 0xa7, 0x00, 0xa7,
    0x00, 0xa7, 0x00, 0xa7, 0x00, 0xa7, 0x00, 0xa7, 0x00, 0xa7, 0x00, 0x87, 0x00, 0x87, 0x00, 0x87,
    0x00, 0x87, 0x00, 0x87, 0x00, 0xa7, 0x00, 0xa7, 0x00, 0xa7, 0x00, 0xa7, 0x00, 0x87, 0x00, 0x87,
    0x00, 0xa7, 0x00, 0xa7, 0x00, 0xa7, 0x08, 0xc7, 0x08, 0xc7, 0x08, 0xc7, 0x08, 0xc8, 0x08, 0xe8,
    0x08, 0xe8, 0x08, 0xe7, 0x08, 0xc7, 0x08, 0xc7, 0x08, 0xc7, 0x08, 0xc7, 0x08, 0xe7, 0x08, 0xe7,
    0x08, 0xe8, 0x08, 0xe8, 0x08, 0xc8, 0x08, 0xc8, 0x10, 0xe9, 0x19, 0x4a, 0x53, 0x12, 0x00, 0x67,
    0x00, 0x46, 0x08, 0xa8, 0x08, 0xe8, 0x00, 0x87, 0x11, 0x08, 0x00, 0x87, 0x21, 0x6b, 0x4a, 0xb0,
    0x00, 0x88, 0x10, 0xe9, 0x08, 0xe9, 0x08, 0xe8, 0x00, 0xa7, 0x08, 0xc7, 0x08, 0xc7, 0x08, 0xc7,
    0x08, 0xc7, 0x08, 0xc7, 0x08, 0xa6, 0x08, 0xa6, 0x08, 0xa6, 0x08, 0xa6, 0x08, 0xc7, 0x08, 0xc7,
    0x08, 0xc7, 0x08, 0xc7, 0x08, 0xc7, 0x08, 0xc7, 0x08, 0xc7, 0x08, 0xc7, 0x08, 0xa6, 0x08, 0xa6,
    0x08, 0xa6, 0x08, 0xa6, 0x08, 0xa6, 0x08, 0xa6, 0x08, 0xa6, 0x08, 0xa6, 0x08, 0xa6, 0x08, 0xa6,
    0x08, 0xa6, 0x08, 0xa6, 0x08, 0xa6, 0x08, 0xa6, 0x08, 0xa6, 0x08, 0xa6, 0x08, 0xa6, 0x08, 0xa6,
    0x08, 0xa6, 0x08, 0xa6, 0x08, 0xa6, 0x08, 0xa6, 0x08, 0xa6, 0x08, 0xa6, 0x08, 0xa6, 0x08, 0xa6,
    0x08, 0xa6, 0x08, 0xa6, 0x08, 0xa6, 0x08, 0xa6, 0x08, 0xa6, 0x08, 0xa6, 0x08, 0x86, 0x08, 0x86,
    0x08, 0x86, 0x08, 0x86, 0x08, 0x86, 0x08, 0x86, 0x08, 0x86, 0x08, 0x86, 0x08, 0x86, 0x08, 0x66,
    0x08, 0x86, 0x10, 0xa7, 0x10, 0xa7, 0x08, 0x86, 0x08, 0x86, 0x08, 0xa7, 0x08, 0x66, 0x19, 0x09,
    0x08, 0xa6, 0x08, 0xa6, 0x08, 0xa6, 0x08, 0xa6, 0x08, 0xa6, 0x08, 0xa6, 0x08, 0xa6, 0x08, 0xa6,
    0x08, 0xa6, 0x08, 0xa6, 0x08, 0xa6, 0x08, 0xa6, 0x08, 0xa6, 0x08, 0xa6, 0x08, 0xa6, 0x08, 0xa6,
    0x08, 0xa6, 0x08, 0xa6, 0x08, 0xa6, 0x08, 0xa6, 0x08, 0xa6, 0x08, 0xa6, 0x08, 0xa6, 0x08, 0xa6,
    0x08, 0xa6, 0x08, 0xa6, 0x08, 0xa6, 0x08, 0xa6, 0x08, 0xa6, 0x08, 0xa6, 0x08, 0xa7, 0x08, 0xa7,
    0x08, 0xa7, 0x08, 0xa7, 0x08, 0xc7, 0x08, 0xa7, 0x08, 0xa7, 0x08, 0xa7, 0x08, 0xa7, 0x08, 0xa7,
    0x08, 0xa7, 0x08, 0xa7, 0x08, 0xa7, 0x08, 0xa7, 0x08, 0xa7, 0x08, 0xc7, 0x08, 0xc7, 0x08, 0xc7,
    0x08, 0xc7, 0x08, 0xc7, 0x08, 0xc7, 0x08, 0xc7, 0x08, 0xc7, 0x08, 0xc7, 0x08, 0xc7, 0x08, 0xc7,
    0x08, 0xc7, 0x08, 0xc7, 0x08, 0xc7, 0x08, 0xc7, 0x08, 0xc7, 0x08, 0xc7, 0x08, 0xe8, 0x08, 0xe8,
    0x08, 0xe8, 0x08, 0xe8, 0x08, 0xe8, 0x08, 0xe8, 0x08, 0xe8, 0x08, 0xe8, 0x08, 0xe8, 0x08, 0xe8,
    0x08, 0xe8, 0x08, 0xe8, 0x08, 0xe8, 0x09, 0x09, 0x09, 0x09, 0x09, 0x09, 0x09, 0x09, 0x00, 0xc8,
    0x11, 0x4a, 0x09, 0x29, 0x09, 0x09, 0x00, 0xc8, 0x32, 0x4f, 0x53, 0x53, 0x09, 0x0a, 0x09, 0x0a,
    0x19, 0x8c, 0x09, 0x4b, 0x11, 0x4b, 0x00, 0xc9, 0x2a, 0x2e, 0x64, 0x16, 0x09, 0x6c, 0x00, 0xa9,
    0x09, 0x6c, 0x11, 0xee, 0x01, 0x6c, 0x09, 0x8d, 0x09, 0xae, 0x09, 0xae, 0x09, 0xae, 0x09, 0xae,
    0x09, 0xae, 0x09, 0xae, 0x09, 0xae, 0x09, 0xae, 0x09, 0xae, 0x09, 0xae, 0x01, 0xae, 0x01, 0xae,
    0x01, 0xae, 0x01, 0xae, 0x01, 0xae, 0x09, 0xae, 0x09, 0xae, 0x09, 0xae, 0x09, 0xae, 0x09, 0x6d,
    0x11, 0xae, 0x00, 0xeb, 0x11, 0x6c, 0x53, 0x33, 0x09, 0x0b, 0x00, 0xa9, 0x11, 0x2a, 0x00, 0xa8,
    0x00, 0xa9, 0x08, 0xe9, 0x19, 0x4b, 0x42, 0xb0, 0x32, 0x0e, 0x00, 0x47, 0x11, 0x2a, 0x08, 0xa8,
    0x00, 0xa8, 0x19, 0x4a, 0x08, 0xc8, 0x08, 0xe8, 0x10, 0xe8, 0x08, 0xa7, 0x08, 0xe8, 0x08, 0xe8,
    0x08, 0xe8, 0x08, 0xe8, 0x08, 0xe8, 0x08, 0xe8, 0x08, 0xe8, 0x08, 0xe8, 0x08, 0xe8, 0x08, 0xe8,
    0x08, 0xe8, 0x08, 0xe8, 0x08, 0xe8, 0x08, 0xe8, 0x08, 0xe8, 0x08, 0xe8, 0x08, 0xc8, 0x08, 0xc8,
    0x08, 0xc8, 0x08, 0xc8, 0x08, 0xc8, 0x08, 0xc8, 0x08, 0xc8, 0x08, 0xc8, 0x08, 0xc8, 0x08, 0xc8,
    0x08, 0xc8, 0x08, 0xc8, 0x08, 0xc8, 0x08, 0xc8, 0x08, 0xc8, 0x08, 0xc8, 0x08, 0xc8, 0x08, 0xc8,
    0x08, 0xc8, 0x08, 0xc8, 0x08, 0xc8, 0x08, 0xc8, 0x08, 0xc8, 0x08, 0xc8, 0x08, 0xa8, 0x08, 0xa7,
    0x08, 0xa7, 0x08, 0xa7, 0x08, 0xa7, 0x08, 0xa7, 0x08, 0xa7, 0x08, 0xa7, 0x00, 0xc7, 0x00, 0xc7,
    0x00, 0xc7, 0x00, 0xc7, 0x00, 0xc7, 0x00, 0xc7, 0x00, 0xc7, 0x00, 0xc7, 0x00, 0xc7, 0x00, 0xc7,
    0x00, 0xc7, 0x00, 0xc7, 0x00, 0xc7, 0x00, 0xc7, 0x00, 0xc7, 0x00, 0xa7, 0x00, 0xa7, 0x00, 0xa7,
    0x00, 0xa7, 0x00, 0xa7, 0x00, 0xa7, 0x00, 0xa7, 0x00, 0xa7, 0x00, 0xa7, 0x00, 0xa6, 0x00, 0xa6,
    0x08, 0xa6, 0x08, 0xa7, 0x08, 0xa6, 0x08, 0xc6, 0x08, 0xc6, 0x08, 0xc7, 0x08, 0xc8, 0x08, 0xc8,
    0x08, 0xc8, 0x08, 0xe8, 0x08, 0xe7, 0x08, 0xc7, 0x08, 0xc7, 0x08, 0xc7, 0x11, 0x08, 0x08, 0xc7,
    0x00, 0xa7, 0x08, 0xc7, 0x08, 0xc8, 0x08, 0xc8, 0x00, 0xa7, 0x00, 0xa7, 0x42, 0x6f, 0x32, 0x0e,
    0x00, 0xa8, 0x08, 0xa8, 0x08, 0xe8, 0x11, 0x08, 0x00, 0xa7, 0x08, 0xc8, 0x08, 0xc8, 0x42, 0x6f,
    0x29, 0xcd, 0x00, 0x26, 0x11, 0x2a, 0x00, 0x87, 0x00, 0x87, 0x08, 0xe7, 0x08, 0xa7, 0x08, 0xc7,
    0x08, 0xc7, 0x08, 0xc7, 0x08, 0xc7, 0x08, 0xa6, 0x08, 0xa6, 0x08, 0xa6, 0x08, 0xc7, 0x08, 0xc7,
    0x08, 0xc7, 0x08, 0xc7, 0x08, 0xc7, 0x08, 0xc7, 0x08, 0xc7, 0x08, 0xc7, 0x08, 0xa6, 0x08, 0xa6,
    0x08, 0xa6, 0x08, 0xa6, 0x08, 0xa6, 0x08, 0xa6, 0x08, 0xa6, 0x08, 0xa6, 0x08, 0xa6, 0x08, 0xa6,
    0x08, 0xa6, 0x08, 0xa6, 0x08, 0xa6, 0x08, 0xa6, 0x08, 0xa6, 0x08, 0xa6, 0x08, 0xa6, 0x08, 0xa6,
    0x08, 0xa6, 0x08, 0xa6, 0x08, 0xa6, 0x08, 0xa6, 0x08, 0xa6, 0x08, 0xa6, 0x08, 0xa6, 0x08, 0xa6,
    0x08, 0xa6, 0x08, 0xa6, 0x08, 0xa6, 0x08, 0xa6, 0x08, 0xa6, 0x08, 0xa6, 0x08, 0x86, 0x08, 0x86,
    0x08, 0x86, 0x08, 0x86, 0x08, 0x86, 0x08, 0x86, 0x08, 0x86, 0x08, 0x86, 0x08, 0x86, 0x08, 0x86,
    0x08, 0x86, 0x08, 0xa6, 0x08, 0xa6, 0x08, 0x86, 0x08, 0x86, 0x08, 0x86, 0x08, 0x86, 0x19, 0x29,
    0x08, 0xa6, 0x08, 0xa6, 0x08, 0xa6, 0x08, 0xa6, 0x08, 0xa6, 0x08, 0xa6, 0x08, 0xa6, 0x08, 0xa6,
    0x08, 0xa6, 0x08, 0xa6, 0x08, 0xa6, 0x08, 0xa6, 0x08, 0xa6, 0x08, 0xa6, 0x08, 0xa6, 0x08, 0xa6,
    0x08, 0xa6, 0x08, 0xa6, 0x08, 0xa6, 0x08, 0xa6, 0x08, 0xa6, 0x08, 0xa6, 0x08, 0xa6, 0x08, 0xa6,
    0x08, 0xa6, 0x08, 0xa6, 0x08, 0xa6, 0x08, 0xa6, 0x08, 0xa6, 0x08, 0xa6, 0x08, 0xa7, 0x08, 0xa7,
    0x08, 0xa7, 0x08, 0xa7, 0x08, 0xc7, 0x08, 0xa7, 0x08, 0xa7, 0x08, 0xa7, 0x08, 0xa7, 0x08, 0xa7,
    0x08, 0xa7, 0x08, 0xa7, 0x08, 0xa7, 0x08, 0xa7, 0x08, 0xa7, 0x08, 0xc7, 0x08, 0xc7, 0x08, 0xc7,
    0x08, 0xc7, 0x08, 0xc7, 0x08, 0xc7, 0x08, 0xc7, 0x08, 0xc7, 0x08, 0xc7, 0x08, 0xc7, 0x08, 0xc7,
    0x08, 0xc7, 0x08, 0xc7, 0x08, 0xc7, 0x08, 0xc7, 0x08, 0xc7, 0x08, 0xc7, 0x08, 0xe8, 0x08, 0xe8,
    0x08, 0xe8, 0x08, 0xe8, 0x08, 0xe8, 0x08, 0xe8, 0x08, 0xe8, 0x08, 0xe8, 0x08, 0xe8, 0x08, 0xe8,
    0x08, 0xe8, 0x08, 0xe8, 0x08, 0xe8, 0x08, 0xe8, 0x09, 0x09, 0x09, 0x09, 0x08, 0xe9, 0x00, 0xc8,
    0x09, 0x09, 0x09, 0x09, 0x00, 0xa8, 0x19, 0x8b, 0x5b, 0x94, 0x21, 0xcd, 0x00, 0xa8, 0x09, 0x2a,
    0x11, 0x4b, 0x09, 0x4b, 0x00, 0xc9, 0x09, 0x2a, 0x53, 0x73, 0x3a, 0xb0, 0x00, 0xa9, 0x00, 0xea,
    0x11, 0xce, 0x11, 0xce, 0x09, 0x6d, 0x09, 0x8e, 0x09, 0x8e, 0x01, 0x8e, 0x09, 0xae, 0x01, 0xae,
    0x01, 0xaf, 0x01, 0xae, 0x01, 0xaf, 0x01, 0xae, 0x09, 0xae, 0x09, 0xae, 0x01, 0xae, 0x01, 0xae,
    0x01, 0xce, 0x01, 0xce, 0x01, 0xce, 0x01, 0xae, 0x09, 0xae, 0x09, 0xae, 0x11, 0xef, 0x01, 0x4c,
    0x19, 0xce, 0x11, 0x6d, 0x00, 0x48, 0x4b, 0x13, 0x32, 0x2f, 0x00, 0x88, 0x08, 0xe9, 0x00, 0xc9,
    0x08, 0xc9, 0x11, 0x0a, 0x00, 0x67, 0x21, 0x8c, 0x5b, 0x74, 0x00, 0x67, 0x08, 0xe9, 0x11, 0x09,
    0x00, 0x67, 0x19, 0x4a, 0x11, 0x09, 0x08, 0xa7, 0x08, 0xc8, 0x08, 0xc7, 0x08, 0xe8, 0x08, 0xe8,
    0x08, 0xe8, 0x08, 0xe8, 0x08, 0xe8, 0x08, 0xe8, 0x08, 0xe8, 0x08, 0xe8, 0x08, 0xe8, 0x08, 0xe8,
    0x08, 0xe8, 0x08, 0xe8, 0x08, 0xe8, 0x08, 0xe8, 0x08, 0xe8, 0x08, 0xe8, 0x08, 0xc8, 0x08, 0xc8,
    0x08, 0xc8, 0x08, 0xc8, 0x08, 0xc8, 0x08, 0xc8, 0x08, 0xc8, 0x08, 0xc8, 0x08, 0xc8, 0x08, 0xc8,
    0x08, 0xc8, 0x08, 0xc8, 0x08, 0xc8, 0x08, 0xc8, 0x08, 0xc8, 0x08, 0xc8, 0x08, 0xc8, 0x08, 0xc8,
    0x08, 0xc8, 0x08, 0xc8, 0x08, 0xc8, 0x08, 0xc8, 0x08, 0xc8, 0x08, 0xc8, 0x08, 0xc8, 0x08, 0xc8,
    0x08, 0xa7, 0x08, 0xa7, 0x08, 0xc7, 0x08, 0xc7, 0x08, 0xc7, 0x08, 0xc7, 0x08, 0xc7, 0x08, 0xc7,
    0x08, 0xc7, 0x08, 0xc7, 0x08, 0xc7, 0x08, 0xc7, 0x08, 0xc7, 0x08, 0xc7, 0x08, 0xc7, 0x08, 0xc7,
    0x08, 0xc7, 0x08, 0xc7, 0x08, 0xc7, 0x08, 0xc7, 0x08, 0xc7, 0x08, 0xc7, 0x08, 0xc7, 0x08, 0xc7,
    0x08, 0xc7, 0x08, 0xc7, 0x08, 0xc7, 0x08, 0xc7, 0x08, 0xc7, 0x08, 0xc7, 0x08, 0xc7, 0x08, 0xc7,
    0x08, 0xc7, 0x08, 0xc7, 0x08, 0xc7, 0x10, 0xc7, 0x10, 0xc7, 0x10, 0xc7, 0x08, 0xe8, 0x08, 0xe8,
    0x08, 0xe8, 0x08, 0xe8, 0x08, 0xe7, 0x08, 0xe7, 0x08, 0xe7, 0x08, 0xe7, 0x11, 0x08, 0x08, 0xc7,
    0x08, 0xc7, 0x08, 0xe8, 0x08, 0xe8, 0x08, 0xc8, 0x00, 0xa7, 0x00, 0x67, 0x19, 0x4b, 0x53, 0x12,
    0x19, 0x4b, 0x00, 0x46, 0x08, 0xc8, 0x11, 0x09, 0x00, 0x66, 0x08, 0xc8, 0x00, 0x47, 0x29, 0xad,
    0x4a, 0xb1, 0x08, 0xa8, 0x08, 0xc9, 0x00, 0x67, 0x08, 0xc8, 0x08, 0xc8, 0x08, 0xc7, 0x08, 0xc7,
    0x08, 0xc7, 0x08, 0xc7, 0x08, 0xc7, 0x08, 0xc7, 0x08, 0xa6, 0x08, 0xa6, 0x08, 0xc7, 0x08, 0xc7,
    0x08, 0xc7, 0x08, 0xc7, 0x08, 0xc7, 0x08, 0xc7, 0x08, 0xc7, 0x08, 0xc7, 0x08, 0xa6, 0x08, 0xa6,
    0x08, 0xa6, 0x08, 0xa6, 0x08, 0xa6, 0x08, 0xa6, 0x08, 0xa6, 0x08, 0xa6, 0x08, 0xa6, 0x08, 0xa6,
    0x08, 0xa6, 0x08, 0xa6, 0x08, 0xa6, 0x08, 0xa6, 0x08, 0xa6, 0x08, 0xa6, 0x08, 0xa6, 0x08, 0xa6,
    0x08, 0xa6, 0x08, 0xa6, 0x08, 0xa6, 0x08, 0xa6, 0x08, 0xa6, 0x08, 0xa6, 0x08, 0xa6, 0x08, 0xa6,
    0x08, 0xa6, 0x08, 0xa6, 0x08, 0xa6, 0x08, 0xa6, 0x08, 0xa6, 0x08, 0xa6, 0x08, 0x86, 0x08, 0x86,
    0x08, 0x86, 0x08, 0x86, 0x08, 0x86, 0x08, 0x86, 0x08, 0x86, 0x08, 0x86, 0x08, 0xa6, 0x08, 0x86,
    0x08, 0x86, 0x08, 0xa6, 0x08, 0xa6, 0x08, 0x86, 0x08, 0x86, 0x08, 0x86, 0x08, 0x86, 0x19, 0x48,
    0x08, 0xa6, 0x08, 0xa6, 0x08, 0xa6, 0x08, 0xa6, 0x08, 0xa6, 0x08, 0xa6, 0x08, 0xa6, 0x08, 0xa6,
    0x08, 0xa6, 0x08, 0xa6, 0x08, 0xa6, 0x08, 0xa6, 0x08, 0xa6, 0x08, 0xa6, 0x08, 0xa6, 0x08, 0xa6,
    0x08, 0xa6, 0x08, 0xa6, 0x08, 0xa6, 0x08, 0xa6, 0x08, 0xa6, 0x08, 0xa6, 0x08, 0xa6, 0x08, 0xa6,
    0x08, 0xa6, 0x08, 0xa6, 0x08, 0xa6, 0x08, 0xa6, 0x08, 0xa6, 0x08, 0xa6, 0x08, 0xa7, 0x08, 0xa7,
    0x08, 0xa7, 0x08, 0xa7, 0x08, 0xc7, 0x08, 0xa7, 0x08, 0xa7, 0x08, 0xa7, 0x08, 0xa7, 0x08, 0xa7,
    0x08, 0xa7, 0x08, 0xa7, 0x08, 0xa7, 0x08, 0xa7, 0x08, 0xa7, 0x08, 0xc7, 0x08, 0xc7, 0x08, 0xc7,
    0x08, 0xc7, 0x08, 0xc7, 0x08, 0xc7, 0x08, 0xc7, 0x08, 0xc7, 0x08, 0xc7, 0x08, 0xc7, 0x08, 0xc7,
    0x08, 0xc7, 0x08, 0xc7, 0x08, 0xc7, 0x08, 0xc7, 0x08, 0xc7, 0x08, 0xc7, 0x08, 0xe8, 0x08, 0xe8,
    0x08, 0xe8, 0x08, 0xe8, 0x08, 0xe8, 0x08, 0xe8, 0x08, 0xe8, 0x08, 0xe8, 0x08, 0xe8, 0x08, 0xe8,
    0x08, 0xe8, 0x08, 0xe8, 0x08, 0xe8, 0x08, 0xe8, 0x08, 0xe8, 0x09, 0x09, 0x09, 0x09, 0x09, 0x09,
    0x08, 0xe9, 0x08, 0xe9, 0x00, 0xc8, 0x42, 0xb0, 0x42, 0xd1, 0x00, 0xc9, 0x11, 0x2b, 0x09, 0x2a,
    0x00, 0xc9, 0x09, 0x2b, 0x00, 0x88, 0x3a, 0x70, 0x53, 0x53, 0x00, 0xc9, 0x01, 0x0b, 0x09, 0x6d,
    0x11, 0xae, 0x09, 0x8d, 0x09, 0xae, 0x09, 0xce, 0x01, 0x8e, 0x01, 0x8e, 0x01, 0xaf, 0x01, 0xaf,
    0x01, 0xaf, 0x01, 0xaf, 0x01, 0xaf, 0x01, 0xaf, 0x09, 0xae, 0x09, 0xae, 0x01, 0xae, 0x01, 0xae,
    0x01, 0xae, 0x01, 0xce, 0x01, 0xce, 0x01, 0xce, 0x01, 0xae, 0x09, 0xae, 0x11, 0xce, 0x09, 0xae,
    0x11, 0xad, 0x11, 0x8d, 0x00, 0xca, 0x19, 0x8d, 0x4b, 0x13, 0x19, 0x4b, 0x00, 0x47, 0x09, 0x09,
    0x08, 0xe9, 0x08, 0xc9, 0x00, 0xa8, 0x08, 0xc9, 0x4a, 0xd1, 0x32, 0x0e, 0x00, 0x27, 0x19, 0x4b,
    0x08, 0xc9, 0x00, 0x87, 0x11, 0x29, 0x00, 0xa7, 0x00, 0x87, 0x11, 0x08, 0x08, 0xe8, 0x08, 0xe8,
    0x08, 0xe8, 0x08, 0xe8, 0x08, 0xe8, 0x08, 0xe8, 0x08, 0xe8, 0x08, 0xe8, 0x08, 0xe8, 0x08, 0xe8,
    0x08, 0xe8, 0x08, 0xe8, 0x08, 0xe8, 0x08, 0xe8, 0x08, 0xe8, 0x08, 0xe8, 0x08, 0xc8, 0x08, 0xc8,
    0x08, 0xc8, 0x08, 0xc8, 0x08, 0xc8, 0x08, 0xc8, 0x08, 0xc8, 0x08, 0xc8, 0x08, 0xc8, 0x08, 0xc8,
    0x08, 0xc8, 0x08, 0xc8, 0x08, 0xc8, 0x08, 0xc8, 0x08, 0xc8, 0x08, 0xc8, 0x08, 0xc8, 0x08, 0xc8,
    0x08, 0xc8, 0x08, 0xc8, 0x08, 0xc8, 0x08, 0xc8, 0x08, 0xc8, 0x08, 0xc8, 0x08, 0xc8, 0x08, 0xc8,
    0x08, 0xc8, 0x08, 0xc7, 0x08, 0xc7, 0x08, 0xc7, 0x08, 0xc7, 0x08, 0xc7, 0x08, 0xc7, 0x08, 0xc7,
    0x08, 0xc7, 0x08, 0xc7, 0x08, 0xc7, 0x08, 0xc7, 0x08, 0xc7, 0x08, 0xc7, 0x08, 0xc7, 0x08, 0xc7,
    0x08, 0xc7, 0x08, 0xc7, 0x08, 0xc7, 0x08, 0xc7, 0x08, 0xc7, 0x08, 0xc7, 0x08, 0xc7, 0x08, 0xc6,
    0x08, 0xa7, 0x08, 0xc6, 0x08, 0xc7, 0x08, 0xc6, 0x08, 0xc7, 0x08, 0xc6, 0x08, 0xc7, 0x08, 0xc7,
    0x10, 0xc7, 0x10, 0xc7, 0x10, 0xc7, 0x10, 0xc7, 0x10, 0xc7, 0x08, 0xc7, 0x08, 0xe8, 0x08, 0xe8,
    0x08, 0xe8, 0x08, 0xe8, 0x08, 0xe8, 0x08, 0xe7, 0x08, 0xe7, 0x08, 0xe7, 0x08, 0xc7, 0x08, 0xe7,
    0x11, 0x08, 0x11, 0x08, 0x08, 0xe8, 0x08, 0xc7, 0x08, 0xc8, 0x08, 0xe8, 0x00, 0x68, 0x42, 0x70,
    0x3a, 0x4e, 0x00, 0x67, 0x08, 0xc8, 0x08, 0xc7, 0x08, 0xa7, 0x08, 0xc8, 0x00, 0x88, 0x08, 0xa9,
    0x3a, 0x4f, 0x42, 0x70, 0x00, 0x68, 0x00, 0x88, 0x11, 0x09, 0x08, 0xc7, 0x08, 0xc7, 0x08, 0xc7,
    0x08, 0xc7, 0x08, 0xc7, 0x08, 0xc7, 0x08, 0xc7, 0x08, 0xc7, 0x08, 0xc7, 0x08, 0xc7, 0x08, 0xc7,
    0x08, 0xc7, 0x08, 0xc7, 0x08, 0xc7, 0x08, 0xc7, 0x08, 0xc7, 0x08, 0xc7, 0x08, 0xa6, 0x08, 0xa6,
    0x08, 0xa6, 0x08, 0xa6, 0x08, 0xa6, 0x08, 0xa6, 0x08, 0xa6, 0x08, 0xa6, 0x08, 0xa6, 0x08, 0xa6,
    0x08, 0xa6, 0x08, 0xa6, 0x08, 0xa6, 0x08, 0xa6, 0x08, 0xa6, 0x08, 0xa6, 0x08, 0xa6, 0x08, 0xa6,
    0x08, 0xa6, 0x08, 0xa6, 0x08, 0xa6, 0x08, 0xa6, 0x08, 0xa6, 0x08, 0xa6, 0x08, 0xa6, 0x08, 0xa6,
    0x08, 0xa6, 0x08, 0xa6, 0x08, 0xa6, 0x08, 0xa6, 0x08, 0xa6, 0x08, 0xa6, 0x08, 0x86, 0x08, 0x86,
    0x08, 0x86, 0x08, 0x86, 0x08, 0x86, 0x08, 0x86, 0x08, 0x86, 0x08, 0x86, 0x08, 0x86, 0x08, 0x86,
    0x08, 0x86, 0x08, 0x86, 0x08, 0x86, 0x08, 0x86, 0x08, 0x86, 0x08, 0xa6, 0x08, 0x86, 0x19, 0x48,
    0x08, 0xa6, 0x08, 0xa6, 0x08, 0xa6, 0x08, 0xa6, 0x08, 0xa6, 0x08, 0xa6, 0x08, 0xa6, 0x08, 0xa6,
    0x08, 0xa6, 0x08, 0xa6, 0x08, 0xa6, 0x08, 0xa6, 0x08, 0xa6, 0x08, 0xa6, 0x08, 0xa6, 0x08, 0xa6,
    0x08, 0xa6, 0x08, 0xa6, 0x08, 0xa6, 0x08, 0xa6, 0x08, 0xa6, 0x08, 0xa6, 0x08, 0xa6, 0x08, 0xa6,
    0x08, 0xa6, 0x08, 0xa6, 0x08, 0xa6, 0x08, 0xa6, 0x08, 0xa6, 0x08, 0xa6, 0x08, 0xa7, 0x08, 0xa7,
    0x08, 0xa7, 0x08, 0xa7, 0x08, 0xc7, 0x08, 0xa7, 0x08, 0xa7, 0x08, 0xa7, 0x08, 0xa7, 0x08, 0xa7,
    0x08, 0xa7, 0x08, 0xa7, 0x08, 0xa7, 0x08, 0xa7, 0x08, 0xa7, 0x08, 0xc7, 0x08, 0xc7, 0x08, 0xc7,
    0x08, 0xc7, 0x08, 0xc7, 0x08, 0xc7, 0x08, 0xc7, 0x08, 0xc7, 0x08, 0xc7, 0x08, 0xc7, 0x08, 0xc7,
    0x08, 0xc7, 0x08, 0xc7, 0x08, 0xc7, 0x08, 0xc7, 0x08, 0xc7, 0x08, 0xc7, 0x08, 0xe8, 0x08, 0xe8,
    0x08, 0xe8, 0x08, 0xe8, 0x08, 0xe8, 0x08, 0xe8, 0x08, 0xc8, 0x08, 0xc8, 0x08, 0xc8, 0x08, 0xe8,
    0x08, 0xe8, 0x08, 0xe8, 0x08, 0xe8, 0x08, 0xe8, 0x08, 0xe8, 0x08, 0xe8, 0x08, 0xe9, 0x08, 0xe9,
    0x08, 0xe9, 0x00, 0x87, 0x21, 0xac, 0x5b, 0x73, 0x11, 0x2a, 0x00, 0xc8, 0x09, 0x0a, 0x11, 0x4a,
    0x09, 0x0a, 0x00, 0xa9, 0x19, 0x6c, 0x53, 0x73, 0x2a, 0x0e, 0x00, 0xa9, 0x01, 0x2c, 0x09, 0x8d,
    0x01, 0x6d, 0x01, 0x6d, 0x09, 0xae, 0x09, 0xae, 0x09, 0xae, 0x09, 0xcf, 0x01, 0xaf, 0x01, 0xaf,
    0x01, 0xaf, 0x01, 0xaf, 0x01, 0xaf, 0x01, 0xaf, 0x09, 0xae, 0x09, 0xae, 0x09, 0xae, 0x01, 0xae,
    0x01, 0xae, 0x01, 0xae, 0x01, 0xce, 0x01, 0xce, 0x01, 0xce, 0x01, 0xce, 0x09, 0xae, 0x11, 0xee,
    0x09, 0x8d, 0x09, 0x6c, 0x19, 0xad, 0x00, 0x88, 0x32, 0x4f, 0x42, 0xb1, 0x00, 0xc9, 0x00, 0xc8,
    0x11, 0x0a, 0x00, 0x88, 0x11, 0x2a, 0x00, 0xa8, 0x11, 0x0a, 0x5b, 0x53, 0x08, 0xc9, 0x00, 0xa8,
    0x19, 0x2a, 0x00, 0x67, 0x10, 0xe9, 0x00, 0x87, 0x08, 0xa7, 0x10, 0xe8, 0x08, 0xe8, 0x08, 0xe8,
    0x08, 0xe8, 0x08, 0xe8, 0x08, 0xe8, 0x08, 0xe8, 0x08, 0xe8, 0x08, 0xe8, 0x08, 0xe8, 0x08, 0xe8,
    0x08, 0xe8, 0x08, 0xe8, 0x08, 0xe8, 0x08, 0xe8, 0x08, 0xe8, 0x08, 0xe8, 0x08, 0xc8, 0x08, 0xc8,
    0x08, 0xc8, 0x08, 0xc8, 0x08, 0xc8, 0x08, 0xc8, 0x08, 0xc8, 0x08, 0xc8, 0x08, 0xc8, 0x08, 0xc8,
    0x08, 0xc8, 0x08, 0xc8, 0x08, 0xc8, 0x08, 0xc8, 0x08, 0xc8, 0x08, 0xc8, 0x08, 0xc8, 0x08, 0xc8,
    0x08, 0xc8, 0x08, 0xc8, 0x08, 0xc8, 0x08, 0xc8, 0x08, 0xc8, 0x08, 0xc8, 0x08, 0xc8, 0x08, 0xc8,
    0x08, 0xc8, 0x08, 0xc7, 0x08, 0xc7, 0x08, 0xc7, 0x08, 0xc7, 0x08, 0xc7, 0x08, 0xc7, 0x08, 0xc7,
    0x08, 0xc7, 0x08, 0xc7, 0x08, 0xc7, 0x08, 0xc7, 0x08, 0xc7, 0x08, 0xc7, 0x08, 0xc7, 0x08, 0xc7,
    0x08, 0xc7, 0x08, 0xc7, 0x08, 0xc7, 0x08, 0xc7, 0x08, 0xc7, 0x08, 0xc7, 0x08, 0xc7, 0x08, 0xc7,
    0x08, 0xa7, 0x08, 0xc7, 0x08, 0xc7, 0x08, 0xc7, 0x08, 0xc7, 0x08, 0xc7, 0x08, 0xc7, 0x08, 0xc7,
    0x08, 0xc7, 0x08, 0xc7, 0x08, 0xe7, 0x08, 0xe7, 0x08, 0xc7, 0x08, 0xc8, 0x08, 0xe8, 0x08, 0xe8,
    0x08, 0xe8, 0x08, 0xe8, 0x08, 0xe8, 0x08, 0xe7, 0x08, 0xe7, 0x08, 0xe7, 0x00, 0xc7, 0x08, 0xe7,
    0x09, 0x08, 0x08, 0xe8, 0x08, 0xc7, 0x00, 0xc7, 0x08, 0xe8, 0x08, 0xe9, 0x00, 0x68, 0x19, 0x2b,
    0x4a, 0xd0, 0x21, 0x8b, 0x00, 0xa7, 0x08, 0xa7, 0x11, 0x09, 0x08, 0xe9, 0x08, 0xe9, 0x00, 0x47,
    0x11, 0x0a, 0x53, 0x12, 0x19, 0x4b, 0x00, 0xa8, 0x08, 0xe8, 0x08, 0xc8, 0x08, 0xc7, 0x08, 0xc7,
    0x08, 0xc7, 0x08, 0xc7, 0x08, 0xc7, 0x08, 0xc7, 0x08, 0xc7, 0x08, 0xc7, 0x08, 0xc7, 0x08, 0xc7,
    0x08, 0xc7, 0x08, 0xc7, 0x08, 0xc7, 0x08, 0xc7, 0x08, 0xc7, 0x08, 0xc7, 0x08, 0xa6, 0x08, 0xa6,
    0x08, 0xa6, 0x08, 0xa6, 0x08, 0xa6, 0x08, 0xa6, 0x08, 0xa6, 0x08, 0xa6, 0x08, 0xa6, 0x08, 0xa6,
    0x08, 0xa6, 0x08, 0xa6, 0x08, 0xa6, 0x08, 0xa6, 0x08, 0xa6, 0x08, 0xa6, 0x08, 0xa6, 0x08, 0xa6,
    0x08, 0xa6, 0x08, 0xa6, 0x08, 0xa6, 0x08, 0xa6, 0x08, 0xa6, 0x08, 0xa6, 0x08, 0xa6, 0x08, 0xa6,
    0x08, 0xa6, 0x08, 0xa6, 0x08, 0xa6, 0x08, 0xa6, 0x08, 0xa6, 0x08, 0xa6, 0x08, 0x86, 0x08, 0x86,
    0x08, 0x86, 0x08, 0x86, 0x08, 0x86, 0x08, 0x86, 0x08, 0x86, 0x08, 0x86, 0x08, 0x86, 0x08, 0x86,
    0x08, 0x86, 0x08, 0x86, 0x08, 0x86, 0x08, 0xa6, 0x08, 0xa6, 0x08, 0xa6, 0x00, 0x86, 0x19, 0x49,
    0x08, 0xa6, 0x08, 0xa6, 0x08, 0xa6, 0x08, 0xa6, 0x08, 0xa6, 0x08, 0xa6, 0x08, 0xa6, 0x08, 0xa6,
    0x08, 0xa6, 0x08, 0xa6, 0x08, 0xa6, 0x08, 0xa6, 0x08, 0xa6, 0x08, 0xa6, 0x08, 0xa6, 0x08, 0xa6,
    0x08, 0xa6, 0x08, 0xa6, 0x08, 0xa6, 0x08, 0xa6, 0x08, 0xa6, 0x08, 0xa6, 0x08, 0xa6, 0x08, 0xa6,
    0x08, 0xa6, 0x08, 0xa6, 0x08, 0xa6, 0x08, 0xa6, 0x08, 0xa6, 0x08, 0xa6, 0x08, 0xa7, 0x08, 0xa7,
    0x08, 0xa7, 0x08, 0xa7, 0x08, 0xc7, 0x08, 0xa7, 0x08, 0xa7, 0x08, 0xa7, 0x08, 0xa7, 0x08, 0xa7,
    0x08, 0xa7, 0x08, 0xa7, 0x08, 0xa7, 0x08, 0xa7, 0x08, 0xa7, 0x08, 0xc7, 0x08, 0xc7, 0x08, 0xc7,
    0x08, 0xc7, 0x08, 0xc7, 0x08, 0xc7, 0x08, 0xc7, 0x08, 0xc7, 0x08, 0xc7, 0x08, 0xc7, 0x08, 0xc7,
    0x08, 0xc7, 0x08, 0xc7, 0x08, 0xc7, 0x08, 0xc7, 0x08, 0xc7, 0x08, 0xe7, 0x08, 0xe8, 0x08, 0xe8,
    0x08, 0xe8, 0x08, 0xe8, 0x08, 0xe8, 0x08, 0xe8, 0x08, 0xc8, 0x08, 0xc8, 0x08, 0xc8, 0x08, 0xc8,
    0x08, 0xe8, 0x08, 0xe8, 0x08, 0xe8, 0x08, 0xe8, 0x08, 0xe8, 0x08, 0xe8, 0x08, 0xc8, 0x00, 0xa8,
    0x09, 0x09, 0x00, 0x87, 0x4a, 0xd1, 0x42, 0xd0, 0x00, 0x67, 0x11, 0x0a, 0x00, 0xc9, 0x11, 0x4b,
    0x09, 0x0a, 0x00, 0x27, 0x4a, 0xf2, 0x4b, 0x12, 0x00, 0x88, 0x09, 0x0b, 0x01, 0x4c, 0x09, 0xae,
    0x09, 0x8d, 0x09, 0xce, 0x09, 0xcf, 0x01, 0x6e, 0x01, 0xaf, 0x09, 0xef, 0x01, 0xaf, 0x01, 0xaf,
    0x01, 0xaf, 0x01, 0xaf, 0x01, 0xaf, 0x01, 0xaf, 0x09, 0xae, 0x09, 0xae, 0x09, 0xae, 0x09, 0xae,
    0x01, 0xae, 0x01, 0xae, 0x01, 0xce, 0x01, 0xce, 0x01, 0xce, 0x01, 0xce, 0x01, 0xae, 0x09, 0xce,
    0x09, 0xad, 0x09, 0x8c, 0x19, 0xce, 0x00, 0xea, 0x00, 0xc9, 0x53, 0x53, 0x2a, 0x0e, 0x00, 0x67,
    0x08, 0xe9, 0x08, 0xc8, 0x11, 0x2b, 0x08, 0xe9, 0x00, 0x47, 0x4a, 0xd1, 0x42, 0x70, 0x00, 0x26,
    0x10, 0xe9, 0x08, 0xe9, 0x08, 0xc8, 0x00, 0xa7, 0x11, 0x09, 0x00, 0xa7, 0x08, 0xe8, 0x08, 0xe8,
    0x08, 0xe8, 0x08, 0xe8, 0x08, 0xe8, 0x08, 0xe8, 0x08, 0xe8, 0x08, 0xe8, 0x08, 0xe8, 0x08, 0xe8,
    0x08, 0xe8, 0x08, 0xe8, 0x08, 0xe8, 0x08, 0xe8, 0x08, 0xe8, 0x08, 0xe8, 0x08, 0xc8, 0x08, 0xc8,
    0x08, 0xc8, 0x08, 0xc8, 0x08, 0xc8, 0x08, 0xc8, 0x08, 0xc8, 0x08, 0xc8, 0x08, 0xc8, 0x08, 0xc8,
    0x08, 0xc8, 0x08, 0xc8, 0x08, 0xc8, 0x08, 0xc8, 0x08, 0xc8, 0x08, 0xc8, 0x08, 0xc8, 0x08, 0xc8,
    0x08, 0xc8, 0x08, 0xc8, 0x08, 0xc8, 0x08, 0xc8, 0x08, 0xc8, 0x08, 0xc8, 0x08, 0xc8, 0x08, 0xc8,
    0x08, 0xc8, 0x08, 0xc8, 0x08, 0xc7, 0x08, 0xc7, 0x08, 0xc7, 0x08, 0xc7, 0x08, 0xe7, 0x08, 0xe7,
    0x08, 0xe7, 0x08, 0xe7, 0x08, 0xe7, 0x08, 0xe7, 0x08, 0xe7, 0x08, 0xe7, 0x08, 0xe7, 0x08, 0xe7,
    0x08, 0xe7, 0x08, 0xe7, 0x08, 0xe7, 0x08, 0xe7, 0x08, 0xe7, 0x08, 0xe7, 0x08, 0xc7, 0x08, 0xc7,
    0x08, 0xc7, 0x08, 0xc7, 0x08, 0xc7, 0x08, 0xe7, 0x08, 0xe7, 0x08, 0xe7, 0x08, 0xe7, 0x08, 0xe7,
    0x08, 0xe8, 0x08, 0xe8, 0x08, 0xe8, 0x08, 0xe8, 0x08, 0xe8, 0x08, 0xe8, 0x08, 0xe8, 0x08, 0xe8,
    0x08, 0xe8, 0x08, 0xe8, 0x08, 0xe8, 0x08, 0xe8, 0x08, 0xe8, 0x08, 0xe7, 0x11, 0x08, 0x09, 0x08,
    0x08, 0xc7, 0x00, 0xc7, 0x08, 0xe8, 0x09, 0x08, 0x08, 0xe8, 0x00, 0xc8, 0x08, 0xa9, 0x00, 0x88,
    0x32, 0x0e, 0x4a, 0xb0, 0x08, 0xa8, 0x08, 0xc8, 0x11, 0x09, 0x08, 0xc8, 0x08, 0xc9, 0x00, 0x88,
    0x00, 0x68, 0x31, 0xee, 0x42, 0x90, 0x10, 0xe9, 0x00, 0x46, 0x10, 0xe8, 0x08, 0xc7, 0x08, 0xc7,
    0x08, 0xc7, 0x08, 0xc7, 0x08, 0xc7, 0x08, 0xc7, 0x08, 0xc7, 0x08, 0xc7, 0x08, 0xc7, 0x08, 0xc7,
    0x08, 0xc7, 0x08, 0xc7, 0x08, 0xc7, 0x08, 0xc7, 0x08, 0xc7, 0x08, 0xc7, 0x08, 0xa6, 0x08, 0xa6,
    0x08, 0xa6, 0x08, 0xa6, 0x08, 0xa6, 0x08, 0xa6, 0x08, 0xa6, 0x08, 0xa6, 0x08, 0xa6, 0x08, 0xa6,
    0x08, 0xa6, 0x08, 0xa6, 0x08, 0xa6, 0x08, 0xa6, 0x08, 0xa6, 0x08, 0xa6, 0x08, 0xa6, 0x08, 0xa6,
    0x08, 0xa6, 0x08, 0xa6, 0x08, 0xa6, 0x08, 0xa6, 0x08, 0xa6, 0x08, 0xa6, 0x08, 0xa6, 0x08, 0xa6,
    0x08, 0xa6, 0x08, 0xa6, 0x08, 0xa6, 0x08, 0xa6, 0x08, 0xa6, 0x08, 0xa6, 0x08, 0x86, 0x08, 0x86,
    0x08, 0x86, 0x08, 0x86, 0x08, 0x86, 0x08, 0x86, 0x08, 0x86, 0x08, 0x86, 0x08, 0x86, 0x08, 0x86,
    0x08, 0x86, 0x08, 0x86, 0x08, 0x86, 0x08, 0xa6, 0x08, 0xa6, 0x08, 0x86, 0x08, 0xa7, 0x21, 0x6a,
    0x08, 0xa6, 0x08, 0xa6, 0x08, 0xa6, 0x08, 0xa6, 0x08, 0xa6, 0x08, 0xa6, 0x08, 0xa6, 0x08, 0xa6,
    0x08, 0xa6, 0x08, 0xa6, 0x08, 0xa6, 0x08, 0xa6, 0x08, 0xa6, 0x08, 0xa6, 0x08, 0xa6, 0x08, 0xa6,
    0x08, 0xa6, 0x08, 0xa6, 0x08, 0xa6, 0x08, 0xa6, 0x08, 0xa6, 0x08, 0xa6, 0x08, 0xa6, 0x08, 0xa6,
    0x08, 0xa6, 0x08, 0xa6, 0x08, 0xa6, 0x08, 0xa6, 0x08, 0xa6, 0x08, 0xa6, 0x08, 0xa7, 0x08, 0xa7,
    0x08, 0xa7, 0x08, 0xa7, 0x08, 0xc7, 0x08, 0xa7, 0x08, 0xa7, 0x08, 0xa7, 0x08, 0xa7, 0x08, 0xa7,
    0x08, 0xa7, 0x08, 0xa7, 0x08, 0xa7, 0x08, 0xa7, 0x08, 0xa7, 0x08, 0xc7, 0x08, 0xc7, 0x08, 0xc7,
    0x08, 0xc7, 0x08, 0xc7, 0x08, 0xc7, 0x08, 0xc7, 0x08, 0xc7, 0x08, 0xc7, 0x08, 0xc7, 0x08, 0xc7,
    0x08, 0xc7, 0x08, 0xc7, 0x08, 0xc7, 0x08, 0xc7, 0x08, 0xc7, 0x08, 0xe7, 0x08, 0xe8, 0x08, 0xe8,
    0x08, 0xe8, 0x08, 0xe8, 0x08, 0xe8, 0x08, 0xe8, 0x08, 0xc8, 0x08, 0xc8, 0x08, 0xc8, 0x08, 0xc8,
    0x08, 0xc8, 0x08, 0xe8, 0x08, 0xe8, 0x08, 0xe8, 0x08, 0xe8, 0x08, 0xe8, 0x08, 0xe9, 0x08, 0xe9,
    0x08, 0xc8, 0x21, 0xac, 0x53, 0x11, 0x19, 0x4a, 0x00, 0xa8, 0x11, 0x2a, 0x09, 0x0a, 0x11, 0x0a,
    0x00, 0xa8, 0x19, 0x4b, 0x5b, 0x53, 0x21, 0xad, 0x00, 0x68, 0x09, 0x0b, 0x09, 0x8d, 0x11, 0xcf,
    0x09, 0xae, 0x11, 0xef, 0x09, 0xcf, 0x01, 0x8e, 0x09, 0xcf, 0x01, 0xaf, 0x01, 0xaf, 0x01, 0xaf,
    0x01, 0xaf, 0x01, 0xaf, 0x01, 0xaf, 0x01, 0xaf, 0x09, 0xae, 0x09, 0xae, 0x09, 0xae, 0x09, 0xae,
    0x01, 0xae, 0x01, 0xae, 0x01, 0xce, 0x01, 0xce, 0x01, 0xce, 0x01, 0xce, 0x09, 0xae, 0x09, 0xce,
    0x09, 0xad, 0x09, 0x8c, 0x11, 0x8c, 0x11, 0x6c, 0x00, 0x88, 0x2a, 0x0e, 0x42, 0xd1, 0x08, 0xe9,
    0x00, 0xa8, 0x08, 0xe9, 0x08, 0xc9, 0x08, 0xea, 0x00, 0x88, 0x21, 0x8c, 0x53, 0x12, 0x11, 0x2a,
    0x00, 0x88, 0x11, 0x09, 0x08, 0xc8, 0x08, 0xc8, 0x08, 0xe8, 0x08, 0xa7, 0x08, 0xe8, 0x08, 0xe8,
    0x08, 0xe8, 0x08, 0xe8, 0x08, 0xe8, 0x08, 0xe8, 0x08, 0xe8, 0x08, 0xe8, 0x08, 0xe8, 0x08, 0xe8,
    0x08, 0xe8, 0x08, 0xe8, 0x08, 0xe8, 0x08, 0xe8, 0x08, 0xe8, 0x08, 0xe8, 0x08, 0xc8, 0x08, 0xc8,
    0x08, 0xc8, 0x08, 0xc8, 0x08, 0xc8, 0x08, 0xc8, 0x08, 0xc8, 0x08, 0xc8, 0x08, 0xc8, 0x08, 0xc8,
    0x08, 0xc8, 0x08, 0xc8, 0x08, 0xc8, 0x08, 0xc8, 0x08, 0xc8, 0x08, 0xc8, 0x08, 0xe7, 0x08, 0xe7,
    0x08, 0xc8, 0x08, 0xc8, 0x08, 0xc8, 0x08, 0xc8, 0x08, 0xe8, 0x08, 0xe8, 0x08, 0xc8, 0x08, 0xc8,
    0x08, 0xe8, 0x08, 0xe8, 0x08, 0xe8, 0x08, 0xe7, 0x08, 0xc7, 0x08, 0xe7, 0x08, 0xe7, 0x08, 0xe7,
    0x08, 0xe8, 0x08, 0xe7, 0x08, 0xe8, 0x08, 0xe7, 0x08, 0xe8, 0x08, 0xe7, 0x08, 0xe8, 0x08, 0xe7,
    0x08, 0xe8, 0x08, 0xe7, 0x08, 0xe8, 0x08, 0xe7, 0x08, 0xe8, 0x08, 0xe8, 0x08, 0xe8, 0x08, 0xe8,
    0x08, 0xe8, 0x08, 0xe8, 0x08, 0xe8, 0x08, 0xe8, 0x08, 0xe8, 0x08, 0xe8, 0x08, 0xe8, 0x08, 0xe8,
    0x08, 0xe8, 0x08, 0xe8, 0x08, 0xe8, 0x08, 0xe9, 0x08, 0xe9, 0x08, 0xe9, 0x08, 0xe8, 0x08, 0xe8,
    0x08, 0xe8, 0x08, 0xe8, 0x08, 0xe8, 0x08, 0xe8, 0x08, 0xe8, 0x08, 0xe8, 0x11, 0x28, 0x11, 0x08,
    0x08, 0xe8, 0x08, 0xe7, 0x08, 0xe8, 0x11, 0x29, 0x09, 0x08, 0x08, 0xc8, 0x08, 0xe9, 0x00, 0xa8,
    0x08, 0xc9, 0x4a, 0xd0, 0x21, 0xab, 0x00, 0x87, 0x08, 0xe9, 0x08, 0xa8, 0x08, 0xa8, 0x08, 0xc9,
    0x00, 0x88, 0x08, 0xa9, 0x42, 0xb1, 0x29, 0xcd, 0x00, 0x46, 0x08, 0xe8, 0x08, 0xc7, 0x08, 0xc7,
    0x08, 0xc7, 0x08, 0xc7, 0x08, 0xc7, 0x08, 0xc7, 0x08, 0xc7, 0x08, 0xc7, 0x08, 0xc7, 0x08, 0xc7,
    0x08, 0xc7, 0x08, 0xc7, 0x08, 0xc7, 0x08, 0xc7, 0x08, 0xc7, 0x08, 0xc7, 0x08, 0xa6, 0x08, 0xa6,
    0x08, 0xa6, 0x08, 0xa6, 0x08, 0xa6, 0x08, 0xa6, 0x08, 0xa6, 0x08, 0xa6, 0x08, 0xa6, 0x08, 0xa6,
    0x08, 0xa6, 0x08, 0xa6, 0x08, 0xa6, 0x08, 0xa6, 0x08, 0xa6, 0x08, 0xa6, 0x08, 0xa6, 0x08, 0xa6,
    0x08, 0xa6, 0x08, 0xa6, 0x08, 0xa6, 0x08, 0xa6, 0x08, 0xa6, 0x08, 0xa6, 0x08, 0xa6, 0x08, 0xa6,
    0x08, 0xa6, 0x08, 0xa6, 0x08, 0xa6, 0x08, 0xa6, 0x08, 0xa6, 0x08, 0xa6, 0x08, 0x86, 0x08, 0x86,
    0x08, 0x86, 0x08, 0x86, 0x08, 0x86, 0x08, 0x86, 0x08, 0x86, 0x08, 0x86, 0x08, 0x86, 0x08, 0xa6,
    0x08, 0xa6, 0x08, 0x86, 0x08, 0x86, 0x08, 0xa6, 0x08, 0x86, 0x00, 0x66, 0x19, 0x2a, 0x29, 0xce,
    0x08, 0xa6, 0x08, 0xa6, 0x08, 0xa6, 0x08, 0xa6, 0x08, 0xa6, 0x08, 0xa6, 0x08, 0xa6, 0x08, 0xa6,
    0x08, 0xa6, 0x08, 0xa6, 0x08, 0xa6, 0x08, 0xa6, 0x08, 0xa6, 0x08, 0xa6, 0x08, 0xa6, 0x08, 0xa6,
    0x08, 0xa6, 0x08, 0xa6, 0x08, 0xa6, 0x08, 0xa6, 0x08, 0xa6, 0x08, 0xa6, 0x08, 0xa6, 0x08, 0xa6,
    0x08, 0xa6, 0x08, 0xa6, 0x08, 0xa6, 0x08, 0xa6, 0x08, 0xa6, 0x08, 0xa6, 0x08, 0xa7, 0x08, 0xa7,
    0x08, 0xa7, 0x08, 0xa7, 0x08, 0xc7, 0x08, 0xa7, 0x08, 0xa7, 0x08, 0xa7, 0x08, 0xa7, 0x08, 0xc7,
    0x08, 0xa7, 0x08, 0xc7, 0x08, 0xa7, 0x08, 0xc7, 0x08, 0xa7, 0x08, 0xc7, 0x08, 0xc7, 0x08, 0xc7,
    0x08, 0xc7, 0x08, 0xc7, 0x08, 0xc7, 0x08, 0xc7, 0x08, 0xc7, 0x08, 0xc7, 0x08, 0xc7, 0x08, 0xc7,
    0x08, 0xc7, 0x08, 0xc7, 0x08, 0xc7, 0x08, 0xc7, 0x08, 0xc7, 0x08, 0xe7, 0x08, 0xe8, 0x08, 0xe8,
    0x08, 0xe8, 0x08, 0xe8, 0x08, 0xe8, 0x08, 0xc8, 0x08, 0xc8, 0x08, 0xc8, 0x08, 0xe8, 0x08, 0xe8,
    0x08, 0xc8, 0x08, 0xe8, 0x08, 0xc8, 0x08, 0xe8, 0x08, 0xe9, 0x08, 0xe9, 0x11, 0x09, 0x19, 0x8b,
    0x00, 0x67, 0x53, 0x32, 0x42, 0x90, 0x00, 0x26, 0x09, 0x09, 0x08, 0xe9, 0x11, 0x2a, 0x00, 0xc9,
    0x00, 0x67, 0x5b, 0x74, 0x42, 0xb1, 0x00, 0x88, 0x11, 0x4c, 0x11, 0x4c, 0x09, 0x8e, 0x09, 0xce,
    0x01, 0x6d, 0x01, 0x8e, 0x01, 0xae, 0x01, 0xcf, 0x12, 0x30, 0x01, 0x8e, 0x01, 0xcf, 0x01, 0xcf,
    0x01, 0xaf, 0x01, 0xaf, 0x01, 0xaf, 0x01, 0xaf, 0x01, 0xae, 0x01, 0xae, 0x01, 0xae, 0x01, 0xae,
    0x01, 0xce, 0x01, 0xce, 0x01, 0xce, 0x01, 0xce, 0x01, 0xce, 0x01, 0xce, 0x01, 0xce, 0x09, 0xef,
    0x09, 0xad, 0x09, 0x8d, 0x09, 0x8d, 0x11, 0x8c, 0x09, 0x6c, 0x00, 0x88, 0x42, 0xd1, 0x29, 0xed,
    0x00, 0x88, 0x00, 0xc9, 0x00, 0x88, 0x08, 0xc9, 0x08, 0xc9, 0x00, 0xa8, 0x42, 0x90, 0x4a, 0xd1,
    0x00, 0x67, 0x00, 0xa8, 0x10, 0xe9, 0x11, 0x09, 0x00, 0x67, 0x11, 0x29, 0x08, 0xe8, 0x08, 0xe8,
    0x08, 0xe8, 0x08, 0xe8, 0x08, 0xe8, 0x08, 0xe8, 0x08, 0xe8, 0x08, 0xe8, 0x08, 0xe8, 0x08, 0xe8,
    0x08, 0xe8, 0x08, 0xe8, 0x08, 0xe8, 0x08, 0xe8, 0x08, 0xe8, 0x08, 0xe8, 0x08, 0xc8, 0x08, 0xe8,
    0x08, 0xc8, 0x08, 0xe8, 0x08, 0xc8, 0x08, 0xe8, 0x08, 0xc8, 0x08, 0xe8, 0x08, 0xc8, 0x08, 0xe8,
    0x08, 0xc8, 0x08, 0xe8, 0x08, 0xc8, 0x08, 0xe8, 0x08, 0xc8, 0x08, 0xc8, 0x08, 0xe8, 0x08, 0xe8,
    0x08, 0xc8, 0x08, 0xe8, 0x08, 0xc8, 0x08, 0xc8, 0x08, 0xe8, 0x08, 0xe8, 0x08, 0xe8, 0x08, 0xe8,
    0x08, 0xe8, 0x08, 0xe8, 0x08, 0xe8, 0x08, 0xe8, 0x08, 0xc7, 0x08, 0xc7, 0x08, 0xc7, 0x08, 0xc7,
    0x08, 0xc7, 0x08, 0xc7, 0x08, 0xc7, 0x08, 0xc7, 0x08, 0xc7, 0x08, 0xc7, 0x08, 0xe8, 0x08, 0xe8,
    0x08, 0xe8, 0x08, 0xe8, 0x08, 0xe8, 0x08, 0xe8, 0x08, 0xe8, 0x08, 0xe8, 0x08, 0xe8, 0x08, 0xe8,
    0x08, 0xe8, 0x08, 0xe8, 0x08, 0xe8, 0x08, 0xe8, 0x08, 0xe8, 0x08, 0xe8, 0x08, 0xe8, 0x08, 0xe8,
    0x08, 0xe9, 0x08, 0xe9, 0x09, 0x09, 0x09, 0x09, 0x09, 0x09, 0x09, 0x09, 0x09, 0x09, 0x09, 0x09,
    0x08, 0xe8, 0x08, 0xe8, 0x08, 0xe8, 0x08, 0xe8, 0x08, 0xe8, 0x08, 0xe8, 0x00, 0xc7, 0x09, 0x08,
    0x11, 0x29, 0x08, 0xe8, 0x08, 0xc7, 0x08, 0xe8, 0x08, 0xe8, 0x09, 0x09, 0x10, 0xe9, 0x11, 0x0a,
    0x00, 0x26, 0x3a, 0x2e, 0x4a, 0xf1, 0x00, 0x46, 0x11, 0x09, 0x08, 0xa8, 0x08, 0xc9, 0x08, 0xea,
    0x10, 0xea, 0x00, 0x47, 0x29, 0xcd, 0x4a, 0xb0, 0x08, 0xc8, 0x08, 0xa8, 0x08, 0xc7, 0x08, 0xc7,
    0x08, 0xc7, 0x08, 0xc7, 0x08, 0xc7, 0x08, 0xc7, 0x08, 0xc6, 0x08, 0xc6, 0x08, 0xc6, 0x08, 0xc7,
    0x08, 0xc7, 0x08, 0xc7, 0x08, 0xa7, 0x08, 0xc7, 0x08, 0xa7, 0x08, 0xa7, 0x08, 0xa6, 0x08, 0xa6,
    0x08, 0xa6, 0x08, 0xa6, 0x08, 0xa6, 0x08, 0xa6, 0x08, 0xa6, 0x08, 0xa6, 0x08, 0xa6, 0x08, 0xa6,
    0x08, 0xa6, 0x08, 0xa6, 0x08, 0xa6, 0x08, 0xa6, 0x08, 0xa6, 0x08, 0xa6, 0x08, 0xa6, 0x08, 0xa6,
    0x08, 0xa6, 0x08, 0xa6, 0x08, 0xa6, 0x08, 0xa6, 0x08, 0xa6, 0x08, 0xa6, 0x08, 0xa6, 0x08, 0xa6,
    0x08, 0xa6, 0x08, 0xa6, 0x08, 0xa6, 0x08, 0xa6, 0x08, 0xa6, 0x08, 0xa6, 0x08, 0xa6, 0x08, 0xa6,
    0x08, 0xa6, 0x08, 0x86, 0x08, 0x86, 0x08, 0x86, 0x08, 0x86, 0x08, 0x86, 0x08, 0x86, 0x10, 0xa7,
    0x10, 0xa7, 0x08, 0xa7, 0x08, 0x86, 0x08, 0x86, 0x08, 0x86, 0x00, 0x46, 0x21, 0x8d, 0x3a, 0x30,
    0x08, 0x86, 0x08, 0x86, 0x08, 0xa6, 0x08, 0xa6, 0x08, 0xa6, 0x08, 0xa6, 0x08, 0xa6, 0x08, 0xa6,
    0x08, 0xa6, 0x08, 0xa6, 0x08, 0xa6, 0x08, 0xa6, 0x08, 0xa6, 0x08, 0xa6, 0x08, 0xa7, 0x08, 0xa7,
    0x08, 0xa7, 0x08, 0xa7, 0x08, 0xa7, 0x08, 0xa7, 0x08, 0xa7, 0x08, 0xa7, 0x08, 0xa7, 0x08, 0xa7,
    0x08, 0xa7, 0x08, 0xa7, 0x08, 0xa7, 0x08, 0xa6, 0x08, 0xa6, 0x08, 0xa6, 0x08, 0xa6, 0x08, 0xa6,
    0x08, 0xa6, 0x08, 0xa6, 0x08, 0xc7, 0x08, 0xc7, 0x08, 0xc7, 0x08, 0xc7, 0x08, 0xc7, 0x08, 0xc7,
    0x08, 0xc7, 0x08, 0xc7, 0x08, 0xc7, 0x08, 0xc7, 0x08, 0xc7, 0x08, 0xc7, 0x08, 0xc7, 0x08, 0xc7,
    0x08, 0xc7, 0x08, 0xc7, 0x08, 0xc7, 0x08, 0xc7, 0x08, 0xc7, 0x08, 0xc7, 0x08, 0xc7, 0x08, 0xc7,
    0x08, 0xc7, 0x08, 0xc7, 0x08, 0xc7, 0x08, 0xc7, 0x08, 0xc7, 0x08, 0xc7, 0x00, 0xe7, 0x00, 0xe8,
    0x00, 0xe8, 0x00, 0xe8, 0x08, 0xe8, 0x08, 0xe8, 0x08, 0xc8, 0x08, 0xe8, 0x08, 0xa7, 0x11, 0x28,
    0x08, 0xe7, 0x08, 0xe8, 0x00, 0xa7, 0x11, 0x09, 0x08, 0xc8, 0x11, 0x0a, 0x08, 0xe9, 0x00, 0x67,
    0x32, 0x2e, 0x5b, 0x73, 0x00, 0x47, 0x08, 0xc9, 0x19, 0x4b, 0x00, 0x88, 0x11, 0x0a, 0x00, 0x27,
    0x3a, 0x70, 0x5b, 0x74, 0x00, 0x89, 0x00, 0xea, 0x19, 0xad, 0x09, 0x4c, 0x09, 0xae, 0x01, 0xce,
    0x01, 0xce, 0x01, 0xce, 0x01, 0xce, 0x01, 0xce, 0x01, 0xcf, 0x01, 0xcf, 0x01, 0xcf, 0x01, 0xcf,
    0x01, 0xcf, 0x01, 0xce, 0x01, 0xce, 0x01, 0xce, 0x01, 0xce, 0x01, 0xce, 0x01, 0xce, 0x01, 0xce,
    0x01, 0xce, 0x01, 0xce, 0x01, 0xce, 0x01, 0xce, 0x01, 0xce, 0x01, 0xce, 0x09, 0xce, 0x01, 0xce,
    0x01, 0xae, 0x09, 0xae, 0x09, 0xae, 0x01, 0x8d, 0x01, 0x4c, 0x01, 0x0b, 0x00, 0xea, 0x5b, 0x94,
    0x00, 0xc9, 0x00, 0xa8, 0x00, 0xc9, 0x00, 0xe9, 0x08, 0xe9, 0x08, 0xe9, 0x00, 0xa8, 0x53, 0x32,
    0x21, 0xcd, 0x00, 0x47, 0x08, 0xe9, 0x08, 0xe9, 0x08, 0xea, 0x00, 0xc9, 0x08, 0xe8, 0x08, 0xe7,
    0x08, 0xe7, 0x08, 0xe7, 0x08, 0xe7, 0x08, 0xe7, 0x08, 0xe8, 0x08, 0xe8, 0x08, 0xe8, 0x08, 0xe8,
    0x08, 0xe8, 0x08, 0xe8, 0x08, 0xe8, 0x08, 0xe8, 0x08, 0xe8, 0x08, 0xe8, 0x08, 0xe8, 0x08, 0xe8,
    0x08, 0xe8, 0x08, 0xe8, 0x08, 0xe8, 0x08, 0xe8, 0x08, 0xe8, 0x08, 0xe8, 0x08, 0xc8, 0x08, 0xe8,
    0x08, 0xc8, 0x08, 0xe8, 0x08, 0xc8, 0x08, 0xe8, 0x08, 0xc8, 0x08, 0xc8, 0x08, 0xc8, 0x08, 0xc8,
    0x08, 0xc8, 0x08, 0xc8, 0x08, 0xc8, 0x08, 0xc8, 0x08, 0xc8, 0x08, 0xc8, 0x08, 0xc8, 0x08, 0xc8,
    0x08, 0xc8, 0x08, 0xc8, 0x08, 0xc8, 0x08, 0xc8, 0x08, 0xc8, 0x08, 0xc8, 0x08, 0xc8, 0x08, 0xc7,
    0x08, 0xc7, 0x08, 0xc7, 0x08, 0xe7, 0x08, 0xe7, 0x08, 0xe7, 0x08, 0xe7, 0x08, 0xe8, 0x08, 0xe7,
    0x08, 0xe7, 0x08, 0xe7, 0x08, 0xe7, 0x08, 0xe7, 0x08, 0xc7, 0x08, 0xc7, 0x08, 0xe8, 0x08, 0xe8,
    0x08, 0xe8, 0x09, 0x08, 0x09, 0x08, 0x09, 0x08, 0x08, 0xe8, 0x09, 0x08, 0x08, 0xe8, 0x08, 0xe8,
    0x08, 0xe8, 0x08, 0xe8, 0x08, 0xe8, 0x09, 0x09, 0x09, 0x09, 0x09, 0x09, 0x08, 0xe8, 0x08, 0xe8,
    0x08, 0xe8, 0x08, 0xe8, 0x08, 0xe8, 0x08, 0xe8, 0x08, 0xe8, 0x08, 0xe8, 0x09, 0x08, 0x09, 0x08,
    0x09, 0x08, 0x09, 0x08, 0x09, 0x08, 0x09, 0x09, 0x09, 0x09, 0x08, 0xe8, 0x08, 0xc8, 0x11, 0x0a,
    0x08, 0xc8, 0x00, 0x26, 0x42, 0xb0, 0x4a, 0xf1, 0x00, 0x06, 0x10, 0xea, 0x08, 0xc9, 0x08, 0xa9,
    0x10, 0xea, 0x08, 0xa8, 0x00, 0x47, 0x4a, 0xb0, 0x21, 0x8b, 0x10, 0xe9, 0x10, 0xe8, 0x00, 0x87,
    0x08, 0xe8, 0x08, 0xc7, 0x08, 0xc7, 0x08, 0xe7, 0x00, 0x85, 0x08, 0xc6, 0x08, 0xc6, 0x08, 0xc6,
    0x08, 0xc7, 0x08, 0xc7, 0x08, 0xa7, 0x08, 0xa7, 0x08, 0xa7, 0x08, 0xa7, 0x08, 0xa7, 0x08, 0xa6,
    0x08, 0xa6, 0x08, 0xa6, 0x08, 0xa6, 0x08, 0xa6, 0x08, 0xa6, 0x08, 0xa6, 0x08, 0xa6, 0x08, 0xa6,
    0x08, 0xa6, 0x08, 0xa6, 0x08, 0xa6, 0x08, 0xa6, 0x08, 0xa6, 0x08, 0xa6, 0x08, 0xa6, 0x08, 0xa6,
    0x08, 0xa6, 0x08, 0xa6, 0x08, 0xa6, 0x08, 0xa6, 0x08, 0xa6, 0x08, 0xa6, 0x08, 0xa6, 0x08, 0xa6,
    0x08, 0xa6, 0x08, 0xa6, 0x08, 0xa6, 0x08, 0xa6, 0x08, 0xa6, 0x08, 0xa6, 0x08, 0xa6, 0x08, 0xa6,
    0x08, 0xa6, 0x08, 0xa6, 0x08, 0xa6, 0x08, 0xa6, 0x08, 0x86, 0x08, 0x86, 0x08, 0xa6, 0x08, 0x86,
    0x08, 0xa7, 0x00, 0x45, 0x10, 0xc8, 0x00, 0x26, 0x08, 0x87, 0x19, 0x2a, 0x29, 0xad, 0x31, 0xad,
    0x08, 0x86, 0x08, 0xa6, 0x08, 0xa6, 0x08, 0xa6, 0x08, 0xa6, 0x08, 0xa6, 0x08, 0xa6, 0x08, 0xa6,
    0x08, 0xa6, 0x08, 0xa6, 0x08, 0xa6, 0x08, 0xa6, 0x08, 0xa6, 0x08, 0xa6, 0x08, 0xa7, 0x08, 0xa7,
    0x08, 0xa7, 0x08, 0xa7, 0x08, 0xa7, 0x08, 0xa7, 0x08, 0xa7, 0x08, 0xa7, 0x08, 0xa7, 0x08, 0xa7,
    0x08, 0xa7, 0x08, 0xa7, 0x08, 0xa7, 0x08, 0xa7, 0x08, 0xa6, 0x08, 0xa6, 0x08, 0xa6, 0x08, 0xa6,
    0x08, 0xa6, 0x08, 0xc7, 0x08, 0xc7, 0x08, 0xc7, 0x08, 0xc7, 0x08, 0xc7, 0x08, 0xc7, 0x08, 0xc7,
    0x08, 0xc7, 0x08, 0xc7, 0x08, 0xc7, 0x08, 0xc7, 0x08, 0xc7, 0x08, 0xc7, 0x08, 0xc7, 0x08, 0xc7,
    0x08, 0xc7, 0x08, 0xc7, 0x08, 0xc7, 0x08, 0xc7, 0x08, 0xc7, 0x08, 0xc7, 0x08, 0xc7, 0x08, 0xc7,
    0x08, 0xc7, 0x08, 0xc7, 0x08, 0xc7, 0x08, 0xc7, 0x08, 0xc7, 0x08, 0xc7, 0x00, 0xe7, 0x01, 0x07,
    0x00, 0xe8, 0x00, 0xe8, 0x08, 0xe8, 0x08, 0xe8, 0x08, 0xc8, 0x08, 0xe8, 0x08, 0xe7, 0x08, 0xc7,
    0x08, 0xc7, 0x08, 0xe7, 0x11, 0x08, 0x00, 0xc8, 0x00, 0xc8, 0x11, 0x2a, 0x00, 0x88, 0x11, 0x2a,
    0x5b, 0x53, 0x21, 0xac, 0x00, 0xa8, 0x08, 0xa9, 0x08, 0xa9, 0x10, 0xea, 0x08, 0xea, 0x08, 0xc9,
    0x53, 0x33, 0x29, 0xef, 0x00, 0xca, 0x01, 0x2b, 0x09, 0x4c, 0x09, 0x8d, 0x09, 0xae, 0x01, 0xce,
    0x01, 0xce, 0x01, 0xce, 0x01, 0xce, 0x01, 0xce, 0x01, 0xce, 0x01, 0xce, 0x01, 0xce, 0x01, 0xce,
    0x01, 0xce, 0x01, 0xce, 0x01, 0xce, 0x01, 0xce, 0x01, 0xce, 0x01, 0xce, 0x01, 0xce, 0x01, 0xce,
    0x01, 0xce, 0x01, 0xce, 0x01, 0xce, 0x01, 0xce, 0x01, 0xce, 0x01, 0xce, 0x09, 0xcf, 0x01, 0xce,
    0x01, 0xae, 0x09, 0xce, 0x09, 0xce, 0x01, 0xae, 0x01, 0x8e, 0x01, 0x4d, 0x00, 0xea, 0x2a, 0x2e,
    0x32, 0x4f, 0x09, 0x0a, 0x00, 0xa8, 0x00, 0xa8, 0x11, 0x0a, 0x08, 0xc8, 0x00, 0x87, 0x29, 0xcd,
    0x42, 0x90, 0x00, 0xa8, 0x00, 0xc9, 0x09, 0x0a, 0x00, 0x88, 0x09, 0x0a, 0x08, 0xe8, 0x08, 0xe7,
    0x08, 0xe7, 0x08, 0xe7, 0x08, 0xe7, 0x08, 0xe7, 0x08, 0xe8, 0x08, 0xe8, 0x08, 0xe8, 0x08, 0xe8,
    0x08, 0xe8, 0x08, 0xe8, 0x08, 0xe8, 0x08, 0xe8, 0x08, 0xe8, 0x08, 0xe8, 0x08, 0xe8, 0x08, 0xe8,
    0x08, 0xe8, 0x08, 0xe8, 0x08, 0xe8, 0x08, 0xe8, 0x08, 0xe8, 0x08, 0xe8, 0x08, 0xe8, 0x08, 0xe8,
    0x08, 0xe8, 0x08, 0xe8, 0x08, 0xe8, 0x08, 0xe8, 0x08, 0xe8, 0x08, 0xe8, 0x08, 0xc8, 0x08, 0xc8,
    0x08, 0xc8, 0x08, 0xc8, 0x08, 0xc8, 0x08, 0xc8, 0x08, 0xc8, 0x08, 0xc8, 0x08, 0xc8, 0x08, 0xc8,
    0x08, 0xc8, 0x08, 0xc8, 0x08, 0xc8, 0x08, 0xc8, 0x08, 0xc8, 0x08, 0xc8, 0x08, 0xc8, 0x08, 0xc7,
    0x08, 0xc7, 0x08, 0xc7, 0x08, 0xe7, 0x08, 0xe7, 0x08, 0xe7, 0x08, 0xe7, 0x08, 0xe8, 0x08, 0xe7,
    0x08, 0xe7, 0x08, 0xe7, 0x08, 0xe7, 0x08, 0xe7, 0x08, 0xe7, 0x08, 0xe7, 0x08, 0xe8, 0x08, 0xe8,
    0x09, 0x08, 0x09, 0x08, 0x09, 0x08, 0x09, 0x08, 0x09, 0x08, 0x09, 0x08, 0x08, 0xe8, 0x08, 0xe8,
    0x08, 0xe8, 0x08, 0xe8, 0x08, 0xe8, 0x08, 0xe8, 0x08, 0xe8, 0x08, 0xe8, 0x09, 0x09, 0x09, 0x09,
    0x09, 0x09, 0x09, 0x09, 0x09, 0x09, 0x09, 0x09, 0x09, 0x09, 0x09, 0x09, 0x09, 0x09, 0x09, 0x09,
    0x09, 0x09, 0x09, 0x09, 0x09, 0x09, 0x09, 0x09, 0x08, 0xe8, 0x08, 0xe8, 0x08, 0xe9, 0x00, 0xc8,
    0x11, 0x09, 0x08, 0xa8, 0x21, 0x6b, 0x5b, 0x73, 0x19, 0x2b, 0x00, 0xa9, 0x10, 0xea, 0x11, 0x0a,
    0x10, 0xe9, 0x08, 0xa8, 0x00, 0x68, 0x19, 0x2a, 0x5b, 0x32, 0x10, 0xe9, 0x00, 0x67, 0x08, 0xa8,
    0x11, 0x08, 0x00, 0xa6, 0x08, 0xc7, 0x09, 0x07, 0x00, 0x85, 0x08, 0xe6, 0x08, 0xc6, 0x08, 0xc6,
    0x08, 0xc7, 0x08, 0xc7, 0x08, 0xa7, 0x08, 0xa7, 0x08, 0xa7, 0x08, 0xa7, 0x08, 0xa7, 0x08, 0xa6,
    0x08, 0xa6, 0x08, 0xa6, 0x08, 0xa6, 0x08, 0xa6, 0x08, 0xa6, 0x08, 0xa6, 0x08, 0xa6, 0x08, 0xa6,
    0x08, 0xa6, 0x08, 0xa6, 0x08, 0xa6, 0x08, 0xa6, 0x08, 0xa6, 0x08, 0xa6, 0x08, 0xa6, 0x08, 0xa6,
    0x08, 0xa6, 0x08, 0xa6, 0x08, 0xa6, 0x08, 0xa6, 0x08, 0xa6, 0x08, 0xa6, 0x08, 0xa6, 0x08, 0xa6,
    0x08, 0xa6, 0x08, 0xa6, 0x08, 0xa6, 0x08, 0xa6, 0x08, 0xa6, 0x08, 0xa6, 0x08, 0xa6, 0x08, 0xa6,
    0x08, 0xa6, 0x08, 0xa6, 0x08, 0xa6, 0x08, 0xa6, 0x08, 0x86, 0x08, 0x86, 0x08, 0x65, 0x10, 0xc7,
    0x08, 0x86, 0x00, 0x46, 0x10, 0xa8, 0x08, 0xa7, 0x00, 0x46, 0x42, 0x4e, 0x19, 0x0a, 0x19, 0x0a,
    0x08, 0xa6, 0x08, 0xa6, 0x08, 0xa6, 0x08, 0xa6, 0x08, 0xa6, 0x08, 0xa6, 0x08, 0xa6, 0x08, 0xa6,
    0x08, 0xa6, 0x08, 0xa6, 0x08, 0xa6, 0x08, 0xa6, 0x08, 0xa6, 0x08, 0xa6, 0x08, 0xa7, 0x08, 0xa7,
    0x08, 0xa7, 0x08, 0xa7, 0x08, 0xa7, 0x08, 0xa7, 0x08, 0xa7, 0x08, 0xa7, 0x08, 0xa7, 0x08, 0xa7,
    0x08, 0xa7, 0x08, 0xa7, 0x08, 0xa7, 0x08, 0xa7, 0x08, 0xa7, 0x08, 0xa7, 0x08, 0xa6, 0x08, 0xa6,
    0x08, 0xc7, 0x08, 0xc7, 0x08, 0xc7, 0x08, 0xc7, 0x08, 0xc7, 0x08, 0xc7, 0x08, 0xc7, 0x08, 0xc7,
    0x08, 0xc7, 0x08, 0xc7, 0x08, 0xc7, 0x08, 0xc7, 0x08, 0xc7, 0x08, 0xc7, 0x08, 0xc7, 0x08, 0xc7,
    0x08, 0xc7, 0x08, 0xc7, 0x08, 0xc7, 0x08, 0xc7, 0x08, 0xc7, 0x08, 0xc7, 0x08, 0xc7, 0x08, 0xc7,
    0x08, 0xc7, 0x08, 0xc7, 0x08, 0xc7, 0x08, 0xc7, 0x08, 0xc7, 0x08, 0xc7, 0x00, 0xe7, 0x00, 0xe7,
    0x00, 0xe8, 0x00, 0xe8, 0x08, 0xe8, 0x08, 0xe8, 0x08, 0xc8, 0x08, 0xe8, 0x08, 0xe8, 0x08, 0xc7,
    0x08, 0xe7, 0x00, 0xa7, 0x19, 0x49, 0x00, 0xa8, 0x08, 0xc9, 0x08, 0xe9, 0x00, 0x88, 0x3a, 0x6f,
    0x53, 0x32, 0x00, 0x47, 0x11, 0x09, 0x08, 0xc9, 0x00, 0x88, 0x11, 0x0a, 0x00, 0xa9, 0x32, 0x0f,
    0x42, 0xd2, 0x00, 0xca, 0x00, 0xeb, 0x09, 0x4c, 0x01, 0x4c, 0x11, 0xce, 0x01, 0xae, 0x01, 0xce,
    0x01, 0xce, 0x01, 0xce, 0x01, 0xce, 0x01, 0xce, 0x01, 0xce, 0x01, 0xce, 0x01, 0xce, 0x01, 0xce,
    0x01, 0xce, 0x01, 0xce, 0x01, 0xce, 0x01, 0xce, 0x01, 0xce, 0x01, 0xce, 0x01, 0xce, 0x01, 0xce,
    0x01, 0xce, 0x01, 0xce, 0x01, 0xce, 0x01, 0xce, 0x01, 0xce, 0x01, 0xce, 0x09, 0xce, 0x01, 0xce,
    0x01, 0xae, 0x09, 0xce, 0x09, 0xcf, 0x09, 0xcf, 0x09, 0xce, 0x09, 0x8e, 0x00, 0xea, 0x00, 0xc9,
    0x4b, 0x12, 0x21, 0xcd, 0x00, 0x67, 0x00, 0x88, 0x11, 0x0a, 0x08, 0xc9, 0x08, 0xa8, 0x08, 0xa8,
    0x42, 0x8f, 0x2a, 0x0d, 0x00, 0x88, 0x08, 0xe9, 0x00, 0xa9, 0x08, 0xe9, 0x08, 0xe8, 0x08, 0xe7,
    0x08, 0xe7, 0x08, 0xe7, 0x08, 0xe8, 0x08, 0xe8, 0x08, 0xe8, 0x08, 0xe8, 0x08, 0xe8, 0x08, 0xe8,
    0x08, 0xe8, 0x08, 0xe8, 0x08, 0xe8, 0x08, 0xe8, 0x08, 0xe8, 0x08, 0xe8, 0x08, 0xe8, 0x08, 0xe8,
    0x08, 0xe8, 0x08, 0xe8, 0x08, 0xe8, 0x08, 0xe8, 0x08, 0xe8, 0x08, 0xe8, 0x08, 0xe8, 0x08, 0xe8,
    0x08, 0xe8, 0x08, 0xe8, 0x08, 0xe8, 0x08, 0xe8, 0x08, 0xe8, 0x08, 0xe8, 0x08, 0xc8, 0x08, 0xc8,
    0x08, 0xc8, 0x08, 0xc8, 0x08, 0xc8, 0x08, 0xc8, 0x08, 0xc8, 0x08, 0xc8, 0x08, 0xc8, 0x08, 0xc8,
    0x08, 0xc8, 0x08, 0xc8, 0x08, 0xc8, 0x08, 0xc8, 0x08, 0xc8, 0x08, 0xc8, 0x08, 0xc8, 0x08, 0xc8,
    0x08, 0xc8, 0x08, 0xc8, 0x08, 0xe8, 0x08, 0xe8, 0x08, 0xe8, 0x08, 0xe8, 0x08, 0xe8, 0x08, 0xe8,
    0x08, 0xe8, 0x08, 0xe8, 0x08, 0xe8, 0x08, 0xe8, 0x08, 0xe8, 0x08, 0xe8, 0x09, 0x08, 0x09, 0x08,
    0x09, 0x08, 0x09, 0x08, 0x08, 0xe8, 0x09, 0x08, 0x09, 0x08, 0x09, 0x08, 0x09, 0x08, 0x09, 0x08,
    0x09, 0x08, 0x09, 0x08, 0x09, 0x09, 0x09, 0x09, 0x09, 0x09, 0x09, 0x09, 0x09, 0x09, 0x09, 0x08,
    0x09, 0x08, 0x09, 0x08, 0x09, 0x08, 0x09, 0x08, 0x09, 0x08, 0x09, 0x08, 0x09, 0x08, 0x09, 0x08,
    0x09, 0x08, 0x09, 0x08, 0x09, 0x08, 0x09, 0x08, 0x09, 0x08, 0x09, 0x08, 0x09, 0x09, 0x00, 0xa7,
    0x11, 0x2a, 0x08, 0xe9, 0x00, 0x68, 0x42, 0xb0, 0x4a, 0xb1, 0x00, 0x68, 0x19, 0x4b, 0x00, 0x88,
    0x11, 0x0a, 0x08, 0xc9, 0x08, 0xc9, 0x00, 0x47, 0x42, 0x8f, 0x3a, 0x6f, 0x00, 0x87, 0x08, 0xc8,
    0x08, 0xe8, 0x00, 0xa7, 0x08, 0xc7, 0x08, 0xe7, 0x00, 0xa6, 0x08, 0xc6, 0x08, 0xc6, 0x08, 0xc6,
    0x08, 0xc7, 0x08, 0xc7, 0x08, 0xa7, 0x08, 0xa7, 0x08, 0xa7, 0x08, 0xa7, 0x08, 0xa7, 0x08, 0xa6,
    0x08, 0xa6, 0x08, 0xa6, 0x08, 0xa6, 0x08, 0xa6, 0x08, 0xa6, 0x08, 0xa6, 0x08, 0xa6, 0x08, 0xa6,
    0x08, 0xa6, 0x08, 0xa6, 0x08, 0xa6, 0x08, 0xa6, 0x08, 0xa6, 0x08, 0xa6, 0x08, 0xa6, 0x08, 0xa6,
    0x08, 0xa6, 0x08, 0xa6, 0x08, 0xa6, 0x08, 0xa6, 0x08, 0xa6, 0x08, 0xa6, 0x08, 0xa6, 0x08, 0xa6,
    0x08, 0xa6, 0x08, 0xa6, 0x08, 0xa6, 0x08, 0xa6, 0x08, 0xa6, 0x08, 0xa6, 0x08, 0xa6, 0x08, 0xa6,
    0x08, 0xa6, 0x08, 0xa6, 0x08, 0xa6, 0x08, 0xa6, 0x08, 0x86, 0x08, 0x86, 0x08, 0x65, 0x10, 0xa7,
    0x08, 0x86, 0x08, 0x87, 0x08, 0x87, 0x00, 0x87, 0x11, 0x09, 0x42, 0x6f, 0x08, 0x87, 0x08, 0x88,
    0x08, 0xa6, 0x08, 0xa6, 0x08, 0xa6, 0x08, 0xa6, 0x08, 0xa6, 0x08, 0xa6, 0x08, 0xa6, 0x08, 0xa6,
    0x08, 0xa6, 0x08, 0xa6, 0x08, 0xa6, 0x08, 0xa6, 0x08, 0xa6, 0x08, 0xa6, 0x08, 0xa7, 0x08, 0xa7,
    0x08, 0xa7, 0x08, 0xa7, 0x08, 0xa7, 0x08, 0xa7, 0x08, 0xa7, 0x08, 0xa7, 0x08, 0xa7, 0x08, 0xa7,
    0x08, 0xa7, 0x08, 0xa7, 0x08, 0xa7, 0x08, 0xa7, 0x08, 0xa7, 0x08, 0xa7, 0x08, 0xc7, 0x08, 0xc7,
    0x08, 0xc7, 0x08, 0xc7, 0x08, 0xc7, 0x08, 0xc7, 0x08, 0xc7, 0x08, 0xc7, 0x08, 0xc7, 0x08, 0xc7,
    0x08, 0xc7, 0x08, 0xc7, 0x08, 0xc7, 0x08, 0xc7, 0x08, 0xc7, 0x08, 0xc7, 0x08, 0xc7, 0x08, 0xc7,
    0x08, 0xc7, 0x08, 0xc7, 0x08, 0xc7, 0x08, 0xc7, 0x08, 0xc7, 0x08, 0xc7, 0x08, 0xc7, 0x08, 0xc7,
    0x08, 0xc7, 0x08, 0xc7, 0x08, 0xc7, 0x08, 0xc7, 0x08, 0xc7, 0x08, 0xe7, 0x08, 0xe7, 0x00, 0xe7,
    0x00, 0xe8, 0x08, 0xe8, 0x08, 0xe8, 0x08, 0xe8, 0x08, 0xc8, 0x08, 0xe8, 0x08, 0xa7, 0x11, 0x08,
    0x11, 0x08, 0x00, 0xa6, 0x09, 0x08, 0x09, 0x09, 0x08, 0xe9, 0x00, 0x88, 0x19, 0x8b, 0x53, 0x32,
    0x11, 0x4a, 0x00, 0x67, 0x11, 0x0a, 0x10, 0xe9, 0x08, 0xc9, 0x08, 0xc9, 0x11, 0x2b, 0x53, 0x33,
    0x11, 0x4c, 0x00, 0xaa, 0x01, 0x0b, 0x09, 0x6d, 0x11, 0xae, 0x11, 0xce, 0x01, 0xae, 0x01, 0xce,
    0x01, 0xce, 0x01, 0xce, 0x01, 0xce, 0x01, 0xce, 0x01, 0xce, 0x01, 0xce, 0x01, 0xce, 0x01, 0xce,
    0x01, 0xce, 0x01, 0xce, 0x01, 0xce, 0x01, 0xce, 0x01, 0xce, 0x01, 0xce, 0x01, 0xce, 0x01, 0xce,
    0x01, 0xce, 0x01, 0xce, 0x01, 0xce, 0x01, 0xce, 0x01, 0xce, 0x01, 0xce, 0x01, 0xce, 0x01, 0xae,
    0x01, 0xae, 0x01, 0xae, 0x01, 0xae, 0x09, 0xce, 0x09, 0xce, 0x09, 0xae, 0x09, 0x4c, 0x00, 0x68,
    0x32, 0x4f, 0x3a, 0x90, 0x00, 0xa9, 0x00, 0x88, 0x08, 0xe9, 0x11, 0x09, 0x11, 0x0a, 0x00, 0x87,
    0x21, 0x6b, 0x5b, 0x52, 0x08, 0xc9, 0x00, 0x67, 0x19, 0x4a, 0x08, 0xa8, 0x08, 0xe8, 0x08, 0xe7,
    0x08, 0xe7, 0x08, 0xe7, 0x08, 0xe8, 0x08, 0xe8, 0x08, 0xe8, 0x08, 0xe8, 0x08, 0xe8, 0x08, 0xe8,
    0x08, 0xe8, 0x08, 0xe8, 0x08, 0xe8, 0x08, 0xe8, 0x08, 0xe8, 0x08, 0xe8, 0x08, 0xe8, 0x08, 0xe8,
    0x08, 0xe8, 0x08, 0xe8, 0x08, 0xe8, 0x08, 0xe8, 0x08, 0xe8, 0x08, 0xe8, 0x08, 0xe8, 0x08, 0xe8,
    0x08, 0xe8, 0x08, 0xe8, 0x08, 0xe8, 0x08, 0xe8, 0x08, 0xe8, 0x08, 0xe8, 0x08, 0xc8, 0x08, 0xc8,
    0x08, 0xc8, 0x08, 0xc8, 0x08, 0xc8, 0x08, 0xc8, 0x08, 0xc8, 0x08, 0xc8, 0x08, 0xc8, 0x08, 0xc8,
    0x08, 0xc8, 0x08, 0xc8, 0x08, 0xc8, 0x08, 0xc8, 0x08, 0xc8, 0x08, 0xc8, 0x08, 0xc8, 0x08, 0xc8,
    0x08, 0xc8, 0x08, 0xc8, 0x08, 0xe8, 0x08, 0xe8, 0x08, 0xe8, 0x08, 0xe8, 0x08, 0xe8, 0x08, 0xe8,
    0x08, 0xe8, 0x08, 0xe8, 0x08, 0xe8, 0x08, 0xe8, 0x08, 0xe8, 0x08, 0xe8, 0x09, 0x08, 0x09, 0x08,
    0x09, 0x08, 0x09, 0x08, 0x09, 0x08, 0x09, 0x08, 0x09, 0x08, 0x09, 0x08, 0x09, 0x09, 0x09, 0x09,
    0x09, 0x09, 0x09, 0x09, 0x09, 0x09, 0x09, 0x09, 0x09, 0x09, 0x09, 0x09, 0x09, 0x29, 0x09, 0x29,
    0x09, 0x29, 0x09, 0x29, 0x09, 0x29, 0x09, 0x29, 0x09, 0x29, 0x09, 0x29, 0x09, 0x08, 0x09, 0x28,
    0x09, 0x08, 0x09, 0x08, 0x09, 0x08, 0x09, 0x08, 0x09, 0x08, 0x09, 0x08, 0x09, 0x09, 0x08, 0xe9,
    0x11, 0x09, 0x08, 0xc8, 0x00, 0xa8, 0x08, 0xe9, 0x5b, 0x33, 0x19, 0x4b, 0x00, 0xa9, 0x08, 0xc9,
    0x10, 0xe9, 0x11, 0x0a, 0x08, 0xc9, 0x00, 0x67, 0x08, 0xc8, 0x5b, 0x52, 0x21, 0x8c, 0x08, 0xa8,
    0x00, 0x87, 0x08, 0xc8, 0x08, 0xc7, 0x08, 0xc7, 0x08, 0xc6, 0x08, 0xc6, 0x08, 0xc6, 0x08, 0xc6,
    0x08, 0xc6, 0x08, 0xc7, 0x08, 0xc7, 0x08, 0xa7, 0x08, 0xa7, 0x08, 0xa7, 0x08, 0xa7, 0x08, 0xa6,
    0x08, 0xa6, 0x08, 0xa6, 0x08, 0xa6, 0x08, 0xa6, 0x08, 0xa6, 0x08, 0xa6, 0x08, 0xa6, 0x08, 0xa6,
    0x08, 0xa6, 0x08, 0xa6, 0x08, 0xa6, 0x08, 0xa6, 0x08, 0xa6, 0x08, 0xa6, 0x08, 0xa6, 0x08, 0xa6,
    0x08, 0xa6, 0x08, 0xa6, 0x08, 0xa6, 0x08, 0xa6, 0x08, 0xa6, 0x08, 0xa6, 0x08, 0xa6, 0x08, 0xa6,
    0x08, 0xa6, 0x08, 0xa6, 0x08, 0xa6, 0x08, 0xa6, 0x08, 0xa6, 0x08, 0xa6, 0x08, 0xa6, 0x08, 0xa6,
    0x08, 0xa6, 0x08, 0xa6, 0x08, 0xa6, 0x08, 0xa6, 0x08, 0x86, 0x08, 0x86, 0x10, 0xa6, 0x08, 0x86,
    0x08, 0x86, 0x10, 0xc7, 0x00, 0x46, 0x00, 0x66, 0x3a, 0x4e, 0x19, 0x2a, 0x08, 0x87, 0x10, 0xa7,
    0x08, 0xa6, 0x08, 0xa6, 0x08, 0xa6, 0x08, 0xa6, 0x08, 0xa6, 0x08, 0xa6, 0x08, 0xa6, 0x08, 0xa6,
    0x08, 0xa6, 0x08, 0xa6, 0x08, 0xa6, 0x08, 0xa6, 0x08, 0xa6, 0x08, 0xa6, 0x08, 0xa7, 0x08, 0xa7,
    0x08, 0xa7, 0x08, 0xa7, 0x08, 0xa7, 0x08, 0xa7, 0x08, 0xa7, 0x08, 0xa7, 0x08, 0xa7, 0x08, 0xa7,
    0x08, 0xa7, 0x08, 0xa7, 0x08, 0xa7, 0x08, 0xa7, 0x08, 0xa7, 0x08, 0xa7, 0x08, 0xc7, 0x08, 0xc7,
    0x08, 0xc7, 0x08, 0xc7, 0x08, 0xc7, 0x08, 0xc7, 0x08, 0xc7, 0x08, 0xc7, 0x08, 0xc7, 0x08, 0xc7,
    0x08, 0xc7, 0x08, 0xc7, 0x08, 0xc7, 0x08, 0xc7, 0x08, 0xc7, 0x08, 0xc7, 0x08, 0xc7, 0x08, 0xc7,
    0x08, 0xc7, 0x08, 0xc7, 0x08, 0xc7, 0x08, 0xc7, 0x08, 0xc7, 0x08, 0xc7, 0x08, 0xe7, 0x08, 0xe7,
    0x08, 0xe7, 0x08, 0xe7, 0x08, 0xe7, 0x08, 0xe7, 0x08, 0xe7, 0x08, 0xe7, 0x08, 0xe7, 0x08, 0xe7,
    0x08, 0xe8, 0x08, 0xe8, 0x08, 0xe8, 0x08, 0xc8, 0x08, 0xc8, 0x08, 0xc8, 0x00, 0xa7, 0x11, 0x28,
    0x08, 0xe8, 0x08, 0xe8, 0x08, 0xc8, 0x09, 0x09, 0x00, 0xc9, 0x00, 0xc9, 0x4a, 0xf1, 0x32, 0x4e,
    0x00, 0x26, 0x11, 0x2a, 0x08, 0xe9, 0x08, 0xc9, 0x08, 0xc9, 0x08, 0xc9, 0x32, 0x4f, 0x42, 0xd1,
    0x00, 0x68, 0x00, 0xea, 0x09, 0x6d, 0x09, 0x8d, 0x11, 0xef, 0x09, 0xae, 0x01, 0xce, 0x01, 0xce,
    0x01, 0xce, 0x01, 0xce, 0x01, 0xce, 0x01, 0xce, 0x01, 0xce, 0x01, 0xce, 0x01, 0xce, 0x01, 0xce,
    0x01, 0xce, 0x01, 0xce, 0x01, 0xce, 0x01, 0xce, 0x01, 0xce, 0x01, 0xce, 0x01, 0xce, 0x01, 0xce,
    0x01, 0xce, 0x01, 0xce, 0x01, 0xce, 0x01, 0xce, 0x01, 0xce, 0x01, 0xce, 0x01, 0xce, 0x01, 0xae,
    0x01, 0xae, 0x01, 0xae, 0x01, 0xae, 0x01, 0xae, 0x09, 0xae, 0x09, 0xae, 0x11, 0x8d, 0x00, 0xca,
    0x09, 0x0a, 0x3a, 0x90, 0x29, 0xee, 0x00, 0x67, 0x08, 0xc9, 0x10, 0xe9, 0x11, 0x09, 0x08, 0xc8,
    0x08, 0x88, 0x4a, 0xb0, 0x3a, 0x2e, 0x00, 0x87, 0x10, 0xe9, 0x08, 0xc8, 0x08, 0xe8, 0x08, 0xe8,
    0x08, 0xe8, 0x08, 0xe8, 0x08, 0xe8, 0x08, 0xe8, 0x08, 0xe8, 0x08, 0xe8, 0x08, 0xe8, 0x08, 0xe8,
    0x08, 0xe8, 0x08, 0xe8, 0x08, 0xe8, 0x08, 0xe8, 0x08, 0xe8, 0x08, 0xe8, 0x08, 0xe8, 0x08, 0xe8,
    0x08, 0xe8, 0x08, 0xe8, 0x08, 0xe8, 0x08, 0xe8, 0x08, 0xe8, 0x08, 0xe8, 0x08, 0xe8, 0x08, 0xe8,
    0x08, 0xe8, 0x08, 0xe8, 0x08, 0xe8, 0x08, 0xe8, 0x08, 0xe8, 0x08, 0xe8, 0x08, 0xe8, 0x08, 0xe8,
    0x08, 0xe8, 0x08, 0xe8, 0x08, 0xe8, 0x08, 0xe8, 0x08, 0xe8, 0x08, 0xe8, 0x08, 0xe8, 0x08, 0xe8,
    0x08, 0xe8, 0x08, 0xe8, 0x08, 0xe8, 0x08, 0xe8, 0x08, 0xe8, 0x08, 0xe8, 0x08, 0xe8, 0x08, 0xe8,
    0x08, 0xe8, 0x08, 0xe8, 0x08, 0xe8, 0x08, 0xe8, 0x08, 0xe8, 0x08, 0xe8, 0x08, 0xe8, 0x08, 0xe8,
    0x08, 0xe8, 0x08, 0xe8, 0x08, 0xe8, 0x08, 0xe8, 0x08, 0xe8, 0x08, 0xe8, 0x08, 0xe8, 0x09, 0x08,
    0x09, 0x08, 0x09, 0x08, 0x09, 0x08, 0x09, 0x08, 0x09, 0x09, 0x09, 0x09, 0x09, 0x09, 0x09, 0x29,
    0x09, 0x09, 0x09, 0x09, 0x09, 0x09, 0x09, 0x29, 0x09, 0x09, 0x09, 0x29, 0x09, 0x29, 0x09, 0x29,
    0x09, 0x29, 0x09, 0x29, 0x09, 0x29, 0x09, 0x29, 0x09, 0x29, 0x09, 0x29, 0x09, 0x29, 0x09, 0x29,
    0x09, 0x29, 0x09, 0x28, 0x09, 0x28, 0x09, 0x28, 0x09, 0x28, 0x09, 0x28, 0x09, 0x09, 0x11, 0x29,
    0x11, 0x2a, 0x00, 0xc8, 0x11, 0x2a, 0x00, 0x47, 0x32, 0x2e, 0x53, 0x12, 0x00, 0x27, 0x19, 0x6b,
    0x00, 0x88, 0x11, 0x0a, 0x08, 0xc8, 0x08, 0xc8, 0x00, 0xa8, 0x29, 0xcc, 0x52, 0xf1, 0x08, 0xe9,
    0x00, 0x46, 0x09, 0x09, 0x08, 0xc7, 0x00, 0xa6, 0x09, 0x07, 0x00, 0xc6, 0x08, 0xc6, 0x08, 0xc6,
    0x08, 0xc6, 0x08, 0xc7, 0x08, 0xc7, 0x08, 0xa7, 0x08, 0xa7, 0x08, 0xa7, 0x08, 0xa7, 0x08, 0xa6,
    0x08, 0xa6, 0x08, 0xa6, 0x08, 0xa6, 0x08, 0xa6, 0x08, 0xa6, 0x08, 0xa6, 0x08, 0xa6, 0x08, 0xa6,
    0x08, 0xa6, 0x08, 0xa6, 0x08, 0xa6, 0x08, 0xa6, 0x08, 0xa6, 0x08, 0xa6, 0x08, 0xa6, 0x08, 0xa6,
    0x08, 0xa6, 0x08, 0xa6, 0x08, 0xa6, 0x08, 0xa6, 0x08, 0xa6, 0x08, 0xa6, 0x08, 0xa6, 0x08, 0xa6,
    0x08, 0xa6, 0x08, 0xa6, 0x08, 0xa6, 0x08, 0xa6, 0x08, 0xa6, 0x08, 0xa6, 0x08, 0xa6, 0x08, 0xa6,
    0x08, 0xa6, 0x08, 0xa6, 0x08, 0xa6, 0x08, 0xa6, 0x08, 0xa6, 0x08, 0x86, 0x10, 0xa6, 0x08, 0x86,
    0x08, 0xa7, 0x08, 0xa7, 0x00, 0x26, 0x29, 0xab, 0x3a, 0x0d, 0x00, 0x25, 0x08, 0xa7, 0x10, 0xc7,
    0x08, 0xa6, 0x08, 0xa6, 0x08, 0xa6, 0x08, 0xa6, 0x08, 0xa6, 0x08, 0xa6, 0x08, 0xa6, 0x08, 0xa6,
    0x08, 0xa6, 0x08, 0xa6, 0x08, 0xa6, 0x08, 0xa6, 0x08, 0xa6, 0x08, 0xa6, 0x08, 0xa7, 0x08, 0xa7,
    0x08, 0xa7, 0x08, 0xa7, 0x08, 0xa7, 0x08, 0xa7, 0x08, 0xa7, 0x08, 0xa7, 0x08, 0xa7, 0x08, 0xa7,
    0x08, 0xa7, 0x08, 0xa7, 0x08, 0xa7, 0x08, 0xa7, 0x08, 0xa7, 0x08, 0xa7, 0x08, 0xc7, 0x08, 0xc7,
    0x08, 0xc7, 0x08, 0xc7, 0x08, 0xc7, 0x08, 0xc7, 0x08, 0xc7, 0x08, 0xc7, 0x08, 0xc7, 0x08, 0xc7,
    0x08, 0xc7, 0x08, 0xc7, 0x08, 0xc7, 0x08, 0xc7, 0x08, 0xc7, 0x08, 0xc7, 0x08, 0xe7, 0x08, 0xe7,
    0x08, 0xe7, 0x08, 0xe7, 0x08, 0xe7, 0x08, 0xe7, 0x08, 0xe7, 0x08, 0xe7, 0x08, 0xe7, 0x08, 0xe7,
    0x08, 0xe7, 0x08, 0xe7, 0x08, 0xe7, 0x08, 0xe7, 0x08, 0xe7, 0x08, 0xe7, 0x08, 0xe7, 0x08, 0xe7,
    0x08, 0xe7, 0x08, 0xe8, 0x08, 0xc8, 0x08, 0xc8, 0x08, 0xc8, 0x08, 0xc8, 0x08, 0xe8, 0x08, 0xe7,
    0x00, 0xa6, 0x11, 0x49, 0x08, 0xe8, 0x00, 0xc9, 0x00, 0xa9, 0x19, 0xac, 0x53, 0x32, 0x00, 0xc8,
    0x00, 0xa8, 0x11, 0x4a, 0x08, 0xc8, 0x00, 0x88, 0x00, 0x88, 0x21, 0x8c, 0x4a, 0xf2, 0x11, 0x6c,
    0x00, 0xea, 0x00, 0xea, 0x11, 0xce, 0x09, 0x8e, 0x09, 0xae, 0x01, 0xae, 0x01, 0xce, 0x01, 0xce,
    0x01, 0xce, 0x01, 0xce, 0x01, 0xce, 0x01, 0xce, 0x01, 0xce, 0x01, 0xce, 0x01, 0xce, 0x01, 0xce,
    0x01, 0xce, 0x01, 0xce, 0x01, 0xce, 0x01, 0xce, 0x01, 0xce, 0x01, 0xce, 0x01, 0xce, 0x01, 0xce,
    0x01, 0xce, 0x01, 0xce, 0x01, 0xce, 0x01, 0xce, 0x01, 0xce, 0x01, 0xce, 0x01, 0xce, 0x01, 0xce,
    0x01, 0xae, 0x01, 0xae, 0x01, 0xae, 0x01, 0xae, 0x09, 0xae, 0x09, 0xae, 0x11, 0xae, 0x09, 0x2b,
    0x00, 0x89, 0x21, 0xce, 0x4b, 0x12, 0x00, 0xc9, 0x08, 0xc9, 0x08, 0xa9, 0x08, 0xa8, 0x08, 0xa8,
    0x08, 0xc9, 0x10, 0xc9, 0x5b, 0x33, 0x21, 0x6c, 0x00, 0x06, 0x11, 0x09, 0x08, 0xc8, 0x08, 0xe8,
    0x08, 0xe8, 0x08, 0xe8, 0x08, 0xe8, 0x08, 0xe8, 0x08, 0xe8, 0x08, 0xe8, 0x08, 0xe8, 0x08, 0xe8,
    0x08, 0xe8, 0x08, 0xe8, 0x08, 0xe8, 0x08, 0xe8, 0x08, 0xe8, 0x08, 0xe8, 0x08, 0xe8, 0x08, 0xe8,
    0x08, 0xe8, 0x08, 0xe8, 0x08, 0xe8, 0x08, 0xe8, 0x08, 0xe8, 0x08, 0xe8, 0x08, 0xe8, 0x08, 0xe8,
    0x08, 0xe8, 0x08, 0xe8, 0x08, 0xe8, 0x08, 0xe8, 0x08, 0xe8, 0x08, 0xe8, 0x08, 0xe8, 0x08, 0xe8,
    0x08, 0xe8, 0x08, 0xe8, 0x08, 0xe8, 0x08, 0xe8, 0x08, 0xe8, 0x08, 0xe8, 0x08, 0xe8, 0x08, 0xe8,
    0x08, 0xe8, 0x08, 0xe8, 0x08, 0xe8, 0x08, 0xe8, 0x08, 0xe8, 0x08, 0xe8, 0x08, 0xe8, 0x08, 0xe8,
    0x08, 0xe8, 0x08, 0xe8, 0x08, 0xe8, 0x08, 0xe8, 0x08, 0xe8, 0x08, 0xe8, 0x08, 0xe8, 0x08, 0xe8,
    0x08, 0xe8, 0x08, 0xe8, 0x08, 0xe8, 0x08, 0xe8, 0x08, 0xe8, 0x09, 0x08, 0x09, 0x08, 0x09, 0x08,
    0x09, 0x08, 0x09, 0x08, 0x09, 0x08, 0x09, 0x08, 0x09, 0x09, 0x09, 0x09, 0x09, 0x29, 0x09, 0x29,
    0x09, 0x29, 0x09, 0x29, 0x09, 0x29, 0x09, 0x29, 0x09, 0x29, 0x09, 0x29, 0x09, 0x29, 0x09, 0x29,
    0x09, 0x29, 0x09, 0x29, 0x09, 0x29, 0x09, 0x29, 0x09, 0x29, 0x09, 0x29, 0x09, 0x49, 0x09, 0x29,
    0x09, 0x29, 0x09, 0x29, 0x09, 0x29, 0x09, 0x29, 0x09, 0x29, 0x09, 0x29, 0x09, 0x08, 0x08, 0xe8,
    0x11, 0x2a, 0x08, 0xe9, 0x09, 0x09, 0x08, 0xe9, 0x00, 0x88, 0x63, 0x94, 0x29, 0xcd, 0x00, 0xa8,
    0x08, 0xc8, 0x08, 0xe9, 0x08, 0xe8, 0x11, 0x09, 0x00, 0xa7, 0x00, 0x67, 0x53, 0x32, 0x19, 0x6c,
    0x00, 0x87, 0x08, 0xe9, 0x08, 0xc8, 0x00, 0xa7, 0x11, 0x08, 0x08, 0xc7, 0x08, 0xc7, 0x08, 0xc6,
    0x08, 0xc6, 0x08, 0xc6, 0x08, 0xc7, 0x08, 0xa7, 0x08, 0xa7, 0x08, 0xa7, 0x08, 0xa6, 0x08, 0xa6,
    0x08, 0xa6, 0x08, 0xa6, 0x08, 0xa6, 0x08, 0xa6, 0x08, 0xa6, 0x08, 0xa6, 0x08, 0xa6, 0x08, 0xa6,
    0x08, 0xa6, 0x08, 0xa6, 0x08, 0xa6, 0x08, 0xa6, 0x08, 0xa6, 0x08, 0xa6, 0x08, 0xa6, 0x08, 0xa6,
    0x08, 0xa6, 0x08, 0xa6, 0x08, 0xa6, 0x08, 0xa6, 0x08, 0xa6, 0x08, 0xa6, 0x08, 0xa6, 0x08, 0xa6,
    0x08, 0xa6, 0x08, 0xa6, 0x08, 0xa6, 0x08, 0xa6, 0x08, 0xa6, 0x08, 0xa6, 0x08, 0xa6, 0x08, 0xa6,
    0x08, 0xa6, 0x08, 0xa6, 0x08, 0xa6, 0x08, 0xa6, 0x08, 0x86, 0x08, 0x86, 0x08, 0x86, 0x10, 0xc7,
    0x10, 0xa7, 0x08, 0x86, 0x08, 0xa7, 0x52, 0xd0, 0x00, 0x87, 0x00, 0x46, 0x08, 0xa6, 0x10, 0xe7,
    0x08, 0xa6, 0x08, 0xa6, 0x08, 0xa6, 0x08, 0xa6, 0x08, 0xa6, 0x08, 0xa6, 0x08, 0xa6, 0x08, 0xa6,
    0x08, 0xa6, 0x08, 0xa6, 0x08, 0xa6, 0x08, 0xa6, 0x08, 0xa6, 0x08, 0xa6, 0x08, 0xa7, 0x08, 0xa7,
    0x08, 0xa7, 0x08, 0xa7, 0x08, 0xa7, 0x08, 0xa7, 0x08, 0xa7, 0x08, 0xa7, 0x08, 0xa7, 0x08, 0xa7,
    0x08, 0xa7, 0x08, 0xa7, 0x08, 0xa7, 0x08, 0xa7, 0x08, 0xc7, 0x08, 0xc7, 0x08, 0xc7, 0x08, 0xc7,
    0x08, 0xc7, 0x08, 0xc7, 0x08, 0xc7, 0x08, 0xc7, 0x08, 0xc7, 0x08, 0xc7, 0x08, 0xc7, 0x08, 0xc7,
    0x08, 0xc7, 0x08, 0xc7, 0x08, 0xc7, 0x08, 0xc7, 0x08, 0xe8, 0x08, 0xe8, 0x08, 0xe8, 0x08, 0xe8,
    0x08, 0xe8, 0x08, 0xe8, 0x08, 0xe8, 0x08, 0xe8, 0x08, 0xe8, 0x08, 0xe8, 0x08, 0xe8, 0x08, 0xe8,
    0x08, 0xe8, 0x08, 0xe8, 0x08, 0xe8, 0x08, 0xe8, 0x08, 0xe8, 0x08, 0xe7, 0x08, 0xe7, 0x08, 0xe7,
    0x08, 0xe7, 0x08, 0xe8, 0x08, 0xc8, 0x08, 0xc8, 0x08, 0xc8, 0x08, 0xc8, 0x11, 0x08, 0x08, 0xc7,
    0x00, 0xa7, 0x11, 0x29, 0x09, 0x09, 0x00, 0xa8, 0x11, 0x2b, 0x3a, 0x91, 0x29, 0xed, 0x00, 0x46,
    0x11, 0x2a, 0x08, 0xe9, 0x08, 0xc8, 0x00, 0xa8, 0x08, 0xc9, 0x3a, 0x90, 0x2a, 0x0e, 0x00, 0xa9,
    0x01, 0x2b, 0x01, 0x4c, 0x09, 0xae, 0x01, 0x8d, 0x09, 0xae, 0x01, 0xae, 0x01, 0xce, 0x01, 0xce,
    0x01, 0xce, 0x01, 0xce, 0x01, 0xce, 0x01, 0xce, 0x01, 0xce, 0x01, 0xce, 0x01, 0xce, 0x01, 0xce,
    0x01, 0xce, 0x01, 0xce, 0x01, 0xce, 0x01, 0xce, 0x01, 0xce, 0x01, 0xce, 0x01, 0xce, 0x01, 0xce,
    0x01, 0xce, 0x01, 0xce, 0x01, 0xce, 0x01, 0xce, 0x01, 0xce, 0x01, 0xce, 0x01, 0xce, 0x01, 0xce,
    0x09, 0xce, 0x09, 0xce, 0x01, 0xae, 0x01, 0xae, 0x09, 0xae, 0x09, 0xae, 0x09, 0x8d, 0x11, 0x8d,
    0x01, 0x0b, 0x01, 0x0b, 0x3a, 0xb1, 0x2a, 0x0f, 0x00, 0xa9, 0x08, 0xc9, 0x08, 0xea, 0x08, 0xa8,
    0x11, 0x0a, 0x00, 0x06, 0x3a, 0x4f, 0x42, 0x70, 0x00, 0x68, 0x10, 0xe9, 0x08, 0xc8, 0x08, 0xe8,
    0x08, 0xc8, 0x08, 0xc8, 0x08, 0xe8, 0x08, 0xe8, 0x08, 0xe8, 0x08, 0xe8, 0x08, 0xe8, 0x08, 0xe8,
    0x08, 0xe8, 0x08, 0xe8, 0x08, 0xe8, 0x08, 0xe8, 0x08, 0xe8, 0x08, 0xe8, 0x08, 0xe8, 0x08, 0xe8,
    0x08, 0xe8, 0x08, 0xe8, 0x08, 0xe8, 0x08, 0xe8, 0x08, 0xe8, 0x08, 0xe8, 0x08, 0xe8, 0x08, 0xe8,
    0x08, 0xe8, 0x08, 0xe8, 0x08, 0xe8, 0x08, 0xe8, 0x08, 0xe8, 0x08, 0xe8, 0x08, 0xe8, 0x08, 0xe8,
    0x08, 0xe8, 0x08, 0xe8, 0x08, 0xe8, 0x08, 0xe8, 0x08, 0xe8, 0x08, 0xe8, 0x08, 0xe8, 0x08, 0xe8,
    0x08, 0xe8, 0x08, 0xe8, 0x08, 0xe8, 0x08, 0xe8, 0x08, 0xe8, 0x08, 0xe8, 0x08, 0xc8, 0x08, 0xc8,
    0x08, 0xc8, 0x08, 0xc8, 0x08, 0xe8, 0x08, 0xe8, 0x08, 0xe8, 0x08, 0xe8, 0x08, 0xe8, 0x08, 0xe8,
    0x08, 0xe8, 0x08, 0xe8, 0x08, 0xe8, 0x09, 0x08, 0x09, 0x08, 0x09, 0x08, 0x09, 0x08, 0x09, 0x08,
    0x09, 0x08, 0x09, 0x08, 0x09, 0x09, 0x09, 0x09, 0x09, 0x09, 0x09, 0x09, 0x09, 0x29, 0x09, 0x29,
    0x09, 0x29, 0x09, 0x29, 0x09, 0x29, 0x09, 0x29, 0x09, 0x29, 0x09, 0x29, 0x09, 0x49, 0x09, 0x49,
    0x09, 0x49, 0x09, 0x49, 0x09, 0x49, 0x09, 0x49, 0x09, 0x49, 0x09, 0x49, 0x09, 0x49, 0x09, 0x49,
    0x09, 0x49, 0x09, 0x49, 0x09, 0x49, 0x09, 0x49, 0x09, 0x49, 0x09, 0x49, 0x00, 0xe8, 0x09, 0x09,
    0x09, 0x09, 0x09, 0x09, 0x08, 0xe9, 0x11, 0x2a, 0x00, 0x46, 0x32, 0x2e, 0x5b, 0x53, 0x00, 0xa8,
    0x08, 0xc9, 0x08, 0xc8, 0x11, 0x29, 0x11, 0x09, 0x00, 0x66, 0x00, 0x87, 0x29, 0xcd, 0x3a, 0x70,
    0x19, 0x4b, 0x00, 0xa8, 0x08, 0xe9, 0x08, 0xc8, 0x08, 0xc7, 0x08, 0xe7, 0x08, 0xc7, 0x08, 0xc7,
    0x08, 0xc6, 0x08, 0xc6, 0x08, 0xc7, 0x08, 0xc7, 0x08, 0xa6, 0x08, 0xa6, 0x08, 0xa6, 0x08, 0xa6,
    0x08, 0xa6, 0x08, 0xa6, 0x08, 0xa6, 0x08, 0xa6, 0x08, 0xa6, 0x08, 0xa6, 0x08, 0xc7, 0x08, 0xc7,
    0x08, 0xa6, 0x08, 0xa6, 0x08, 0xa6, 0x08, 0xa6, 0x08, 0xa6, 0x08, 0xa6, 0x08, 0xa6, 0x08, 0xa6,
    0x08, 0xa6, 0x08, 0xa6, 0x08, 0xa6, 0x08, 0xa6, 0x08, 0xa6, 0x08, 0xa6, 0x08, 0xa6, 0x08, 0xa6,
    0x08, 0xa6, 0x08, 0xa6, 0x08, 0xa6, 0x08, 0xa6, 0x08, 0xa6, 0x08, 0xa6, 0x08, 0xa6, 0x08, 0xa6,
    0x08, 0xa6, 0x08, 0xa6, 0x08, 0xa6, 0x08, 0xa6, 0x08, 0xa6, 0x08, 0xa6, 0x00, 0x66, 0x10, 0xc7,
    0x08, 0x86, 0x08, 0xa7, 0x29, 0xab, 0x31, 0xec, 0x00, 0x05, 0x08, 0xa7, 0x08, 0x86, 0x10, 0xc6,
    0x08, 0xa6, 0x08, 0xa6, 0x08, 0xa6, 0x08, 0xa6, 0x08, 0xa6, 0x08, 0xa6, 0x08, 0xa6, 0x08, 0xa6,
    0x08, 0xa6, 0x08, 0xa6, 0x08, 0xa6, 0x08, 0xa6, 0x08, 0xa6, 0x08, 0xa6, 0x08, 0xa7, 0x08, 0xa7,
    0x08, 0xa7, 0x08, 0xa7, 0x08, 0xa7, 0x08, 0xa7, 0x08, 0xa7, 0x08, 0xa7, 0x08, 0xa7, 0x08, 0xa7,
    0x08, 0xa7, 0x08, 0xa7, 0x08, 0xa7, 0x08, 0xc7, 0x08, 0xc7, 0x08, 0xc7, 0x08, 0xc7, 0x08, 0xc7,
    0x08, 0xc7, 0x08, 0xc7, 0x08, 0xc7, 0x08, 0xc7, 0x08, 0xc7, 0x08, 0xc7, 0x08, 0xc7, 0x08, 0xc7,
    0x08, 0xc7, 0x08, 0xc7, 0x08, 0xc7, 0x08, 0xe8, 0x08, 0xe8, 0x08, 0xe8, 0x08, 0xe8, 0x08, 0xe8,
    0x08, 0xe8, 0x08, 0xe8, 0x08, 0xe8, 0x08, 0xe8, 0x08, 0xe8, 0x08, 0xe8, 0x08, 0xe8, 0x08, 0xe8,
    0x08, 0xe8, 0x08, 0xe8, 0x08, 0xe8, 0x08, 0xe8, 0x08, 0xe8, 0x08, 0xe7, 0x08, 0xe7, 0x08, 0xe7,
    0x08, 0xe7, 0x08, 0xe8, 0x08, 0xc8, 0x08, 0xc8, 0x08, 0xc8, 0x08, 0xc8, 0x08, 0xc7, 0x00, 0xc7,
    0x09, 0x08, 0x00, 0xa7, 0x08, 0xe9, 0x00, 0xa8, 0x21, 0xee, 0x4b, 0x13, 0x00, 0x67, 0x08, 0xc8,
    0x08, 0xc8, 0x00, 0xa8, 0x08, 0xe9, 0x08, 0xe9, 0x19, 0x6b, 0x53, 0x33, 0x00, 0xa9, 0x00, 0xea,
    0x00, 0xca, 0x1a, 0x0f, 0x01, 0x6d, 0x01, 0x6d, 0x09, 0xef, 0x01, 0xcf, 0x01, 0xce, 0x01, 0xce,
    0x01, 0xce, 0x01, 0xce, 0x01, 0xce, 0x01, 0xce, 0x01, 0xce, 0x01, 0xce, 0x01, 0xce, 0x01, 0xce,
    0x01, 0xce, 0x01, 0xce, 0x01, 0xce, 0x01, 0xce, 0x01, 0xce, 0x01, 0xce, 0x01, 0xce, 0x01, 0xce,
    0x01, 0xce, 0x01, 0xce, 0x01, 0xce, 0x01, 0xce, 0x01, 0xce, 0x01, 0xce, 0x01, 0xae, 0x01, 0xae,
    0x01, 0xae, 0x01, 0xae, 0x01, 0xae, 0x01, 0xae, 0x09, 0xae, 0x09, 0xae, 0x01, 0x6d, 0x11, 0xcf,
    0x09, 0x8d, 0x00, 0xaa, 0x11, 0x8d, 0x4b, 0x54, 0x00, 0x89, 0x11, 0x2b, 0x19, 0x6c, 0x08, 0xc9,
    0x11, 0x0a, 0x08, 0xc9, 0x00, 0x68, 0x52, 0xf2, 0x21, 0x8c, 0x08, 0xa9, 0x08, 0xc9, 0x08, 0xc8,
    0x08, 0xc8, 0x08, 0xc8, 0x08, 0xe8, 0x08, 0xe8, 0x08, 0xe8, 0x08, 0xe8, 0x08, 0xe8, 0x08, 0xe8,
    0x08, 0xe8, 0x08, 0xe8, 0x08, 0xe8, 0x08, 0xe8, 0x08, 0xe8, 0x08, 0xe8, 0x08, 0xe8, 0x08, 0xe8,
    0x08, 0xe8, 0x08, 0xe8, 0x08, 0xe8, 0x08, 0xe8, 0x08, 0xe8, 0x08, 0xe8, 0x08, 0xe8, 0x08, 0xe8,
    0x08, 0xe8, 0x08, 0xe8, 0x08, 0xe8, 0x08, 0xe8, 0x08, 0xe8, 0x08, 0xe8, 0x08, 0xe8, 0x08, 0xe8,
    0x08, 0xe8, 0x08, 0xe8, 0x08, 0xe8, 0x08, 0xe8, 0x08, 0xe8, 0x08, 0xe8, 0x08, 0xe8, 0x08, 0xe8,
    0x08, 0xe8, 0x08, 0xe8, 0x08, 0xe8, 0x08, 0xe8, 0x08, 0xe8, 0x08, 0xe8, 0x08, 0xc8, 0x08, 0xc8,
    0x08, 0xc8, 0x08, 0xc8, 0x08, 0xe8, 0x08, 0xe8, 0x08, 0xe8, 0x08, 0xe8, 0x08, 0xe8, 0x08, 0xe8,
    0x08, 0xe8, 0x08, 0xe8, 0x08, 0xe8, 0x09, 0x08, 0x09, 0x08, 0x09, 0x08, 0x09, 0x08, 0x09, 0x08,
    0x09, 0x08, 0x09, 0x08, 0x09, 0x09, 0x09, 0x09, 0x09, 0x09, 0x09, 0x09, 0x09, 0x29, 0x09, 0x29,
    0x09, 0x29, 0x09, 0x29, 0x09, 0x29, 0x09, 0x29, 0x09, 0x29, 0x09, 0x29, 0x09, 0x49, 0x09, 0x49,
    0x09, 0x49, 0x09, 0x49, 0x09, 0x49, 0x09, 0x49, 0x09, 0x49, 0x09, 0x49, 0x09, 0x49, 0x09, 0x49,
    0x09, 0x49, 0x09, 0x49, 0x09, 0x49, 0x09, 0x49, 0x09, 0x49, 0x09, 0x49, 0x09, 0x09, 0x19, 0x8b,
    0x09, 0x09, 0x11, 0x4a, 0x11, 0x4a, 0x09, 0x09, 0x11, 0x4a, 0x00, 0x46, 0x53, 0x32, 0x42, 0x90,
    0x00, 0x66, 0x00, 0xa7, 0x11, 0x2a, 0x00, 0xa8, 0x11, 0x29, 0x08, 0xe9, 0x00, 0x47, 0x53, 0x33,
    0x32, 0x0e, 0x00, 0x47, 0x09, 0x09, 0x09, 0x09, 0x00, 0xa7, 0x11, 0x08, 0x08, 0xc7, 0x08, 0xc7,
    0x08, 0xc7, 0x08, 0xc6, 0x08, 0xc7, 0x08, 0xc7, 0x08, 0xa6, 0x08, 0xa6, 0x08, 0xa6, 0x08, 0xa6,
    0x08, 0xa6, 0x08, 0xa6, 0x08, 0xa6, 0x08, 0xa6, 0x08, 0xa6, 0x08, 0xa6, 0x08, 0xc7, 0x08, 0xc7,
    0x08, 0xc7, 0x08, 0xa6, 0x08, 0xa6, 0x08, 0xa6, 0x08, 0xa6, 0x08, 0xa6, 0x08, 0xa6, 0x08, 0xa6,
    0x08, 0xa6, 0x08, 0xa6, 0x08, 0xa6, 0x08, 0xa6, 0x08, 0xa6, 0x08, 0xa6, 0x08, 0xa6, 0x08, 0xa6,
    0x08, 0xa6, 0x08, 0xa6, 0x08, 0xa6, 0x08, 0xa6, 0x08, 0xa6, 0x08, 0xa6, 0x08, 0xa6, 0x08, 0xa6,
    0x08, 0xa6, 0x08, 0xa6, 0x08, 0xa6, 0x08, 0xa6, 0x08, 0xa6, 0x08, 0x86, 0x08, 0x86, 0x00, 0x66,
    0x00, 0x66, 0x19, 0x09, 0x4a, 0x8e, 0x00, 0x05, 0x10, 0xc8, 0x00, 0x66, 0x08, 0x86, 0x10, 0xc6,
    0x08, 0xa6, 0x08, 0xa6, 0x08, 0xa6, 0x08, 0xa6, 0x08, 0xa6, 0x08, 0xa6, 0x08, 0xa6, 0x08, 0xa6,
    0x08, 0xa6, 0x08, 0xa6, 0x08, 0xa6, 0x08, 0xa6, 0x08, 0xa6, 0x08, 0xa6, 0x08, 0xa7, 0x08, 0xa7,
    0x08, 0xa7, 0x08, 0xa7, 0x08, 0xa7, 0x08, 0xa7, 0x08, 0xa7, 0x08, 0xc7, 0x08, 0xc7, 0x08, 0xc7,
    0x08, 0xc7, 0x08, 0xc7, 0x08, 0xc7, 0x08, 0xc7, 0x08, 0xa7, 0x08, 0xa7, 0x08, 0xc7, 0x08, 0xc7,
    0x08, 0xc7, 0x08, 0xc7, 0x08, 0xc7, 0x08, 0xc7, 0x08, 0xc7, 0x08, 0xc7, 0x08, 0xc7, 0x08, 0xc7,
    0x08, 0xc7, 0x08, 0xc7, 0x08, 0xe8, 0x08, 0xe8, 0x08, 0xe8, 0x08, 0xe8, 0x08, 0xe8, 0x08, 0xe8,
    0x08, 0xe8, 0x08, 0xe8, 0x08, 0xe8, 0x08, 0xe8, 0x08, 0xe8, 0x08, 0xe8, 0x08, 0xe8, 0x08, 0xe8,
    0x08, 0xe8, 0x08, 0xe8, 0x08, 0xe8, 0x08, 0xe8, 0x08, 0xe8, 0x08, 0xe7, 0x08, 0xe7, 0x08, 0xe7,
    0x08, 0xe7, 0x08, 0xe8, 0x08, 0xc8, 0x08, 0xc8, 0x08, 0xc8, 0x08, 0xc8, 0x08, 0xe8, 0x08, 0xe7,
    0x08, 0xc7, 0x00, 0xa7, 0x00, 0xa8, 0x19, 0x8c, 0x4b, 0x33, 0x11, 0x4b, 0x00, 0x87, 0x08, 0xc8,
    0x00, 0xa8, 0x08, 0xc8, 0x00, 0xa8, 0x19, 0x6b, 0x42, 0xb0, 0x21, 0xac, 0x00, 0xc9, 0x00, 0xa9,
    0x19, 0xce, 0x11, 0xef, 0x01, 0x6d, 0x01, 0xae, 0x01, 0xce, 0x01, 0xcf, 0x01, 0xce, 0x01, 0xce,
    0x01, 0xce, 0x01, 0xce, 0x01, 0xce, 0x01, 0xce, 0x01, 0xce, 0x01, 0xce, 0x01, 0xce, 0x01, 0xce,
    0x01, 0xce, 0x01, 0xce, 0x01, 0xce, 0x01, 0xce, 0x01, 0xce, 0x01, 0xce, 0x01, 0xce, 0x01, 0xce,
    0x01, 0xce, 0x01, 0xce, 0x01, 0xce, 0x01, 0xce, 0x01, 0xce, 0x01, 0xce, 0x01, 0xce, 0x01, 0xce,
    0x01, 0xae, 0x01, 0xae, 0x01, 0xae, 0x01, 0xae, 0x09, 0xae, 0x09, 0xae, 0x09, 0xae, 0x09, 0xaf,
    0x01, 0x6d, 0x01, 0x0c, 0x01, 0x4d, 0x22, 0x0f, 0x42, 0xd2, 0x4b, 0x33, 0x3a, 0x91, 0x00, 0x89,
    0x08, 0xea, 0x00, 0xa9, 0x08, 0xaa, 0x21, 0xad, 0x4a, 0xf2, 0x08, 0xea, 0x08, 0xe9, 0x11, 0x09,
    0x08, 0xe9, 0x08, 0xc8, 0x10, 0xe9, 0x08, 0xe9, 0x08, 0xc8, 0x11, 0x09, 0x08, 0xe9, 0x08, 0xe9,
    0x08, 0xe9, 0x08, 0xe9, 0x08, 0xe9, 0x08, 0xe9, 0x08, 0xe9, 0x08, 0xe8, 0x10, 0xe8, 0x10, 0xe8,
    0x10, 0xe8, 0x10, 0xe8, 0x10, 0xe8, 0x10, 0xe8, 0x10, 0xe8, 0x10, 0xe8, 0x10, 0xe8, 0x10, 0xe8,
    0x10, 0xe8, 0x10, 0xe8, 0x10, 0xe8, 0x10, 0xe8, 0x10, 0xe8, 0x10, 0xe8, 0x08, 0xc8, 0x08, 0xc8,
    0x08, 0xc8, 0x08, 0xc8, 0x08, 0xc8, 0x08, 0xc8, 0x08, 0xc8, 0x08, 0xc8, 0x08, 0xc8, 0x08, 0xc8,
    0x08, 0xc8, 0x08, 0xc8, 0x08, 0xc8, 0x08, 0xc8, 0x08, 0xc8, 0x08, 0xe8, 0x08, 0xe8, 0x08, 0xe8,
    0x08, 0xe8, 0x08, 0xe8, 0x08, 0xe8, 0x08, 0xe8, 0x08, 0xe8, 0x08, 0xe8, 0x08, 0xe8, 0x08, 0xe8,
    0x08, 0xe8, 0x08, 0xe8, 0x08, 0xe8, 0x08, 0xe8, 0x08, 0xe8, 0x08, 0xe8, 0x00, 0xe8, 0x08, 0xe9,
    0x08, 0xe9, 0x08, 0xe9, 0x09, 0x09, 0x09, 0x09, 0x09, 0x09, 0x09, 0x09, 0x09, 0x29, 0x09, 0x29,
    0x09, 0x2a, 0x09, 0x2a, 0x09, 0x4a, 0x09, 0x4a, 0x09, 0x4a, 0x09, 0x4a, 0x09, 0x4a, 0x09, 0x69,
    0x09, 0x4a, 0x09, 0x49, 0x09, 0x49, 0x09, 0x49, 0x01, 0x49, 0x01, 0x49, 0x09, 0x6a, 0x09, 0x69,
    0x09, 0x6a, 0x09, 0x49, 0x09, 0x4a, 0x09, 0x49, 0x09, 0x4a, 0x09, 0x49, 0x09, 0x29, 0x09, 0x09,
    0x08, 0xe9, 0x11, 0x6a, 0x09, 0x09, 0x09, 0x09, 0x19, 0x8b, 0x00, 0xc8, 0x11, 0x2a, 0x5b, 0x93,
    0x09, 0x0a, 0x09, 0x29, 0x09, 0x09, 0x08, 0xe8, 0x09, 0x09, 0x09, 0x09, 0x08, 0xc9, 0x11, 0x0a,
    0x5b, 0x94, 0x11, 0x0a, 0x00, 0xa8, 0x08, 0xe9, 0x00, 0xa7, 0x08, 0xc7, 0x08, 0xc7, 0x08, 0xc7,
    0x08, 0xc7, 0x08, 0xc7, 0x08, 0xc7, 0x08, 0xc7, 0x08, 0xc7, 0x08, 0xc7, 0x08, 0xc7, 0x08, 0xc7,
    0x08, 0xc7, 0x08, 0xc7, 0x08, 0xc7, 0x08, 0xa6, 0x08, 0xa6, 0x08, 0xa6, 0x08, 0xa6, 0x08, 0xa6,
    0x08, 0xa6, 0x08, 0xa6, 0x08, 0xa6, 0x08, 0xa6, 0x08, 0xa6, 0x08, 0xa6, 0x08, 0xa7, 0x08, 0xa6,
    0x08, 0xa6, 0x08, 0xa6, 0x08, 0xa6, 0x08, 0xa6, 0x08, 0xa6, 0x08, 0xa6, 0x08, 0xa6, 0x08, 0xa6,
    0x08, 0xa6, 0x08, 0xa6, 0x08, 0xa6, 0x08, 0xa6, 0x08, 0xa6, 0x08, 0xa6, 0x08, 0x86, 0x00, 0x65,
    0x08, 0xa6, 0x08, 0xa7, 0x00, 0x86, 0x00, 0x66, 0x08, 0xa7, 0x08, 0xa7, 0x08, 0x86, 0x08, 0xa7,
    0x00, 0x05, 0x4a, 0xaf, 0x10, 0xe8, 0x00, 0x66, 0x08, 0xa7, 0x08, 0xa7, 0x08, 0x66, 0x19, 0x28,
    0x08, 0xa6, 0x08, 0xa6, 0x08, 0xa6, 0x08, 0xa6, 0x08, 0xa6, 0x08, 0xa6, 0x08, 0xa6, 0x08, 0xa6,
    0x08, 0xa6, 0x08, 0xa6, 0x08, 0xa6, 0x08, 0xa6, 0x08, 0xa6, 0x08, 0xa6, 0x08, 0xa7, 0x08, 0xa7,
    0x08, 0xa7, 0x08, 0xa7, 0x08, 0xa7, 0x08, 0xa7, 0x08, 0xc7, 0x08, 0xc7, 0x08, 0xc7, 0x08, 0xc7,
    0x08, 0xc7, 0x08, 0xc7, 0x08, 0xc7, 0x08, 0xc7, 0x08, 0xc7, 0x08, 0xa7, 0x08, 0xc7, 0x08, 0xc7,
    0x08, 0xc7, 0x08, 0xc7, 0x08, 0xc7, 0x08, 0xc7, 0x08, 0xc7, 0x08, 0xc7, 0x08, 0xc7, 0x08, 0xc7,
    0x08, 0xc7, 0x08, 0xe8, 0x08, 0xe8, 0x08, 0xe8, 0x08, 0xe8, 0x08, 0xe8, 0x08, 0xe8, 0x08, 0xe8,
    0x08, 0xe8, 0x08, 0xe8, 0x08, 0xe8, 0x08, 0xe8, 0x08, 0xe8, 0x08, 0xe8, 0x08, 0xe8, 0x08, 0xe8,
    0x08, 0xe8, 0x08, 0xe8, 0x08, 0xe8, 0x08, 0xe8, 0x08, 0xe8, 0x08, 0xe7, 0x08, 0xe7, 0x08, 0xe7,
    0x08, 0xe7, 0x08, 0xe8, 0x08, 0xc8, 0x08, 0xc8, 0x08, 0xc8, 0x08, 0xe8, 0x08, 0xc7, 0x11, 0x08,
    0x00, 0xa7, 0x11, 0x4a, 0x00, 0x47, 0x32, 0x4f, 0x4a, 0xf2, 0x00, 0x89, 0x11, 0x2a, 0x00, 0xa8,
    0x08, 0xa8, 0x11, 0x2a, 0x00, 0xa8, 0x19, 0x6b, 0x4b, 0x12, 0x00, 0x88, 0x00, 0xc9, 0x09, 0x4b,
    0x11, 0xad, 0x09, 0xae, 0x09, 0x8e, 0x09, 0xcf, 0x09, 0xcf, 0x01, 0xae, 0x01, 0xce, 0x01, 0xce,
    0x01, 0xce, 0x01, 0xce, 0x01, 0xce, 0x01, 0xce, 0x01, 0xce, 0x01, 0xce, 0x01, 0xce, 0x01, 0xce,
    0x01, 0xce, 0x01, 0xce, 0x01, 0xce, 0x01, 0xce, 0x01, 0xce, 0x01, 0xce, 0x01, 0xce, 0x01, 0xce,
    0x01, 0xce, 0x01, 0xce, 0x01, 0xce, 0x01, 0xce, 0x01, 0xce, 0x01, 0xce, 0x01, 0xce, 0x01, 0xce,
    0x01, 0xae, 0x01, 0xae, 0x01, 0xae, 0x01, 0xae, 0x09, 0xae, 0x09, 0xae, 0x01, 0x8e, 0x01, 0x8e,
    0x09, 0xae, 0x11, 0xaf, 0x22, 0x51, 0x43, 0x13, 0x53, 0x75, 0x53, 0x75, 0x2a, 0x2f, 0x00, 0xa9,
    0x11, 0x2b, 0x11, 0x2c, 0x11, 0x0b, 0x00, 0x48, 0x42, 0x91, 0x32, 0x0f, 0x00, 0x67, 0x08, 0xc8,
    0x08, 0xc9, 0x00, 0xa8, 0x08, 0xa8, 0x08, 0xc8, 0x08, 0xc8, 0x10, 0xe9, 0x08, 0xc8, 0x08, 0xc8,
    0x08, 0xc8, 0x08, 0xc8, 0x08, 0xc8, 0x08, 0xc8, 0x08, 0xc8, 0x08, 0xc8, 0x08, 0xc8, 0x08, 0xc7,
    0x08, 0xc8, 0x08, 0xc7, 0x08, 0xc8, 0x08, 0xc7, 0x08, 0xc8, 0x08, 0xc7, 0x08, 0xc8, 0x08, 0xc7,
    0x08, 0xc8, 0x08, 0xc7, 0x08, 0xc8, 0x08, 0xc7, 0x08, 0xc8, 0x08, 0xc8, 0x08, 0xc8, 0x08, 0xc8,
    0x08, 0xc8, 0x08, 0xc8, 0x08, 0xc8, 0x08, 0xc8, 0x08, 0xc8, 0x08, 0xc8, 0x08, 0xc8, 0x08, 0xc8,
    0x08, 0xc8, 0x08, 0xc8, 0x08, 0xc8, 0x08, 0xc8, 0x08, 0xc8, 0x08, 0xc8, 0x08, 0xc8, 0x08, 0xc8,
    0x08, 0xc8, 0x08, 0xc8, 0x08, 0xc8, 0x08, 0xc8, 0x08, 0xc8, 0x08, 0xc8, 0x11, 0x09, 0x11, 0x09,
    0x11, 0x09, 0x11, 0x09, 0x11, 0x09, 0x11, 0x29, 0x11, 0x29, 0x11, 0x29, 0x09, 0x09, 0x09, 0x09,
    0x09, 0x29, 0x09, 0x29, 0x09, 0x29, 0x09, 0x4a, 0x11, 0x4a, 0x11, 0x4a, 0x09, 0x4a, 0x09, 0x4a,
    0x09, 0x4a, 0x09, 0x4a, 0x09, 0x4a, 0x09, 0x4a, 0x09, 0x4a, 0x09, 0x6a, 0x09, 0x4a, 0x09, 0x49,
    0x09, 0x4a, 0x09, 0x4a, 0x09, 0x6a, 0x09, 0x6a, 0x09, 0x6a, 0x09, 0x6a, 0x09, 0x6a, 0x09, 0x6a,
    0x09, 0x6a, 0x09, 0x4a, 0x09, 0x4a, 0x09, 0x4a, 0x09, 0x4a, 0x09, 0x4a, 0x11, 0x6a, 0x11, 0x6a,
    0x11, 0x6a, 0x09, 0x2a, 0x00, 0xe9, 0x00, 0xe9, 0x09, 0x2a, 0x11, 0x6b, 0x00, 0xe9, 0x4b, 0x32,
    0x42, 0xd0, 0x00, 0xa8, 0x08, 0xe9, 0x09, 0x29, 0x09, 0x29, 0x09, 0x09, 0x08, 0xc9, 0x08, 0xc9,
    0x29, 0xee, 0x42, 0xd1, 0x00, 0x67, 0x08, 0xc8, 0x11, 0x09, 0x08, 0xc8, 0x08, 0xc7, 0x08, 0xc7,
    0x08, 0xc7, 0x08, 0xc7, 0x08, 0xc7, 0x08, 0xc7, 0x08, 0xc7, 0x08, 0xc7, 0x08, 0xc7, 0x08, 0xc7,
    0x08, 0xc7, 0x08, 0xc7, 0x08, 0xc7, 0x08, 0xa6, 0x08, 0xa6, 0x08, 0xa6, 0x08, 0xa6, 0x08, 0xa6,
    0x08, 0xa6, 0x08, 0xa6, 0x08, 0xa6, 0x08, 0xa6, 0x08, 0xa6, 0x08, 0xa6, 0x08, 0xa7, 0x08, 0xa6,
    0x08, 0xa6, 0x08, 0xa6, 0x08, 0xa6, 0x08, 0xa6, 0x08, 0xa6, 0x08, 0xa6, 0x08, 0xa6, 0x08, 0xa6,
    0x08, 0xa6, 0x08, 0xa6, 0x08, 0xa6, 0x08, 0xa6, 0x08, 0xa6, 0x08, 0xa6, 0x08, 0x86, 0x08, 0x86,
    0x08, 0xa6, 0x08, 0xa6, 0x00, 0x66, 0x00, 0x66, 0x08, 0xa7, 0x08, 0x87, 0x08, 0xa7, 0x00, 0x04,
    0x3a, 0x0d, 0x31, 0xcc, 0x08, 0x87, 0x08, 0x87, 0x10, 0xe8, 0x00, 0x66, 0x08, 0x66, 0x19, 0x28,
    0x08, 0xa6, 0x08, 0xa6, 0x08, 0xa6, 0x08, 0xa6, 0x08, 0xa6, 0x08, 0xa6, 0x08, 0xa6, 0x08, 0xa6,
    0x08, 0xa6, 0x08, 0xa6, 0x08, 0xa6, 0x08, 0xa6, 0x08, 0xa6, 0x08, 0xa6, 0x08, 0xa7, 0x08, 0xa7,
    0x08, 0xa7, 0x08, 0xa7, 0x08, 0xa7, 0x08, 0xc7, 0x08, 0xc7, 0x08, 0xc7, 0x08, 0xc7, 0x08, 0xc7,
    0x08, 0xc7, 0x08, 0xc7, 0x08, 0xc7, 0x08, 0xc7, 0x08, 0xc7, 0x08, 0xc7, 0x08, 0xc7, 0x08, 0xc7,
    0x08, 0xc7, 0x08, 0xc7, 0x08, 0xc7, 0x08, 0xc7, 0x08, 0xc7, 0x08, 0xc7, 0x08, 0xe8, 0x08, 0xe8,
    0x08, 0xe8, 0x08, 0xe8, 0x08, 0xe8, 0x08, 0xe8, 0x08, 0xe8, 0x08, 0xe8, 0x08, 0xe8, 0x08, 0xe8,
    0x08, 0xe8, 0x08, 0xe8, 0x08, 0xe8, 0x08, 0xe8, 0x08, 0xe8, 0x08, 0xe8, 0x08, 0xe8, 0x08, 0xe8,
    0x08, 0xe8, 0x08, 0xe8, 0x08, 0xe8, 0x08, 0xe8, 0x08, 0xe8, 0x08, 0xe8, 0x08, 0xe7, 0x08, 0xe7,
    0x08, 0xe8, 0x08, 0xe8, 0x08, 0xe8, 0x08, 0xe8, 0x08, 0xc8, 0x08, 0xe8, 0x08, 0xe8, 0x08, 0xc7,
    0x11, 0x08, 0x11, 0x29, 0x00, 0xa8, 0x19, 0xac, 0x4a, 0xf2, 0x09, 0x0b, 0x08, 0xe9, 0x00, 0x87,
    0x08, 0xc8, 0x11, 0x0a, 0x08, 0xa8, 0x11, 0x0a, 0x4a, 0xf2, 0x11, 0x2a, 0x00, 0x88, 0x11, 0x6c,
    0x11, 0x8d, 0x09, 0x8d, 0x09, 0xce, 0x09, 0xcf, 0x09, 0xcf, 0x01, 0xae, 0x01, 0xce, 0x01, 0xce,
    0x01, 0xce, 0x01, 0xce, 0x01, 0xce, 0x01, 0xce, 0x01, 0xce, 0x01, 0xce, 0x01, 0xce, 0x01, 0xce,
    0x01, 0xce, 0x01, 0xce, 0x01, 0xce, 0x01, 0xce, 0x01, 0xce, 0x01, 0xce, 0x01, 0xce, 0x01, 0xce,
    0x01, 0xce, 0x01, 0xce, 0x01, 0xce, 0x01, 0xce, 0x01, 0xce, 0x01, 0xce, 0x01, 0xce, 0x01, 0xce,
    0x01, 0xae, 0x01, 0xae, 0x01, 0xae, 0x01, 0xae, 0x09, 0xae, 0x09, 0xae, 0x09, 0xae, 0x09, 0xaf,
    0x09, 0xae, 0x09, 0xae, 0x1a, 0x10, 0x3a, 0xf3, 0x53, 0x95, 0x63, 0xd6, 0x3a, 0xb1, 0x00, 0x69,
    0x09, 0x0b, 0x00, 0xca, 0x00, 0x69, 0x29, 0xef, 0x53, 0x54, 0x00, 0x89, 0x08, 0xc9, 0x10, 0xe9,
    0x08, 0xe9, 0x08, 0xe9, 0x10, 0xe9, 0x08, 0xc8, 0x00, 0x88, 0x00, 0xa8, 0x10, 0xe9, 0x10, 0xe9,
    0x10, 0xe9, 0x10, 0xe9, 0x10, 0xe9, 0x10, 0xe9, 0x10, 0xe9, 0x10, 0xe9, 0x10, 0xe8, 0x10, 0xe8,
    0x10, 0xe8, 0x10, 0xe8, 0x10, 0xe8, 0x10, 0xe8, 0x10, 0xe8, 0x10, 0xe8, 0x10, 0xe8, 0x10, 0xe8,
    0x10, 0xe8, 0x10, 0xe8, 0x10, 0xe8, 0x10, 0xe8, 0x10, 0xe8, 0x10, 0xe8, 0x10, 0xe9, 0x10, 0xe9,
    0x10, 0xe9, 0x10, 0xe9, 0x10, 0xe9, 0x10, 0xe9, 0x10, 0xe9, 0x10, 0xe9, 0x10, 0xe9, 0x10, 0xe9,
    0x10, 0xe9, 0x10, 0xe9, 0x10, 0xe9, 0x10, 0xe9, 0x10, 0xe9, 0x10, 0xe9, 0x10, 0xc9, 0x10, 0xe9,
    0x10, 0xe9, 0x10, 0xe9, 0x10, 0xe9, 0x10, 0xe9, 0x10, 0xe9, 0x10, 0xe9, 0x08, 0xe9, 0x08, 0xe9,
    0x08, 0xe9, 0x08, 0xe9, 0x08, 0xe9, 0x08, 0xe9, 0x08, 0xe9, 0x08, 0xe9, 0x09, 0x09, 0x09, 0x09,
    0x09, 0x09, 0x09, 0x09, 0x09, 0x29, 0x09, 0x29, 0x09, 0x2a, 0x09, 0x2a, 0x09, 0x2a, 0x09, 0x2a,
    0x09, 0x2a, 0x09, 0x2a, 0x09, 0x4a, 0x09, 0x4a, 0x09, 0x4a, 0x09, 0x4a, 0x09, 0x4a, 0x09, 0x4a,
    0x09, 0x4a, 0x09, 0x6a, 0x09, 0x6a, 0x09, 0x6a, 0x09, 0x6a, 0x09, 0x6a, 0x09, 0x4a, 0x09, 0x6a,
    0x09, 0x4a, 0x09, 0x6a, 0x09, 0x4a, 0x09, 0x4a, 0x09, 0x4a, 0x09, 0x4a, 0x09, 0x29, 0x11, 0x8b,
    0x11, 0x6a, 0x09, 0x2a, 0x11, 0x6a, 0x09, 0x2a, 0x00, 0xe9, 0x11, 0x6b, 0x00, 0xe9, 0x21, 0xac,
    0x5b, 0x94, 0x19, 0x8b, 0x00, 0xa8, 0x09, 0x09, 0x09, 0x09, 0x00, 0xe9, 0x00, 0xc9, 0x00, 0xc9,
    0x00, 0xc9, 0x53, 0x32, 0x19, 0x6b, 0x00, 0x87, 0x10, 0xe9, 0x08, 0xc8, 0x08, 0xc8, 0x08, 0xc7,
    0x08, 0xc7, 0x08, 0xc7, 0x08, 0xc7, 0x08, 0xc7, 0x08, 0xc7, 0x08, 0xc7, 0x08, 0xc7, 0x08, 0xc7,
    0x08, 0xc7, 0x08, 0xc7, 0x08, 0xc7, 0x08, 0xa6, 0x08, 0xa6, 0x08, 0xa6, 0x08, 0xa6, 0x08, 0xa6,
    0x08, 0xa6, 0x08, 0xa6, 0x08, 0xa6, 0x08, 0xa6, 0x08, 0xa6, 0x08, 0xa6, 0x08, 0xa7, 0x08, 0xa6,
    0x08, 0xa6, 0x08, 0xa6, 0x08, 0xa6, 0x08, 0xa6, 0x08, 0xa6, 0x08, 0xa6, 0x08, 0xa6, 0x08, 0xa6,
    0x08, 0xa6, 0x08, 0xa6, 0x08, 0xa6, 0x08, 0xa6, 0x08, 0xa6, 0x08, 0xa6, 0x08, 0x86, 0x08, 0xa6,
    0x08, 0xa6, 0x08, 0x86, 0x00, 0x66, 0x08, 0x86, 0x08, 0xa7, 0x08, 0xa7, 0x00, 0x66, 0x00, 0x66,
    0x52, 0xf0, 0x10, 0xc8, 0x00, 0x66, 0x08, 0x87, 0x10, 0xc8, 0x08, 0x66, 0x08, 0x66, 0x19, 0x28,
    0x08, 0xa6, 0x08, 0xa6, 0x08, 0xa6, 0x08, 0xa6, 0x08, 0xa6, 0x08, 0xa6, 0x08, 0xa6, 0x08, 0xa6,
    0x08, 0xa6, 0x08, 0xa6, 0x08, 0xa6, 0x08, 0xa6, 0x08, 0xa6, 0x08, 0xa6, 0x08, 0xa7, 0x08, 0xa7,
    0x08, 0xa7, 0x08, 0xa7, 0x08, 0xc7, 0x08, 0xc7, 0x08, 0xc7, 0x08, 0xc7, 0x08, 0xc7, 0x08, 0xc7,
    0x08, 0xc7, 0x08, 0xc7, 0x08, 0xc7, 0x08, 0xc7, 0x08, 0xc7, 0x08, 0xc7, 0x08, 0xc7, 0x08, 0xc7,
    0x08, 0xc7, 0x08, 0xc7, 0x08, 0xc7, 0x08, 0xc7, 0x08, 0xe8, 0x08, 0xe8, 0x08, 0xe8, 0x08, 0xe8,
    0x08, 0xe8, 0x08, 0xe8, 0x08, 0xe8, 0x08, 0xe8, 0x08, 0xe8, 0x08, 0xe8, 0x08, 0xe8, 0x08, 0xe8,
    0x08, 0xe8, 0x08, 0xe8, 0x08, 0xe8, 0x08, 0xe8, 0x08, 0xe8, 0x08, 0xe8, 0x08, 0xe8, 0x08, 0xe8,
    0x08, 0xe8, 0x08, 0xe8, 0x08, 0xe8, 0x08, 0xe8, 0x08, 0xe8, 0x08, 0xe8, 0x08, 0xe7, 0x08, 0xe7,
    0x08, 0xe8, 0x08, 0xe8, 0x08, 0xe8, 0x08, 0xe8, 0x08, 0xc8, 0x08, 0xc8, 0x11, 0x29, 0x00, 0xa7,
    0x11, 0x08, 0x09, 0x08, 0x09, 0x09, 0x00, 0x88, 0x3a, 0x70, 0x42, 0xd1, 0x00, 0x88, 0x00, 0x88,
    0x08, 0xc9, 0x00, 0xa8, 0x08, 0xc9, 0x00, 0x88, 0x29, 0xee, 0x42, 0xd1, 0x00, 0xa9, 0x00, 0xa9,
    0x09, 0x6c, 0x11, 0xad, 0x09, 0xae, 0x09, 0xae, 0x01, 0xae, 0x09, 0xcf, 0x01, 0xce, 0x01, 0xce,
    0x01, 0xce, 0x01, 0xce, 0x01, 0xce, 0x01, 0xce, 0x01, 0xce, 0x01, 0xce, 0x01, 0xce, 0x01, 0xce,
    0x01, 0xce, 0x01, 0xce, 0x01, 0xce, 0x01, 0xce, 0x01, 0xce, 0x01, 0xce, 0x01, 0xce, 0x01, 0xce,
    0x01, 0xce, 0x01, 0xce, 0x01, 0xce, 0x01, 0xce, 0x01, 0xce, 0x01, 0xce, 0x01, 0xce, 0x01, 0xce,
    0x01, 0xae, 0x01, 0xae, 0x01, 0xae, 0x01, 0xae, 0x09, 0xae, 0x09, 0xae, 0x09, 0xce, 0x11, 0xce,
    0x09, 0x8e, 0x01, 0x2c, 0x01, 0x0b, 0x11, 0x8d, 0x32, 0x70, 0x4b, 0x33, 0x3a, 0xb1, 0x00, 0x28,
    0x11, 0x4c, 0x09, 0x0b, 0x00, 0x89, 0x42, 0xb2, 0x21, 0xad, 0x00, 0xa9, 0x11, 0x0a, 0x00, 0xa8,
    0x00, 0x67, 0x08, 0xc9, 0x19, 0x2a, 0x11, 0x0a, 0x10, 0xe9, 0x21, 0x6b, 0x08, 0xe9, 0x08, 0xe9,
    0x10, 0xc9, 0x10, 0xc9, 0x10, 0xc9, 0x10, 0xc9, 0x10, 0xc9, 0x10, 0xc9, 0x08, 0xc8, 0x08, 0xc8,
    0x08, 0xc8, 0x08, 0xc8, 0x08, 0xc8, 0x08, 0xc8, 0x08, 0xc8, 0x08, 0xc8, 0x08, 0xc8, 0x08, 0xc8,
    0x08, 0xc8, 0x08, 0xc8, 0x08, 0xc8, 0x08, 0xc8, 0x08, 0xc8, 0x08, 0xc8, 0x10, 0xc9, 0x10, 0xc9,
    0x10, 0xc9, 0x10, 0xc9, 0x10, 0xc9, 0x10, 0xc9, 0x10, 0xc9, 0x10, 0xc9, 0x10, 0xc9, 0x10, 0xc9,
    0x10, 0xc9, 0x10, 0xc9, 0x10, 0xc9, 0x10, 0xc9, 0x10, 0xc9, 0x10, 0xc9, 0x08, 0xc8, 0x08, 0xc8,
    0x10, 0xc9, 0x10, 0xc9, 0x10, 0xc9, 0x08, 0xe9, 0x10, 0xe9, 0x10, 0xe9, 0x11, 0x2a, 0x11, 0x29,
    0x11, 0x09, 0x11, 0x09, 0x11, 0x09, 0x11, 0x09, 0x11, 0x09, 0x11, 0x09, 0x11, 0x2a, 0x11, 0x4a,
    0x11, 0x4a, 0x11, 0x4a, 0x11, 0x4a, 0x11, 0x4a, 0x11, 0x4a, 0x11, 0x4a, 0x11, 0x4a, 0x11, 0x4a,
    0x11, 0x4b, 0x11, 0x6b, 0x11, 0x6b, 0x11, 0x6b, 0x11, 0x6b, 0x11, 0x6b, 0x11, 0x8b, 0x11, 0x8b,
    0x11, 0x8b, 0x11, 0x8b, 0x11, 0x8b, 0x11, 0x8b, 0x11, 0x8b, 0x11, 0x8b, 0x11, 0x8b, 0x11, 0x8b,
    0x11, 0x8b, 0x11, 0x8b, 0x11, 0x8b, 0x11, 0x8b, 0x09, 0x8b, 0x11, 0x8b, 0x19, 0xac, 0x19, 0xab,
    0x09, 0x2a, 0x11, 0x4b, 0x19, 0xac, 0x09, 0x4b, 0x09, 0x0a, 0x00, 0xc9, 0x11, 0x6b, 0x00, 0x47,
    0x3a, 0x90, 0x53, 0x32, 0x09, 0x09, 0x00, 0xa8, 0x09, 0x2a, 0x09, 0x09, 0x08, 0xe9, 0x09, 0x0a,
    0x08, 0xc9, 0x19, 0x6b, 0x53, 0x32, 0x08, 0xc8, 0x00, 0x67, 0x08, 0xc8, 0x08, 0xc8, 0x08, 0xc8,
    0x08, 0xc7, 0x08, 0xc7, 0x08, 0xc7, 0x08, 0xc7, 0x08, 0xa7, 0x08, 0xc7, 0x08, 0xc7, 0x08, 0xc7,
    0x08, 0xc7, 0x08, 0xc7, 0x08, 0xc7, 0x08, 0xa6, 0x08, 0xa6, 0x08, 0xa6, 0x08, 0xa6, 0x08, 0xa6,
    0x08, 0xa6, 0x08, 0xa6, 0x08, 0xa6, 0x08, 0xa6, 0x08, 0xa6, 0x08, 0xa6, 0x08, 0xa7, 0x08, 0xa6,
    0x08, 0xa6, 0x08, 0xa6, 0x08, 0xa6, 0x08, 0xa6, 0x08, 0xa6, 0x08, 0xa6, 0x08, 0xa6, 0x08, 0xa6,
    0x08, 0xa6, 0x08, 0xa6, 0x08, 0xa6, 0x08, 0xa6, 0x08, 0xa6, 0x08, 0xa6, 0x08, 0x86, 0x10, 0xa6,
    0x08, 0x86, 0x00, 0x66, 0x08, 0x87, 0x08, 0xc7, 0x08, 0xa7, 0x08, 0x87, 0x00, 0x25, 0x32, 0x0c,
    0x29, 0xab, 0x00, 0x46, 0x08, 0xa7, 0x08, 0x86, 0x08, 0x86, 0x10, 0xa7, 0x08, 0x66, 0x19, 0x29,
    0x08, 0xa6, 0x08, 0xa6, 0x08, 0xa6, 0x08, 0xa6, 0x08, 0xa6, 0x08, 0xa6, 0x08, 0xa6, 0x08, 0xa6,
    0x08, 0xa6, 0x08, 0xa6, 0x08, 0xa6, 0x08, 0xa6, 0x08, 0xa6, 0x08, 0xa6, 0x08, 0xa7, 0x08, 0xc7,
    0x08, 0xc7, 0x08, 0xc7, 0x08, 0xc7, 0x08, 0xc7, 0x08, 0xc7, 0x08, 0xc7, 0x08, 0xc7, 0x08, 0xc7,
    0x08, 0xc7, 0x08, 0xc7, 0x08, 0xc7, 0x08, 0xc7, 0x08, 0xc7, 0x08, 0xc7, 0x08, 0xc7, 0x08, 0xc7,
    0x08, 0xe7, 0x08, 0xe7, 0x08, 0xe7, 0x08, 0xe7, 0x08, 0xe8, 0x08, 0xe8, 0x08, 0xe8, 0x08, 0xe8,
    0x08, 0xe8, 0x08, 0xe8, 0x08, 0xe8, 0x08, 0xe8, 0x08, 0xe8, 0x08, 0xe8, 0x08, 0xe8, 0x08, 0xe8,
    0x08, 0xe8, 0x08, 0xe8, 0x08, 0xe8, 0x08, 0xe8, 0x08, 0xe8, 0x08, 0xe8, 0x08, 0xe8, 0x08, 0xe8,
    0x08, 0xe8, 0x08, 0xe8, 0x08, 0xe8, 0x08, 0xe8, 0x08, 0xe8, 0x08, 0xe8, 0x08, 0xe8, 0x08, 0xe8,
    0x08, 0xe8, 0x08, 0xe8, 0x08, 0xe9, 0x08, 0xe9, 0x08, 0xe8, 0x08, 0xe8, 0x10, 0xe8, 0x11, 0x29,
    0x00, 0x86, 0x11, 0x49, 0x08, 0xc8, 0x00, 0x87, 0x11, 0x0a, 0x53, 0x33, 0x21, 0xad, 0x00, 0x88,
    0x08, 0xc9, 0x00, 0xa8, 0x08, 0xea, 0x00, 0x47, 0x00, 0xa9, 0x4a, 0xd1, 0x21, 0xee, 0x00, 0x48,
    0x01, 0x0b, 0x11, 0xad, 0x09, 0x8d, 0x11, 0xce, 0x01, 0x8d, 0x09, 0xef, 0x01, 0xce, 0x01, 0xce,
    0x01, 0xce, 0x01, 0xce, 0x01, 0xce, 0x01, 0xce, 0x01, 0xce, 0x01, 0xce, 0x01, 0xce, 0x01, 0xce,
    0x01, 0xce, 0x01, 0xce, 0x01, 0xce, 0x01, 0xce, 0x01, 0xce, 0x01, 0xce, 0x01, 0xce, 0x01, 0xce,
    0x01, 0xce, 0x01, 0xce, 0x01, 0xce, 0x01, 0xce, 0x01, 0xce, 0x01, 0xce, 0x01, 0xce, 0x01, 0xce,
    0x01, 0xae, 0x01, 0xae, 0x01, 0xae, 0x01, 0xae, 0x09, 0xae, 0x09, 0xae, 0x09, 0x8d, 0x09, 0x8d,
    0x09, 0x6c, 0x01, 0x0b, 0x00, 0xa9, 0x00, 0xa9, 0x09, 0x2b, 0x19, 0xad, 0x29, 0xee, 0x08, 0xea,
    0x00, 0x89, 0x00, 0x27, 0x42, 0x91, 0x53, 0x13, 0x00, 0x27, 0x08, 0xa9, 0x10, 0xea, 0x08, 0xe9,
    0x00, 0x88, 0x00, 0x47, 0x00, 0x47, 0x00, 0x06, 0x00, 0x06, 0x00, 0x67, 0x00, 0x46, 0x00, 0x46,
    0x00, 0x46, 0x00, 0x46, 0x00, 0x46, 0x00, 0x46, 0x00, 0x46, 0x00, 0x46, 0x00, 0x46, 0x00, 0x46,
    0x00, 0x46, 0x00, 0x46, 0x00, 0x46, 0x00, 0x46, 0x00, 0x46, 0x00, 0x46, 0x00, 0x46, 0x00, 0x46,
    0x00, 0x46, 0x00, 0x46, 0x00, 0x46, 0x00, 0x46, 0x00, 0x46, 0x00, 0x46, 0x00, 0x46, 0x00, 0x46,
    0x00, 0x46, 0x00, 0x46, 0x00, 0x46, 0x00, 0x46, 0x00, 0x46, 0x00, 0x46, 0x00, 0x46, 0x00, 0x46,
    0x00, 0x46, 0x00, 0x46, 0x00, 0x46, 0x00, 0x46, 0x00, 0x46, 0x00, 0x46, 0x00, 0x47, 0x00, 0x47,
    0x00, 0x47, 0x00, 0x47, 0x00, 0x47, 0x00, 0x47, 0x00, 0x47, 0x00, 0x47, 0x00, 0x47, 0x00, 0x47,
    0x00, 0x47, 0x00, 0x47, 0x00, 0x67, 0x00, 0x67, 0x00, 0x67, 0x00, 0x67, 0x00, 0x67, 0x00, 0x67,
    0x00, 0x67, 0x00, 0x67, 0x00, 0x87, 0x00, 0x87, 0x00, 0x88, 0x00, 0xa8, 0x00, 0x88, 0x00, 0x88,
    0x00, 0xa8, 0x00, 0xa8, 0x00, 0xa8, 0x00, 0xc8, 0x00, 0xc8, 0x00, 0xc9, 0x00, 0xc9, 0x00, 0xc8,
    0x00, 0xc9, 0x00, 0xc8, 0x00, 0xc9, 0x00, 0xc8, 0x00, 0xc9, 0x00, 0xc8, 0x00, 0xe9, 0x00, 0xe9,
    0x00, 0xe9, 0x00, 0xc8, 0x00, 0xc9, 0x00, 0xc8, 0x00, 0xc8, 0x00, 0xc8, 0x00, 0xa8, 0x00, 0xc8,
    0x00, 0x67, 0x01, 0x09, 0x01, 0x0a, 0x00, 0xc9, 0x19, 0x8c, 0x09, 0x4b, 0x19, 0xad, 0x00, 0x68,
    0x11, 0x4b, 0x5b, 0xb4, 0x3a, 0x8f, 0x00, 0x87, 0x09, 0x09, 0x09, 0x2a, 0x08, 0xe9, 0x09, 0x0a,
    0x09, 0x0a, 0x00, 0x67, 0x53, 0x12, 0x32, 0x0e, 0x00, 0x26, 0x08, 0xc8, 0x08, 0xc8, 0x08, 0xc8,
    0x08, 0xc8, 0x08, 0xa7, 0x08, 0xa7, 0x08, 0xa7, 0x10, 0xa7, 0x08, 0xa7, 0x08, 0xc7, 0x08, 0xc7,
    0x08, 0xc7, 0x08, 0xc7, 0x08, 0xc7, 0x08, 0xa6, 0x08, 0xa6, 0x08, 0xa6, 0x08, 0xa6, 0x08, 0xa6,
    0x08, 0xa6, 0x08, 0xa6, 0x08, 0xa6, 0x08, 0xa6, 0x08, 0xa6, 0x08, 0xa6, 0x08, 0xa7, 0x08, 0xa6,
    0x08, 0xa6, 0x08, 0xa6, 0x08, 0xa6, 0x08, 0xa6, 0x08, 0xa6, 0x08, 0xa6, 0x08, 0xa6, 0x08, 0xa6,
    0x08, 0xa6, 0x08, 0xa6, 0x08, 0xa6, 0x08, 0xa6, 0x08, 0xa6, 0x08, 0xa6, 0x08, 0x86, 0x10, 0xa7,
    0x08, 0x86, 0x00, 0x66, 0x08, 0xa7, 0x08, 0xa7, 0x00, 0x66, 0x00, 0x66, 0x11, 0x09, 0x3a, 0x4e,
    0x00, 0x66, 0x00, 0x46, 0x10, 0xc8, 0x08, 0x66, 0x08, 0x66, 0x10, 0xa7, 0x08, 0x66, 0x19, 0x28,
    0x08, 0xa6, 0x08, 0xa6, 0x08, 0xa6, 0x08, 0xa6, 0x08, 0xa6, 0x08, 0xa6, 0x08, 0xa6, 0x08, 0xa6,
    0x08, 0xa6, 0x08, 0xa6, 0x08, 0xa6, 0x08, 0xa6, 0x08, 0xa6, 0x08, 0xa6, 0x08, 0xc7, 0x08, 0xc7,
    0x08, 0xc7, 0x08, 0xc7, 0x08, 0xc7, 0x08, 0xc7, 0x08, 0xc7, 0x08, 0xc7, 0x08, 0xc7, 0x08, 0xc7,
    0x08, 0xc7, 0x08, 0xc7, 0x08, 0xc7, 0x08, 0xc7, 0x08, 0xc7, 0x08, 0xc7, 0x08, 0xc7, 0x08, 0xc7,
    0x08, 0xe7, 0x08, 0xe7, 0x08, 0xe7, 0x08, 0xe7, 0x08, 0xe8, 0x08, 0xe8, 0x08, 0xe8, 0x08, 0xe8,
    0x08, 0xe8, 0x08, 0xe8, 0x08, 0xe8, 0x09, 0x08, 0x09, 0x08, 0x09, 0x08, 0x08, 0xe8, 0x08, 0xe8,
    0x08, 0xe8, 0x08, 0xe8, 0x08, 0xe8, 0x08, 0xe8, 0x09, 0x08, 0x09, 0x08, 0x08, 0xe8, 0x08, 0xe8,
    0x08, 0xe8, 0x08, 0xe8, 0x08, 0xe8, 0x08, 0xe8, 0x08, 0xe8, 0x09, 0x08, 0x08, 0xe8, 0x09, 0x08,
    0x08, 0xe9, 0x08, 0xe9, 0x08, 0xe9, 0x08, 0xe9, 0x08, 0xe9, 0x08, 0xe8, 0x08, 0xc7, 0x19, 0x29,
    0x08, 0xc7, 0x08, 0xe8, 0x11, 0x2a, 0x00, 0xc8, 0x00, 0x88, 0x21, 0xcd, 0x53, 0x33, 0x00, 0xa9,
    0x00, 0x88, 0x08, 0xea, 0x08, 0xc9, 0x08, 0xc9, 0x00, 0x68, 0x19, 0x4b, 0x4b, 0x13, 0x08, 0xea,
    0x00, 0xca, 0x09, 0x4c, 0x09, 0x8d, 0x11, 0xef, 0x09, 0xae, 0x09, 0xce, 0x01, 0xce, 0x01, 0xce,
    0x01, 0xce, 0x01, 0xce, 0x01, 0xce, 0x01, 0xce, 0x01, 0xce, 0x01, 0xce, 0x01, 0xce, 0x01, 0xce,
    0x01, 0xce, 0x01, 0xce, 0x01, 0xce, 0x01, 0xce, 0x01, 0xce, 0x01, 0xce, 0x01, 0xce, 0x01, 0xce,
    0x01, 0xce, 0x01, 0xce, 0x01, 0xce, 0x01, 0xce, 0x01, 0xce, 0x01, 0xce, 0x01, 0xce, 0x01, 0xce,
    0x01, 0xae, 0x01, 0xae, 0x01, 0xae, 0x01, 0xae, 0x09, 0xae, 0x09, 0xae, 0x11, 0xad, 0x09, 0x4b,
    0x01, 0x0a, 0x00, 0xea, 0x00, 0xe9, 0x00, 0xc9, 0x00, 0xc9, 0x08, 0xe9, 0x00, 0x88, 0x11, 0x2a,
    0x11, 0x0a, 0x10, 0xea, 0x53, 0x12, 0x19, 0x2b, 0x08, 0xc9, 0x10, 0xea, 0x00, 0x88, 0x29, 0xcd,
    0x3a, 0x6f, 0x3a, 0x2f, 0x3a, 0x4f, 0x4a, 0xb0, 0x4a, 0xb0, 0x42, 0x90, 0x3a, 0x4e, 0x3a, 0x4e,
    0x3a, 0x4e, 0x3a, 0x4e, 0x42, 0x4e, 0x42, 0x4e, 0x42, 0x4e, 0x42, 0x4e, 0x3a, 0x4e, 0x3a, 0x4e,
    0x3a, 0x4f, 0x3a, 0x4e, 0x3a, 0x4f, 0x3a, 0x4e, 0x3a, 0x4f, 0x3a, 0x4e, 0x3a, 0x4f, 0x3a, 0x4e,
    0x3a, 0x4f, 0x3a, 0x4e, 0x3a, 0x4f, 0x3a, 0x4e, 0x3a, 0x4f, 0x3a, 0x4f, 0x42, 0x6f, 0x42, 0x6f,
    0x42, 0x6f, 0x42, 0x6f, 0x42, 0x6f, 0x42, 0x6f, 0x42, 0x6f, 0x42, 0x6f, 0x42, 0x6f, 0x42, 0x6f,
    0x42, 0x6f, 0x42, 0x6f, 0x42, 0x6f, 0x42, 0x6f, 0x42, 0x6f, 0x42, 0x4f, 0x42, 0x4f, 0x42, 0x4f,
    0x42, 0x4f, 0x42, 0x4f, 0x42, 0x4f, 0x42, 0x4f, 0x42, 0x4f, 0x42, 0x6f, 0x4a, 0x90, 0x4a, 0xb0,
    0x4a, 0xb0, 0x4a, 0xb0, 0x4a, 0xd0, 0x4a, 0xd1, 0x52, 0xf1, 0x52, 0xf1, 0x4a, 0xd1, 0x4a, 0xf1,
    0x52, 0xf1, 0x53, 0x11, 0x53, 0x32, 0x53, 0x32, 0x53, 0x52, 0x53, 0x52, 0x53, 0x53, 0x53, 0x53,
    0x53, 0x73, 0x53, 0x73, 0x53, 0x73, 0x53, 0x94, 0x53, 0x94, 0x53, 0x94, 0x53, 0x94, 0x53, 0xb4,
    0x53, 0xb4, 0x53, 0xb4, 0x5b, 0xb4, 0x5b, 0xd4, 0x5b, 0xd5, 0x5b, 0xd5, 0x5b, 0xd5, 0x5b, 0xd5,
    0x5b, 0xd5, 0x5b, 0xd4, 0x5b, 0xb4, 0x5b, 0xb4, 0x53, 0xb4, 0x53, 0xb4, 0x53, 0x73, 0x63, 0xf5,
    0x53, 0x93, 0x4b, 0x53, 0x32, 0x6f, 0x09, 0x2a, 0x09, 0x2b, 0x09, 0x2b, 0x11, 0x4b, 0x11, 0x6b,
    0x00, 0xc9, 0x2a, 0x0e, 0x5b, 0x94, 0x09, 0x2a, 0x00, 0xe9, 0x09, 0x09, 0x08, 0xe9, 0x09, 0x0a,
    0x00, 0xc9, 0x00, 0xe9, 0x19, 0x4b, 0x53, 0x32, 0x11, 0x0a, 0x00, 0xa8, 0x08, 0xc8, 0x08, 0xc8,
    0x08, 0xc8, 0x08, 0xc8, 0x08, 0xa7, 0x08, 0xa7, 0x10, 0xa7, 0x08, 0xa7, 0x08, 0xa7, 0x08, 0xc7,
    0x08, 0xc7, 0x08, 0xc7, 0x08, 0xc7, 0x08, 0xa6, 0x08, 0xa6, 0x08, 0xa6, 0x08, 0xa6, 0x08, 0xa6,
    0x08, 0xa6, 0x08, 0xa6, 0x08, 0xa6, 0x08, 0xa6, 0x08, 0xa6, 0x08, 0xa6, 0x08, 0xa7, 0x08, 0xa6,
    0x08, 0xa6, 0x08, 0xa6, 0x08, 0xa6, 0x08, 0xa6, 0x08, 0xa6, 0x08, 0xa6, 0x08, 0xa6, 0x08, 0xa6,
    0x08, 0xa6, 0x08, 0xa6, 0x08, 0xa6, 0x08, 0xa6, 0x08, 0xa6, 0x08, 0xa6, 0x10, 0xa6, 0x10, 0xa7,
    0x08, 0x66, 0x00, 0x66, 0x10, 0xc7, 0x00, 0x86, 0x00, 0x46, 0x00, 0x87, 0x3a, 0x4e, 0x19, 0x29,
    0x00, 0x87, 0x00, 0x86, 0x08, 0xa7, 0x08, 0x86, 0x10, 0xa7, 0x08, 0x86, 0x08, 0x66, 0x19, 0x28,
    0x08, 0xa6, 0x08, 0xa6, 0x08, 0xa6, 0x08, 0xa6, 0x08, 0xa6, 0x08, 0xa6, 0x08, 0xa6, 0x08, 0xa6,
    0x08, 0xa6, 0x08, 0xa6, 0x08, 0xa6, 0x08, 0xa6, 0x08, 0xa6, 0x08, 0xa6, 0x08, 0xc7, 0x08, 0xc7,
    0x08, 0xc7, 0x08, 0xc7, 0x08, 0xc7, 0x08, 0xc7, 0x08, 0xc7, 0x08, 0xc7, 0x08, 0xc7, 0x08, 0xc7,
    0x08, 0xc7, 0x08, 0xc7, 0x08, 0xc7, 0x08, 0xe7, 0x08, 0xe7, 0x08, 0xe7, 0x08, 0xe7, 0x08, 0xe7,
    0x08, 0xe7, 0x08, 0xe7, 0x08, 0xe8, 0x08, 0xe8, 0x08, 0xe8, 0x08, 0xe8, 0x08, 0xe8, 0x08, 0xe8,
    0x08, 0xe8, 0x08, 0xe8, 0x09, 0x08, 0x09, 0x08, 0x08, 0xe8, 0x08, 0xe8, 0x09, 0x08, 0x09, 0x08,
    0x09, 0x08, 0x09, 0x08, 0x09, 0x08, 0x09, 0x08, 0x09, 0x08, 0x09, 0x08, 0x09, 0x08, 0x09, 0x08,
    0x09, 0x08, 0x09, 0x08, 0x09, 0x08, 0x09, 0x08, 0x09, 0x08, 0x09, 0x08, 0x09, 0x08, 0x01, 0x08,
    0x08, 0xe9, 0x08, 0xe9, 0x08, 0xe9, 0x08, 0xe9, 0x08, 0xe9, 0x08, 0xe8, 0x08, 0xe8, 0x10, 0xe8,
    0x19, 0x49, 0x00, 0x86, 0x19, 0x4a, 0x08, 0xc8, 0x08, 0xc9, 0x00, 0x88, 0x53, 0x12, 0x21, 0xad,
    0x00, 0x88, 0x11, 0x0a, 0x08, 0xa9, 0x11, 0x0a, 0x00, 0xa9, 0x00, 0x88, 0x3a, 0x70, 0x32, 0x2f,
    0x00, 0xea, 0x00, 0xea, 0x11, 0xae, 0x11, 0xce, 0x11, 0xce, 0x01, 0x8d, 0x01, 0xce, 0x01, 0xce,
    0x01, 0xce, 0x01, 0xce, 0x01, 0xce, 0x01, 0xce, 0x01, 0xce, 0x01, 0xce, 0x01, 0xce, 0x01, 0xce,
    0x01, 0xce, 0x01, 0xce, 0x01, 0xce, 0x01, 0xce, 0x01, 0xce, 0x01, 0xce, 0x01, 0xce, 0x01, 0xce,
    0x01, 0xce, 0x01, 0xce, 0x01, 0xce, 0x01, 0xce, 0x01, 0xce, 0x01, 0xce, 0x01, 0xce, 0x01, 0xce,
    0x01, 0xae, 0x01, 0xae, 0x01, 0xae, 0x01, 0xae, 0x09, 0xae, 0x09, 0xae, 0x11, 0xcd, 0x01, 0x2a,
    0x00, 0xa8, 0x00, 0xc8, 0x00, 0xe9, 0x08, 0xe9, 0x08, 0xe9, 0x11, 0x09, 0x21, 0x6b, 0x00, 0x26,
    0x00, 0x46, 0x4a, 0xb0, 0x4a, 0xb0, 0x00, 0x47, 0x19, 0x4b, 0x00, 0x68, 0x29, 0xcd, 0x42, 0x70,
    0x42, 0xb1, 0x42, 0x70, 0x42, 0x90, 0x4a, 0xb0, 0x42, 0x6f, 0x3a, 0x4f, 0x42, 0x6f, 0x42, 0x6f,
    0x42, 0x6f, 0x42, 0x6f, 0x42, 0x6f, 0x42, 0x6f, 0x42, 0x6f, 0x42, 0x6f, 0x42, 0x6f, 0x42, 0x6f,
    0x42, 0x6f, 0x42, 0x6f, 0x42, 0x6f, 0x42, 0x6f, 0x42, 0x6f, 0x42, 0x6f, 0x42, 0x6f, 0x42, 0x6f,
    0x42, 0x6f, 0x42, 0x6f, 0x42, 0x6f, 0x42, 0x6f, 0x42, 0x6f, 0x42, 0x6f, 0x4a, 0x90, 0x4a, 0x90,
    0x4a, 0x90, 0x4a, 0x90, 0x4a, 0x90, 0x4a, 0x90, 0x4a, 0x90, 0x4a, 0x90, 0x4a, 0x90, 0x4a, 0x90,
    0x4a, 0x90, 0x4a, 0x90, 0x4a, 0x90, 0x4a, 0x90, 0x4a, 0x90, 0x4a, 0x90, 0x4a, 0x6f, 0x4a, 0x6f,
    0x4a, 0x6f, 0x4a, 0x6f, 0x4a, 0x6f, 0x4a, 0x6f, 0x4a, 0x6f, 0x4a, 0x8f, 0x42, 0x6f, 0x42, 0x6f,
    0x42, 0x6f, 0x42, 0x8f, 0x4a, 0x90, 0x4a, 0xb0, 0x4a, 0xb0, 0x4a, 0xb0, 0x4a, 0xb0, 0x4a, 0xd0,
    0x4a, 0xd1, 0x4a, 0xf1, 0x52, 0xf1, 0x53, 0x11, 0x53, 0x12, 0x53, 0x32, 0x53, 0x53, 0x53, 0x53,
    0x53, 0x53, 0x53, 0x73, 0x53, 0x73, 0x53, 0x73, 0x53, 0x73, 0x53, 0x94, 0x53, 0x94, 0x53, 0x94,
    0x53, 0x94, 0x5b, 0xb4, 0x5b, 0xb5, 0x5b, 0xd5, 0x5b, 0xd5, 0x5b, 0xd5, 0x5b, 0xd5, 0x5b, 0xd5,
    0x5b, 0xb5, 0x5b, 0xb4, 0x5b, 0xb4, 0x5b, 0xb4, 0x53, 0x94, 0x53, 0x94, 0x4b, 0x52, 0x5b, 0xb4,
    0x53, 0xb4, 0x4b, 0x52, 0x5b, 0xb4, 0x3a, 0xb1, 0x00, 0xc9, 0x09, 0x2b, 0x00, 0xea, 0x11, 0x8c,
    0x01, 0x0a, 0x00, 0xc9, 0x42, 0xf1, 0x3a, 0x90, 0x09, 0x0a, 0x00, 0xe9, 0x08, 0xe9, 0x09, 0x0a,
    0x00, 0xc9, 0x11, 0x4a, 0x00, 0x67, 0x3a, 0x8f, 0x42, 0x90, 0x08, 0xa8, 0x08, 0xc8, 0x08, 0xc8,
    0x08, 0xc8, 0x08, 0xc8, 0x08, 0xa7, 0x08, 0xa7, 0x10, 0xa7, 0x08, 0xa7, 0x08, 0xa7, 0x08, 0xc7,
    0x08, 0xc7, 0x08, 0xc7, 0x08, 0xc7, 0x08, 0xa6, 0x08, 0xa6, 0x08, 0xa6, 0x08, 0xa6, 0x08, 0xa6,
    0x08, 0xa6, 0x08, 0xa6, 0x08, 0xa6, 0x08, 0xa6, 0x08, 0xa6, 0x08, 0xa6, 0x08, 0xa7, 0x08, 0xa6,
    0x08, 0xa6, 0x08, 0xa6, 0x08, 0xa6, 0x08, 0xa6, 0x08, 0xa6, 0x08, 0xa6, 0x08, 0xa6, 0x08, 0xa6,
    0x08, 0xa6, 0x08, 0xa6, 0x08, 0xa6, 0x08, 0xa6, 0x08, 0xa6, 0x08, 0xa6, 0x08, 0x86, 0x10, 0xa7,
    0x08, 0x86, 0x08, 0x86, 0x10, 0xc8, 0x00, 0x66, 0x00, 0x66, 0x19, 0x4a, 0x32, 0x0d, 0x00, 0x67,
    0x08, 0xa7, 0x08, 0xa7, 0x08, 0x66, 0x08, 0x86, 0x08, 0x86, 0x08, 0x66, 0x08, 0x65, 0x19, 0x28,
    0x08, 0xa6, 0x08, 0xa6, 0x08, 0xa6, 0x08, 0xa6, 0x08, 0xa6, 0x08, 0xa6, 0x08, 0xa6, 0x08, 0xa6,
    0x08, 0xa6, 0x08, 0xa6, 0x08, 0xa6, 0x08, 0xa6, 0x08, 0xa6, 0x08, 0xa6, 0x08, 0xc7, 0x08, 0xc7,
    0x08, 0xc7, 0x08, 0xc7, 0x08, 0xc7, 0x08, 0xc7, 0x08, 0xc7, 0x08, 0xc7, 0x08, 0xc7, 0x08, 0xc7,
    0x08, 0xc7, 0x08, 0xc7, 0x08, 0xc7, 0x08, 0xe7, 0x08, 0xc7, 0x08, 0xe7, 0x08, 0xe7, 0x08, 0xe7,
    0x08, 0xe7, 0x08, 0xe7, 0x08, 0xe8, 0x08, 0xe8, 0x08, 0xe8, 0x08, 0xe8, 0x08, 0xe8, 0x08, 0xe8,
    0x08, 0xe8, 0x09, 0x08, 0x09, 0x08, 0x09, 0x08, 0x09, 0x09, 0x09, 0x09, 0x08, 0xe8, 0x09, 0x08,
    0x09, 0x08, 0x09, 0x08, 0x09, 0x08, 0x09, 0x08, 0x09, 0x08, 0x09, 0x08, 0x09, 0x08, 0x09, 0x08,
    0x09, 0x08, 0x09, 0x08, 0x09, 0x08, 0x09, 0x08, 0x09, 0x08, 0x09, 0x08, 0x09, 0x08, 0x08, 0xe9,
    0x08, 0xe9, 0x08, 0xe9, 0x08, 0xe9, 0x08, 0xe9, 0x08, 0xe9, 0x08, 0xe8, 0x11, 0x09, 0x08, 0xe8,
    0x11, 0x08, 0x11, 0x29, 0x00, 0x66, 0x11, 0x29, 0x08, 0xe9, 0x00, 0x88, 0x32, 0x2f, 0x5b, 0x53,
    0x08, 0xea, 0x08, 0xa9, 0x00, 0x88, 0x08, 0xc9, 0x08, 0xa9, 0x08, 0xc9, 0x08, 0xea, 0x4b, 0x13,
    0x09, 0x0b, 0x00, 0xa9, 0x11, 0xad, 0x09, 0x6c, 0x11, 0xef, 0x01, 0x6d, 0x09, 0xae, 0x01, 0xaf,
    0x01, 0xaf, 0x01, 0xae, 0x01, 0xae, 0x01, 0xce, 0x01, 0xce, 0x01, 0xce, 0x01, 0xce, 0x01, 0xce,
    0x01, 0xce, 0x01, 0xce, 0x01, 0xce, 0x01, 0xce, 0x01, 0xce, 0x01, 0xce, 0x01, 0xce, 0x01, 0xce,
    0x01, 0xce, 0x01, 0xce, 0x01, 0xce, 0x01, 0xce, 0x01, 0xce, 0x01, 0xce, 0x01, 0xce, 0x01, 0xce,
    0x01, 0xae, 0x01, 0xae, 0x01, 0xae, 0x01, 0xae, 0x01, 0xae, 0x09, 0xae, 0x09, 0x4b, 0x00, 0xe9,
    0x00, 0xc8, 0x00, 0xe9, 0x08, 0xe9, 0x00, 0xc8, 0x08, 0xc8, 0x11, 0x09, 0x08, 0xc8, 0x19, 0x2a,
    0x21, 0x8b, 0x5b, 0x32, 0x08, 0xc9, 0x00, 0x88, 0x19, 0x2b, 0x00, 0x47, 0x53, 0x32, 0x29, 0xed,
    0x00, 0x88, 0x00, 0x47, 0x00, 0x88, 0x00, 0x47, 0x00, 0x26, 0x08, 0xa8, 0x00, 0x47, 0x00, 0x46,
    0x00, 0x46, 0x00, 0x46, 0x00, 0x46, 0x00, 0x46, 0x00, 0x46, 0x00, 0x46, 0x00, 0x46, 0x00, 0x46,
    0x00, 0x46, 0x00, 0x46, 0x00, 0x46, 0x00, 0x47, 0x00, 0x27, 0x00, 0x47, 0x00, 0x27, 0x00, 0x47,
    0x00, 0x27, 0x00, 0x27, 0x00, 0x27, 0x00, 0x27, 0x00, 0x27, 0x00, 0x27, 0x00, 0x47, 0x00, 0x47,
    0x00, 0x47, 0x00, 0x47, 0x00, 0x47, 0x00, 0x47, 0x00, 0x47, 0x00, 0x47, 0x00, 0x47, 0x00, 0x47,
    0x00, 0x47, 0x00, 0x47, 0x00, 0x47, 0x00, 0x47, 0x00, 0x47, 0x00, 0x47, 0x00, 0x46, 0x00, 0x46,
    0x00, 0x46, 0x00, 0x46, 0x00, 0x46, 0x00, 0x46, 0x00, 0x46, 0x00, 0x46, 0x00, 0x67, 0x00, 0x67,
    0x00, 0x67, 0x00, 0x67, 0x00, 0x67, 0x00, 0x67, 0x00, 0x67, 0x00, 0x67, 0x00, 0x67, 0x00, 0x87,
    0x00, 0x87, 0x00, 0x87, 0x00, 0x87, 0x00, 0x88, 0x00, 0x88, 0x00, 0x88, 0x00, 0xa8, 0x00, 0xc8,
    0x00, 0xc9, 0x00, 0xc9, 0x00, 0xe9, 0x00, 0xe9, 0x00, 0xe9, 0x00, 0xe9, 0x00, 0xe9, 0x00, 0xe9,
    0x00, 0xe9, 0x00, 0xea, 0x00, 0xea, 0x01, 0x0a, 0x01, 0x0a, 0x01, 0x0a, 0x01, 0x0a, 0x01, 0x0a,
    0x01, 0x0a, 0x00, 0xe9, 0x00, 0xe9, 0x00, 0xe9, 0x00, 0xc9, 0x00, 0xc9, 0x01, 0x09, 0x00, 0xe9,
    0x00, 0xc9, 0x00, 0xa8, 0x53, 0xb4, 0x5b, 0xf5, 0x00, 0x88, 0x11, 0x8c, 0x09, 0x2b, 0x01, 0x0a,
    0x11, 0x4b, 0x00, 0xe9, 0x11, 0x8b, 0x63, 0xf5, 0x19, 0x8c, 0x09, 0x2a, 0x00, 0xc9, 0x11, 0x2a,
    0x09, 0x2a, 0x08, 0xc9, 0x08, 0xe9, 0x11, 0x0a, 0x63, 0x94, 0x08, 0xe9, 0x08, 0xc8, 0x08, 0xc8,
    0x08, 0xc8, 0x08, 0xc8, 0x08, 0xa7, 0x08, 0xa7, 0x08, 0xa7, 0x08, 0xa7, 0x08, 0xa7, 0x08, 0xc7,
    0x08, 0xa7, 0x08, 0xc7, 0x08, 0xa7, 0x08, 0xa6, 0x08, 0xa7, 0x08, 0xa6, 0x08, 0xa7, 0x08, 0xa6,
    0x08, 0xa7, 0x08, 0xa6, 0x08, 0xa7, 0x08, 0xa6, 0x08, 0xa7, 0x08, 0xa6, 0x08, 0xa7, 0x08, 0xa6,
    0x08, 0xa6, 0x08, 0xa6, 0x08, 0xa6, 0x08, 0xa6, 0x08, 0xa6, 0x08, 0xa6, 0x08, 0xa6, 0x08, 0xa6,
    0x08, 0xa6, 0x08, 0xa6, 0x08, 0xa6, 0x08, 0xa6, 0x08, 0xa6, 0x08, 0xa6, 0x08, 0x86, 0x10, 0xc7,
    0x08, 0x86, 0x08, 0xa7, 0x10, 0xe8, 0x00, 0x66, 0x08, 0xa8, 0x3a, 0x2e, 0x11, 0x09, 0x08, 0xc8,
    0x00, 0x46, 0x08, 0xc7, 0x00, 0x66, 0x08, 0x86, 0x00, 0x66, 0x08, 0xa6, 0x08, 0x65, 0x19, 0x28,
};

const lv_img_dsc_t img_bg_tech = {
    .header.cf = LV_IMG_CF_TRUE_COLOR,
    .header.always_zero = 0,
    .header.reserved = 0,
    .header.w = 320,
    .header.h = 240,
    .data_size = 153600,
    .data = img_bg_tech_map,
};
