#pragma once
// SINH TỰ ĐỘNG bởi tools/make_vlw.py — ĐỪNG SỬA TAY.
// Chạy lại: python tools/make_vlw.py
//
// Font VLW (smooth font của TFT_eSPI), có đủ dấu tiếng Việt.
// Nguồn: arialbd.ttf @ 17px · 230 glyph · ascent 16 · descent 4
// Nạp bằng: tft.loadFont(VietFontLabel);
#include <pgmspace.h>

const uint8_t VietFontLabel[] PROGMEM = {
  0x00,0x00,0x00,0xE6,0x00,0x00,0x00,0x0B,0x00,0x00,0x00,0x11,0x00,0x00,0x00,0x00,
  0x00,0x00,0x00,0x10,0x00,0x00,0x00,0x04,0x00,0x00,0x00,0x20,0x00,0x00,0x00,0x00,
  0x00,0x00,0x00,0x00,0x00,0x00,0x00,0x05,0x00,0x00,0x00,0x00,0x00,0x00,0x00,0x00,
  0x00,0x00,0x00,0x00,0x00,0x00,0x00,0x21,0x00,0x00,0x00,0x0C,0x00,0x00,0x00,0x06,
  0x00,0x00,0x00,0x06,0x00,0x00,0x00,0x0C,0x00,0x00,0x00,0x00,0x00,0x00,0x00,0x00,
  0x00,0x00,0x00,0x22,0x00,0x00,0x00,0x0C,0x00,0x00,0x00,0x08,0x00,0x00,0x00,0x08,
  0x00,0x00,0x00,0x0C,0x00,0x00,0x00,0x00,0x00,0x00,0x00,0x00,0x00,0x00,0x00,0x23,
  0x00,0x00,0x00,0x0C,0x00,0x00,0x00,0x0A,0x00,0x00,0x00,0x09,0x00,0x00,0x00,0x0C,
  0x00,0x00,0x00,0x00,0x00,0x00,0x00,0x00,0x00,0x00,0x00,0x24,0x00,0x00,0x00,0x0F,
  0x00,0x00,0x00,0x09,0x00,0x00,0x00,0x09,0x00,0x00,0x00,0x0D,0x00,0x00,0x00,0x00,
  0x00,0x00,0x00,0x00,0x00,0x00,0x00,0x25,0x00,0x00,0x00,0x0C,0x00,0x00,0x00,0x0F,
  0x00,0x00,0x00,0x0F,0x00,0x00,0x00,0x0C,0x00,0x00,0x00,0x00,0x00,0x00,0x00,0x00,
  0x00,0x00,0x00,0x26,0x00,0x00,0x00,0x0C,0x00,0x00,0x00,0x0C,0x00,0x00,0x00,0x0C,
  0x00,0x00,0x00,0x0C,0x00,0x00,0x00,0x00,0x00,0x00,0x00,0x00,0x00,0x00,0x00,0x27,
  0x00,0x00,0x00,0x0C,0x00,0x00,0x00,0x04,0x00,0x00,0x00,0x04,0x00,0x00,0x00,0x0C,
  0x00,0x00,0x00,0x00,0x00,0x00,0x00,0x00,0x00,0x00,0x00,0x28,0x00,0x00,0x00,0x0F,
  0x00,0x00,0x00,0x06,0x00,0x00,0x00,0x06,0x00,0x00,0x00,0x0C,0x00,0x00,0x00,0x00,
  0x00,0x00,0x00,0x00,0x00,0x00,0x00,0x29,0x00,0x00,0x00,0x0F,0x00,0x00,0x00,0x06,
  0x00,0x00,0x00,0x06,0x00,0x00,0x00,0x0C,0x00,0x00,0x00,0x00,0x00,0x00,0x00,0x00,
  0x00,0x00,0x00,0x2A,0x00,0x00,0x00,0x0C,0x00,0x00,0x00,0x07,0x00,0x00,0x00,0x07,
  0x00,0x00,0x00,0x0C,0x00,0x00,0x00,0x00,0x00,0x00,0x00,0x00,0x00,0x00,0x00,0x2B,
  0x00,0x00,0x00,0x0A,0x00,0x00,0x00,0x0A,0x00,0x00,0x00,0x0A,0x00,0x00,0x00,0x0A,
  0x00,0x00,0x00,0x00,0x00,0x00,0x00,0x00,0x00,0x00,0x00,0x2C,0x00,0x00,0x00,0x05,
  0x00,0x00,0x00,0x05,0x00,0x00,0x00,0x05,0x00,0x00,0x00,0x02,0x00,0x00,0x00,0x00,
  0x00,0x00,0x00,0x00,0x00,0x00,0x00,0x2D,0x00,0x00,0x00,0x05,0x00,0x00,0x00,0x06,
  0x00,0x00,0x00,0x06,0x00,0x00,0x00,0x05,0x00,0x00,0x00,0x00,0x00,0x00,0x00,0x00,
  0x00,0x00,0x00,0x2E,0x00,0x00,0x00,0x02,0x00,0x00,0x00,0x05,0x00,0x00,0x00,0x05,
  0x00,0x00,0x00,0x02,0x00,0x00,0x00,0x00,0x00,0x00,0x00,0x00,0x00,0x00,0x00,0x2F,
  0x00,0x00,0x00,0x0C,0x00,0x00,0x00,0x06,0x00,0x00,0x00,0x05,0x00,0x00,0x00,0x0C,
  0xFF,0xFF,0xFF,0xFF,0x00,0x00,0x00,0x00,0x00,0x00,0x00,0x30,0x00,0x00,0x00,0x0C,
  0x00,0x00,0x00,0x09,0x00,0x00,0x00,0x09,0x00,0x00,0x00,0x0C,0x00,0x00,0x00,0x00,
  0x00,0x00,0x00,0x00,0x00,0x00,0x00,0x31,0x00,0x00,0x00,0x0C,0x00,0x00,0x00,0x09,
  0x00,0x00,0x00,0x09,0x00,0x00,0x00,0x0C,0x00,0x00,0x00,0x00,0x00,0x00,0x00,0x00,
  0x00,0x00,0x00,0x32,0x00,0x00,0x00,0x0C,0x00,0x00,0x00,0x09,0x00,0x00,0x00,0x09,
  0x00,0x00,0x00,0x0C,0x00,0x00,0x00,0x00,0x00,0x00,0x00,0x00,0x00,0x00,0x00,0x33,
  0x00,0x00,0x00,0x0C,0x00,0x00,0x00,0x09,0x00,0x00,0x00,0x09,0x00,0x00,0x00,0x0C,
  0x00,0x00,0x00,0x00,0x00,0x00,0x00,0x00,0x00,0x00,0x00,0x34,0x00,0x00,0x00,0x0C,
  0x00,0x00,0x00,0x0A,0x00,0x00,0x00,0x09,0x00,0x00,0x00,0x0C,0x00,0x00,0x00,0x00,
  0x00,0x00,0x00,0x00,0x00,0x00,0x00,0x35,0x00,0x00,0x00,0x0C,0x00,0x00,0x00,0x09,
  0x00,0x00,0x00,0x09,0x00,0x00,0x00,0x0C,0x00,0x00,0x00,0x00,0x00,0x00,0x00,0x00,
  0x00,0x00,0x00,0x36,0x00,0x00,0x00,0x0C,0x00,0x00,0x00,0x09,0x00,0x00,0x00,0x09,
  0x00,0x00,0x00,0x0C,0x00,0x00,0x00,0x00,0x00,0x00,0x00,0x00,0x00,0x00,0x00,0x37,
  0x00,0x00,0x00,0x0C,0x00,0x00,0x00,0x09,0x00,0x00,0x00,0x09,0x00,0x00,0x00,0x0C,
  0x00,0x00,0x00,0x00,0x00,0x00,0x00,0x00,0x00,0x00,0x00,0x38,0x00,0x00,0x00,0x0C,
  0x00,0x00,0x00,0x09,0x00,0x00,0x00,0x09,0x00,0x00,0x00,0x0C,0x00,0x00,0x00,0x00,
  0x00,0x00,0x00,0x00,0x00,0x00,0x00,0x39,0x00,0x00,0x00,0x0C,0x00,0x00,0x00,0x09,
  0x00,0x00,0x00,0x09,0x00,0x00,0x00,0x0C,0x00,0x00,0x00,0x00,0x00,0x00,0x00,0x00,
  0x00,0x00,0x00,0x3A,0x00,0x00,0x00,0x09,0x00,0x00,0x00,0x06,0x00,0x00,0x00,0x06,
  0x00,0x00,0x00,0x09,0x00,0x00,0x00,0x00,0x00,0x00,0x00,0x00,0x00,0x00,0x00,0x3B,
  0x00,0x00,0x00,0x0C,0x00,0x00,0x00,0x06,0x00,0x00,0x00,0x06,0x00,0x00,0x00,0x09,
  0x00,0x00,0x00,0x00,0x00,0x00,0x00,0x00,0x00,0x00,0x00,0x3C,0x00,0x00,0x00,0x0A,
  0x00,0x00,0x00,0x0A,0x00,0x00,0x00,0x0A,0x00,0x00,0x00,0x0A,0x00,0x00,0x00,0x00,
  0x00,0x00,0x00,0x00,0x00,0x00,0x00,0x3D,0x00,0x00,0x00,0x09,0x00,0x00,0x00,0x0A,
  0x00,0x00,0x00,0x0A,0x00,0x00,0x00,0x09,0x00,0x00,0x00,0x00,0x00,0x00,0x00,0x00,
  0x00,0x00,0x00,0x3E,0x00,0x00,0x00,0x0A,0x00,0x00,0x00,0x0A,0x00,0x00,0x00,0x0A,
  0x00,0x00,0x00,0x0A,0x00,0x00,0x00,0x00,0x00,0x00,0x00,0x00,0x00,0x00,0x00,0x3F,
  0x00,0x00,0x00,0x0C,0x00,0x00,0x00,0x0A,0x00,0x00,0x00,0x0A,0x00,0x00,0x00,0x0C,
  0x00,0x00,0x00,0x00,0x00,0x00,0x00,0x00,0x00,0x00,0x00,0x40,0x00,0x00,0x00,0x10,
  0x00,0x00,0x00,0x11,0x00,0x00,0x00,0x11,0x00,0x00,0x00,0x0C,0x00,0x00,0x00,0x00,
  0x00,0x00,0x00,0x00,0x00,0x00,0x00,0x41,0x00,0x00,0x00,0x0C,0x00,0x00,0x00,0x0D,
  0x00,0x00,0x00,0x0C,0x00,0x00,0x00,0x0C,0x00,0x00,0x00,0x00,0x00,0x00,0x00,0x00,
  0x00,0x00,0x00,0x42,0x00,0x00,0x00,0x0C,0x00,0x00,0x00,0x0C,0x00,0x00,0x00,0x0C,
  0x00,0x00,0x00,0x0C,0x00,0x00,0x00,0x00,0x00,0x00,0x00,0x00,0x00,0x00,0x00,0x43,
  0x00,0x00,0x00,0x0C,0x00,0x00,0x00,0x0C,0x00,0x00,0x00,0x0C,0x00,0x00,0x00,0x0C,
  0x00,0x00,0x00,0x00,0x00,0x00,0x00,0x00,0x00,0x00,0x00,0x44,0x00,0x00,0x00,0x0C,
  0x00,0x00,0x00,0x0C,0x00,0x00,0x00,0x0C,0x00,0x00,0x00,0x0C,0x00,0x00,0x00,0x00,
  0x00,0x00,0x00,0x00,0x00,0x00,0x00,0x45,0x00,0x00,0x00,0x0C,0x00,0x00,0x00,0x0B,
  0x00,0x00,0x00,0x0B,0x00,0x00,0x00,0x0C,0x00,0x00,0x00,0x00,0x00,0x00,0x00,0x00,
  0x00,0x00,0x00,0x46,0x00,0x00,0x00,0x0C,0x00,0x00,0x00,0x0A,0x00,0x00,0x00,0x0A,
  0x00,0x00,0x00,0x0C,0x00,0x00,0x00,0x00,0x00,0x00,0x00,0x00,0x00,0x00,0x00,0x47,
  0x00,0x00,0x00,0x0C,0x00,0x00,0x00,0x0D,0x00,0x00,0x00,0x0D,0x00,0x00,0x00,0x0C,
  0x00,0x00,0x00,0x00,0x00,0x00,0x00,0x00,0x00,0x00,0x00,0x48,0x00,0x00,0x00,0x0C,
  0x00,0x00,0x00,0x0C,0x00,0x00,0x00,0x0C,0x00,0x00,0x00,0x0C,0x00,0x00,0x00,0x00,
  0x00,0x00,0x00,0x00,0x00,0x00,0x00,0x49,0x00,0x00,0x00,0x0C,0x00,0x00,0x00,0x05,
  0x00,0x00,0x00,0x05,0x00,0x00,0x00,0x0C,0x00,0x00,0x00,0x00,0x00,0x00,0x00,0x00,
  0x00,0x00,0x00,0x4A,0x00,0x00,0x00,0x0C,0x00,0x00,0x00,0x09,0x00,0x00,0x00,0x09,
  0x00,0x00,0x00,0x0C,0x00,0x00,0x00,0x00,0x00,0x00,0x00,0x00,0x00,0x00,0x00,0x4B,
  0x00,0x00,0x00,0x0C,0x00,0x00,0x00,0x0D,0x00,0x00,0x00,0x0C,0x00,0x00,0x00,0x0C,
  0x00,0x00,0x00,0x00,0x00,0x00,0x00,0x00,0x00,0x00,0x00,0x4C,0x00,0x00,0x00,0x0C,
  0x00,0x00,0x00,0x0A,0x00,0x00,0x00,0x0A,0x00,0x00,0x00,0x0C,0x00,0x00,0x00,0x00,
  0x00,0x00,0x00,0x00,0x00,0x00,0x00,0x4D,0x00,0x00,0x00,0x0C,0x00,0x00,0x00,0x0E,
  0x00,0x00,0x00,0x0E,0x00,0x00,0x00,0x0C,0x00,0x00,0x00,0x00,0x00,0x00,0x00,0x00,
  0x00,0x00,0x00,0x4E,0x00,0x00,0x00,0x0C,0x00,0x00,0x00,0x0C,0x00,0x00,0x00,0x0C,
  0x00,0x00,0x00,0x0C,0x00,0x00,0x00,0x00,0x00,0x00,0x00,0x00,0x00,0x00,0x00,0x4F,
  0x00,0x00,0x00,0x0C,0x00,0x00,0x00,0x0D,0x00,0x00,0x00,0x0D,0x00,0x00,0x00,0x0C,
  0x00,0x00,0x00,0x00,0x00,0x00,0x00,0x00,0x00,0x00,0x00,0x50,0x00,0x00,0x00,0x0C,
  0x00,0x00,0x00,0x0B,0x00,0x00,0x00,0x0B,0x00,0x00,0x00,0x0C,0x00,0x00,0x00,0x00,
  0x00,0x00,0x00,0x00,0x00,0x00,0x00,0x51,0x00,0x00,0x00,0x0D,0x00,0x00,0x00,0x0D,
  0x00,0x00,0x00,0x0D,0x00,0x00,0x00,0x0C,0x00,0x00,0x00,0x00,0x00,0x00,0x00,0x00,
  0x00,0x00,0x00,0x52,0x00,0x00,0x00,0x0C,0x00,0x00,0x00,0x0D,0x00,0x00,0x00,0x0C,
  0x00,0x00,0x00,0x0C,0x00,0x00,0x00,0x00,0x00,0x00,0x00,0x00,0x00,0x00,0x00,0x53,
  0x00,0x00,0x00,0x0C,0x00,0x00,0x00,0x0B,0x00,0x00,0x00,0x0B,0x00,0x00,0x00,0x0C,
  0x00,0x00,0x00,0x00,0x00,0x00,0x00,0x00,0x00,0x00,0x00,0x54,0x00,0x00,0x00,0x0C,
  0x00,0x00,0x00,0x0B,0x00,0x00,0x00,0x0A,0x00,0x00,0x00,0x0C,0x00,0x00,0x00,0x00,
  0x00,0x00,0x00,0x00,0x00,0x00,0x00,0x55,0x00,0x00,0x00,0x0C,0x00,0x00,0x00,0x0C,
  0x00,0x00,0x00,0x0C,0x00,0x00,0x00,0x0C,0x00,0x00,0x00,0x00,0x00,0x00,0x00,0x00,
  0x00,0x00,0x00,0x56,0x00,0x00,0x00,0x0C,0x00,0x00,0x00,0x0D,0x00,0x00,0x00,0x0B,
  0x00,0x00,0x00,0x0C,0xFF,0xFF,0xFF,0xFF,0x00,0x00,0x00,0x00,0x00,0x00,0x00,0x57,
  0x00,0x00,0x00,0x0C,0x00,0x00,0x00,0x11,0x00,0x00,0x00,0x10,0x00,0x00,0x00,0x0C,
  0x00,0x00,0x00,0x00,0x00,0x00,0x00,0x00,0x00,0x00,0x00,0x58,0x00,0x00,0x00,0x0C,
  0x00,0x00,0x00,0x0C,0x00,0x00,0x00,0x0B,0x00,0x00,0x00,0x0C,0x00,0x00,0x00,0x00,
  0x00,0x00,0x00,0x00,0x00,0x00,0x00,0x59,0x00,0x00,0x00,0x0C,0x00,0x00,0x00,0x0D,
  0x00,0x00,0x00,0x0B,0x00,0x00,0x00,0x0C,0xFF,0xFF,0xFF,0xFF,0x00,0x00,0x00,0x00,
  0x00,0x00,0x00,0x5A,0x00,0x00,0x00,0x0C,0x00,0x00,0x00,0x0B,0x00,0x00,0x00,0x0A,
  0x00,0x00,0x00,0x0C,0x00,0x00,0x00,0x00,0x00,0x00,0x00,0x00,0x00,0x00,0x00,0x5B,
  0x00,0x00,0x00,0x0F,0x00,0x00,0x00,0x06,0x00,0x00,0x00,0x06,0x00,0x00,0x00,0x0C,
  0x00,0x00,0x00,0x00,0x00,0x00,0x00,0x00,0x00,0x00,0x00,0x5C,0x00,0x00,0x00,0x0C,
  0x00,0x00,0x00,0x06,0x00,0x00,0x00,0x05,0x00,0x00,0x00,0x0C,0xFF,0xFF,0xFF,0xFF,
  0x00,0x00,0x00,0x00,0x00,0x00,0x00,0x5D,0x00,0x00,0x00,0x0F,0x00,0x00,0x00,0x06,
  0x00,0x00,0x00,0x06,0x00,0x00,0x00,0x0C,0x00,0x00,0x00,0x00,0x00,0x00,0x00,0x00,
  0x00,0x00,0x00,0x5E,0x00,0x00,0x00,0x0C,0x00,0x00,0x00,0x0A,0x00,0x00,0x00,0x0A,
  0x00,0x00,0x00,0x0C,0x00,0x00,0x00,0x00,0x00,0x00,0x00,0x00,0x00,0x00,0x00,0x5F,
  0x00,0x00,0x00,0x03,0x00,0x00,0x00,0x0B,0x00,0x00,0x00,0x09,0x00,0x00,0x00,0x00,
  0xFF,0xFF,0xFF,0xFF,0x00,0x00,0x00,0x00,0x00,0x00,0x00,0x60,0x00,0x00,0x00,0x0C,
  0x00,0x00,0x00,0x06,0x00,0x00,0x00,0x06,0x00,0x00,0x00,0x0C,0x00,0x00,0x00,0x00,
  0x00,0x00,0x00,0x00,0x00,0x00,0x00,0x61,0x00,0x00,0x00,0x09,0x00,0x00,0x00,0x09,
  0x00,0x00,0x00,0x09,0x00,0x00,0x00,0x09,0x00,0x00,0x00,0x00,0x00,0x00,0x00,0x00,
  0x00,0x00,0x00,0x62,0x00,0x00,0x00,0x0C,0x00,0x00,0x00,0x0A,0x00,0x00,0x00,0x0A,
  0x00,0x00,0x00,0x0C,0x00,0x00,0x00,0x00,0x00,0x00,0x00,0x00,0x00,0x00,0x00,0x63,
  0x00,0x00,0x00,0x09,0x00,0x00,0x00,0x0A,0x00,0x00,0x00,0x09,0x00,0x00,0x00,0x09,
  0x00,0x00,0x00,0x00,0x00,0x00,0x00,0x00,0x00,0x00,0x00,0x64,0x00,0x00,0x00,0x0C,
  0x00,0x00,0x00,0x0A,0x00,0x00,0x00,0x0A,0x00,0x00,0x00,0x0C,0x00,0x00,0x00,0x00,
  0x00,0x00,0x00,0x00,0x00,0x00,0x00,0x65,0x00,0x00,0x00,0x09,0x00,0x00,0x00,0x09,
  0x00,0x00,0x00,0x09,0x00,0x00,0x00,0x09,0x00,0x00,0x00,0x00,0x00,0x00,0x00,0x00,
  0x00,0x00,0x00,0x66,0x00,0x00,0x00,0x0C,0x00,0x00,0x00,0x07,0x00,0x00,0x00,0x06,
  0x00,0x00,0x00,0x0C,0x00,0x00,0x00,0x00,0x00,0x00,0x00,0x00,0x00,0x00,0x00,0x67,
  0x00,0x00,0x00,0x0C,0x00,0x00,0x00,0x0A,0x00,0x00,0x00,0x0A,0x00,0x00,0x00,0x09,
  0x00,0x00,0x00,0x00,0x00,0x00,0x00,0x00,0x00,0x00,0x00,0x68,0x00,0x00,0x00,0x0C,
  0x00,0x00,0x00,0x0A,0x00,0x00,0x00,0x0A,0x00,0x00,0x00,0x0C,0x00,0x00,0x00,0x00,
  0x00,0x00,0x00,0x00,0x00,0x00,0x00,0x69,0x00,0x00,0x00,0x0C,0x00,0x00,0x00,0x05,
  0x00,0x00,0x00,0x05,0x00,0x00,0x00,0x0C,0x00,0x00,0x00,0x00,0x00,0x00,0x00,0x00,
  0x00,0x00,0x00,0x6A,0x00,0x00,0x00,0x0F,0x00,0x00,0x00,0x06,0x00,0x00,0x00,0x05,
  0x00,0x00,0x00,0x0C,0xFF,0xFF,0xFF,0xFF,0x00,0x00,0x00,0x00,0x00,0x00,0x00,0x6B,
  0x00,0x00,0x00,0x0C,0x00,0x00,0x00,0x0A,0x00,0x00,0x00,0x09,0x00,0x00,0x00,0x0C,
  0x00,0x00,0x00,0x00,0x00,0x00,0x00,0x00,0x00,0x00,0x00,0x6C,0x00,0x00,0x00,0x0C,
  0x00,0x00,0x00,0x05,0x00,0x00,0x00,0x05,0x00,0x00,0x00,0x0C,0x00,0x00,0x00,0x00,
  0x00,0x00,0x00,0x00,0x00,0x00,0x00,0x6D,0x00,0x00,0x00,0x09,0x00,0x00,0x00,0x0F,
  0x00,0x00,0x00,0x0F,0x00,0x00,0x00,0x09,0x00,0x00,0x00,0x00,0x00,0x00,0x00,0x00,
  0x00,0x00,0x00,0x6E,0x00,0x00,0x00,0x09,0x00,0x00,0x00,0x0A,0x00,0x00,0x00,0x0A,
  0x00,0x00,0x00,0x09,0x00,0x00,0x00,0x00,0x00,0x00,0x00,0x00,0x00,0x00,0x00,0x6F,
  0x00,0x00,0x00,0x09,0x00,0x00,0x00,0x0A,0x00,0x00,0x00,0x0A,0x00,0x00,0x00,0x09,
  0x00,0x00,0x00,0x00,0x00,0x00,0x00,0x00,0x00,0x00,0x00,0x70,0x00,0x00,0x00,0x0C,
  0x00,0x00,0x00,0x0A,0x00,0x00,0x00,0x0A,0x00,0x00,0x00,0x09,0x00,0x00,0x00,0x00,
  0x00,0x00,0x00,0x00,0x00,0x00,0x00,0x71,0x00,0x00,0x00,0x0C,0x00,0x00,0x00,0x0A,
  0x00,0x00,0x00,0x0A,0x00,0x00,0x00,0x09,0x00,0x00,0x00,0x00,0x00,0x00,0x00,0x00,
  0x00,0x00,0x00,0x72,0x00,0x00,0x00,0x09,0x00,0x00,0x00,0x07,0x00,0x00,0x00,0x07,
  0x00,0x00,0x00,0x09,0x00,0x00,0x00,0x00,0x00,0x00,0x00,0x00,0x00,0x00,0x00,0x73,
  0x00,0x00,0x00,0x09,0x00,0x00,0x00,0x09,0x00,0x00,0x00,0x09,0x00,0x00,0x00,0x09,
  0x00,0x00,0x00,0x00,0x00,0x00,0x00,0x00,0x00,0x00,0x00,0x74,0x00,0x00,0x00,0x0C,
  0x00,0x00,0x00,0x06,0x00,0x00,0x00,0x06,0x00,0x00,0x00,0x0C,0x00,0x00,0x00,0x00,
  0x00,0x00,0x00,0x00,0x00,0x00,0x00,0x75,0x00,0x00,0x00,0x09,0x00,0x00,0x00,0x0A,
  0x00,0x00,0x00,0x0A,0x00,0x00,0x00,0x09,0x00,0x00,0x00,0x00,0x00,0x00,0x00,0x00,
  0x00,0x00,0x00,0x76,0x00,0x00,0x00,0x09,0x00,0x00,0x00,0x0A,0x00,0x00,0x00,0x09,
  0x00,0x00,0x00,0x09,0x00,0x00,0x00,0x00,0x00,0x00,0x00,0x00,0x00,0x00,0x00,0x77,
  0x00,0x00,0x00,0x09,0x00,0x00,0x00,0x0E,0x00,0x00,0x00,0x0D,0x00,0x00,0x00,0x09,
  0x00,0x00,0x00,0x00,0x00,0x00,0x00,0x00,0x00,0x00,0x00,0x78,0x00,0x00,0x00,0x09,
  0x00,0x00,0x00,0x0A,0x00,0x00,0x00,0x09,0x00,0x00,0x00,0x09,0x00,0x00,0x00,0x00,
  0x00,0x00,0x00,0x00,0x00,0x00,0x00,0x79,0x00,0x00,0x00,0x0C,0x00,0x00,0x00,0x0A,
  0x00,0x00,0x00,0x09,0x00,0x00,0x00,0x09,0x00,0x00,0x00,0x00,0x00,0x00,0x00,0x00,
  0x00,0x00,0x00,0x7A,0x00,0x00,0x00,0x09,0x00,0x00,0x00,0x09,0x00,0x00,0x00,0x09,
  0x00,0x00,0x00,0x09,0x00,0x00,0x00,0x00,0x00,0x00,0x00,0x00,0x00,0x00,0x00,0x7B,
  0x00,0x00,0x00,0x0F,0x00,0x00,0x00,0x07,0x00,0x00,0x00,0x07,0x00,0x00,0x00,0x0C,
  0x00,0x00,0x00,0x00,0x00,0x00,0x00,0x00,0x00,0x00,0x00,0x7C,0x00,0x00,0x00,0x10,
  0x00,0x00,0x00,0x05,0x00,0x00,0x00,0x05,0x00,0x00,0x00,0x0C,0x00,0x00,0x00,0x00,
  0x00,0x00,0x00,0x00,0x00,0x00,0x00,0x7D,0x00,0x00,0x00,0x0F,0x00,0x00,0x00,0x07,
  0x00,0x00,0x00,0x07,0x00,0x00,0x00,0x0C,0x00,0x00,0x00,0x00,0x00,0x00,0x00,0x00,
  0x00,0x00,0x00,0x7E,0x00,0x00,0x00,0x07,0x00,0x00,0x00,0x0A,0x00,0x00,0x00,0x0A,
  0x00,0x00,0x00,0x07,0x00,0x00,0x00,0x00,0x00,0x00,0x00,0x00,0x00,0x00,0x00,0xB0,
  0x00,0x00,0x00,0x0C,0x00,0x00,0x00,0x07,0x00,0x00,0x00,0x07,0x00,0x00,0x00,0x0C,
  0x00,0x00,0x00,0x00,0x00,0x00,0x00,0x00,0x00,0x00,0x00,0xC0,0x00,0x00,0x00,0x0F,
  0x00,0x00,0x00,0x0D,0x00,0x00,0x00,0x0C,0x00,0x00,0x00,0x0F,0x00,0x00,0x00,0x00,
  0x00,0x00,0x00,0x00,0x00,0x00,0x00,0xC1,0x00,0x00,0x00,0x0F,0x00,0x00,0x00,0x0D,
  0x00,0x00,0x00,0x0C,0x00,0x00,0x00,0x0F,0x00,0x00,0x00,0x00,0x00,0x00,0x00,0x00,
  0x00,0x00,0x1E,0xA2,0x00,0x00,0x00,0x0F,0x00,0x00,0x00,0x0D,0x00,0x00,0x00,0x0C,
  0x00,0x00,0x00,0x0F,0x00,0x00,0x00,0x00,0x00,0x00,0x00,0x00,0x00,0x00,0x00,0xC3,
  0x00,0x00,0x00,0x0F,0x00,0x00,0x00,0x0D,0x00,0x00,0x00,0x0C,0x00,0x00,0x00,0x0F,
  0x00,0x00,0x00,0x00,0x00,0x00,0x00,0x00,0x00,0x00,0x1E,0xA0,0x00,0x00,0x00,0x0F,
  0x00,0x00,0x00,0x0D,0x00,0x00,0x00,0x0C,0x00,0x00,0x00,0x0C,0x00,0x00,0x00,0x00,
  0x00,0x00,0x00,0x00,0x00,0x00,0x01,0x02,0x00,0x00,0x00,0x0F,0x00,0x00,0x00,0x0D,
  0x00,0x00,0x00,0x0C,0x00,0x00,0x00,0x0F,0x00,0x00,0x00,0x00,0x00,0x00,0x00,0x00,
  0x00,0x00,0x1E,0xB0,0x00,0x00,0x00,0x0F,0x00,0x00,0x00,0x0D,0x00,0x00,0x00,0x0C,
  0x00,0x00,0x00,0x0F,0x00,0x00,0x00,0x00,0x00,0x00,0x00,0x00,0x00,0x00,0x1E,0xAE,
  0x00,0x00,0x00,0x0F,0x00,0x00,0x00,0x0D,0x00,0x00,0x00,0x0C,0x00,0x00,0x00,0x0F,
  0x00,0x00,0x00,0x00,0x00,0x00,0x00,0x00,0x00,0x00,0x1E,0xB2,0x00,0x00,0x00,0x0F,
  0x00,0x00,0x00,0x0D,0x00,0x00,0x00,0x0C,0x00,0x00,0x00,0x0F,0x00,0x00,0x00,0x00,
  0x00,0x00,0x00,0x00,0x00,0x00,0x1E,0xB4,0x00,0x00,0x00,0x0F,0x00,0x00,0x00,0x0D,
  0x00,0x00,0x00,0x0C,0x00,0x00,0x00,0x0F,0x00,0x00,0x00,0x00,0x00,0x00,0x00,0x00,
  0x00,0x00,0x1E,0xB6,0x00,0x00,0x00,0x11,0x00,0x00,0x00,0x0D,0x00,0x00,0x00,0x0C,
  0x00,0x00,0x00,0x0E,0x00,0x00,0x00,0x00,0x00,0x00,0x00,0x00,0x00,0x00,0x00,0xC2,
  0x00,0x00,0x00,0x0F,0x00,0x00,0x00,0x0D,0x00,0x00,0x00,0x0C,0x00,0x00,0x00,0x0F,
  0x00,0x00,0x00,0x00,0x00,0x00,0x00,0x00,0x00,0x00,0x1E,0xA6,0x00,0x00,0x00,0x0F,
  0x00,0x00,0x00,0x0D,0x00,0x00,0x00,0x0C,0x00,0x00,0x00,0x0F,0x00,0x00,0x00,0x00,
  0x00,0x00,0x00,0x00,0x00,0x00,0x1E,0xA4,0x00,0x00,0x00,0x0F,0x00,0x00,0x00,0x0D,
  0x00,0x00,0x00,0x0C,0x00,0x00,0x00,0x0F,0x00,0x00,0x00,0x00,0x00,0x00,0x00,0x00,
  0x00,0x00,0x1E,0xA8,0x00,0x00,0x00,0x0F,0x00,0x00,0x00,0x0D,0x00,0x00,0x00,0x0C,
  0x00,0x00,0x00,0x0F,0x00,0x00,0x00,0x00,0x00,0x00,0x00,0x00,0x00,0x00,0x1E,0xAA,
  0x00,0x00,0x00,0x0F,0x00,0x00,0x00,0x0D,0x00,0x00,0x00,0x0C,0x00,0x00,0x00,0x0F,
  0x00,0x00,0x00,0x00,0x00,0x00,0x00,0x00,0x00,0x00,0x1E,0xAC,0x00,0x00,0x00,0x11,
  0x00,0x00,0x00,0x0D,0x00,0x00,0x00,0x0C,0x00,0x00,0x00,0x0E,0x00,0x00,0x00,0x00,
  0x00,0x00,0x00,0x00,0x00,0x00,0x00,0xC8,0x00,0x00,0x00,0x0F,0x00,0x00,0x00,0x0B,
  0x00,0x00,0x00,0x0B,0x00,0x00,0x00,0x0F,0x00,0x00,0x00,0x00,0x00,0x00,0x00,0x00,
  0x00,0x00,0x00,0xC9,0x00,0x00,0x00,0x0F,0x00,0x00,0x00,0x0B,0x00,0x00,0x00,0x0B,
  0x00,0x00,0x00,0x0F,0x00,0x00,0x00,0x00,0x00,0x00,0x00,0x00,0x00,0x00,0x1E,0xBA,
  0x00,0x00,0x00,0x0F,0x00,0x00,0x00,0x0B,0x00,0x00,0x00,0x0B,0x00,0x00,0x00,0x0F,
  0x00,0x00,0x00,0x00,0x00,0x00,0x00,0x00,0x00,0x00,0x1E,0xBC,0x00,0x00,0x00,0x0F,
  0x00,0x00,0x00,0x0B,0x00,0x00,0x00,0x0B,0x00,0x00,0x00,0x0F,0x00,0x00,0x00,0x00,
  0x00,0x00,0x00,0x00,0x00,0x00,0x1E,0xB8,0x00,0x00,0x00,0x0F,0x00,0x00,0x00,0x0B,
  0x00,0x00,0x00,0x0B,0x00,0x00,0x00,0x0C,0x00,0x00,0x00,0x00,0x00,0x00,0x00,0x00,
  0x00,0x00,0x00,0xCA,0x00,0x00,0x00,0x0F,0x00,0x00,0x00,0x0B,0x00,0x00,0x00,0x0B,
  0x00,0x00,0x00,0x0F,0x00,0x00,0x00,0x00,0x00,0x00,0x00,0x00,0x00,0x00,0x1E,0xC0,
  0x00,0x00,0x00,0x0F,0x00,0x00,0x00,0x0B,0x00,0x00,0x00,0x0B,0x00,0x00,0x00,0x0F,
  0x00,0x00,0x00,0x00,0x00,0x00,0x00,0x00,0x00,0x00,0x1E,0xBE,0x00,0x00,0x00,0x0F,
  0x00,0x00,0x00,0x0B,0x00,0x00,0x00,0x0B,0x00,0x00,0x00,0x0F,0x00,0x00,0x00,0x00,
  0x00,0x00,0x00,0x00,0x00,0x00,0x1E,0xC2,0x00,0x00,0x00,0x0F,0x00,0x00,0x00,0x0B,
  0x00,0x00,0x00,0x0B,0x00,0x00,0x00,0x0F,0x00,0x00,0x00,0x00,0x00,0x00,0x00,0x00,
  0x00,0x00,0x1E,0xC4,0x00,0x00,0x00,0x0F,0x00,0x00,0x00,0x0B,0x00,0x00,0x00,0x0B,
  0x00,0x00,0x00,0x0F,0x00,0x00,0x00,0x00,0x00,0x00,0x00,0x00,0x00,0x00,0x1E,0xC6,
  0x00,0x00,0x00,0x11,0x00,0x00,0x00,0x0B,0x00,0x00,0x00,0x0B,0x00,0x00,0x00,0x0E,
  0x00,0x00,0x00,0x00,0x00,0x00,0x00,0x00,0x00,0x00,0x00,0xCC,0x00,0x00,0x00,0x0F,
  0x00,0x00,0x00,0x06,0x00,0x00,0x00,0x05,0x00,0x00,0x00,0x0F,0xFF,0xFF,0xFF,0xFF,
  0x00,0x00,0x00,0x00,0x00,0x00,0x00,0xCD,0x00,0x00,0x00,0x0F,0x00,0x00,0x00,0x05,
  0x00,0x00,0x00,0x05,0x00,0x00,0x00,0x0F,0x00,0x00,0x00,0x00,0x00,0x00,0x00,0x00,
  0x00,0x00,0x1E,0xC8,0x00,0x00,0x00,0x0F,0x00,0x00,0x00,0x05,0x00,0x00,0x00,0x05,
  0x00,0x00,0x00,0x0F,0x00,0x00,0x00,0x00,0x00,0x00,0x00,0x00,0x00,0x00,0x01,0x28,
  0x00,0x00,0x00,0x0F,0x00,0x00,0x00,0x07,0x00,0x00,0x00,0x05,0x00,0x00,0x00,0x0F,
  0xFF,0xFF,0xFF,0xFF,0x00,0x00,0x00,0x00,0x00,0x00,0x1E,0xCA,0x00,0x00,0x00,0x0F,
  0x00,0x00,0x00,0x05,0x00,0x00,0x00,0x05,0x00,0x00,0x00,0x0C,0x00,0x00,0x00,0x00,
  0x00,0x00,0x00,0x00,0x00,0x00,0x00,0xD2,0x00,0x00,0x00,0x0F,0x00,0x00,0x00,0x0D,
  0x00,0x00,0x00,0x0D,0x00,0x00,0x00,0x0F,0x00,0x00,0x00,0x00,0x00,0x00,0x00,0x00,
  0x00,0x00,0x00,0xD3,0x00,0x00,0x00,0x0F,0x00,0x00,0x00,0x0D,0x00,0x00,0x00,0x0D,
  0x00,0x00,0x00,0x0F,0x00,0x00,0x00,0x00,0x00,0x00,0x00,0x00,0x00,0x00,0x1E,0xCE,
  0x00,0x00,0x00,0x0F,0x00,0x00,0x00,0x0D,0x00,0x00,0x00,0x0D,0x00,0x00,0x00,0x0F,
  0x00,0x00,0x00,0x00,0x00,0x00,0x00,0x00,0x00,0x00,0x00,0xD5,0x00,0x00,0x00,0x0F,
  0x00,0x00,0x00,0x0D,0x00,0x00,0x00,0x0D,0x00,0x00,0x00,0x0F,0x00,0x00,0x00,0x00,
  0x00,0x00,0x00,0x00,0x00,0x00,0x1E,0xCC,0x00,0x00,0x00,0x0F,0x00,0x00,0x00,0x0D,
  0x00,0x00,0x00,0x0D,0x00,0x00,0x00,0x0C,0x00,0x00,0x00,0x00,0x00,0x00,0x00,0x00,
  0x00,0x00,0x00,0xD4,0x00,0x00,0x00,0x0F,0x00,0x00,0x00,0x0D,0x00,0x00,0x00,0x0D,
  0x00,0x00,0x00,0x0F,0x00,0x00,0x00,0x00,0x00,0x00,0x00,0x00,0x00,0x00,0x1E,0xD2,
  0x00,0x00,0x00,0x0F,0x00,0x00,0x00,0x0D,0x00,0x00,0x00,0x0D,0x00,0x00,0x00,0x0F,
  0x00,0x00,0x00,0x00,0x00,0x00,0x00,0x00,0x00,0x00,0x1E,0xD0,0x00,0x00,0x00,0x0F,
  0x00,0x00,0x00,0x0D,0x00,0x00,0x00,0x0D,0x00,0x00,0x00,0x0F,0x00,0x00,0x00,0x00,
  0x00,0x00,0x00,0x00,0x00,0x00,0x1E,0xD4,0x00,0x00,0x00,0x0F,0x00,0x00,0x00,0x0D,
  0x00,0x00,0x00,0x0D,0x00,0x00,0x00,0x0F,0x00,0x00,0x00,0x00,0x00,0x00,0x00,0x00,
  0x00,0x00,0x1E,0xD6,0x00,0x00,0x00,0x0F,0x00,0x00,0x00,0x0D,0x00,0x00,0x00,0x0D,
  0x00,0x00,0x00,0x0F,0x00,0x00,0x00,0x00,0x00,0x00,0x00,0x00,0x00,0x00,0x1E,0xD8,
  0x00,0x00,0x00,0x11,0x00,0x00,0x00,0x0D,0x00,0x00,0x00,0x0D,0x00,0x00,0x00,0x0E,
  0x00,0x00,0x00,0x00,0x00,0x00,0x00,0x00,0x00,0x00,0x01,0xA0,0x00,0x00,0x00,0x0C,
  0x00,0x00,0x00,0x0F,0x00,0x00,0x00,0x0F,0x00,0x00,0x00,0x0C,0x00,0x00,0x00,0x00,
  0x00,0x00,0x00,0x00,0x00,0x00,0x1E,0xDC,0x00,0x00,0x00,0x0F,0x00,0x00,0x00,0x0F,
  0x00,0x00,0x00,0x0F,0x00,0x00,0x00,0x0F,0x00,0x00,0x00,0x00,0x00,0x00,0x00,0x00,
  0x00,0x00,0x1E,0xDA,0x00,0x00,0x00,0x0F,0x00,0x00,0x00,0x0F,0x00,0x00,0x00,0x0F,
  0x00,0x00,0x00,0x0F,0x00,0x00,0x00,0x00,0x00,0x00,0x00,0x00,0x00,0x00,0x1E,0xDE,
  0x00,0x00,0x00,0x0F,0x00,0x00,0x00,0x0F,0x00,0x00,0x00,0x0F,0x00,0x00,0x00,0x0F,
  0x00,0x00,0x00,0x00,0x00,0x00,0x00,0x00,0x00,0x00,0x1E,0xE0,0x00,0x00,0x00,0x0F,
  0x00,0x00,0x00,0x0F,0x00,0x00,0x00,0x0F,0x00,0x00,0x00,0x0F,0x00,0x00,0x00,0x00,
  0x00,0x00,0x00,0x00,0x00,0x00,0x1E,0xE2,0x00,0x00,0x00,0x0F,0x00,0x00,0x00,0x0F,
  0x00,0x00,0x00,0x0F,0x00,0x00,0x00,0x0C,0x00,0x00,0x00,0x00,0x00,0x00,0x00,0x00,
  0x00,0x00,0x00,0xD9,0x00,0x00,0x00,0x0F,0x00,0x00,0x00,0x0C,0x00,0x00,0x00,0x0C,
  0x00,0x00,0x00,0x0F,0x00,0x00,0x00,0x00,0x00,0x00,0x00,0x00,0x00,0x00,0x00,0xDA,
  0x00,0x00,0x00,0x0F,0x00,0x00,0x00,0x0C,0x00,0x00,0x00,0x0C,0x00,0x00,0x00,0x0F,
  0x00,0x00,0x00,0x00,0x00,0x00,0x00,0x00,0x00,0x00,0x1E,0xE6,0x00,0x00,0x00,0x0F,
  0x00,0x00,0x00,0x0C,0x00,0x00,0x00,0x0C,0x00,0x00,0x00,0x0F,0x00,0x00,0x00,0x00,
  0x00,0x00,0x00,0x00,0x00,0x00,0x01,0x68,0x00,0x00,0x00,0x0F,0x00,0x00,0x00,0x0C,
  0x00,0x00,0x00,0x0C,0x00,0x00,0x00,0x0F,0x00,0x00,0x00,0x00,0x00,0x00,0x00,0x00,
  0x00,0x00,0x1E,0xE4,0x00,0x00,0x00,0x0F,0x00,0x00,0x00,0x0C,0x00,0x00,0x00,0x0C,
  0x00,0x00,0x00,0x0C,0x00,0x00,0x00,0x00,0x00,0x00,0x00,0x00,0x00,0x00,0x01,0xAF,
  0x00,0x00,0x00,0x0C,0x00,0x00,0x00,0x0F,0x00,0x00,0x00,0x0E,0x00,0x00,0x00,0x0C,
  0x00,0x00,0x00,0x00,0x00,0x00,0x00,0x00,0x00,0x00,0x1E,0xEA,0x00,0x00,0x00,0x0F,
  0x00,0x00,0x00,0x0F,0x00,0x00,0x00,0x0E,0x00,0x00,0x00,0x0F,0x00,0x00,0x00,0x00,
  0x00,0x00,0x00,0x00,0x00,0x00,0x1E,0xE8,0x00,0x00,0x00,0x0F,0x00,0x00,0x00,0x0F,
  0x00,0x00,0x00,0x0E,0x00,0x00,0x00,0x0F,0x00,0x00,0x00,0x00,0x00,0x00,0x00,0x00,
  0x00,0x00,0x1E,0xEC,0x00,0x00,0x00,0x0F,0x00,0x00,0x00,0x0F,0x00,0x00,0x00,0x0E,
  0x00,0x00,0x00,0x0F,0x00,0x00,0x00,0x00,0x00,0x00,0x00,0x00,0x00,0x00,0x1E,0xEE,
  0x00,0x00,0x00,0x0F,0x00,0x00,0x00,0x0F,0x00,0x00,0x00,0x0E,0x00,0x00,0x00,0x0F,
  0x00,0x00,0x00,0x00,0x00,0x00,0x00,0x00,0x00,0x00,0x1E,0xF0,0x00,0x00,0x00,0x0F,
  0x00,0x00,0x00,0x0F,0x00,0x00,0x00,0x0E,0x00,0x00,0x00,0x0C,0x00,0x00,0x00,0x00,
  0x00,0x00,0x00,0x00,0x00,0x00,0x1E,0xF2,0x00,0x00,0x00,0x0F,0x00,0x00,0x00,0x0D,
  0x00,0x00,0x00,0x0B,0x00,0x00,0x00,0x0F,0xFF,0xFF,0xFF,0xFF,0x00,0x00,0x00,0x00,
  0x00,0x00,0x00,0xDD,0x00,0x00,0x00,0x0F,0x00,0x00,0x00,0x0D,0x00,0x00,0x00,0x0B,
  0x00,0x00,0x00,0x0F,0xFF,0xFF,0xFF,0xFF,0x00,0x00,0x00,0x00,0x00,0x00,0x1E,0xF6,
  0x00,0x00,0x00,0x0F,0x00,0x00,0x00,0x0D,0x00,0x00,0x00,0x0B,0x00,0x00,0x00,0x0F,
  0xFF,0xFF,0xFF,0xFF,0x00,0x00,0x00,0x00,0x00,0x00,0x1E,0xF8,0x00,0x00,0x00,0x0F,
  0x00,0x00,0x00,0x0D,0x00,0x00,0x00,0x0B,0x00,0x00,0x00,0x0F,0xFF,0xFF,0xFF,0xFF,
  0x00,0x00,0x00,0x00,0x00,0x00,0x1E,0xF4,0x00,0x00,0x00,0x0F,0x00,0x00,0x00,0x0D,
  0x00,0x00,0x00,0x0B,0x00,0x00,0x00,0x0C,0xFF,0xFF,0xFF,0xFF,0x00,0x00,0x00,0x00,
  0x00,0x00,0x01,0x10,0x00,0x00,0x00,0x0C,0x00,0x00,0x00,0x0D,0x00,0x00,0x00,0x0C,
  0x00,0x00,0x00,0x0C,0xFF,0xFF,0xFF,0xFF,0x00,0x00,0x00,0x00,0x00,0x00,0x00,0xE0,
  0x00,0x00,0x00,0x0C,0x00,0x00,0x00,0x09,0x00,0x00,0x00,0x09,0x00,0x00,0x00,0x0C,
  0x00,0x00,0x00,0x00,0x00,0x00,0x00,0x00,0x00,0x00,0x00,0xE1,0x00,0x00,0x00,0x0C,
  0x00,0x00,0x00,0x09,0x00,0x00,0x00,0x09,0x00,0x00,0x00,0x0C,0x00,0x00,0x00,0x00,
  0x00,0x00,0x00,0x00,0x00,0x00,0x1E,0xA3,0x00,0x00,0x00,0x0D,0x00,0x00,0x00,0x09,
  0x00,0x00,0x00,0x09,0x00,0x00,0x00,0x0D,0x00,0x00,0x00,0x00,0x00,0x00,0x00,0x00,
  0x00,0x00,0x00,0xE3,0x00,0x00,0x00,0x0C,0x00,0x00,0x00,0x09,0x00,0x00,0x00,0x09,
  0x00,0x00,0x00,0x0C,0x00,0x00,0x00,0x00,0x00,0x00,0x00,0x00,0x00,0x00,0x1E,0xA1,
  0x00,0x00,0x00,0x0C,0x00,0x00,0x00,0x09,0x00,0x00,0x00,0x09,0x00,0x00,0x00,0x09,
  0x00,0x00,0x00,0x00,0x00,0x00,0x00,0x00,0x00,0x00,0x01,0x03,0x00,0x00,0x00,0x0C,
  0x00,0x00,0x00,0x09,0x00,0x00,0x00,0x09,0x00,0x00,0x00,0x0C,0x00,0x00,0x00,0x00,
  0x00,0x00,0x00,0x00,0x00,0x00,0x1E,0xB1,0x00,0x00,0x00,0x0F,0x00,0x00,0x00,0x09,
  0x00,0x00,0x00,0x09,0x00,0x00,0x00,0x0F,0x00,0x00,0x00,0x00,0x00,0x00,0x00,0x00,
  0x00,0x00,0x1E,0xAF,0x00,0x00,0x00,0x0F,0x00,0x00,0x00,0x09,0x00,0x00,0x00,0x09,
  0x00,0x00,0x00,0x0F,0x00,0x00,0x00,0x00,0x00,0x00,0x00,0x00,0x00,0x00,0x1E,0xB3,
  0x00,0x00,0x00,0x0F,0x00,0x00,0x00,0x09,0x00,0x00,0x00,0x09,0x00,0x00,0x00,0x0F,
  0x00,0x00,0x00,0x00,0x00,0x00,0x00,0x00,0x00,0x00,0x1E,0xB5,0x00,0x00,0x00,0x0F,
  0x00,0x00,0x00,0x09,0x00,0x00,0x00,0x09,0x00,0x00,0x00,0x0F,0x00,0x00,0x00,0x00,
  0x00,0x00,0x00,0x00,0x00,0x00,0x1E,0xB7,0x00,0x00,0x00,0x0F,0x00,0x00,0x00,0x09,
  0x00,0x00,0x00,0x09,0x00,0x00,0x00,0x0C,0x00,0x00,0x00,0x00,0x00,0x00,0x00,0x00,
  0x00,0x00,0x00,0xE2,0x00,0x00,0x00,0x0C,0x00,0x00,0x00,0x09,0x00,0x00,0x00,0x09,
  0x00,0x00,0x00,0x0C,0x00,0x00,0x00,0x00,0x00,0x00,0x00,0x00,0x00,0x00,0x1E,0xA7,
  0x00,0x00,0x00,0x0F,0x00,0x00,0x00,0x09,0x00,0x00,0x00,0x09,0x00,0x00,0x00,0x0F,
  0x00,0x00,0x00,0x00,0x00,0x00,0x00,0x00,0x00,0x00,0x1E,0xA5,0x00,0x00,0x00,0x0F,
  0x00,0x00,0x00,0x09,0x00,0x00,0x00,0x09,0x00,0x00,0x00,0x0F,0x00,0x00,0x00,0x00,
  0x00,0x00,0x00,0x00,0x00,0x00,0x1E,0xA9,0x00,0x00,0x00,0x0F,0x00,0x00,0x00,0x09,
  0x00,0x00,0x00,0x09,0x00,0x00,0x00,0x0F,0x00,0x00,0x00,0x00,0x00,0x00,0x00,0x00,
  0x00,0x00,0x1E,0xAB,0x00,0x00,0x00,0x0F,0x00,0x00,0x00,0x09,0x00,0x00,0x00,0x09,
  0x00,0x00,0x00,0x0F,0x00,0x00,0x00,0x00,0x00,0x00,0x00,0x00,0x00,0x00,0x1E,0xAD,
  0x00,0x00,0x00,0x0F,0x00,0x00,0x00,0x09,0x00,0x00,0x00,0x09,0x00,0x00,0x00,0x0C,
  0x00,0x00,0x00,0x00,0x00,0x00,0x00,0x00,0x00,0x00,0x00,0xE8,0x00,0x00,0x00,0x0C,
  0x00,0x00,0x00,0x09,0x00,0x00,0x00,0x09,0x00,0x00,0x00,0x0C,0x00,0x00,0x00,0x00,
  0x00,0x00,0x00,0x00,0x00,0x00,0x00,0xE9,0x00,0x00,0x00,0x0C,0x00,0x00,0x00,0x09,
  0x00,0x00,0x00,0x09,0x00,0x00,0x00,0x0C,0x00,0x00,0x00,0x00,0x00,0x00,0x00,0x00,
  0x00,0x00,0x1E,0xBB,0x00,0x00,0x00,0x0D,0x00,0x00,0x00,0x09,0x00,0x00,0x00,0x09,
  0x00,0x00,0x00,0x0D,0x00,0x00,0x00,0x00,0x00,0x00,0x00,0x00,0x00,0x00,0x1E,0xBD,
  0x00,0x00,0x00,0x0C,0x00,0x00,0x00,0x09,0x00,0x00,0x00,0x09,0x00,0x00,0x00,0x0C,
  0x00,0x00,0x00,0x00,0x00,0x00,0x00,0x00,0x00,0x00,0x1E,0xB9,0x00,0x00,0x00,0x0C,
  0x00,0x00,0x00,0x09,0x00,0x00,0x00,0x09,0x00,0x00,0x00,0x09,0x00,0x00,0x00,0x00,
  0x00,0x00,0x00,0x00,0x00,0x00,0x00,0xEA,0x00,0x00,0x00,0x0C,0x00,0x00,0x00,0x09,
  0x00,0x00,0x00,0x09,0x00,0x00,0x00,0x0C,0x00,0x00,0x00,0x00,0x00,0x00,0x00,0x00,
  0x00,0x00,0x1E,0xC1,0x00,0x00,0x00,0x0F,0x00,0x00,0x00,0x09,0x00,0x00,0x00,0x09,
  0x00,0x00,0x00,0x0F,0x00,0x00,0x00,0x00,0x00,0x00,0x00,0x00,0x00,0x00,0x1E,0xBF,
  0x00,0x00,0x00,0x0F,0x00,0x00,0x00,0x09,0x00,0x00,0x00,0x09,0x00,0x00,0x00,0x0F,
  0x00,0x00,0x00,0x00,0x00,0x00,0x00,0x00,0x00,0x00,0x1E,0xC3,0x00,0x00,0x00,0x0F,
  0x00,0x00,0x00,0x09,0x00,0x00,0x00,0x09,0x00,0x00,0x00,0x0F,0x00,0x00,0x00,0x00,
  0x00,0x00,0x00,0x00,0x00,0x00,0x1E,0xC5,0x00,0x00,0x00,0x0F,0x00,0x00,0x00,0x09,
  0x00,0x00,0x00,0x09,0x00,0x00,0x00,0x0F,0x00,0x00,0x00,0x00,0x00,0x00,0x00,0x00,
  0x00,0x00,0x1E,0xC7,0x00,0x00,0x00,0x0F,0x00,0x00,0x00,0x09,0x00,0x00,0x00,0x09,
  0x00,0x00,0x00,0x0C,0x00,0x00,0x00,0x00,0x00,0x00,0x00,0x00,0x00,0x00,0x00,0xEC,
  0x00,0x00,0x00,0x0C,0x00,0x00,0x00,0x06,0x00,0x00,0x00,0x05,0x00,0x00,0x00,0x0C,
  0xFF,0xFF,0xFF,0xFF,0x00,0x00,0x00,0x00,0x00,0x00,0x00,0xED,0x00,0x00,0x00,0x0C,
  0x00,0x00,0x00,0x05,0x00,0x00,0x00,0x05,0x00,0x00,0x00,0x0C,0x00,0x00,0x00,0x00,
  0x00,0x00,0x00,0x00,0x00,0x00,0x1E,0xC9,0x00,0x00,0x00,0x0D,0x00,0x00,0x00,0x05,
  0x00,0x00,0x00,0x05,0x00,0x00,0x00,0x0D,0x00,0x00,0x00,0x00,0x00,0x00,0x00,0x00,
  0x00,0x00,0x01,0x29,0x00,0x00,0x00,0x0C,0x00,0x00,0x00,0x07,0x00,0x00,0x00,0x05,
  0x00,0x00,0x00,0x0C,0xFF,0xFF,0xFF,0xFF,0x00,0x00,0x00,0x00,0x00,0x00,0x1E,0xCB,
  0x00,0x00,0x00,0x0F,0x00,0x00,0x00,0x05,0x00,0x00,0x00,0x05,0x00,0x00,0x00,0x0C,
  0x00,0x00,0x00,0x00,0x00,0x00,0x00,0x00,0x00,0x00,0x00,0xF2,0x00,0x00,0x00,0x0C,
  0x00,0x00,0x00,0x0A,0x00,0x00,0x00,0x0A,0x00,0x00,0x00,0x0C,0x00,0x00,0x00,0x00,
  0x00,0x00,0x00,0x00,0x00,0x00,0x00,0xF3,0x00,0x00,0x00,0x0C,0x00,0x00,0x00,0x0A,
  0x00,0x00,0x00,0x0A,0x00,0x00,0x00,0x0C,0x00,0x00,0x00,0x00,0x00,0x00,0x00,0x00,
  0x00,0x00,0x1E,0xCF,0x00,0x00,0x00,0x0D,0x00,0x00,0x00,0x0A,0x00,0x00,0x00,0x0A,
  0x00,0x00,0x00,0x0D,0x00,0x00,0x00,0x00,0x00,0x00,0x00,0x00,0x00,0x00,0x00,0xF5,
  0x00,0x00,0x00,0x0C,0x00,0x00,0x00,0x0A,0x00,0x00,0x00,0x0A,0x00,0x00,0x00,0x0C,
  0x00,0x00,0x00,0x00,0x00,0x00,0x00,0x00,0x00,0x00,0x1E,0xCD,0x00,0x00,0x00,0x0C,
  0x00,0x00,0x00,0x0A,0x00,0x00,0x00,0x0A,0x00,0x00,0x00,0x09,0x00,0x00,0x00,0x00,
  0x00,0x00,0x00,0x00,0x00,0x00,0x00,0xF4,0x00,0x00,0x00,0x0C,0x00,0x00,0x00,0x0A,
  0x00,0x00,0x00,0x0A,0x00,0x00,0x00,0x0C,0x00,0x00,0x00,0x00,0x00,0x00,0x00,0x00,
  0x00,0x00,0x1E,0xD3,0x00,0x00,0x00,0x0F,0x00,0x00,0x00,0x0A,0x00,0x00,0x00,0x0A,
  0x00,0x00,0x00,0x0F,0x00,0x00,0x00,0x00,0x00,0x00,0x00,0x00,0x00,0x00,0x1E,0xD1,
  0x00,0x00,0x00,0x0F,0x00,0x00,0x00,0x0A,0x00,0x00,0x00,0x0A,0x00,0x00,0x00,0x0F,
  0x00,0x00,0x00,0x00,0x00,0x00,0x00,0x00,0x00,0x00,0x1E,0xD5,0x00,0x00,0x00,0x0F,
  0x00,0x00,0x00,0x0A,0x00,0x00,0x00,0x0A,0x00,0x00,0x00,0x0F,0x00,0x00,0x00,0x00,
  0x00,0x00,0x00,0x00,0x00,0x00,0x1E,0xD7,0x00,0x00,0x00,0x0F,0x00,0x00,0x00,0x0A,
  0x00,0x00,0x00,0x0A,0x00,0x00,0x00,0x0F,0x00,0x00,0x00,0x00,0x00,0x00,0x00,0x00,
  0x00,0x00,0x1E,0xD9,0x00,0x00,0x00,0x0F,0x00,0x00,0x00,0x0A,0x00,0x00,0x00,0x0A,
  0x00,0x00,0x00,0x0C,0x00,0x00,0x00,0x00,0x00,0x00,0x00,0x00,0x00,0x00,0x01,0xA1,
  0x00,0x00,0x00,0x09,0x00,0x00,0x00,0x0D,0x00,0x00,0x00,0x0C,0x00,0x00,0x00,0x09,
  0x00,0x00,0x00,0x00,0x00,0x00,0x00,0x00,0x00,0x00,0x1E,0xDD,0x00,0x00,0x00,0x0C,
  0x00,0x00,0x00,0x0D,0x00,0x00,0x00,0x0C,0x00,0x00,0x00,0x0C,0x00,0x00,0x00,0x00,
  0x00,0x00,0x00,0x00,0x00,0x00,0x1E,0xDB,0x00,0x00,0x00,0x0C,0x00,0x00,0x00,0x0D,
  0x00,0x00,0x00,0x0C,0x00,0x00,0x00,0x0C,0x00,0x00,0x00,0x00,0x00,0x00,0x00,0x00,
  0x00,0x00,0x1E,0xDF,0x00,0x00,0x00,0x0D,0x00,0x00,0x00,0x0D,0x00,0x00,0x00,0x0C,
  0x00,0x00,0x00,0x0D,0x00,0x00,0x00,0x00,0x00,0x00,0x00,0x00,0x00,0x00,0x1E,0xE1,
  0x00,0x00,0x00,0x0C,0x00,0x00,0x00,0x0D,0x00,0x00,0x00,0x0C,0x00,0x00,0x00,0x0C,
  0x00,0x00,0x00,0x00,0x00,0x00,0x00,0x00,0x00,0x00,0x1E,0xE3,0x00,0x00,0x00,0x0C,
  0x00,0x00,0x00,0x0D,0x00,0x00,0x00,0x0C,0x00,0x00,0x00,0x09,0x00,0x00,0x00,0x00,
  0x00,0x00,0x00,0x00,0x00,0x00,0x00,0xF9,0x00,0x00,0x00,0x0C,0x00,0x00,0x00,0x0A,
  0x00,0x00,0x00,0x0A,0x00,0x00,0x00,0x0C,0x00,0x00,0x00,0x00,0x00,0x00,0x00,0x00,
  0x00,0x00,0x00,0xFA,0x00,0x00,0x00,0x0C,0x00,0x00,0x00,0x0A,0x00,0x00,0x00,0x0A,
  0x00,0x00,0x00,0x0C,0x00,0x00,0x00,0x00,0x00,0x00,0x00,0x00,0x00,0x00,0x1E,0xE7,
  0x00,0x00,0x00,0x0D,0x00,0x00,0x00,0x0A,0x00,0x00,0x00,0x0A,0x00,0x00,0x00,0x0D,
  0x00,0x00,0x00,0x00,0x00,0x00,0x00,0x00,0x00,0x00,0x01,0x69,0x00,0x00,0x00,0x0C,
  0x00,0x00,0x00,0x0A,0x00,0x00,0x00,0x0A,0x00,0x00,0x00,0x0C,0x00,0x00,0x00,0x00,
  0x00,0x00,0x00,0x00,0x00,0x00,0x1E,0xE5,0x00,0x00,0x00,0x0C,0x00,0x00,0x00,0x0A,
  0x00,0x00,0x00,0x0A,0x00,0x00,0x00,0x09,0x00,0x00,0x00,0x00,0x00,0x00,0x00,0x00,
  0x00,0x00,0x01,0xB0,0x00,0x00,0x00,0x09,0x00,0x00,0x00,0x0D,0x00,0x00,0x00,0x0C,
  0x00,0x00,0x00,0x09,0x00,0x00,0x00,0x00,0x00,0x00,0x00,0x00,0x00,0x00,0x1E,0xEB,
  0x00,0x00,0x00,0x0C,0x00,0x00,0x00,0x0D,0x00,0x00,0x00,0x0C,0x00,0x00,0x00,0x0C,
  0x00,0x00,0x00,0x00,0x00,0x00,0x00,0x00,0x00,0x00,0x1E,0xE9,0x00,0x00,0x00,0x0C,
  0x00,0x00,0x00,0x0D,0x00,0x00,0x00,0x0C,0x00,0x00,0x00,0x0C,0x00,0x00,0x00,0x00,
  0x00,0x00,0x00,0x00,0x00,0x00,0x1E,0xED,0x00,0x00,0x00,0x0D,0x00,0x00,0x00,0x0D,
  0x00,0x00,0x00,0x0C,0x00,0x00,0x00,0x0D,0x00,0x00,0x00,0x00,0x00,0x00,0x00,0x00,
  0x00,0x00,0x1E,0xEF,0x00,0x00,0x00,0x0C,0x00,0x00,0x00,0x0D,0x00,0x00,0x00,0x0C,
  0x00,0x00,0x00,0x0C,0x00,0x00,0x00,0x00,0x00,0x00,0x00,0x00,0x00,0x00,0x1E,0xF1,
  0x00,0x00,0x00,0x0C,0x00,0x00,0x00,0x0D,0x00,0x00,0x00,0x0C,0x00,0x00,0x00,0x09,
  0x00,0x00,0x00,0x00,0x00,0x00,0x00,0x00,0x00,0x00,0x1E,0xF3,0x00,0x00,0x00,0x0F,
  0x00,0x00,0x00,0x0A,0x00,0x00,0x00,0x09,0x00,0x00,0x00,0x0C,0x00,0x00,0x00,0x00,
  0x00,0x00,0x00,0x00,0x00,0x00,0x00,0xFD,0x00,0x00,0x00,0x0F,0x00,0x00,0x00,0x0A,
  0x00,0x00,0x00,0x09,0x00,0x00,0x00,0x0C,0x00,0x00,0x00,0x00,0x00,0x00,0x00,0x00,
  0x00,0x00,0x1E,0xF7,0x00,0x00,0x00,0x10,0x00,0x00,0x00,0x0A,0x00,0x00,0x00,0x09,
  0x00,0x00,0x00,0x0D,0x00,0x00,0x00,0x00,0x00,0x00,0x00,0x00,0x00,0x00,0x1E,0xF9,
  0x00,0x00,0x00,0x0F,0x00,0x00,0x00,0x0A,0x00,0x00,0x00,0x09,0x00,0x00,0x00,0x0C,
  0x00,0x00,0x00,0x00,0x00,0x00,0x00,0x00,0x00,0x00,0x1E,0xF5,0x00,0x00,0x00,0x0C,
  0x00,0x00,0x00,0x0A,0x00,0x00,0x00,0x09,0x00,0x00,0x00,0x09,0x00,0x00,0x00,0x00,
  0x00,0x00,0x00,0x00,0x00,0x00,0x01,0x11,0x00,0x00,0x00,0x0C,0x00,0x00,0x00,0x0B,
  0x00,0x00,0x00,0x0A,0x00,0x00,0x00,0x0C,0x00,0x00,0x00,0x00,0x00,0x00,0x00,0x00,
  0x00,0x78,0xFF,0xFF,0x0C,0x00,0x00,0x78,0xFF,0xFF,0x0C,0x00,0x00,0x77,0xFF,0xFF,
  0x0B,0x00,0x00,0x68,0xFF,0xFA,0x01,0x00,0x00,0x4E,0xFF,0xE2,0x00,0x00,0x00,0x35,
  0xFF,0xCA,0x00,0x00,0x00,0x1C,0xFF,0xB1,0x00,0x00,0x00,0x04,0xFD,0x98,0x00,0x00,
  0x00,0x00,0xE9,0x80,0x00,0x00,0x00,0x00,0x00,0x00,0x00,0x00,0x00,0x60,0xFF,0xF4,
  0x00,0x00,0x00,0x60,0xFF,0xF4,0x00,0x00,0x10,0xFF,0xFF,0x78,0x54,0xFF,0xFF,0x38,
  0x0F,0xFF,0xFF,0x77,0x53,0xFF,0xFF,0x37,0x01,0xEF,0xFF,0x5C,0x34,0xFF,0xFF,0x1B,
  0x00,0xBB,0xFF,0x2E,0x06,0xF8,0xEB,0x00,0x00,0x00,0x00,0x00,0x00,0x00,0x00,0x00,
  0x00,0x00,0x00,0x00,0x00,0x00,0x00,0x00,0x00,0x00,0x00,0x00,0x00,0x00,0x00,0x00,
  0x00,0x00,0x00,0x00,0x00,0x00,0x00,0x00,0x00,0x00,0x00,0x00,0x00,0x00,0x00,0x00,
  0x00,0x00,0x00,0x00,0x00,0x00,0x00,0x00,0x00,0x00,0x00,0x00,0x00,0x00,0x00,0x00,
  0x00,0x00,0x00,0x00,0x00,0x00,0x00,0x00,0x00,0x00,0x01,0xEE,0xEB,0x00,0x43,0xFF,
  0xAC,0x00,0x00,0x00,0x26,0xFF,0xB5,0x00,0x78,0xFF,0x75,0x00,0x00,0x00,0x5D,0xFF,
  0x7F,0x00,0xAD,0xFF,0x3F,0x00,0xD8,0xFF,0xFF,0xFF,0xFF,0xFF,0xFF,0xFF,0xFF,0x40,
  0xD8,0xFF,0xFF,0xFF,0xFF,0xFF,0xFF,0xFF,0xFF,0x40,0x00,0x06,0xF8,0xDC,0x00,0x4C,
  0xFF,0x98,0x00,0x00,0x00,0x35,0xFF,0xA6,0x00,0x81,0xFF,0x62,0x00,0x00,0xD8,0xFF,
  0xFF,0xFF,0xFF,0xFF,0xFF,0xFF,0xFF,0x40,0xD8,0xFF,0xFF,0xFF,0xFF,0xFF,0xFF,0xFF,
  0xFF,0x40,0x00,0xD8,0xFB,0x09,0x1F,0xFF,0xBC,0x00,0x00,0x00,0x0F,0xFE,0xCF,0x00,
  0x54,0xFF,0x85,0x00,0x00,0x00,0x45,0xFF,0x9A,0x00,0x89,0xFF,0x4F,0x00,0x00,0x00,
  0x00,0x00,0x00,0x00,0xF0,0x44,0x00,0x00,0x00,0x00,0x02,0x75,0xD9,0xFF,0xEC,0x9A,
  0x11,0x00,0x00,0x86,0xFF,0xFF,0xFF,0xFF,0xFF,0xBF,0x00,0x01,0xF3,0xFF,0x59,0xF0,
  0x6E,0xF0,0xFF,0x34,0x0B,0xFF,0xFF,0x0D,0xF0,0x44,0x00,0x00,0x00,0x00,0xD6,0xFF,
  0xB9,0xF6,0x44,0x00,0x00,0x00,0x00,0x42,0xF4,0xFF,0xFF,0xEE,0x9C,0x22,0x00,0x00,
  0x00,0x27,0x95,0xFC,0xFF,0xFF,0xF0,0x20,0x00,0x00,0x00,0x00,0xF0,0x76,0xD3,0xFF,
  0x8E,0x4C,0xFF,0xEA,0x06,0xF0,0x44,0x60,0xFF,0xA7,0x0E,0xF5,0xFF,0x7E,0xF0,0x52,
  0xB4,0xFF,0x78,0x00,0x75,0xFF,0xFF,0xFF,0xFF,0xFF,0xDB,0x0C,0x00,0x00,0x66,0xD5,
  0xFF,0xE9,0x95,0x11,0x00,0x00,0x00,0x00,0x00,0xF0,0x44,0x00,0x00,0x00,0x00,0x00,
  0x00,0x00,0xF0,0x44,0x00,0x00,0x00,0x00,0x43,0xD3,0xF4,0xC4,0x2C,0x00,0x00,0x00,
  0x56,0xFF,0x56,0x00,0x00,0x00,0x0A,0xEC,0xCB,0x17,0xF0,0xCE,0x00,0x00,0x04,0xDA,
  0xCC,0x01,0x00,0x00,0x00,0x33,0xFF,0x98,0x00,0xC8,0xFF,0x0B,0x00,0x6A,0xFF,0x44,
  0x00,0x00,0x00,0x00,0x33,0xFF,0x97,0x00,0xC9,0xFF,0x0A,0x0C,0xE8,0xBC,0x00,0x00,
  0x00,0x00,0x00,0x0A,0xEC,0xCB,0x16,0xEF,0xCE,0x00,0x7F,0xFE,0x34,0x00,0x00,0x00,
  0x00,0x00,0x00,0x43,0xD3,0xF5,0xC6,0x2C,0x16,0xF2,0xA9,0x00,0x00,0x00,0x00,0x00,
  0x00,0x00,0x00,0x00,0x00,0x00,0x00,0x94,0xFB,0x25,0x24,0xBF,0xF4,0xD6,0x4A,0x00,
  0x00,0x00,0x00,0x00,0x00,0x23,0xFA,0x97,0x00,0xBF,0xF2,0x17,0xC8,0xF1,0x10,0x00,
  0x00,0x00,0x00,0x00,0xA8,0xF5,0x19,0x02,0xF8,0xCC,0x00,0x94,0xFF,0x3E,0x00,0x00,
  0x00,0x00,0x33,0xFE,0x85,0x00,0x02,0xF8,0xCB,0x00,0x95,0xFF,0x3E,0x00,0x00,0x00,
  0x00,0xBC,0xED,0x0F,0x00,0x00,0xBF,0xF2,0x18,0xC7,0xF1,0x11,0x00,0x00,0x00,0x47,
  0xFF,0x74,0x00,0x00,0x00,0x24,0xBF,0xF4,0xD8,0x4B,0x00,0x00,0x00,0x00,0x68,0xD4,
  0xF5,0xE1,0x90,0x0C,0x00,0x00,0x00,0x00,0x00,0x60,0xFF,0xFF,0xFF,0xFF,0xFF,0xA5,
  0x00,0x00,0x00,0x00,0x00,0xAB,0xFF,0xB9,0x15,0x46,0xFF,0xF6,0x01,0x00,0x00,0x00,
  0x00,0x87,0xFF,0xD9,0x0F,0x57,0xFF,0xDA,0x00,0x00,0x00,0x00,0x00,0x17,0xEC,0xFF,
  0xDF,0xFE,0xF2,0x3D,0x00,0x00,0x00,0x00,0x00,0x2B,0xCF,0xFF,0xFF,0xF7,0x27,0x00,
  0x00,0x00,0x00,0x00,0x4B,0xF8,0xFF,0xC5,0xFE,0xFF,0x9B,0x10,0x92,0x5F,0x05,0x0A,
  0xEA,0xFF,0x8D,0x00,0x6C,0xFF,0xFF,0xC9,0xFF,0xDC,0x00,0x33,0xFF,0xFF,0x30,0x00,
  0x00,0x82,0xFF,0xFF,0xFF,0x63,0x00,0x17,0xFE,0xFF,0x9F,0x12,0x18,0x79,0xFD,0xFF,
  0xFF,0xB3,0x17,0x00,0x90,0xFF,0xFF,0xFF,0xFF,0xFF,0xFF,0xD9,0xFF,0xFF,0xB6,0x00,
  0x01,0x6C,0xCE,0xF7,0xF7,0xD0,0x6C,0x02,0x59,0xCC,0x18,0x3C,0xFF,0xFF,0x4C,0x3B,
  0xFF,0xFF,0x4B,0x1C,0xFF,0xFF,0x30,0x00,0xE6,0xFB,0x07,0x00,0x00,0x00,0x00,0x00,
  0x00,0x00,0x00,0x00,0x00,0x00,0x00,0x00,0x00,0x00,0x00,0x00,0x00,0x00,0x00,0x00,
  0x00,0x00,0x00,0x00,0x00,0x00,0x00,0x00,0x00,0x00,0x00,0x00,0x00,0x03,0xCB,0xE0,
  0x03,0x00,0x00,0x71,0xFF,0x74,0x00,0x00,0x09,0xE9,0xFB,0x12,0x00,0x00,0x60,0xFF,
  0xB8,0x00,0x00,0x00,0xAC,0xFF,0x75,0x00,0x00,0x00,0xEA,0xFF,0x46,0x00,0x00,0x05,
  0xFE,0xFF,0x2F,0x00,0x00,0x16,0xFF,0xFF,0x24,0x00,0x00,0x06,0xFF,0xFF,0x37,0x00,
  0x00,0x00,0xE5,0xFF,0x4F,0x00,0x00,0x00,0xA6,0xFF,0x78,0x00,0x00,0x00,0x58,0xFF,
  0xBE,0x00,0x00,0x00,0x05,0xE6,0xF9,0x0C,0x00,0x00,0x00,0x6D,0xFF,0x66,0x00,0x00,
  0x00,0x03,0xCE,0xD8,0x02,0x38,0xFF,0x75,0x00,0x00,0x00,0x00,0xC8,0xF6,0x22,0x00,
  0x00,0x00,0x60,0xFF,0x99,0x00,0x00,0x00,0x11,0xFA,0xF7,0x11,0x00,0x00,0x00,0xC9,
  0xFF,0x56,0x00,0x00,0x00,0x9B,0xFF,0x96,0x00,0x00,0x00,0x84,0xFF,0xB3,0x00,0x00,
  0x00,0x78,0xFF,0xC2,0x00,0x00,0x00,0x86,0xFF,0xB0,0x00,0x00,0x00,0x9E,0xFF,0x8B,
  0x00,0x00,0x00,0xCF,0xFF,0x51,0x00,0x00,0x0F,0xFB,0xF1,0x0B,0x00,0x00,0x57,0xFF,
  0x96,0x00,0x00,0x00,0xB8,0xF5,0x1F,0x00,0x00,0x2F,0xFF,0x7C,0x00,0x00,0x00,0x00,
  0x00,0x7E,0xE4,0x00,0x00,0x00,0x83,0xC1,0xB1,0xD1,0x6F,0xD1,0x12,0x11,0x45,0xEA,
  0xFF,0x89,0x27,0x01,0x00,0x7D,0xE5,0x9A,0xDA,0x0B,0x00,0x0A,0xC6,0x55,0x0F,0xD3,
  0x47,0x00,0x00,0x00,0x00,0x00,0x00,0x00,0x00,0x00,0x00,0x00,0x00,0x00,0x00,0x00,
  0x00,0x00,0x00,0x00,0x00,0x00,0x00,0x00,0x00,0x00,0x00,0x00,0x00,0x00,0x00,0x00,
  0x00,0x00,0x00,0x00,0x00,0x00,0x00,0x00,0x00,0x00,0x00,0x00,0x00,0x00,0x00,0x00,
  0x00,0x00,0x00,0x00,0x00,0x00,0x1C,0xFF,0xFF,0x04,0x00,0x00,0x00,0x00,0x00,0x00,
  0x1C,0xFF,0xFF,0x04,0x00,0x00,0x00,0x00,0x00,0x00,0x1C,0xFF,0xFF,0x04,0x00,0x00,
  0x00,0x4C,0xFF,0xFF,0xFF,0xFF,0xFF,0xFF,0xFF,0xFF,0x38,0x4C,0xFF,0xFF,0xFF,0xFF,
  0xFF,0xFF,0xFF,0xFF,0x38,0x00,0x00,0x00,0x1C,0xFF,0xFF,0x04,0x00,0x00,0x00,0x00,
  0x00,0x00,0x1C,0xFF,0xFF,0x04,0x00,0x00,0x00,0x00,0x00,0x00,0x1C,0xFF,0xFF,0x04,
  0x00,0x00,0x00,0x00,0x00,0x00,0x00,0x00,0x00,0x00,0x00,0x00,0x00,0x00,0x00,0x00,
  0x00,0x00,0x00,0x00,0x00,0x00,0x00,0x00,0xD8,0xFF,0x80,0x00,0x00,0xD8,0xFF,0x7F,
  0x00,0x00,0x00,0xC7,0x71,0x00,0x00,0x52,0xFB,0x32,0x00,0x00,0xBA,0x5F,0x00,0x00,
  0x0C,0xFF,0xFF,0xFF,0xFF,0x88,0x0C,0xFF,0xFF,0xFF,0xFF,0x88,0x00,0x00,0x00,0x00,
  0x00,0x00,0x00,0x00,0x00,0x00,0x00,0x00,0x00,0x00,0x00,0x00,0x00,0x00,0x00,0xC8,
  0xFF,0x8C,0x00,0x00,0xC8,0xFF,0x8C,0x00,0x00,0x00,0x00,0x25,0xFF,0x9A,0x00,0x00,
  0x00,0x65,0xFF,0x59,0x00,0x00,0x00,0xA5,0xFF,0x19,0x00,0x00,0x00,0xE5,0xD7,0x00,
  0x00,0x00,0x26,0xFF,0x96,0x00,0x00,0x00,0x66,0xFF,0x55,0x00,0x00,0x00,0xA7,0xFE,
  0x16,0x00,0x00,0x00,0xE6,0xD3,0x00,0x00,0x00,0x27,0xFF,0x92,0x00,0x00,0x00,0x68,
  0xFF,0x51,0x00,0x00,0x00,0xA8,0xFE,0x12,0x00,0x00,0x00,0xE7,0xD0,0x00,0x00,0x00,
  0x00,0x00,0x51,0xD1,0xF9,0xE4,0x85,0x04,0x00,0x00,0x46,0xFE,0xFF,0xFF,0xFF,0xFF,
  0x95,0x00,0x00,0xC4,0xFF,0xBA,0x17,0x78,0xFF,0xFD,0x1A,0x0D,0xFE,0xFF,0x53,0x00,
  0x07,0xF9,0xFF,0x5F,0x33,0xFF,0xFF,0x34,0x00,0x00,0xE0,0xFF,0x86,0x42,0xFF,0xFF,
  0x29,0x00,0x00,0xD6,0xFF,0x95,0x42,0xFF,0xFF,0x29,0x00,0x00,0xD6,0xFF,0x95,0x34,
  0xFF,0xFF,0x33,0x00,0x00,0xE0,0xFF,0x86,0x11,0xFF,0xFF,0x54,0x00,0x06,0xF9,0xFF,
  0x5F,0x00,0xCD,0xFF,0xBC,0x16,0x74,0xFF,0xFD,0x1A,0x00,0x4D,0xFE,0xFF,0xFF,0xFF,
  0xFF,0x98,0x00,0x00,0x00,0x50,0xCF,0xF9,0xE5,0x88,0x05,0x00,0x00,0x00,0x00,0x00,
  0x7D,0xFF,0xB0,0x00,0x00,0x00,0x00,0x00,0x4F,0xF9,0xFF,0xB0,0x00,0x00,0x00,0x18,
  0x93,0xFE,0xFF,0xFF,0xB0,0x00,0x00,0x00,0xA8,0xFF,0xE0,0xCD,0xFF,0xB0,0x00,0x00,
  0x00,0x90,0x82,0x0E,0xA4,0xFF,0xB0,0x00,0x00,0x00,0x00,0x00,0x00,0xA4,0xFF,0xB0,
  0x00,0x00,0x00,0x00,0x00,0x00,0xA4,0xFF,0xB0,0x00,0x00,0x00,0x00,0x00,0x00,0xA4,
  0xFF,0xB0,0x00,0x00,0x00,0x00,0x00,0x00,0xA4,0xFF,0xB0,0x00,0x00,0x00,0x00,0x00,
  0x00,0xA4,0xFF,0xB0,0x00,0x00,0x00,0x00,0x00,0x00,0xA4,0xFF,0xB0,0x00,0x00,0x00,
  0x00,0x00,0x00,0xA4,0xFF,0xB0,0x00,0x00,0x00,0x01,0x64,0xCF,0xF4,0xE2,0xA2,0x1C,
  0x00,0x00,0x88,0xFF,0xFF,0xFF,0xFF,0xFF,0xE6,0x14,0x0E,0xF8,0xFF,0x95,0x0C,0x3C,
  0xF6,0xFF,0x75,0x2E,0xD6,0xF2,0x19,0x00,0x00,0xC6,0xFF,0x91,0x00,0x00,0x00,0x00,
  0x00,0x0D,0xEF,0xFF,0x6B,0x00,0x00,0x00,0x00,0x04,0xAE,0xFF,0xEE,0x11,0x00,0x00,
  0x00,0x07,0xB0,0xFF,0xFE,0x51,0x00,0x00,0x00,0x0C,0xBD,0xFF,0xFD,0x63,0x00,0x00,
  0x00,0x07,0xBF,0xFF,0xFA,0x58,0x00,0x00,0x00,0x00,0x98,0xFF,0xFF,0x5A,0x00,0x00,
  0x00,0x00,0x26,0xFD,0xFF,0xFF,0xFF,0xFF,0xFF,0xFF,0x98,0x76,0xFF,0xFF,0xFF,0xFF,
  0xFF,0xFF,0xFF,0x98,0x00,0x07,0x83,0xDD,0xF8,0xDA,0x84,0x0A,0x00,0x00,0xA5,0xFF,
  0xFF,0xFF,0xFF,0xFF,0xB6,0x00,0x0F,0xEE,0xFF,0x68,0x0D,0x70,0xFF,0xFF,0x1A,0x00,
  0x01,0x26,0x01,0x0C,0x83,0xFF,0xEF,0x0A,0x00,0x00,0x00,0x2B,0xFF,0xFF,0xE4,0x40,
  0x00,0x00,0x00,0x00,0x48,0xFF,0xFF,0xF0,0x79,0x00,0x00,0x00,0x00,0x0C,0x0C,0x4C,
  0xFC,0xFF,0x56,0x00,0x00,0x00,0x00,0x00,0x00,0xBD,0xFF,0xA5,0x31,0xCE,0xEA,0x09,
  0x00,0x00,0xC3,0xFF,0xAA,0x0E,0xF9,0xFF,0x91,0x0D,0x55,0xFE,0xFF,0x68,0x00,0x75,
  0xFF,0xFF,0xFF,0xFF,0xFF,0xC7,0x06,0x00,0x00,0x69,0xD7,0xFA,0xE6,0x8F,0x0C,0x00,
  0x00,0x00,0x00,0x00,0x00,0xBB,0xFF,0x8C,0x00,0x00,0x00,0x00,0x00,0x00,0x65,0xFF,
  0xFF,0x8C,0x00,0x00,0x00,0x00,0x00,0x1C,0xF1,0xFF,0xFF,0x8C,0x00,0x00,0x00,0x00,
  0x00,0xB6,0xFF,0xFA,0xFF,0x8C,0x00,0x00,0x00,0x00,0x5F,0xFF,0xCA,0xB7,0xFF,0x8C,
  0x00,0x00,0x00,0x19,0xEE,0xF9,0x2B,0xB4,0xFF,0x8C,0x00,0x00,0x00,0xB0,0xFF,0x7C,
  0x00,0xB4,0xFF,0x8C,0x00,0x00,0x59,0xFF,0xCF,0x04,0x00,0xB4,0xFF,0x8C,0x00,0x00,
  0xAF,0xFF,0xFF,0xFF,0xFF,0xFF,0xFF,0xFF,0xFF,0x10,0xB0,0xFF,0xFF,0xFF,0xFF,0xFF,
  0xFF,0xFF,0xFF,0x10,0x00,0x00,0x00,0x00,0x00,0xB4,0xFF,0x8C,0x00,0x00,0x00,0x00,
  0x00,0x00,0x00,0xB4,0xFF,0x8C,0x00,0x00,0x00,0x00,0xDC,0xFF,0xFF,0xFF,0xFF,0xFF,
  0x68,0x00,0x0B,0xFE,0xFF,0xFF,0xFF,0xFF,0xFF,0x68,0x00,0x38,0xFF,0xEC,0x00,0x00,
  0x00,0x00,0x00,0x00,0x66,0xFF,0xC6,0x00,0x00,0x00,0x00,0x00,0x00,0x94,0xFF,0xE3,
  0xE1,0xF7,0xC3,0x3A,0x00,0x00,0xC2,0xFF,0xFF,0xFF,0xFF,0xFF,0xF9,0x35,0x00,0xB3,
  0xED,0x84,0x13,0x31,0xE4,0xFF,0xB3,0x00,0x00,0x00,0x00,0x00,0x00,0x85,0xFF,0xE6,
  0x1C,0xCE,0xED,0x32,0x00,0x00,0x8A,0xFF,0xD6,0x01,0xE7,0xFF,0xBA,0x15,0x33,0xEA,
  0xFF,0x91,0x00,0x57,0xFF,0xFF,0xFF,0xFF,0xFF,0xE3,0x16,0x00,0x00,0x4D,0xC8,0xF3,
  0xEC,0xA4,0x1D,0x00,0x00,0x00,0x22,0xA8,0xED,0xF2,0xC0,0x38,0x00,0x00,0x21,0xEB,
  0xFF,0xFF,0xFF,0xFF,0xF2,0x23,0x00,0xAB,0xFF,0xD3,0x24,0x22,0xD5,0xE8,0x69,0x07,
  0xF8,0xFF,0x5E,0x00,0x00,0x00,0x00,0x00,0x2E,0xFF,0xFF,0x7F,0xDB,0xF8,0xC2,0x32,
  0x00,0x41,0xFF,0xFF,0xFF,0xFF,0xFF,0xFF,0xF2,0x25,0x42,0xFF,0xFF,0xCD,0x1C,0x28,
  0xE1,0xFF,0x9B,0x32,0xFF,0xFF,0x66,0x00,0x00,0x83,0xFF,0xCE,0x0B,0xFD,0xFF,0x71,
  0x00,0x00,0x7E,0xFF,0xCB,0x00,0xB9,0xFF,0xDE,0x2A,0x1E,0xD8,0xFF,0x92,0x00,0x30,
  0xF5,0xFF,0xFF,0xFF,0xFF,0xED,0x1E,0x00,0x00,0x32,0xB9,0xF4,0xF3,0xB1,0x27,0x00,
  0x48,0xFF,0xFF,0xFF,0xFF,0xFF,0xFF,0xFF,0xB4,0x48,0xFF,0xFF,0xFF,0xFF,0xFF,0xFF,
  0xFF,0xB4,0x00,0x00,0x00,0x00,0x00,0x4C,0xFF,0xFB,0x48,0x00,0x00,0x00,0x00,0x10,
  0xE5,0xFF,0x79,0x00,0x00,0x00,0x00,0x00,0x8F,0xFF,0xCF,0x04,0x00,0x00,0x00,0x00,
  0x10,0xF3,0xFF,0x4B,0x00,0x00,0x00,0x00,0x00,0x78,0xFF,0xD0,0x00,0x00,0x00,0x00,
  0x00,0x00,0xCE,0xFF,0x73,0x00,0x00,0x00,0x00,0x00,0x18,0xFE,0xFF,0x20,0x00,0x00,
  0x00,0x00,0x00,0x58,0xFF,0xE7,0x00,0x00,0x00,0x00,0x00,0x00,0x79,0xFF,0xB9,0x00,
  0x00,0x00,0x00,0x00,0x00,0x96,0xFF,0xA5,0x00,0x00,0x00,0x00,0x00,0x01,0x65,0xD2,
  0xF5,0xDE,0x8F,0x0D,0x00,0x00,0x6E,0xFF,0xFF,0xFF,0xFF,0xFF,0xB6,0x00,0x00,0xDB,
  0xFF,0x99,0x0C,0x50,0xFF,0xFF,0x25,0x00,0xF6,0xFF,0x3D,0x00,0x00,0xEE,0xFF,0x41,
  0x00,0xB8,0xFF,0x97,0x0B,0x53,0xFF,0xF4,0x11,0x00,0x1E,0xCC,0xFF,0xFF,0xFF,0xEF,
  0x4E,0x00,0x00,0x47,0xE7,0xFF,0xFF,0xFF,0xFB,0x91,0x02,0x11,0xF3,0xFF,0x76,0x0B,
  0x35,0xEA,0xFF,0x68,0x46,0xFF,0xFF,0x08,0x00,0x00,0xA8,0xFF,0xA6,0x31,0xFF,0xFF,
  0x7B,0x0B,0x32,0xEA,0xFF,0x8D,0x00,0xB6,0xFF,0xFF,0xFF,0xFF,0xFF,0xF0,0x22,0x00,
  0x07,0x76,0xD4,0xF5,0xE4,0xA8,0x25,0x00,0x00,0x04,0x7F,0xE0,0xF9,0xD7,0x6B,0x00,
  0x00,0x00,0xA5,0xFF,0xFF,0xFF,0xFF,0xFF,0x86,0x00,0x2F,0xFF,0xFF,0x57,0x0F,0x9B,
  0xFF,0xFD,0x1F,0x68,0xFF,0xE2,0x00,0x00,0x0E,0xFF,0xFF,0x6C,0x6B,0xFF,0xE5,0x00,
  0x00,0x05,0xFC,0xFF,0x96,0x38,0xFF,0xFF,0x63,0x0B,0x7E,0xFF,0xFF,0xA6,0x00,0xB7,
  0xFF,0xFF,0xFF,0xFF,0xFF,0xFF,0xA3,0x00,0x0B,0x96,0xEE,0xF2,0x97,0xD2,0xFF,0x90,
  0x00,0x00,0x00,0x00,0x00,0x05,0xF3,0xFF,0x62,0x15,0xDE,0xF4,0x57,0x0E,0x85,0xFF,
  0xF8,0x15,0x00,0xB8,0xFF,0xFF,0xFF,0xFF,0xFF,0x6F,0x00,0x00,0x12,0x9C,0xE8,0xF8,
  0xCD,0x57,0x00,0x00,0x00,0x54,0xFF,0xFF,0x00,0x00,0x00,0x54,0xFF,0xFF,0x00,0x00,
  0x00,0x00,0x00,0x00,0x00,0x00,0x00,0x00,0x00,0x00,0x00,0x00,0x00,0x00,0x00,0x00,
  0x00,0x00,0x00,0x00,0x00,0x00,0x00,0x00,0x00,0x00,0x00,0x00,0x00,0x00,0x00,0x54,
  0xFF,0xFF,0x00,0x00,0x00,0x54,0xFF,0xFF,0x00,0x00,0x00,0x64,0xFF,0xF0,0x00,0x00,
  0x00,0x64,0xFF,0xF0,0x00,0x00,0x00,0x00,0x00,0x00,0x00,0x00,0x00,0x00,0x00,0x00,
  0x00,0x00,0x00,0x00,0x00,0x00,0x00,0x00,0x00,0x00,0x00,0x00,0x00,0x00,0x00,0x00,
  0x00,0x00,0x00,0x00,0x00,0x64,0xFF,0xF0,0x00,0x00,0x00,0x64,0xFF,0xEF,0x00,0x00,
  0x00,0x00,0x57,0xE1,0x00,0x00,0x00,0x17,0xCA,0xA0,0x00,0x00,0x00,0x5B,0xB0,0x11,
  0x00,0x00,0x00,0x00,0x00,0x00,0x00,0x00,0x03,0x50,0xBC,0x1F,0x00,0x00,0x00,0x00,
  0x14,0x78,0xE1,0xFF,0xFF,0x20,0x00,0x00,0x35,0xA1,0xF8,0xFF,0xFC,0xB0,0x44,0x00,
  0x1D,0xC9,0xFF,0xFF,0xEB,0x88,0x1E,0x00,0x00,0x00,0x38,0xFF,0xFF,0xCB,0x19,0x00,
  0x00,0x00,0x00,0x00,0x1C,0xC6,0xFF,0xFF,0xF4,0x96,0x27,0x00,0x00,0x00,0x00,0x00,
  0x32,0x9F,0xF7,0xFF,0xFE,0xB6,0x46,0x00,0x00,0x00,0x00,0x00,0x13,0x78,0xE0,0xFF,
  0xFF,0x20,0x00,0x00,0x00,0x00,0x00,0x00,0x03,0x50,0xBD,0x1F,0x00,0x00,0x00,0x00,
  0x00,0x00,0x00,0x00,0x00,0x00,0x4C,0xFF,0xFF,0xFF,0xFF,0xFF,0xFF,0xFF,0xFF,0x38,
  0x4C,0xFF,0xFF,0xFF,0xFF,0xFF,0xFF,0xFF,0xFF,0x38,0x00,0x00,0x00,0x00,0x00,0x00,
  0x00,0x00,0x00,0x00,0x00,0x00,0x00,0x00,0x00,0x00,0x00,0x00,0x00,0x00,0x4C,0xFF,
  0xFF,0xFF,0xFF,0xFF,0xFF,0xFF,0xFF,0x38,0x4C,0xFF,0xFF,0xFF,0xFF,0xFF,0xFF,0xFF,
  0xFF,0x38,0x00,0x00,0x00,0x00,0x00,0x00,0x00,0x00,0x00,0x00,0x00,0x00,0x00,0x00,
  0x00,0x00,0x00,0x00,0x00,0x00,0x00,0x00,0x00,0x00,0x00,0x00,0x00,0x00,0x00,0x00,
  0x35,0xB2,0x46,0x01,0x00,0x00,0x00,0x00,0x00,0x00,0x38,0xFF,0xFF,0xD9,0x6F,0x0F,
  0x00,0x00,0x00,0x00,0x02,0x4E,0xBC,0xFF,0xFF,0xF4,0x98,0x2C,0x00,0x00,0x00,0x00,
  0x00,0x2A,0x96,0xF3,0xFF,0xFF,0xC0,0x12,0x00,0x00,0x00,0x00,0x00,0x22,0xD7,0xFF,
  0xFF,0x24,0x00,0x00,0x00,0x2C,0x9A,0xF6,0xFF,0xFE,0xBA,0x11,0x02,0x4F,0xBD,0xFF,
  0xFF,0xF2,0x93,0x27,0x00,0x00,0x38,0xFF,0xFF,0xD7,0x6C,0x0D,0x00,0x00,0x00,0x00,
  0x35,0xB2,0x45,0x01,0x00,0x00,0x00,0x00,0x00,0x00,0x00,0x00,0x00,0x00,0x00,0x00,
  0x00,0x00,0x00,0x00,0x00,0x00,0x29,0xAD,0xEE,0xF9,0xDA,0x84,0x0A,0x00,0x00,0x2D,
  0xF2,0xFF,0xFF,0xFF,0xFF,0xFF,0xC8,0x06,0x00,0xC0,0xFF,0xCD,0x2D,0x09,0x4B,0xF3,
  0xFF,0x68,0x0E,0xFE,0xFF,0x32,0x00,0x00,0x00,0xB5,0xFF,0x93,0x00,0x00,0x00,0x00,
  0x00,0x00,0x3A,0xF6,0xFF,0x5E,0x00,0x00,0x00,0x00,0x00,0x59,0xF8,0xFF,0xA9,0x01,
  0x00,0x00,0x00,0x00,0x4E,0xFE,0xFF,0x96,0x03,0x00,0x00,0x00,0x00,0x00,0xC3,0xFF,
  0x95,0x00,0x00,0x00,0x00,0x00,0x00,0x00,0xE0,0xFF,0x42,0x00,0x00,0x00,0x00,0x00,
  0x00,0x00,0x00,0x00,0x00,0x00,0x00,0x00,0x00,0x00,0x00,0x00,0xE0,0xFF,0x74,0x00,
  0x00,0x00,0x00,0x00,0x00,0x00,0xE0,0xFF,0x74,0x00,0x00,0x00,0x00,0x00,0x00,0x00,
  0x06,0x5C,0xAE,0xE0,0xF8,0xF3,0xD9,0xA0,0x45,0x00,0x00,0x00,0x00,0x00,0x00,0x00,
  0x3F,0xDE,0xFF,0xFF,0xFF,0xFF,0xFF,0xFF,0xFF,0xFF,0xB1,0x13,0x00,0x00,0x00,0x00,
  0x4C,0xFA,0xFF,0xBD,0x5D,0x28,0x0D,0x09,0x23,0x60,0xD0,0xFF,0xC2,0x05,0x00,0x00,
  0x1C,0xF2,0xF3,0x59,0x12,0x9B,0xEA,0xF1,0x85,0x8F,0xFF,0x9C,0x9B,0xFF,0x6A,0x00,
  0x00,0x9E,0xFF,0x56,0x0F,0xD6,0xFF,0xFF,0xFF,0xFF,0xEC,0xFF,0x62,0x04,0xD6,0xCF,
  0x00,0x0D,0xF8,0xB6,0x00,0x98,0xFF,0xDD,0x37,0x0C,0x97,0xFF,0xFF,0x2B,0x00,0x83,
  0xF9,0x02,0x4B,0xFF,0x55,0x10,0xF8,0xFF,0x3A,0x00,0x00,0x2E,0xFF,0xF2,0x02,0x00,
  0x78,0xFF,0x0C,0x72,0xFF,0x21,0x47,0xFF,0xE4,0x00,0x00,0x00,0x47,0xFF,0xBE,0x00,
  0x00,0xB3,0xEA,0x00,0x79,0xFF,0x0C,0x59,0xFF,0xD1,0x00,0x00,0x00,0xA5,0xFF,0x88,
  0x00,0x3F,0xFD,0x98,0x00,0x5F,0xFF,0x28,0x38,0xFF,0xFB,0x43,0x0F,0x72,0xFF,0xFF,
  0x69,0x55,0xF0,0xF0,0x1C,0x00,0x36,0xFF,0x73,0x02,0xCB,0xFF,0xFF,0xFF,0xFF,0xFC,
  0xFF,0xFF,0xFF,0xF4,0x3F,0x00,0x00,0x00,0xDA,0xE6,0x17,0x19,0xAC,0xEF,0xE2,0x5D,
  0x8D,0xF8,0xE6,0x9F,0x21,0x00,0x00,0x00,0x00,0x6A,0xFF,0xD0,0x21,0x00,0x00,0x00,
  0x00,0x00,0x00,0x00,0x00,0x14,0xC2,0xFC,0x33,0x00,0x02,0xAF,0xFF,0xF8,0x98,0x4F,
  0x1E,0x0A,0x07,0x19,0x46,0x8D,0xF2,0xFF,0x7D,0x00,0x00,0x00,0x04,0x89,0xFA,0xFF,
  0xFF,0xFF,0xFF,0xFF,0xFF,0xFF,0xFF,0xF6,0x64,0x00,0x00,0x00,0x00,0x00,0x00,0x1A,
  0x6B,0xB7,0xDA,0xF1,0xFB,0xEB,0xC1,0x7B,0x18,0x00,0x00,0x00,0x00,0x00,0x00,0x00,
  0x77,0xFF,0xFF,0x8B,0x00,0x00,0x00,0x00,0x00,0x00,0x00,0x00,0x01,0xDA,0xFF,0xFF,
  0xEB,0x07,0x00,0x00,0x00,0x00,0x00,0x00,0x00,0x41,0xFF,0xD9,0xD2,0xFF,0x5A,0x00,
  0x00,0x00,0x00,0x00,0x00,0x00,0xA6,0xFF,0x84,0x7C,0xFF,0xC2,0x00,0x00,0x00,0x00,
  0x00,0x00,0x12,0xF8,0xFF,0x2F,0x26,0xFF,0xFF,0x2A,0x00,0x00,0x00,0x00,0x00,0x70,
  0xFF,0xDA,0x00,0x00,0xD1,0xFF,0x91,0x00,0x00,0x00,0x00,0x00,0xD4,0xFF,0x86,0x00,
  0x00,0x7B,0xFF,0xEF,0x09,0x00,0x00,0x00,0x3A,0xFF,0xFF,0xFF,0xFF,0xFF,0xFF,0xFF,
  0xFF,0x61,0x00,0x00,0x00,0x9F,0xFF,0xFF,0xFF,0xFF,0xFF,0xFF,0xFF,0xFF,0xC8,0x00,
  0x00,0x0E,0xF5,0xFF,0x70,0x00,0x00,0x00,0x00,0x5B,0xFF,0xFF,0x30,0x00,0x69,0xFF,
  0xFE,0x1D,0x00,0x00,0x00,0x00,0x0B,0xF4,0xFF,0x98,0x00,0xCE,0xFF,0xC6,0x00,0x00,
  0x00,0x00,0x00,0x00,0xA5,0xFF,0xF3,0x0D,0x00,0xC0,0xFF,0xFF,0xFF,0xFF,0xFD,0xF3,
  0xCC,0x56,0x00,0x00,0x00,0xC0,0xFF,0xFF,0xFF,0xFF,0xFF,0xFF,0xFF,0xFF,0x51,0x00,
  0x00,0xC0,0xFF,0xB4,0x00,0x00,0x03,0x25,0xDB,0xFF,0xBE,0x00,0x00,0xC0,0xFF,0xB4,
  0x00,0x00,0x00,0x00,0x95,0xFF,0xCA,0x00,0x00,0xC0,0xFF,0xB4,0x00,0x00,0x03,0x2E,
  0xE0,0xFF,0x7C,0x00,0x00,0xC0,0xFF,0xFF,0xFF,0xFF,0xFF,0xFF,0xFF,0xA6,0x04,0x00,
  0x00,0xC0,0xFF,0xFF,0xFF,0xFF,0xFF,0xFF,0xFF,0xEF,0x5E,0x00,0x00,0xC0,0xFF,0xB4,
  0x00,0x00,0x04,0x1B,0xA3,0xFF,0xFC,0x27,0x00,0xC0,0xFF,0xB4,0x00,0x00,0x00,0x00,
  0x22,0xFF,0xFF,0x64,0x00,0xC0,0xFF,0xB4,0x00,0x00,0x01,0x0F,0x8B,0xFF,0xFF,0x49,
  0x00,0xC0,0xFF,0xFF,0xFF,0xFF,0xFF,0xFF,0xFF,0xFF,0xCE,0x04,0x00,0xC0,0xFF,0xFF,
  0xFF,0xFF,0xFD,0xF7,0xE1,0x9B,0x14,0x00,0x00,0x00,0x00,0x3C,0xAC,0xE8,0xFB,0xEB,
  0xB4,0x47,0x00,0x00,0x00,0x00,0x76,0xFE,0xFF,0xFF,0xFF,0xFF,0xFF,0xFF,0x79,0x00,
  0x00,0x47,0xFF,0xFF,0xB5,0x2D,0x0B,0x45,0xE4,0xFF,0xFC,0x25,0x00,0xC2,0xFF,0xD3,
  0x03,0x00,0x00,0x00,0x45,0xC5,0x5C,0x07,0x0A,0xFB,0xFF,0x7C,0x00,0x00,0x00,0x00,
  0x00,0x00,0x00,0x00,0x25,0xFF,0xFF,0x5D,0x00,0x00,0x00,0x00,0x00,0x00,0x00,0x00,
  0x28,0xFF,0xFF,0x5E,0x00,0x00,0x00,0x00,0x00,0x00,0x00,0x00,0x0F,0xFE,0xFF,0x7F,
  0x00,0x00,0x00,0x00,0x00,0x00,0x00,0x00,0x00,0xCA,0xFF,0xD3,0x03,0x00,0x00,0x00,
  0x37,0xCB,0x60,0x08,0x00,0x4F,0xFF,0xFF,0xB1,0x2A,0x0A,0x41,0xDF,0xFF,0xFB,0x26,
  0x00,0x00,0x7F,0xFF,0xFF,0xFF,0xFF,0xFF,0xFF,0xFE,0x71,0x00,0x00,0x00,0x00,0x43,
  0xB3,0xEC,0xF9,0xE2,0xAD,0x42,0x00,0x00,0x00,0xC4,0xFF,0xFF,0xFF,0xFF,0xF6,0xDC,
  0x90,0x14,0x00,0x00,0x00,0xC4,0xFF,0xFF,0xFF,0xFF,0xFF,0xFF,0xFF,0xDF,0x17,0x00,
  0x00,0xC4,0xFF,0xB0,0x00,0x04,0x14,0x69,0xFA,0xFF,0xAA,0x00,0x00,0xC4,0xFF,0xB0,
  0x00,0x00,0x00,0x00,0x87,0xFF,0xFD,0x15,0x00,0xC4,0xFF,0xB0,0x00,0x00,0x00,0x00,
  0x3B,0xFF,0xFF,0x4D,0x00,0xC4,0xFF,0xB0,0x00,0x00,0x00,0x00,0x23,0xFF,0xFF,0x65,
  0x00,0xC4,0xFF,0xB0,0x00,0x00,0x00,0x00,0x23,0xFF,0xFF,0x68,0x00,0xC4,0xFF,0xB0,
  0x00,0x00,0x00,0x00,0x39,0xFF,0xFF,0x52,0x00,0xC4,0xFF,0xB0,0x00,0x00,0x00,0x00,
  0x7B,0xFF,0xFD,0x19,0x00,0xC4,0xFF,0xB0,0x00,0x00,0x0C,0x5B,0xF1,0xFF,0xAC,0x00,
  0x00,0xC4,0xFF,0xFF,0xFF,0xFF,0xFF,0xFF,0xFF,0xE1,0x18,0x00,0x00,0xC4,0xFF,0xFF,
  0xFF,0xFF,0xF8,0xDA,0x8D,0x14,0x00,0x00,0x00,0xC4,0xFF,0xFF,0xFF,0xFF,0xFF,0xFF,
  0xFF,0xFF,0x44,0x00,0xC4,0xFF,0xFF,0xFF,0xFF,0xFF,0xFF,0xFF,0xFF,0x44,0x00,0xC4,
  0xFF,0xB0,0x00,0x00,0x00,0x00,0x00,0x00,0x00,0x00,0xC4,0xFF,0xB0,0x00,0x00,0x00,
  0x00,0x00,0x00,0x00,0x00,0xC4,0xFF,0xB0,0x00,0x00,0x00,0x00,0x00,0x00,0x00,0x00,
  0xC4,0xFF,0xFF,0xFF,0xFF,0xFF,0xFF,0xFF,0xCC,0x00,0x00,0xC4,0xFF,0xFF,0xFF,0xFF,
  0xFF,0xFF,0xFF,0xCC,0x00,0x00,0xC4,0xFF,0xB0,0x00,0x00,0x00,0x00,0x00,0x00,0x00,
  0x00,0xC4,0xFF,0xB0,0x00,0x00,0x00,0x00,0x00,0x00,0x00,0x00,0xC4,0xFF,0xB0,0x00,
  0x00,0x00,0x00,0x00,0x00,0x00,0x00,0xC4,0xFF,0xFF,0xFF,0xFF,0xFF,0xFF,0xFF,0xFF,
  0x80,0x00,0xC4,0xFF,0xFF,0xFF,0xFF,0xFF,0xFF,0xFF,0xFF,0x80,0x00,0xC0,0xFF,0xFF,
  0xFF,0xFF,0xFF,0xFF,0xFF,0x98,0x00,0xC0,0xFF,0xFF,0xFF,0xFF,0xFF,0xFF,0xFF,0x98,
  0x00,0xC0,0xFF,0xB4,0x00,0x00,0x00,0x00,0x00,0x00,0x00,0xC0,0xFF,0xB4,0x00,0x00,
  0x00,0x00,0x00,0x00,0x00,0xC0,0xFF,0xB4,0x00,0x00,0x00,0x00,0x00,0x00,0x00,0xC0,
  0xFF,0xFF,0xFF,0xFF,0xFF,0xFF,0xCC,0x00,0x00,0xC0,0xFF,0xFF,0xFF,0xFF,0xFF,0xFF,
  0xCC,0x00,0x00,0xC0,0xFF,0xB4,0x00,0x00,0x00,0x00,0x00,0x00,0x00,0xC0,0xFF,0xB4,
  0x00,0x00,0x00,0x00,0x00,0x00,0x00,0xC0,0xFF,0xB4,0x00,0x00,0x00,0x00,0x00,0x00,
  0x00,0xC0,0xFF,0xB4,0x00,0x00,0x00,0x00,0x00,0x00,0x00,0xC0,0xFF,0xB4,0x00,0x00,
  0x00,0x00,0x00,0x00,0x00,0x00,0x00,0x28,0x9B,0xDE,0xF7,0xEF,0xD5,0x8D,0x21,0x00,
  0x00,0x00,0x00,0x5E,0xF7,0xFF,0xFF,0xFF,0xFF,0xFF,0xFF,0xEE,0x37,0x00,0x00,0x36,
  0xFA,0xFF,0xD3,0x46,0x10,0x18,0x85,0xFF,0xFF,0xCB,0x00,0x00,0xB2,0xFF,0xEB,0x11,
  0x00,0x00,0x00,0x00,0x9A,0xA1,0x38,0x00,0x06,0xFC,0xFF,0x8B,0x00,0x00,0x00,0x00,
  0x00,0x00,0x00,0x00,0x00,0x22,0xFF,0xFF,0x65,0x00,0x00,0x00,0x00,0x00,0x00,0x00,
  0x00,0x00,0x21,0xFF,0xFF,0x62,0x00,0x00,0x1C,0xFF,0xFF,0xFF,0xFF,0xFF,0x30,0x06,
  0xF8,0xFF,0x8D,0x00,0x00,0x1C,0xFF,0xFF,0xFF,0xFF,0xFF,0x30,0x00,0xAE,0xFF,0xE9,
  0x12,0x00,0x00,0x00,0x00,0x48,0xFF,0xFF,0x30,0x00,0x30,0xF9,0xFF,0xCF,0x40,0x08,
  0x19,0x4D,0xBE,0xFF,0xFF,0x30,0x00,0x00,0x57,0xF4,0xFF,0xFF,0xFF,0xFF,0xFF,0xFF,
  0xFF,0xB0,0x0D,0x00,0x00,0x00,0x23,0x8D,0xD6,0xF2,0xF4,0xD7,0x97,0x38,0x00,0x00,
  0x00,0xC0,0xFF,0xB4,0x00,0x00,0x00,0x00,0x7C,0xFF,0xF8,0x00,0x00,0xC0,0xFF,0xB4,
  0x00,0x00,0x00,0x00,0x7C,0xFF,0xF8,0x00,0x00,0xC0,0xFF,0xB4,0x00,0x00,0x00,0x00,
  0x7C,0xFF,0xF8,0x00,0x00,0xC0,0xFF,0xB4,0x00,0x00,0x00,0x00,0x7C,0xFF,0xF8,0x00,
  0x00,0xC0,0xFF,0xB4,0x00,0x00,0x00,0x00,0x7C,0xFF,0xF8,0x00,0x00,0xC0,0xFF,0xFF,
  0xFF,0xFF,0xFF,0xFF,0xFF,0xFF,0xF8,0x00,0x00,0xC0,0xFF,0xFF,0xFF,0xFF,0xFF,0xFF,
  0xFF,0xFF,0xF8,0x00,0x00,0xC0,0xFF,0xB4,0x00,0x00,0x00,0x00,0x7C,0xFF,0xF8,0x00,
  0x00,0xC0,0xFF,0xB4,0x00,0x00,0x00,0x00,0x7C,0xFF,0xF8,0x00,0x00,0xC0,0xFF,0xB4,
  0x00,0x00,0x00,0x00,0x7C,0xFF,0xF8,0x00,0x00,0xC0,0xFF,0xB4,0x00,0x00,0x00,0x00,
  0x7C,0xFF,0xF8,0x00,0x00,0xC0,0xFF,0xB4,0x00,0x00,0x00,0x00,0x7C,0xFF,0xF8,0x00,
  0x00,0xD8,0xFF,0xA0,0x00,0x00,0xD8,0xFF,0xA0,0x00,0x00,0xD8,0xFF,0xA0,0x00,0x00,
  0xD8,0xFF,0xA0,0x00,0x00,0xD8,0xFF,0xA0,0x00,0x00,0xD8,0xFF,0xA0,0x00,0x00,0xD8,
  0xFF,0xA0,0x00,0x00,0xD8,0xFF,0xA0,0x00,0x00,0xD8,0xFF,0xA0,0x00,0x00,0xD8,0xFF,
  0xA0,0x00,0x00,0xD8,0xFF,0xA0,0x00,0x00,0xD8,0xFF,0xA0,0x00,0x00,0x00,0x00,0x00,
  0x00,0x60,0xFF,0xFF,0x14,0x00,0x00,0x00,0x00,0x00,0x60,0xFF,0xFF,0x14,0x00,0x00,
  0x00,0x00,0x00,0x60,0xFF,0xFF,0x14,0x00,0x00,0x00,0x00,0x00,0x60,0xFF,0xFF,0x14,
  0x00,0x00,0x00,0x00,0x00,0x60,0xFF,0xFF,0x14,0x00,0x00,0x00,0x00,0x00,0x60,0xFF,
  0xFF,0x14,0x00,0x00,0x00,0x00,0x00,0x60,0xFF,0xFF,0x14,0x00,0x00,0x00,0x00,0x00,
  0x61,0xFF,0xFF,0x12,0xA3,0xFF,0xAB,0x00,0x00,0x70,0xFF,0xFF,0x06,0x7A,0xFF,0xEF,
  0x31,0x12,0xC2,0xFF,0xD8,0x00,0x14,0xEF,0xFF,0xFF,0xFF,0xFF,0xFF,0x5B,0x00,0x00,
  0x34,0xBC,0xF5,0xF3,0xC8,0x53,0x00,0x00,0x00,0xBC,0xFF,0xBC,0x00,0x00,0x00,0x0C,
  0xC3,0xFF,0xFF,0x7F,0x00,0x00,0xBC,0xFF,0xBC,0x00,0x00,0x0C,0xC2,0xFF,0xFF,0x7D,
  0x00,0x00,0x00,0xBC,0xFF,0xBC,0x00,0x0B,0xC2,0xFF,0xFF,0x7B,0x00,0x00,0x00,0x00,
  0xBC,0xFF,0xBC,0x0B,0xC1,0xFF,0xFF,0x7A,0x00,0x00,0x00,0x00,0x00,0xBC,0xFF,0xC7,
  0xC1,0xFF,0xFF,0xA0,0x00,0x00,0x00,0x00,0x00,0x00,0xBC,0xFF,0xFF,0xFF,0xFF,0xFF,
  0xEC,0x16,0x00,0x00,0x00,0x00,0x00,0xBC,0xFF,0xFF,0xFF,0xAC,0xFD,0xFF,0xAA,0x00,
  0x00,0x00,0x00,0x00,0xBC,0xFF,0xFF,0x8A,0x00,0x9B,0xFF,0xFF,0x51,0x00,0x00,0x00,
  0x00,0xBC,0xFF,0xC6,0x00,0x00,0x14,0xEE,0xFF,0xE7,0x10,0x00,0x00,0x00,0xBC,0xFF,
  0xBC,0x00,0x00,0x00,0x6C,0xFF,0xFF,0x9E,0x00,0x00,0x00,0xBC,0xFF,0xBC,0x00,0x00,
  0x00,0x03,0xD0,0xFF,0xFF,0x46,0x00,0x00,0xBC,0xFF,0xBC,0x00,0x00,0x00,0x00,0x3D,
  0xFF,0xFF,0xE0,0x0C,0x00,0xB4,0xFF,0xC4,0x00,0x00,0x00,0x00,0x00,0x00,0x00,0xB4,
  0xFF,0xC4,0x00,0x00,0x00,0x00,0x00,0x00,0x00,0xB4,0xFF,0xC4,0x00,0x00,0x00,0x00,
  0x00,0x00,0x00,0xB4,0xFF,0xC4,0x00,0x00,0x00,0x00,0x00,0x00,0x00,0xB4,0xFF,0xC4,
  0x00,0x00,0x00,0x00,0x00,0x00,0x00,0xB4,0xFF,0xC4,0x00,0x00,0x00,0x00,0x00,0x00,
  0x00,0xB4,0xFF,0xC4,0x00,0x00,0x00,0x00,0x00,0x00,0x00,0xB4,0xFF,0xC4,0x00,0x00,
  0x00,0x00,0x00,0x00,0x00,0xB4,0xFF,0xC4,0x00,0x00,0x00,0x00,0x00,0x00,0x00,0xB4,
  0xFF,0xC4,0x00,0x00,0x00,0x00,0x00,0x00,0x00,0xB4,0xFF,0xFF,0xFF,0xFF,0xFF,0xFF,
  0xFF,0xE0,0x00,0xB4,0xFF,0xFF,0xFF,0xFF,0xFF,0xFF,0xFF,0xE0,0x00,0xCC,0xFF,0xFF,
  0xF8,0x09,0x00,0x00,0x00,0xDE,0xFF,0xFF,0xF4,0x00,0x00,0xCC,0xFF,0xFF,0xFF,0x47,
  0x00,0x00,0x21,0xFF,0xFF,0xFF,0xF4,0x00,0x00,0xCC,0xFF,0xF9,0xFF,0x8D,0x00,0x00,
  0x66,0xFF,0xF9,0xFF,0xF4,0x00,0x00,0xCC,0xFF,0xC2,0xFF,0xD2,0x00,0x00,0xAA,0xFF,
  0xC1,0xFF,0xF4,0x00,0x00,0xCC,0xFF,0x86,0xFA,0xFF,0x18,0x01,0xEB,0xFF,0x80,0xFF,
  0xF4,0x00,0x00,0xCC,0xFF,0x7C,0xC4,0xFF,0x5D,0x32,0xFF,0xEA,0x55,0xFF,0xF4,0x00,
  0x00,0xCC,0xFF,0x7C,0x82,0xFF,0xA2,0x76,0xFF,0xA9,0x54,0xFF,0xF4,0x00,0x00,0xCC,
  0xFF,0x7C,0x41,0xFF,0xE7,0xBA,0xFF,0x68,0x54,0xFF,0xF4,0x00,0x00,0xCC,0xFF,0x7C,
  0x08,0xF8,0xFF,0xFD,0xFF,0x27,0x54,0xFF,0xF4,0x00,0x00,0xCC,0xFF,0x7C,0x00,0xBF,
  0xFF,0xFF,0xE6,0x00,0x54,0xFF,0xF4,0x00,0x00,0xCC,0xFF,0x7C,0x00,0x7E,0xFF,0xFF,
  0xA5,0x00,0x54,0xFF,0xF4,0x00,0x00,0xCC,0xFF,0x7C,0x00,0x3D,0xFF,0xFF,0x64,0x00,
  0x54,0xFF,0xF4,0x00,0x00,0xBC,0xFF,0xE4,0x0B,0x00,0x00,0x00,0x5C,0xFF,0xEC,0x00,
  0x00,0xBC,0xFF,0xFF,0x81,0x00,0x00,0x00,0x5C,0xFF,0xEC,0x00,0x00,0xBC,0xFF,0xFF,
  0xF5,0x1C,0x00,0x00,0x5C,0xFF,0xEC,0x00,0x00,0xBC,0xFF,0xE0,0xFF,0xA4,0x00,0x00,
  0x5C,0xFF,0xEC,0x00,0x00,0xBC,0xFF,0x8D,0xCA,0xFE,0x36,0x00,0x5C,0xFF,0xEC,0x00,
  0x00,0xBC,0xFF,0x8C,0x3C,0xFF,0xC5,0x00,0x5C,0xFF,0xEC,0x00,0x00,0xBC,0xFF,0x8C,
  0x00,0xAA,0xFF,0x58,0x5C,0xFF,0xEC,0x00,0x00,0xBC,0xFF,0x8C,0x00,0x21,0xF8,0xE0,
  0x64,0xFF,0xEC,0x00,0x00,0xBC,0xFF,0x8C,0x00,0x00,0x88,0xFF,0xD3,0xFF,0xEC,0x00,
  0x00,0xBC,0xFF,0x8C,0x00,0x00,0x0E,0xE9,0xFF,0xFF,0xEC,0x00,0x00,0xBC,0xFF,0x8C,
  0x00,0x00,0x00,0x66,0xFF,0xFF,0xEC,0x00,0x00,0xBC,0xFF,0x8C,0x00,0x00,0x00,0x03,
  0xD1,0xFF,0xEC,0x00,0x00,0x00,0x00,0x47,0xAF,0xE7,0xFA,0xED,0xBD,0x5F,0x02,0x00,
  0x00,0x00,0x00,0x87,0xFF,0xFF,0xFF,0xFF,0xFF,0xFF,0xFF,0xBA,0x09,0x00,0x00,0x5A,
  0xFF,0xFF,0xC5,0x3A,0x0C,0x28,0x95,0xFF,0xFF,0x9C,0x00,0x00,0xD4,0xFF,0xD4,0x06,
  0x00,0x00,0x00,0x00,0xA2,0xFF,0xFD,0x1F,0x1B,0xFF,0xFF,0x71,0x00,0x00,0x00,0x00,
  0x00,0x34,0xFF,0xFF,0x63,0x38,0xFF,0xFF,0x4B,0x00,0x00,0x00,0x00,0x00,0x0F,0xFF,
  0xFF,0x81,0x3C,0xFF,0xFF,0x55,0x00,0x00,0x00,0x00,0x00,0x09,0xFF,0xFF,0x82,0x20,
  0xFF,0xFF,0x7C,0x00,0x00,0x00,0x00,0x00,0x32,0xFF,0xFF,0x65,0x00,0xDB,0xFF,0xE5,
  0x0B,0x00,0x00,0x00,0x00,0x9E,0xFF,0xFD,0x21,0x00,0x5E,0xFF,0xFF,0xC1,0x34,0x07,
  0x29,0x9D,0xFF,0xFF,0xA2,0x00,0x00,0x00,0x89,0xFF,0xFF,0xFF,0xFF,0xFF,0xFF,0xFF,
  0xC0,0x0C,0x00,0x00,0x00,0x00,0x41,0xAC,0xE6,0xFB,0xEF,0xC1,0x64,0x04,0x00,0x00,
  0x00,0xC4,0xFF,0xFF,0xFF,0xFE,0xF9,0xE9,0xA9,0x22,0x00,0x00,0xC4,0xFF,0xFF,0xFF,
  0xFF,0xFF,0xFF,0xFF,0xE7,0x0F,0x00,0xC4,0xFF,0xB0,0x00,0x03,0x14,0x81,0xFF,0xFF,
  0x69,0x00,0xC4,0xFF,0xB0,0x00,0x00,0x00,0x04,0xFE,0xFF,0x88,0x00,0xC4,0xFF,0xB0,
  0x00,0x03,0x15,0x89,0xFF,0xFF,0x67,0x00,0xC4,0xFF,0xFF,0xFF,0xFF,0xFF,0xFF,0xFF,
  0xDE,0x0E,0x00,0xC4,0xFF,0xFF,0xFF,0xFE,0xF7,0xE0,0x93,0x19,0x00,0x00,0xC4,0xFF,
  0xB0,0x00,0x00,0x00,0x00,0x00,0x00,0x00,0x00,0xC4,0xFF,0xB0,0x00,0x00,0x00,0x00,
  0x00,0x00,0x00,0x00,0xC4,0xFF,0xB0,0x00,0x00,0x00,0x00,0x00,0x00,0x00,0x00,0xC4,
  0xFF,0xB0,0x00,0x00,0x00,0x00,0x00,0x00,0x00,0x00,0xC4,0xFF,0xB0,0x00,0x00,0x00,
  0x00,0x00,0x00,0x00,0x00,0x00,0x00,0x41,0xAC,0xE5,0xFA,0xED,0xBD,0x5C,0x02,0x00,
  0x00,0x00,0x00,0x88,0xFF,0xFF,0xFF,0xFF,0xFF,0xFF,0xFF,0xB0,0x05,0x00,0x00,0x5D,
  0xFF,0xFF,0xC7,0x3B,0x0C,0x28,0x9B,0xFF,0xFF,0x89,0x00,0x00,0xD9,0xFF,0xE1,0x09,
  0x00,0x00,0x00,0x00,0x9A,0xFF,0xF6,0x12,0x1E,0xFF,0xFF,0x79,0x00,0x00,0x00,0x00,
  0x00,0x30,0xFF,0xFF,0x53,0x3B,0xFF,0xFF,0x53,0x00,0x00,0x00,0x00,0x00,0x08,0xFF,
  0xFF,0x78,0x3B,0xFF,0xFF,0x4C,0x00,0x00,0x00,0x00,0x00,0x10,0xFF,0xFF,0x82,0x1E,
  0xFF,0xFF,0x74,0x00,0x00,0x00,0x00,0x00,0x35,0xFF,0xFF,0x72,0x00,0xD9,0xFF,0xD6,
  0x07,0x00,0x98,0xB6,0x3D,0xA1,0xFF,0xFF,0x42,0x00,0x5D,0xFF,0xFF,0xC5,0x39,0x4C,
  0xE1,0xFF,0xFF,0xFF,0xE7,0x07,0x00,0x00,0x88,0xFF,0xFF,0xFF,0xFF,0xFF,0xFF,0xFF,
  0xFF,0x5C,0x00,0x00,0x00,0x00,0x40,0xAB,0xE5,0xFA,0xEE,0xC0,0xA2,0xFD,0xC0,0x39,
  0x00,0x00,0x00,0x00,0x00,0x00,0x00,0x00,0x00,0x00,0x3A,0xC0,0x8B,0x00,0xC0,0xFF,
  0xFF,0xFF,0xFF,0xFE,0xF5,0xD9,0x86,0x09,0x00,0x00,0x00,0xC0,0xFF,0xFF,0xFF,0xFF,
  0xFF,0xFF,0xFF,0xFF,0xA3,0x00,0x00,0x00,0xC0,0xFF,0xB4,0x00,0x00,0x02,0x17,0xB8,
  0xFF,0xFD,0x13,0x00,0x00,0xC0,0xFF,0xB4,0x00,0x00,0x00,0x00,0x62,0xFF,0xFF,0x29,
  0x00,0x00,0xC0,0xFF,0xB4,0x00,0x00,0x04,0x1E,0xC4,0xFF,0xF3,0x07,0x00,0x00,0xC0,
  0xFF,0xFF,0xFF,0xFF,0xFF,0xFF,0xFF,0xFD,0x64,0x00,0x00,0x00,0xC0,0xFF,0xFF,0xFF,
  0xFF,0xFF,0xFF,0x9F,0x35,0x00,0x00,0x00,0x00,0xC0,0xFF,0xB4,0x04,0x38,0xDC,0xFF,
  0xE1,0x27,0x00,0x00,0x00,0x00,0xC0,0xFF,0xB4,0x00,0x00,0x29,0xF5,0xFF,0xDC,0x0D,
  0x00,0x00,0x00,0xC0,0xFF,0xB4,0x00,0x00,0x00,0x66,0xFF,0xFF,0x98,0x00,0x00,0x00,
  0xC0,0xFF,0xB4,0x00,0x00,0x00,0x00,0xBC,0xFF,0xFE,0x3D,0x00,0x00,0xC0,0xFF,0xB4,
  0x00,0x00,0x00,0x00,0x20,0xF3,0xFF,0xD7,0x07,0x00,0x00,0x40,0xB4,0xEB,0xFB,0xEA,
  0xB2,0x3A,0x00,0x00,0x00,0x51,0xFD,0xFF,0xFF,0xFF,0xFF,0xFF,0xFC,0x48,0x00,0x00,
  0xD0,0xFF,0xBB,0x25,0x07,0x36,0xE2,0xFF,0xD7,0x00,0x00,0xEB,0xFF,0x9B,0x01,0x00,
  0x00,0x6E,0xFF,0xFF,0x18,0x00,0xA5,0xFF,0xFF,0xD6,0x75,0x20,0x00,0x00,0x00,0x00,
  0x00,0x14,0xC9,0xFF,0xFF,0xFF,0xFF,0xC7,0x5D,0x01,0x00,0x00,0x00,0x02,0x53,0xB0,
  0xF6,0xFF,0xFF,0xFF,0xB3,0x03,0x00,0x00,0x00,0x00,0x00,0x09,0x50,0xBB,0xFF,0xFF,
  0x50,0x41,0xFF,0xFF,0x2F,0x00,0x00,0x00,0x0C,0xFE,0xFF,0x7A,0x05,0xED,0xFF,0xD0,
  0x36,0x08,0x1A,0x8F,0xFF,0xFF,0x53,0x00,0x4E,0xFE,0xFF,0xFF,0xFF,0xFF,0xFF,0xFF,
  0xC1,0x03,0x00,0x00,0x40,0xB2,0xE9,0xFC,0xF1,0xCB,0x77,0x09,0x00,0xA4,0xFF,0xFF,
  0xFF,0xFF,0xFF,0xFF,0xFF,0xFF,0xFF,0x08,0xA4,0xFF,0xFF,0xFF,0xFF,0xFF,0xFF,0xFF,
  0xFF,0xFF,0x08,0x00,0x00,0x00,0x08,0xFF,0xFF,0x70,0x00,0x00,0x00,0x00,0x00,0x00,
  0x00,0x08,0xFF,0xFF,0x70,0x00,0x00,0x00,0x00,0x00,0x00,0x00,0x08,0xFF,0xFF,0x70,
  0x00,0x00,0x00,0x00,0x00,0x00,0x00,0x08,0xFF,0xFF,0x70,0x00,0x00,0x00,0x00,0x00,
  0x00,0x00,0x08,0xFF,0xFF,0x70,0x00,0x00,0x00,0x00,0x00,0x00,0x00,0x08,0xFF,0xFF,
  0x70,0x00,0x00,0x00,0x00,0x00,0x00,0x00,0x08,0xFF,0xFF,0x70,0x00,0x00,0x00,0x00,
  0x00,0x00,0x00,0x08,0xFF,0xFF,0x70,0x00,0x00,0x00,0x00,0x00,0x00,0x00,0x08,0xFF,
  0xFF,0x70,0x00,0x00,0x00,0x00,0x00,0x00,0x00,0x08,0xFF,0xFF,0x70,0x00,0x00,0x00,
  0x00,0x00,0xC8,0xFF,0xAC,0x00,0x00,0x00,0x00,0x88,0xFF,0xEC,0x00,0x00,0xC8,0xFF,
  0xAC,0x00,0x00,0x00,0x00,0x88,0xFF,0xEC,0x00,0x00,0xC8,0xFF,0xAC,0x00,0x00,0x00,
  0x00,0x88,0xFF,0xEC,0x00,0x00,0xC8,0xFF,0xAC,0x00,0x00,0x00,0x00,0x88,0xFF,0xEC,
  0x00,0x00,0xC8,0xFF,0xAC,0x00,0x00,0x00,0x00,0x88,0xFF,0xEC,0x00,0x00,0xC8,0xFF,
  0xAC,0x00,0x00,0x00,0x00,0x88,0xFF,0xEC,0x00,0x00,0xC5,0xFF,0xAC,0x00,0x00,0x00,
  0x00,0x88,0xFF,0xEA,0x00,0x00,0xBE,0xFF,0xB0,0x00,0x00,0x00,0x00,0x8E,0xFF,0xE4,
  0x00,0x00,0xA8,0xFF,0xD4,0x00,0x00,0x00,0x00,0xA9,0xFF,0xD1,0x00,0x00,0x74,0xFF,
  0xFF,0x86,0x15,0x0A,0x54,0xF7,0xFF,0x9C,0x00,0x00,0x0C,0xD6,0xFF,0xFF,0xFF,0xFF,
  0xFF,0xFF,0xF0,0x25,0x00,0x00,0x00,0x11,0x8C,0xD8,0xF5,0xFA,0xE3,0xA0,0x24,0x00,
  0x00,0x00,0xD6,0xFF,0xD3,0x00,0x00,0x00,0x00,0x00,0x73,0xFF,0xFF,0x25,0x00,0x79,
  0xFF,0xFF,0x2B,0x00,0x00,0x00,0x00,0xC7,0xFF,0xC7,0x00,0x00,0x1D,0xFE,0xFF,0x82,
  0x00,0x00,0x00,0x1D,0xFE,0xFF,0x6A,0x00,0x00,0x00,0xBF,0xFF,0xD9,0x00,0x00,0x00,
  0x71,0xFF,0xFA,0x13,0x00,0x00,0x00,0x62,0xFF,0xFF,0x31,0x00,0x00,0xC6,0xFF,0xB0,
  0x00,0x00,0x00,0x00,0x0E,0xF6,0xFF,0x89,0x00,0x1C,0xFE,0xFF,0x53,0x00,0x00,0x00,
  0x00,0x00,0xA8,0xFF,0xDF,0x00,0x70,0xFF,0xEF,0x07,0x00,0x00,0x00,0x00,0x00,0x4B,
  0xFF,0xFF,0x38,0xC5,0xFF,0x99,0x00,0x00,0x00,0x00,0x00,0x00,0x04,0xE9,0xFF,0xAB,
  0xFE,0xFF,0x3C,0x00,0x00,0x00,0x00,0x00,0x00,0x00,0x91,0xFF,0xFF,0xFF,0xDE,0x01,
  0x00,0x00,0x00,0x00,0x00,0x00,0x00,0x34,0xFF,0xFF,0xFF,0x82,0x00,0x00,0x00,0x00,
  0x00,0x00,0x00,0x00,0x00,0xD6,0xFF,0xFF,0x26,0x00,0x00,0x00,0x00,0xD2,0xFF,0xAF,
  0x00,0x00,0x00,0x83,0xFF,0xFF,0xAC,0x00,0x00,0x00,0x8D,0xFF,0xE7,0x00,0x94,0xFF,
  0xE8,0x00,0x00,0x00,0xC7,0xFF,0xFF,0xEC,0x01,0x00,0x00,0xC6,0xFF,0xA8,0x00,0x56,
  0xFF,0xFF,0x21,0x00,0x0F,0xFC,0xFF,0xFF,0xFF,0x2F,0x00,0x06,0xF8,0xFF,0x69,0x00,
  0x17,0xFF,0xFF,0x5A,0x00,0x51,0xFF,0xEA,0xD5,0xFF,0x70,0x00,0x39,0xFF,0xFF,0x2A,
  0x00,0x00,0xDA,0xFF,0x92,0x00,0x96,0xFF,0xA6,0x8F,0xFF,0xB2,0x00,0x72,0xFF,0xEA,
  0x01,0x00,0x00,0x9C,0xFF,0xCB,0x00,0xDB,0xFF,0x60,0x49,0xFF,0xF0,0x03,0xAB,0xFF,
  0xAC,0x00,0x00,0x00,0x5E,0xFF,0xFA,0x29,0xFF,0xFF,0x1C,0x0A,0xF9,0xFF,0x35,0xE4,
  0xFF,0x6D,0x00,0x00,0x00,0x1F,0xFF,0xFF,0xA1,0xFF,0xD6,0x00,0x00,0xBF,0xFF,0x95,
  0xFF,0xFF,0x2E,0x00,0x00,0x00,0x00,0xE1,0xFF,0xFC,0xFF,0x91,0x00,0x00,0x7A,0xFF,
  0xF7,0xFF,0xEE,0x01,0x00,0x00,0x00,0x00,0xA4,0xFF,0xFF,0xFF,0x4C,0x00,0x00,0x35,
  0xFF,0xFF,0xFF,0xB0,0x00,0x00,0x00,0x00,0x00,0x66,0xFF,0xFF,0xFA,0x0C,0x00,0x00,
  0x02,0xED,0xFF,0xFF,0x71,0x00,0x00,0x00,0x00,0x00,0x27,0xFF,0xFF,0xC2,0x00,0x00,
  0x00,0x00,0xAB,0xFF,0xFF,0x33,0x00,0x00,0x00,0x48,0xFF,0xFF,0x99,0x00,0x00,0x00,
  0x40,0xFE,0xFF,0x9A,0x00,0x00,0x9E,0xFF,0xFF,0x45,0x00,0x0C,0xDE,0xFF,0xE2,0x0E,
  0x00,0x00,0x10,0xE5,0xFF,0xE1,0x0E,0x98,0xFF,0xFF,0x46,0x00,0x00,0x00,0x00,0x4C,
  0xFF,0xFF,0xC4,0xFF,0xFF,0x9B,0x00,0x00,0x00,0x00,0x00,0x00,0xA2,0xFF,0xFF,0xFF,
  0xE2,0x0E,0x00,0x00,0x00,0x00,0x00,0x00,0x11,0xF0,0xFF,0xFF,0x51,0x00,0x00,0x00,
  0x00,0x00,0x00,0x00,0x4B,0xFF,0xFF,0xFF,0x9D,0x00,0x00,0x00,0x00,0x00,0x00,0x11,
  0xE6,0xFF,0xFF,0xFF,0xFF,0x49,0x00,0x00,0x00,0x00,0x00,0xA4,0xFF,0xFF,0x5A,0xE7,
  0xFF,0xE4,0x10,0x00,0x00,0x00,0x50,0xFF,0xFF,0x9D,0x00,0x50,0xFF,0xFF,0xA1,0x00,
  0x00,0x14,0xE8,0xFF,0xE4,0x0F,0x00,0x00,0xA6,0xFF,0xFF,0x4D,0x00,0xAA,0xFF,0xFF,
  0x49,0x00,0x00,0x00,0x13,0xE9,0xFF,0xE6,0x12,0x00,0xB5,0xFF,0xFB,0x2C,0x00,0x00,
  0x00,0x00,0xC2,0xFF,0xEF,0x19,0x00,0x1E,0xF3,0xFF,0xC0,0x00,0x00,0x00,0x5A,0xFF,
  0xFF,0x64,0x00,0x00,0x00,0x6D,0xFF,0xFF,0x59,0x00,0x0B,0xE4,0xFF,0xBE,0x01,0x00,
  0x00,0x00,0x02,0xC6,0xFF,0xE4,0x0C,0x86,0xFF,0xF6,0x24,0x00,0x00,0x00,0x00,0x00,
  0x2A,0xF9,0xFF,0xA7,0xF8,0xFF,0x76,0x00,0x00,0x00,0x00,0x00,0x00,0x00,0x7F,0xFF,
  0xFF,0xFF,0xCD,0x04,0x00,0x00,0x00,0x00,0x00,0x00,0x00,0x06,0xD4,0xFF,0xFB,0x31,
  0x00,0x00,0x00,0x00,0x00,0x00,0x00,0x00,0x00,0x90,0xFF,0xE0,0x00,0x00,0x00,0x00,
  0x00,0x00,0x00,0x00,0x00,0x00,0x90,0xFF,0xE0,0x00,0x00,0x00,0x00,0x00,0x00,0x00,
  0x00,0x00,0x00,0x90,0xFF,0xE0,0x00,0x00,0x00,0x00,0x00,0x00,0x00,0x00,0x00,0x00,
  0x90,0xFF,0xE0,0x00,0x00,0x00,0x00,0x00,0x00,0x00,0x00,0x00,0x00,0x90,0xFF,0xE0,
  0x00,0x00,0x00,0x00,0x00,0x18,0xFF,0xFF,0xFF,0xFF,0xFF,0xFF,0xFF,0xFF,0xD0,0x00,
  0x18,0xFF,0xFF,0xFF,0xFF,0xFF,0xFF,0xFF,0xFF,0xD0,0x00,0x00,0x00,0x00,0x00,0x00,
  0x07,0xCA,0xFF,0xFF,0xD0,0x00,0x00,0x00,0x00,0x00,0x00,0x9E,0xFF,0xFF,0xFD,0x58,
  0x00,0x00,0x00,0x00,0x00,0x6C,0xFF,0xFF,0xFE,0x62,0x00,0x00,0x00,0x00,0x00,0x3D,
  0xFA,0xFF,0xFF,0x6E,0x00,0x00,0x00,0x00,0x00,0x1B,0xE8,0xFF,0xFF,0x79,0x00,0x00,
  0x00,0x00,0x00,0x07,0xC9,0xFF,0xFF,0x85,0x00,0x00,0x00,0x00,0x00,0x00,0x9D,0xFF,
  0xFF,0x91,0x00,0x00,0x00,0x00,0x00,0x00,0x6A,0xFF,0xFF,0x9D,0x01,0x00,0x00,0x00,
  0x00,0x00,0x00,0xD0,0xFF,0xFF,0xFF,0xFF,0xFF,0xFF,0xFF,0xFF,0xFF,0x10,0xD0,0xFF,
  0xFF,0xFF,0xFF,0xFF,0xFF,0xFF,0xFF,0xFF,0x10,0x00,0xC8,0xFF,0xFF,0xFF,0x58,0x00,
  0xC8,0xFF,0xFF,0xFF,0x58,0x00,0xC8,0xFF,0x6C,0x00,0x00,0x00,0xC8,0xFF,0x6C,0x00,
  0x00,0x00,0xC8,0xFF,0x6C,0x00,0x00,0x00,0xC8,0xFF,0x6C,0x00,0x00,0x00,0xC8,0xFF,
  0x6C,0x00,0x00,0x00,0xC8,0xFF,0x6C,0x00,0x00,0x00,0xC8,0xFF,0x6C,0x00,0x00,0x00,
  0xC8,0xFF,0x6C,0x00,0x00,0x00,0xC8,0xFF,0x6C,0x00,0x00,0x00,0xC8,0xFF,0x6C,0x00,
  0x00,0x00,0xC8,0xFF,0x6C,0x00,0x00,0x00,0xC8,0xFF,0xFF,0xFF,0x58,0x00,0xC8,0xFF,
  0xFF,0xFF,0x58,0x00,0xE7,0xCF,0x00,0x00,0x00,0x00,0xA8,0xFE,0x12,0x00,0x00,0x00,
  0x68,0xFF,0x51,0x00,0x00,0x00,0x27,0xFF,0x92,0x00,0x00,0x00,0x00,0xE6,0xD3,0x00,
  0x00,0x00,0x00,0xA7,0xFE,0x15,0x00,0x00,0x00,0x66,0xFF,0x55,0x00,0x00,0x00,0x26,
  0xFF,0x96,0x00,0x00,0x00,0x00,0xE5,0xD7,0x00,0x00,0x00,0x00,0xA5,0xFF,0x19,0x00,
  0x00,0x00,0x65,0xFF,0x59,0x00,0x00,0x00,0x24,0xFF,0x9B,0xB0,0xFF,0xFF,0xFF,0x74,
  0x00,0xB0,0xFF,0xFF,0xFF,0x74,0x00,0x00,0x00,0xC4,0xFF,0x74,0x00,0x00,0x00,0xC4,
  0xFF,0x74,0x00,0x00,0x00,0xC4,0xFF,0x74,0x00,0x00,0x00,0xC4,0xFF,0x74,0x00,0x00,
  0x00,0xC4,0xFF,0x74,0x00,0x00,0x00,0xC4,0xFF,0x74,0x00,0x00,0x00,0xC4,0xFF,0x74,
  0x00,0x00,0x00,0xC4,0xFF,0x74,0x00,0x00,0x00,0xC4,0xFF,0x74,0x00,0x00,0x00,0xC4,
  0xFF,0x74,0x00,0x00,0x00,0xC4,0xFF,0x74,0x00,0xB0,0xFF,0xFF,0xFF,0x74,0x00,0xB0,
  0xFF,0xFF,0xFF,0x74,0x00,0x00,0x00,0x00,0x27,0xFE,0xFE,0x25,0x00,0x00,0x00,0x00,
  0x00,0x00,0x98,0xFF,0xFF,0x92,0x00,0x00,0x00,0x00,0x00,0x13,0xF6,0xFA,0xFE,0xF3,
  0x0F,0x00,0x00,0x00,0x00,0x7C,0xFF,0xAB,0xBC,0xFF,0x71,0x00,0x00,0x00,0x06,0xE7,
  0xFF,0x49,0x5A,0xFF,0xDE,0x02,0x00,0x00,0x61,0xFF,0xE4,0x03,0x08,0xEF,0xFF,0x50,
  0x00,0x00,0xD2,0xFF,0x85,0x00,0x00,0x95,0xFF,0xC0,0x00,0x00,0x00,0x00,0x00,0x00,
  0x00,0x00,0x00,0x00,0x00,0x00,0x00,0x00,0x00,0x00,0x00,0x00,0x00,0x00,0x00,0x00,
  0x00,0x00,0x00,0x00,0x00,0x00,0x00,0x00,0x00,0x00,0x00,0x00,0x00,0x00,0x00,0x00,
  0x00,0x00,0x00,0x00,0x00,0x00,0x00,0x00,0x00,0x00,0x00,0x00,0x00,0x00,0x00,0x00,
  0x00,0x00,0x00,0x00,0x00,0x00,0x00,0x00,0x28,0xFF,0xFF,0xFF,0xFF,0xFF,0xFF,0xFF,
  0xFF,0xFF,0x88,0x28,0xFF,0xFF,0xFF,0xFF,0xFF,0xFF,0xFF,0xFF,0xFF,0x88,0x30,0xE5,
  0xFF,0x40,0x00,0x00,0x00,0x1D,0xD2,0xCF,0x02,0x00,0x00,0x00,0x00,0x00,0x00,0x00,
  0x00,0x00,0x00,0x00,0x00,0x00,0x00,0x00,0x00,0x00,0x00,0x00,0x00,0x00,0x00,0x00,
  0x00,0x00,0x00,0x00,0x00,0x00,0x00,0x00,0x00,0x00,0x00,0x00,0x00,0x00,0x00,0x00,
  0x00,0x00,0x00,0x00,0x00,0x00,0x00,0x00,0x00,0x00,0x00,0x00,0x00,0x00,0x00,0x00,
  0x00,0x00,0x00,0x00,0x00,0x00,0x00,0x03,0x7C,0xDA,0xF7,0xF0,0xC4,0x47,0x00,0x00,
  0x84,0xFF,0xFF,0xFF,0xFF,0xFF,0xFA,0x1D,0x08,0xF0,0xFF,0x55,0x05,0x27,0xF9,0xFF,
  0x51,0x00,0x00,0x16,0x58,0x90,0xCF,0xFF,0xFF,0x5E,0x00,0x84,0xFB,0xFF,0xFF,0xFF,
  0xFF,0xFF,0x5C,0x36,0xFF,0xFF,0x8D,0x4B,0x1D,0xEF,0xFF,0x59,0x58,0xFF,0xFC,0x3A,
  0x0B,0x64,0xFF,0xFF,0x5A,0x20,0xF8,0xFF,0xFF,0xFF,0xFF,0xEE,0xFF,0x6B,0x00,0x4C,
  0xD2,0xF7,0xD5,0x54,0x8A,0xFF,0xB1,0x00,0xE0,0xFF,0x74,0x00,0x00,0x00,0x00,0x00,
  0x00,0x00,0xE0,0xFF,0x74,0x00,0x00,0x00,0x00,0x00,0x00,0x00,0xE0,0xFF,0x74,0x00,
  0x00,0x00,0x00,0x00,0x00,0x00,0xE0,0xFF,0x7F,0x96,0xEE,0xF2,0xAC,0x1D,0x00,0x00,
  0xE0,0xFF,0xF8,0xFF,0xFF,0xFF,0xFF,0xDE,0x0D,0x00,0xE0,0xFF,0xF2,0x45,0x0D,0x6C,
  0xFF,0xFF,0x6E,0x00,0xE0,0xFF,0x92,0x00,0x00,0x00,0xCF,0xFF,0xA9,0x00,0xE0,0xFF,
  0x77,0x00,0x00,0x00,0xB0,0xFF,0xB7,0x00,0xE0,0xFF,0x9B,0x00,0x00,0x00,0xCD,0xFF,
  0xA2,0x00,0xE0,0xFF,0xF6,0x55,0x0D,0x68,0xFF,0xFF,0x63,0x00,0xE0,0xFF,0xF5,0xFF,
  0xFF,0xFF,0xFF,0xD5,0x08,0x00,0xE0,0xFF,0x61,0xA9,0xF1,0xF2,0xA7,0x17,0x00,0x00,
  0x00,0x4D,0xC5,0xF6,0xEE,0xBD,0x3B,0x00,0x00,0x00,0x5F,0xFF,0xFF,0xFF,0xFF,0xFF,
  0xF6,0x34,0x00,0x05,0xEA,0xFF,0xBA,0x1A,0x1D,0xB2,0xFF,0xB2,0x00,0x34,0xFF,0xFF,
  0x3A,0x00,0x00,0x00,0x00,0x00,0x00,0x47,0xFF,0xFF,0x23,0x00,0x00,0x00,0x00,0x00,
  0x00,0x35,0xFF,0xFF,0x41,0x00,0x00,0x00,0x00,0x00,0x00,0x06,0xEB,0xFF,0xC1,0x1D,
  0x16,0x9B,0xFF,0xD0,0x00,0x00,0x62,0xFF,0xFF,0xFF,0xFF,0xFF,0xFD,0x4D,0x00,0x00,
  0x00,0x50,0xC8,0xF6,0xEF,0xC2,0x49,0x00,0x00,0x00,0x00,0x00,0x00,0x00,0x00,0x08,
  0xFF,0xFF,0x50,0x00,0x00,0x00,0x00,0x00,0x00,0x08,0xFF,0xFF,0x50,0x00,0x00,0x00,
  0x00,0x00,0x00,0x08,0xFF,0xFF,0x50,0x00,0x00,0x71,0xDD,0xF8,0xC8,0x40,0xFF,0xFF,
  0x50,0x00,0x7F,0xFF,0xFF,0xFF,0xFF,0xF8,0xFF,0xFF,0x50,0x0A,0xF4,0xFF,0xC2,0x1F,
  0x1A,0xB8,0xFF,0xFF,0x50,0x38,0xFF,0xFF,0x37,0x00,0x00,0x2C,0xFF,0xFF,0x50,0x48,
  0xFF,0xFF,0x1A,0x00,0x00,0x0C,0xFF,0xFF,0x50,0x35,0xFF,0xFF,0x39,0x00,0x00,0x2B,
  0xFF,0xFF,0x50,0x06,0xEE,0xFF,0xC3,0x20,0x1A,0xBA,0xFF,0xFF,0x50,0x00,0x6E,0xFF,
  0xFF,0xFF,0xFF,0xFD,0xF8,0xFF,0x50,0x00,0x00,0x66,0xDC,0xFA,0xD4,0x52,0xDC,0xFF,
  0x50,0x00,0x00,0x68,0xD6,0xF9,0xE6,0x98,0x13,0x00,0x00,0x83,0xFF,0xFF,0xFF,0xFF,
  0xFF,0xD3,0x09,0x1A,0xFB,0xFF,0x50,0x07,0x21,0xCD,0xFF,0x68,0x5A,0xFF,0xFF,0xFF,
  0xFF,0xFF,0xFF,0xFF,0xAA,0x6E,0xFF,0xFF,0xFF,0xFF,0xFF,0xFF,0xFF,0xC2,0x54,0xFF,
  0xFD,0x0B,0x00,0x00,0x00,0x00,0x00,0x1B,0xF9,0xFF,0x9A,0x11,0x2F,0xE6,0xFF,0x6D,
  0x00,0x8B,0xFF,0xFF,0xFF,0xFF,0xFF,0xD3,0x0B,0x00,0x02,0x70,0xD4,0xF8,0xE7,0x9E,
  0x18,0x00,0x00,0x08,0x9E,0xED,0xF8,0xD5,0x11,0x00,0x63,0xFF,0xFF,0xFF,0xF2,0x01,
  0x00,0x7E,0xFF,0xE7,0x0B,0x10,0x00,0xCC,0xFF,0xFF,0xFF,0xFF,0x90,0x00,0xCC,0xFF,
  0xFF,0xFF,0xFF,0x90,0x00,0x00,0x80,0xFF,0xD4,0x00,0x00,0x00,0x00,0x80,0xFF,0xD4,
  0x00,0x00,0x00,0x00,0x80,0xFF,0xD4,0x00,0x00,0x00,0x00,0x80,0xFF,0xD4,0x00,0x00,
  0x00,0x00,0x80,0xFF,0xD4,0x00,0x00,0x00,0x00,0x80,0xFF,0xD4,0x00,0x00,0x00,0x00,
  0x80,0xFF,0xD4,0x00,0x00,0x00,0x00,0x00,0x6B,0xDC,0xF7,0xC3,0x2B,0xE4,0xFF,0x4C,
  0x00,0x75,0xFF,0xFF,0xFF,0xFF,0xE8,0xF0,0xFF,0x4C,0x08,0xF0,0xFF,0xC3,0x1E,0x1B,
  0xBA,0xFF,0xFF,0x4C,0x36,0xFF,0xFF,0x3D,0x00,0x00,0x2A,0xFF,0xFF,0x4C,0x46,0xFF,
  0xFF,0x1F,0x00,0x00,0x08,0xFF,0xFF,0x4C,0x2E,0xFF,0xFF,0x3E,0x00,0x00,0x2C,0xFF,
  0xFF,0x4C,0x07,0xE9,0xFF,0xC2,0x1C,0x1E,0xBF,0xFF,0xFF,0x4C,0x00,0x6F,0xFF,0xFF,
  0xFF,0xFF,0xE1,0xFF,0xFF,0x4B,0x00,0x00,0x71,0xE0,0xF7,0xBA,0x2B,0xFF,0xFF,0x40,
  0x00,0xF1,0xFF,0xD8,0x17,0x09,0x66,0xFF,0xFF,0x1E,0x00,0x9E,0xFF,0xFF,0xFF,0xFF,
  0xFF,0xFF,0xBC,0x00,0x00,0x09,0x8B,0xDB,0xF9,0xFA,0xE0,0x94,0x11,0x00,0x00,0xC8,
  0xFF,0x8C,0x00,0x00,0x00,0x00,0x00,0x00,0x00,0xC8,0xFF,0x8C,0x00,0x00,0x00,0x00,
  0x00,0x00,0x00,0xC8,0xFF,0x8C,0x00,0x00,0x00,0x00,0x00,0x00,0x00,0xC8,0xFF,0x8C,
  0x6A,0xE0,0xF7,0xC0,0x2D,0x00,0x00,0xC8,0xFF,0xE4,0xFF,0xFF,0xFF,0xFF,0xD9,0x01,
  0x00,0xC8,0xFF,0xF7,0x49,0x0D,0x85,0xFF,0xFF,0x28,0x00,0xC8,0xFF,0xAA,0x00,0x00,
  0x23,0xFF,0xFF,0x39,0x00,0xC8,0xFF,0x8F,0x00,0x00,0x19,0xFF,0xFF,0x3C,0x00,0xC8,
  0xFF,0x8C,0x00,0x00,0x18,0xFF,0xFF,0x3C,0x00,0xC8,0xFF,0x8C,0x00,0x00,0x18,0xFF,
  0xFF,0x3C,0x00,0xC8,0xFF,0x8C,0x00,0x00,0x18,0xFF,0xFF,0x3C,0x00,0xC8,0xFF,0x8C,
  0x00,0x00,0x18,0xFF,0xFF,0x3C,0x00,0xC8,0xFF,0x8C,0x00,0x00,0xC8,0xFF,0x8C,0x00,
  0x00,0x00,0x00,0x00,0x00,0x00,0xC8,0xFF,0x8C,0x00,0x00,0xC8,0xFF,0x8C,0x00,0x00,
  0xC8,0xFF,0x8C,0x00,0x00,0xC8,0xFF,0x8C,0x00,0x00,0xC8,0xFF,0x8C,0x00,0x00,0xC8,
  0xFF,0x8C,0x00,0x00,0xC8,0xFF,0x8C,0x00,0x00,0xC8,0xFF,0x8C,0x00,0x00,0xC8,0xFF,
  0x8C,0x00,0x00,0x00,0xD4,0xFF,0x80,0x00,0x00,0x00,0xD4,0xFF,0x80,0x00,0x00,0x00,
  0x00,0x00,0x00,0x00,0x00,0x00,0xD4,0xFF,0x80,0x00,0x00,0x00,0xD4,0xFF,0x80,0x00,
  0x00,0x00,0xD4,0xFF,0x80,0x00,0x00,0x00,0xD4,0xFF,0x80,0x00,0x00,0x00,0xD4,0xFF,
  0x80,0x00,0x00,0x00,0xD4,0xFF,0x80,0x00,0x00,0x00,0xD4,0xFF,0x80,0x00,0x00,0x00,
  0xD4,0xFF,0x80,0x00,0x00,0x00,0xD5,0xFF,0x7D,0x00,0x03,0x19,0xEE,0xFF,0x71,0x00,
  0x80,0xFF,0xFF,0xFF,0x43,0x00,0x98,0xF8,0xEB,0x86,0x00,0x00,0x00,0xDC,0xFF,0x78,
  0x00,0x00,0x00,0x00,0x00,0x00,0x00,0xDC,0xFF,0x78,0x00,0x00,0x00,0x00,0x00,0x00,
  0x00,0xDC,0xFF,0x78,0x00,0x00,0x00,0x00,0x00,0x00,0x00,0xDC,0xFF,0x78,0x00,0x40,
  0xF9,0xFF,0x9D,0x00,0x00,0xDC,0xFF,0x78,0x28,0xEE,0xFF,0xB0,0x03,0x00,0x00,0xDC,
  0xFF,0x8D,0xDD,0xFF,0xC1,0x08,0x00,0x00,0x00,0xDC,0xFF,0xFC,0xFF,0xFF,0x3D,0x00,
  0x00,0x00,0x00,0xDC,0xFF,0xFF,0xFF,0xFF,0xBD,0x00,0x00,0x00,0x00,0xDC,0xFF,0xE7,
  0x4A,0xFB,0xFF,0x4E,0x00,0x00,0x00,0xDC,0xFF,0x79,0x00,0x96,0xFF,0xD9,0x05,0x00,
  0x00,0xDC,0xFF,0x78,0x00,0x16,0xF3,0xFF,0x6F,0x00,0x00,0xDC,0xFF,0x78,0x00,0x00,
  0x7E,0xFF,0xED,0x11,0x00,0xC8,0xFF,0x8C,0x00,0x00,0xC8,0xFF,0x8C,0x00,0x00,0xC8,
  0xFF,0x8C,0x00,0x00,0xC8,0xFF,0x8C,0x00,0x00,0xC8,0xFF,0x8C,0x00,0x00,0xC8,0xFF,
  0x8C,0x00,0x00,0xC8,0xFF,0x8C,0x00,0x00,0xC8,0xFF,0x8C,0x00,0x00,0xC8,0xFF,0x8C,
  0x00,0x00,0xC8,0xFF,0x8C,0x00,0x00,0xC8,0xFF,0x8C,0x00,0x00,0xC8,0xFF,0x8C,0x00,
  0x00,0xF4,0xFF,0x55,0xAD,0xF3,0xEB,0x80,0x01,0x73,0xE5,0xF4,0xB3,0x19,0x00,0x00,
  0xF4,0xFF,0xF9,0xFF,0xFF,0xFF,0xFF,0xBF,0xFF,0xFF,0xFF,0xFF,0xB5,0x00,0x00,0xF4,
  0xFF,0xE8,0x2A,0x1B,0xE1,0xFF,0xFF,0x5F,0x0C,0xA7,0xFF,0xF5,0x00,0x00,0xF4,0xFF,
  0x7C,0x00,0x00,0xA8,0xFF,0xD3,0x00,0x00,0x5D,0xFF,0xFF,0x03,0x00,0xF4,0xFF,0x63,
  0x00,0x00,0xA0,0xFF,0xB8,0x00,0x00,0x54,0xFF,0xFF,0x04,0x00,0xF4,0xFF,0x60,0x00,
  0x00,0xA0,0xFF,0xB4,0x00,0x00,0x54,0xFF,0xFF,0x04,0x00,0xF4,0xFF,0x60,0x00,0x00,
  0xA0,0xFF,0xB4,0x00,0x00,0x54,0xFF,0xFF,0x04,0x00,0xF4,0xFF,0x60,0x00,0x00,0xA0,
  0xFF,0xB4,0x00,0x00,0x54,0xFF,0xFF,0x04,0x00,0xF4,0xFF,0x60,0x00,0x00,0xA0,0xFF,
  0xB4,0x00,0x00,0x54,0xFF,0xFF,0x04,0x00,0xCC,0xFF,0x6A,0x8E,0xE6,0xF8,0xC3,0x32,
  0x00,0x00,0xCC,0xFF,0xF3,0xFF,0xFF,0xFF,0xFF,0xDF,0x04,0x00,0xCC,0xFF,0xF6,0x4C,
  0x0F,0x90,0xFF,0xFF,0x2D,0x00,0xCC,0xFF,0xA7,0x00,0x00,0x27,0xFF,0xFF,0x3A,0x00,
  0xCC,0xFF,0x8D,0x00,0x00,0x19,0xFF,0xFF,0x3C,0x00,0xCC,0xFF,0x88,0x00,0x00,0x18,
  0xFF,0xFF,0x3C,0x00,0xCC,0xFF,0x88,0x00,0x00,0x18,0xFF,0xFF,0x3C,0x00,0xCC,0xFF,
  0x88,0x00,0x00,0x18,0xFF,0xFF,0x3C,0x00,0xCC,0xFF,0x88,0x00,0x00,0x18,0xFF,0xFF,
  0x3C,0x00,0x00,0x30,0xAC,0xEA,0xF8,0xD3,0x70,0x02,0x00,0x00,0x40,0xF8,0xFF,0xFF,
  0xFF,0xFF,0xFF,0xAB,0x01,0x01,0xDC,0xFF,0xD1,0x2D,0x10,0x7E,0xFF,0xFF,0x57,0x31,
  0xFF,0xFF,0x42,0x00,0x00,0x00,0xCF,0xFF,0xAA,0x48,0xFF,0xFF,0x1D,0x00,0x00,0x00,
  0xA9,0xFF,0xC2,0x30,0xFF,0xFF,0x42,0x00,0x00,0x00,0xCF,0xFF,0xA8,0x02,0xE3,0xFF,
  0xD0,0x2C,0x0F,0x7E,0xFF,0xFF,0x52,0x00,0x4B,0xFB,0xFF,0xFF,0xFF,0xFF,0xFF,0xA5,
  0x00,0x00,0x00,0x33,0xAC,0xEA,0xF9,0xD4,0x6E,0x02,0x00,0x00,0xD8,0xFF,0x6C,0xA9,
  0xF0,0xF3,0xAB,0x1A,0x00,0x00,0xD8,0xFF,0xF6,0xFF,0xFF,0xFF,0xFF,0xDA,0x0B,0x00,
  0xD8,0xFF,0xF7,0x4D,0x0D,0x68,0xFF,0xFF,0x6C,0x00,0xD8,0xFF,0x9D,0x00,0x00,0x00,
  0xC8,0xFF,0xAA,0x00,0xD8,0xFF,0x80,0x00,0x00,0x00,0xA8,0xFF,0xBB,0x00,0xD8,0xFF,
  0xA6,0x00,0x00,0x00,0xC6,0xFF,0xA7,0x00,0xD8,0xFF,0xFA,0x55,0x0C,0x61,0xFF,0xFF,
  0x68,0x00,0xD8,0xFF,0xF4,0xFF,0xFF,0xFF,0xFF,0xD7,0x0A,0x00,0xD8,0xFF,0x81,0x8C,
  0xED,0xF3,0xA9,0x18,0x00,0x00,0xD8,0xFF,0x7C,0x00,0x00,0x00,0x00,0x00,0x00,0x00,
  0xD8,0xFF,0x7C,0x00,0x00,0x00,0x00,0x00,0x00,0x00,0xD8,0xFF,0x7C,0x00,0x00,0x00,
  0x00,0x00,0x00,0x00,0x00,0x5F,0xD8,0xF9,0xDC,0x60,0xD8,0xFF,0x50,0x00,0x67,0xFF,
  0xFF,0xFF,0xFF,0xFE,0xF7,0xFF,0x50,0x03,0xEB,0xFF,0xCF,0x27,0x14,0xA9,0xFF,0xFF,
  0x50,0x2C,0xFF,0xFF,0x4C,0x00,0x00,0x15,0xFF,0xFF,0x50,0x3B,0xFF,0xFF,0x2B,0x00,
  0x00,0x00,0xF8,0xFF,0x50,0x27,0xFF,0xFF,0x47,0x00,0x00,0x21,0xFF,0xFF,0x50,0x01,
  0xE4,0xFF,0xC8,0x20,0x1B,0xB9,0xFF,0xFF,0x50,0x00,0x62,0xFF,0xFF,0xFF,0xFF,0xF3,
  0xFF,0xFF,0x50,0x00,0x00,0x66,0xDE,0xF8,0xC5,0x2F,0xFF,0xFF,0x50,0x00,0x00,0x00,
  0x00,0x00,0x00,0x04,0xFF,0xFF,0x50,0x00,0x00,0x00,0x00,0x00,0x00,0x04,0xFF,0xFF,
  0x50,0x00,0x00,0x00,0x00,0x00,0x00,0x04,0xFF,0xFF,0x50,0x00,0xE0,0xFF,0x75,0xD4,
  0xF4,0x8F,0x00,0xE0,0xFF,0xFA,0xFF,0xFF,0x6E,0x00,0xE0,0xFF,0xED,0x28,0x1E,0x10,
  0x00,0xE0,0xFF,0x9B,0x00,0x00,0x00,0x00,0xE0,0xFF,0x7F,0x00,0x00,0x00,0x00,0xE0,
  0xFF,0x76,0x00,0x00,0x00,0x00,0xE0,0xFF,0x74,0x00,0x00,0x00,0x00,0xE0,0xFF,0x74,
  0x00,0x00,0x00,0x00,0xE0,0xFF,0x74,0x00,0x00,0x00,0x00,0x27,0xAA,0xE4,0xF8,0xDE,
  0x8C,0x0C,0x00,0x0B,0xE3,0xFF,0xFF,0xFF,0xFF,0xFF,0xAD,0x00,0x3B,0xFF,0xF9,0x25,
  0x05,0x45,0xFA,0xFF,0x26,0x1A,0xF8,0xFF,0xDF,0x9D,0x67,0x26,0x00,0x00,0x00,0x4B,
  0xD7,0xFF,0xFF,0xFF,0xFF,0xBB,0x0E,0x00,0x00,0x00,0x24,0x60,0x98,0xF7,0xFF,0x7F,
  0x64,0xFF,0xEF,0x3A,0x05,0x20,0xDA,0xFF,0x96,0x09,0xCE,0xFF,0xFF,0xFF,0xFF,0xFF,
  0xFA,0x37,0x00,0x13,0x8E,0xDC,0xF8,0xE6,0xB4,0x38,0x00,0x00,0x18,0x7F,0x93,0x00,
  0x00,0x00,0xAC,0xFF,0xAC,0x00,0x00,0x00,0xAC,0xFF,0xAC,0x00,0x00,0xC0,0xFF,0xFF,
  0xFF,0xFF,0x44,0xC0,0xFF,0xFF,0xFF,0xFF,0x44,0x00,0xAC,0xFF,0xAC,0x00,0x00,0x00,
  0xAC,0xFF,0xAC,0x00,0x00,0x00,0xAC,0xFF,0xAC,0x00,0x00,0x00,0xAB,0xFF,0xAC,0x00,
  0x00,0x00,0xA7,0xFF,0xC3,0x0D,0x0C,0x00,0x87,0xFF,0xFF,0xFF,0x54,0x00,0x1D,0xC2,
  0xF6,0xE6,0x4C,0x00,0xD4,0xFF,0x80,0x00,0x00,0x24,0xFF,0xFF,0x30,0x00,0xD4,0xFF,
  0x80,0x00,0x00,0x24,0xFF,0xFF,0x30,0x00,0xD4,0xFF,0x80,0x00,0x00,0x24,0xFF,0xFF,
  0x30,0x00,0xD4,0xFF,0x80,0x00,0x00,0x24,0xFF,0xFF,0x30,0x00,0xD4,0xFF,0x81,0x00,
  0x00,0x29,0xFF,0xFF,0x30,0x00,0xD2,0xFF,0x8B,0x00,0x00,0x3E,0xFF,0xFF,0x30,0x00,
  0xC0,0xFF,0xDA,0x21,0x1C,0xBE,0xFF,0xFF,0x30,0x00,0x79,0xFF,0xFF,0xFF,0xFF,0xF5,
  0xFE,0xFF,0x30,0x00,0x06,0x8F,0xEC,0xF6,0xC3,0x3B,0xFC,0xFF,0x30,0xB6,0xFF,0xB9,
  0x00,0x00,0x00,0x57,0xFF,0xF9,0x14,0x51,0xFF,0xFC,0x19,0x00,0x00,0xB4,0xFF,0xAA,
  0x00,0x04,0xE7,0xFF,0x72,0x00,0x15,0xFB,0xFF,0x46,0x00,0x00,0x87,0xFF,0xCE,0x00,
  0x6E,0xFF,0xE0,0x02,0x00,0x00,0x23,0xFE,0xFF,0x2A,0xCA,0xFF,0x7F,0x00,0x00,0x00,
  0x00,0xBD,0xFF,0x9B,0xFF,0xFD,0x1E,0x00,0x00,0x00,0x00,0x58,0xFF,0xFE,0xFF,0xB8,
  0x00,0x00,0x00,0x00,0x00,0x07,0xEC,0xFF,0xFF,0x55,0x00,0x00,0x00,0x00,0x00,0x00,
  0x8E,0xFF,0xEB,0x06,0x00,0x00,0x00,0xC5,0xFF,0x7B,0x00,0x00,0x9D,0xFF,0xE3,0x00,
  0x00,0x39,0xFF,0xFC,0x13,0x75,0xFF,0xC3,0x00,0x00,0xDF,0xFF,0xFF,0x23,0x00,0x82,
  0xFF,0xBF,0x00,0x26,0xFF,0xFB,0x0F,0x20,0xFF,0xFF,0xFF,0x63,0x00,0xCC,0xFF,0x6E,
  0x00,0x00,0xD7,0xFF,0x53,0x63,0xFF,0xD7,0xFF,0xA3,0x16,0xFE,0xFF,0x1E,0x00,0x00,
  0x88,0xFF,0x9B,0xA5,0xFF,0x58,0xFC,0xE2,0x5E,0xFF,0xCD,0x00,0x00,0x00,0x39,0xFF,
  0xE2,0xE6,0xFB,0x0C,0xC7,0xFF,0xC9,0xFF,0x7D,0x00,0x00,0x00,0x02,0xE8,0xFF,0xFF,
  0xC5,0x00,0x84,0xFF,0xFF,0xFF,0x2C,0x00,0x00,0x00,0x00,0x9B,0xFF,0xFF,0x83,0x00,
  0x41,0xFF,0xFF,0xDC,0x00,0x00,0x00,0x00,0x00,0x4C,0xFF,0xFF,0x41,0x00,0x07,0xF6,
  0xFF,0x8C,0x00,0x00,0x00,0x6B,0xFF,0xFF,0x64,0x00,0x1C,0xF0,0xFF,0xAA,0x00,0x00,
  0xB7,0xFF,0xEF,0x18,0xB7,0xFF,0xE4,0x12,0x00,0x00,0x19,0xEC,0xFF,0xDB,0xFF,0xFE,
  0x45,0x00,0x00,0x00,0x00,0x52,0xFF,0xFF,0xFF,0x90,0x00,0x00,0x00,0x00,0x00,0x04,
  0xE3,0xFF,0xFF,0x3D,0x00,0x00,0x00,0x00,0x00,0x81,0xFF,0xFF,0xFF,0xD8,0x09,0x00,
  0x00,0x00,0x34,0xFB,0xFF,0x9E,0xFB,0xFF,0x92,0x00,0x00,0x09,0xD7,0xFF,0xCA,0x03,
  0x88,0xFF,0xFE,0x44,0x00,0x90,0xFF,0xFA,0x2D,0x00,0x08,0xDA,0xFF,0xE3,0x10,0xB5,
  0xFF,0xC1,0x00,0x00,0x00,0x66,0xFF,0xF5,0x0C,0x55,0xFF,0xFD,0x19,0x00,0x00,0xB8,
  0xFF,0xA4,0x00,0x07,0xEE,0xFF,0x6B,0x00,0x10,0xFA,0xFF,0x47,0x00,0x00,0x96,0xFF,
  0xC0,0x00,0x5E,0xFF,0xE7,0x03,0x00,0x00,0x36,0xFF,0xFD,0x17,0xB1,0xFF,0x8E,0x00,
  0x00,0x00,0x00,0xD6,0xFF,0x75,0xF7,0xFF,0x31,0x00,0x00,0x00,0x00,0x77,0xFF,0xF4,
  0xFF,0xD4,0x00,0x00,0x00,0x00,0x00,0x1A,0xFC,0xFF,0xFF,0x77,0x00,0x00,0x00,0x00,
  0x00,0x00,0xB8,0xFF,0xFB,0x1C,0x00,0x00,0x00,0x04,0x04,0x26,0xDE,0xFF,0x9E,0x00,
  0x00,0x00,0x00,0x41,0xFF,0xFF,0xFF,0xF8,0x24,0x00,0x00,0x00,0x00,0x21,0xEB,0xF7,
  0xCD,0x45,0x00,0x00,0x00,0x00,0x00,0x64,0xFF,0xFF,0xFF,0xFF,0xFF,0xFF,0xE4,0x00,
  0x64,0xFF,0xFF,0xFF,0xFF,0xFF,0xFF,0xE4,0x00,0x00,0x00,0x00,0x02,0xAB,0xFF,0xFF,
  0x71,0x00,0x00,0x00,0x00,0x96,0xFF,0xFF,0x8B,0x00,0x00,0x00,0x00,0x7C,0xFF,0xFF,
  0xA5,0x01,0x00,0x00,0x00,0x61,0xFF,0xFF,0xBB,0x05,0x00,0x00,0x00,0x49,0xFB,0xFF,
  0xC6,0x0B,0x00,0x00,0x00,0x00,0xB8,0xFF,0xFF,0xFF,0xFF,0xFF,0xFF,0xFF,0x28,0xB8,
  0xFF,0xFF,0xFF,0xFF,0xFF,0xFF,0xFF,0x28,0x00,0x00,0x09,0x9D,0xEC,0xFD,0x2C,0x00,
  0x00,0x79,0xFF,0xFF,0xFF,0x2C,0x00,0x00,0xA7,0xFF,0xA7,0x08,0x00,0x00,0x00,0xB0,
  0xFF,0x76,0x00,0x00,0x00,0x00,0xC1,0xFF,0x67,0x00,0x00,0x03,0x46,0xFC,0xFF,0x3B,
  0x00,0x00,0x80,0xFF,0xFF,0x96,0x00,0x00,0x00,0x80,0xFF,0xFF,0x7B,0x00,0x00,0x00,
  0x05,0x52,0xFE,0xFD,0x23,0x00,0x00,0x00,0x00,0xCA,0xFF,0x5E,0x00,0x00,0x00,0x00,
  0xB3,0xFF,0x6F,0x00,0x00,0x00,0x00,0xAE,0xFF,0x76,0x00,0x00,0x00,0x00,0xA1,0xFF,
  0xA9,0x09,0x00,0x00,0x00,0x6C,0xFF,0xFF,0xFF,0x2C,0x00,0x00,0x05,0x87,0xE8,0xFD,
  0x2C,0x00,0x88,0xFF,0x50,0x00,0x00,0x88,0xFF,0x50,0x00,0x00,0x88,0xFF,0x50,0x00,
  0x00,0x88,0xFF,0x50,0x00,0x00,0x88,0xFF,0x50,0x00,0x00,0x88,0xFF,0x50,0x00,0x00,
  0x88,0xFF,0x50,0x00,0x00,0x88,0xFF,0x50,0x00,0x00,0x88,0xFF,0x50,0x00,0x00,0x88,
  0xFF,0x50,0x00,0x00,0x88,0xFF,0x50,0x00,0x00,0x88,0xFF,0x50,0x00,0x00,0x88,0xFF,
  0x50,0x00,0x00,0x88,0xFF,0x50,0x00,0x00,0x88,0xFF,0x50,0x00,0x00,0x88,0xFF,0x50,
  0x00,0x9F,0xF8,0xCF,0x4D,0x00,0x00,0x00,0xA0,0xFF,0xFF,0xF8,0x0F,0x00,0x00,0x01,
  0x22,0xFA,0xFF,0x33,0x00,0x00,0x00,0x00,0xEC,0xFF,0x3D,0x00,0x00,0x00,0x00,0xDE,
  0xFF,0x4D,0x00,0x00,0x00,0x00,0xA6,0xFF,0xB7,0x17,0x00,0x00,0x00,0x26,0xE0,0xFF,
  0xFF,0x0C,0x00,0x00,0x1A,0xD7,0xFF,0xFF,0x0C,0x00,0x00,0x98,0xFF,0xC9,0x18,0x00,
  0x00,0x00,0xD1,0xFF,0x58,0x00,0x00,0x00,0x00,0xE3,0xFF,0x3E,0x00,0x00,0x00,0x00,
  0xEC,0xFF,0x37,0x00,0x00,0x01,0x2D,0xFC,0xFF,0x2A,0x00,0x00,0xA0,0xFF,0xFF,0xE4,
  0x06,0x00,0x00,0x9F,0xF8,0xCA,0x3F,0x00,0x00,0x00,0x0F,0x98,0xE6,0xF3,0xC1,0x6D,
  0x1F,0x16,0x68,0x52,0x70,0xFF,0xFF,0xFF,0xFF,0xFF,0xFF,0xFF,0xFF,0x60,0x5F,0x65,
  0x13,0x1B,0x64,0xBD,0xF5,0xEA,0x92,0x0D,0x00,0x00,0x00,0x00,0x00,0x00,0x00,0x00,
  0x00,0x00,0x00,0x00,0x00,0x00,0x00,0x00,0x00,0x00,0x00,0x00,0x00,0x00,0x00,0x00,
  0x00,0x00,0x00,0x00,0x00,0x00,0x00,0x00,0x00,0x00,0x00,0x00,0x00,0x00,0x00,0x00,
  0x00,0x3F,0xD1,0xF3,0xB4,0x1A,0x00,0x11,0xF0,0x80,0x11,0xBE,0xBB,0x00,0x3B,0xFF,
  0x22,0x00,0x6A,0xF6,0x00,0x11,0xF0,0x80,0x11,0xBE,0xBB,0x00,0x00,0x3F,0xD1,0xF3,
  0xB4,0x1B,0x00,0x00,0x00,0x00,0x00,0x00,0x00,0x00,0x00,0x00,0x00,0x00,0x00,0x00,
  0x00,0x00,0x00,0x00,0x00,0x00,0x00,0x00,0x00,0x00,0x00,0x00,0x00,0x00,0x00,0x00,
  0x00,0x00,0x00,0x00,0x00,0x00,0x00,0x00,0x00,0x00,0x00,0x00,0x00,0x00,0x00,0x00,
  0x00,0x00,0x00,0x00,0x00,0x00,0x00,0x0F,0xBD,0xFF,0x88,0x00,0x00,0x00,0x00,0x00,
  0x00,0x00,0x00,0x00,0x00,0x05,0xA1,0xF8,0x22,0x00,0x00,0x00,0x00,0x00,0x00,0x00,
  0x00,0x00,0x00,0x00,0x00,0x00,0x00,0x00,0x00,0x00,0x00,0x00,0x00,0x00,0x00,0x77,
  0xFF,0xFF,0x8B,0x00,0x00,0x00,0x00,0x00,0x00,0x00,0x00,0x01,0xDA,0xFF,0xFF,0xEB,
  0x07,0x00,0x00,0x00,0x00,0x00,0x00,0x00,0x41,0xFF,0xD9,0xD2,0xFF,0x5A,0x00,0x00,
  0x00,0x00,0x00,0x00,0x00,0xA6,0xFF,0x84,0x7C,0xFF,0xC2,0x00,0x00,0x00,0x00,0x00,
  0x00,0x12,0xF8,0xFF,0x2F,0x26,0xFF,0xFF,0x2A,0x00,0x00,0x00,0x00,0x00,0x70,0xFF,
  0xDA,0x00,0x00,0xD1,0xFF,0x91,0x00,0x00,0x00,0x00,0x00,0xD4,0xFF,0x86,0x00,0x00,
  0x7B,0xFF,0xEF,0x09,0x00,0x00,0x00,0x3A,0xFF,0xFF,0xFF,0xFF,0xFF,0xFF,0xFF,0xFF,
  0x61,0x00,0x00,0x00,0x9F,0xFF,0xFF,0xFF,0xFF,0xFF,0xFF,0xFF,0xFF,0xC8,0x00,0x00,
  0x0E,0xF5,0xFF,0x70,0x00,0x00,0x00,0x00,0x5B,0xFF,0xFF,0x30,0x00,0x69,0xFF,0xFE,
  0x1D,0x00,0x00,0x00,0x00,0x0B,0xF4,0xFF,0x98,0x00,0xCE,0xFF,0xC6,0x00,0x00,0x00,
  0x00,0x00,0x00,0xA5,0xFF,0xF3,0x0D,0x00,0x00,0x00,0x00,0x00,0x8B,0xFF,0xBB,0x0E,
  0x00,0x00,0x00,0x00,0x00,0x00,0x00,0x00,0x24,0xF9,0xA1,0x05,0x00,0x00,0x00,0x00,
  0x00,0x00,0x00,0x00,0x00,0x00,0x00,0x00,0x00,0x00,0x00,0x00,0x00,0x00,0x00,0x00,
  0x00,0x00,0x77,0xFF,0xFF,0x8B,0x00,0x00,0x00,0x00,0x00,0x00,0x00,0x00,0x01,0xDA,
  0xFF,0xFF,0xEB,0x07,0x00,0x00,0x00,0x00,0x00,0x00,0x00,0x41,0xFF,0xD9,0xD2,0xFF,
  0x5A,0x00,0x00,0x00,0x00,0x00,0x00,0x00,0xA6,0xFF,0x84,0x7C,0xFF,0xC2,0x00,0x00,
  0x00,0x00,0x00,0x00,0x12,0xF8,0xFF,0x2F,0x26,0xFF,0xFF,0x2A,0x00,0x00,0x00,0x00,
  0x00,0x70,0xFF,0xDA,0x00,0x00,0xD1,0xFF,0x91,0x00,0x00,0x00,0x00,0x00,0xD4,0xFF,
  0x86,0x00,0x00,0x7B,0xFF,0xEF,0x09,0x00,0x00,0x00,0x3A,0xFF,0xFF,0xFF,0xFF,0xFF,
  0xFF,0xFF,0xFF,0x61,0x00,0x00,0x00,0x9F,0xFF,0xFF,0xFF,0xFF,0xFF,0xFF,0xFF,0xFF,
  0xC8,0x00,0x00,0x0E,0xF5,0xFF,0x70,0x00,0x00,0x00,0x00,0x5B,0xFF,0xFF,0x30,0x00,
  0x69,0xFF,0xFE,0x1D,0x00,0x00,0x00,0x00,0x0B,0xF4,0xFF,0x98,0x00,0xCE,0xFF,0xC6,
  0x00,0x00,0x00,0x00,0x00,0x00,0xA5,0xFF,0xF3,0x0D,0x00,0x00,0x00,0x00,0x84,0xFE,
  0xF2,0xA0,0x00,0x00,0x00,0x00,0x00,0x00,0x00,0x00,0x00,0x02,0x6C,0x84,0x00,0x00,
  0x00,0x00,0x00,0x00,0x00,0x00,0x00,0x00,0x00,0x00,0x00,0x00,0x00,0x00,0x00,0x00,
  0x00,0x00,0x00,0x00,0x00,0x77,0xFF,0xFF,0x8B,0x00,0x00,0x00,0x00,0x00,0x00,0x00,
  0x00,0x01,0xDA,0xFF,0xFF,0xEB,0x07,0x00,0x00,0x00,0x00,0x00,0x00,0x00,0x41,0xFF,
  0xD9,0xD2,0xFF,0x5A,0x00,0x00,0x00,0x00,0x00,0x00,0x00,0xA6,0xFF,0x84,0x7C,0xFF,
  0xC2,0x00,0x00,0x00,0x00,0x00,0x00,0x12,0xF8,0xFF,0x2F,0x26,0xFF,0xFF,0x2A,0x00,
  0x00,0x00,0x00,0x00,0x70,0xFF,0xDA,0x00,0x00,0xD1,0xFF,0x91,0x00,0x00,0x00,0x00,
  0x00,0xD4,0xFF,0x86,0x00,0x00,0x7B,0xFF,0xEF,0x09,0x00,0x00,0x00,0x3A,0xFF,0xFF,
  0xFF,0xFF,0xFF,0xFF,0xFF,0xFF,0x61,0x00,0x00,0x00,0x9F,0xFF,0xFF,0xFF,0xFF,0xFF,
  0xFF,0xFF,0xFF,0xC8,0x00,0x00,0x0E,0xF5,0xFF,0x70,0x00,0x00,0x00,0x00,0x5B,0xFF,
  0xFF,0x30,0x00,0x69,0xFF,0xFE,0x1D,0x00,0x00,0x00,0x00,0x0B,0xF4,0xFF,0x98,0x00,
  0xCE,0xFF,0xC6,0x00,0x00,0x00,0x00,0x00,0x00,0xA5,0xFF,0xF3,0x0D,0x00,0x00,0x00,
  0x7D,0xF4,0xB1,0x2B,0x77,0xB7,0x00,0x00,0x00,0x00,0x00,0x00,0x00,0xEE,0x3E,0x48,
  0xC8,0xF1,0x51,0x00,0x00,0x00,0x00,0x00,0x00,0x00,0x00,0x00,0x00,0x00,0x00,0x00,
  0x00,0x00,0x00,0x00,0x00,0x00,0x00,0x00,0x77,0xFF,0xFF,0x8B,0x00,0x00,0x00,0x00,
  0x00,0x00,0x00,0x00,0x01,0xDA,0xFF,0xFF,0xEB,0x07,0x00,0x00,0x00,0x00,0x00,0x00,
  0x00,0x41,0xFF,0xD9,0xD2,0xFF,0x5A,0x00,0x00,0x00,0x00,0x00,0x00,0x00,0xA6,0xFF,
  0x84,0x7C,0xFF,0xC2,0x00,0x00,0x00,0x00,0x00,0x00,0x12,0xF8,0xFF,0x2F,0x26,0xFF,
  0xFF,0x2A,0x00,0x00,0x00,0x00,0x00,0x70,0xFF,0xDA,0x00,0x00,0xD1,0xFF,0x91,0x00,
  0x00,0x00,0x00,0x00,0xD4,0xFF,0x86,0x00,0x00,0x7B,0xFF,0xEF,0x09,0x00,0x00,0x00,
  0x3A,0xFF,0xFF,0xFF,0xFF,0xFF,0xFF,0xFF,0xFF,0x61,0x00,0x00,0x00,0x9F,0xFF,0xFF,
  0xFF,0xFF,0xFF,0xFF,0xFF,0xFF,0xC8,0x00,0x00,0x0E,0xF5,0xFF,0x70,0x00,0x00,0x00,
  0x00,0x5B,0xFF,0xFF,0x30,0x00,0x69,0xFF,0xFE,0x1D,0x00,0x00,0x00,0x00,0x0B,0xF4,
  0xFF,0x98,0x00,0xCE,0xFF,0xC6,0x00,0x00,0x00,0x00,0x00,0x00,0xA5,0xFF,0xF3,0x0D,
  0x00,0x00,0x00,0x00,0x77,0xFF,0xFF,0x8B,0x00,0x00,0x00,0x00,0x00,0x00,0x00,0x00,
  0x01,0xDA,0xFF,0xFF,0xEB,0x07,0x00,0x00,0x00,0x00,0x00,0x00,0x00,0x41,0xFF,0xD9,
  0xD2,0xFF,0x5A,0x00,0x00,0x00,0x00,0x00,0x00,0x00,0xA6,0xFF,0x84,0x7C,0xFF,0xC2,
  0x00,0x00,0x00,0x00,0x00,0x00,0x12,0xF8,0xFF,0x2F,0x26,0xFF,0xFF,0x2A,0x00,0x00,
  0x00,0x00,0x00,0x70,0xFF,0xDA,0x00,0x00,0xD1,0xFF,0x91,0x00,0x00,0x00,0x00,0x00,
  0xD4,0xFF,0x86,0x00,0x00,0x7B,0xFF,0xEF,0x09,0x00,0x00,0x00,0x3A,0xFF,0xFF,0xFF,
  0xFF,0xFF,0xFF,0xFF,0xFF,0x61,0x00,0x00,0x00,0x9F,0xFF,0xFF,0xFF,0xFF,0xFF,0xFF,
  0xFF,0xFF,0xC8,0x00,0x00,0x0E,0xF5,0xFF,0x70,0x00,0x00,0x00,0x00,0x5B,0xFF,0xFF,
  0x30,0x00,0x69,0xFF,0xFE,0x1D,0x00,0x00,0x00,0x00,0x0B,0xF4,0xFF,0x98,0x00,0xCE,
  0xFF,0xC6,0x00,0x00,0x00,0x00,0x00,0x00,0xA5,0xFF,0xF3,0x0D,0x00,0x00,0x00,0x00,
  0x00,0x00,0x00,0x00,0x00,0x00,0x00,0x00,0x00,0x00,0x00,0x00,0x00,0x20,0xFF,0xFF,
  0x34,0x00,0x00,0x00,0x00,0x00,0x00,0x00,0x00,0x00,0x20,0xFF,0xFF,0x34,0x00,0x00,
  0x00,0x00,0x00,0x00,0x00,0x00,0x55,0xDA,0x1A,0x0E,0xB1,0x87,0x00,0x00,0x00,0x00,
  0x00,0x00,0x00,0x01,0x8A,0xEB,0xF2,0xA8,0x0D,0x00,0x00,0x00,0x00,0x00,0x00,0x00,
  0x00,0x00,0x00,0x00,0x00,0x00,0x00,0x00,0x00,0x00,0x00,0x00,0x00,0x00,0x77,0xFF,
  0xFF,0x8B,0x00,0x00,0x00,0x00,0x00,0x00,0x00,0x00,0x01,0xDA,0xFF,0xFF,0xEB,0x07,
  0x00,0x00,0x00,0x00,0x00,0x00,0x00,0x41,0xFF,0xD9,0xD2,0xFF,0x5A,0x00,0x00,0x00,
  0x00,0x00,0x00,0x00,0xA6,0xFF,0x84,0x7C,0xFF,0xC2,0x00,0x00,0x00,0x00,0x00,0x00,
  0x12,0xF8,0xFF,0x2F,0x26,0xFF,0xFF,0x2A,0x00,0x00,0x00,0x00,0x00,0x70,0xFF,0xDA,
  0x00,0x00,0xD1,0xFF,0x91,0x00,0x00,0x00,0x00,0x00,0xD4,0xFF,0x86,0x00,0x00,0x7B,
  0xFF,0xEF,0x09,0x00,0x00,0x00,0x3A,0xFF,0xFF,0xFF,0xFF,0xFF,0xFF,0xFF,0xFF,0x61,
  0x00,0x00,0x00,0x9F,0xFF,0xFF,0xFF,0xFF,0xFF,0xFF,0xFF,0xFF,0xC8,0x00,0x00,0x0E,
  0xF5,0xFF,0x70,0x00,0x00,0x00,0x00,0x5B,0xFF,0xFF,0x30,0x00,0x69,0xFF,0xFE,0x1D,
  0x00,0x00,0x00,0x00,0x0B,0xF4,0xFF,0x98,0x00,0xCE,0xFF,0xC6,0x00,0x00,0x00,0x00,
  0x00,0x00,0xA5,0xFF,0xF3,0x0D,0x00,0x00,0x00,0x3C,0xF0,0xFE,0x2B,0x00,0x00,0x00,
  0x00,0x00,0x00,0x00,0x00,0x00,0x00,0x31,0xEA,0xA5,0x00,0x00,0x00,0x00,0x00,0x00,
  0x00,0x00,0x00,0x21,0xBA,0xF6,0xF1,0xA9,0x11,0x00,0x00,0x00,0x00,0x00,0x00,0x00,
  0x00,0x77,0xFF,0xFF,0x8B,0x00,0x00,0x00,0x00,0x00,0x00,0x00,0x00,0x01,0xDA,0xFF,
  0xFF,0xEB,0x07,0x00,0x00,0x00,0x00,0x00,0x00,0x00,0x41,0xFF,0xD9,0xD2,0xFF,0x5A,
  0x00,0x00,0x00,0x00,0x00,0x00,0x00,0xA6,0xFF,0x84,0x7C,0xFF,0xC2,0x00,0x00,0x00,
  0x00,0x00,0x00,0x12,0xF8,0xFF,0x2F,0x26,0xFF,0xFF,0x2A,0x00,0x00,0x00,0x00,0x00,
  0x70,0xFF,0xDA,0x00,0x00,0xD1,0xFF,0x91,0x00,0x00,0x00,0x00,0x00,0xD4,0xFF,0x86,
  0x00,0x00,0x7B,0xFF,0xEF,0x09,0x00,0x00,0x00,0x3A,0xFF,0xFF,0xFF,0xFF,0xFF,0xFF,
  0xFF,0xFF,0x61,0x00,0x00,0x00,0x9F,0xFF,0xFF,0xFF,0xFF,0xFF,0xFF,0xFF,0xFF,0xC8,
  0x00,0x00,0x0E,0xF5,0xFF,0x70,0x00,0x00,0x00,0x00,0x5B,0xFF,0xFF,0x30,0x00,0x69,
  0xFF,0xFE,0x1D,0x00,0x00,0x00,0x00,0x0B,0xF4,0xFF,0x98,0x00,0xCE,0xFF,0xC6,0x00,
  0x00,0x00,0x00,0x00,0x00,0xA5,0xFF,0xF3,0x0D,0x00,0x00,0x00,0x00,0x00,0x59,0xFF,
  0xDD,0x21,0x00,0x00,0x00,0x00,0x00,0x00,0x00,0x00,0x02,0xD5,0xD3,0x19,0x00,0x00,
  0x00,0x00,0x00,0x00,0x00,0x00,0x21,0xBA,0xF6,0xF1,0xA9,0x11,0x00,0x00,0x00,0x00,
  0x00,0x00,0x00,0x00,0x77,0xFF,0xFF,0x8B,0x00,0x00,0x00,0x00,0x00,0x00,0x00,0x00,
  0x01,0xDA,0xFF,0xFF,0xEB,0x07,0x00,0x00,0x00,0x00,0x00,0x00,0x00,0x41,0xFF,0xD9,
  0xD2,0xFF,0x5A,0x00,0x00,0x00,0x00,0x00,0x00,0x00,0xA6,0xFF,0x84,0x7C,0xFF,0xC2,
  0x00,0x00,0x00,0x00,0x00,0x00,0x12,0xF8,0xFF,0x2F,0x26,0xFF,0xFF,0x2A,0x00,0x00,
  0x00,0x00,0x00,0x70,0xFF,0xDA,0x00,0x00,0xD1,0xFF,0x91,0x00,0x00,0x00,0x00,0x00,
  0xD4,0xFF,0x86,0x00,0x00,0x7B,0xFF,0xEF,0x09,0x00,0x00,0x00,0x3A,0xFF,0xFF,0xFF,
  0xFF,0xFF,0xFF,0xFF,0xFF,0x61,0x00,0x00,0x00,0x9F,0xFF,0xFF,0xFF,0xFF,0xFF,0xFF,
  0xFF,0xFF,0xC8,0x00,0x00,0x0E,0xF5,0xFF,0x70,0x00,0x00,0x00,0x00,0x5B,0xFF,0xFF,
  0x30,0x00,0x69,0xFF,0xFE,0x1D,0x00,0x00,0x00,0x00,0x0B,0xF4,0xFF,0x98,0x00,0xCE,
  0xFF,0xC6,0x00,0x00,0x00,0x00,0x00,0x00,0xA5,0xFF,0xF3,0x0D,0x00,0x00,0x00,0x00,
  0x70,0xFE,0xF1,0x7E,0x00,0x00,0x00,0x00,0x00,0x00,0x00,0x00,0x00,0x00,0x58,0x6C,
  0x00,0x00,0x00,0x00,0x00,0x00,0x00,0x00,0x00,0x21,0xBA,0xF6,0xF1,0xA9,0x11,0x00,
  0x00,0x00,0x00,0x00,0x00,0x00,0x00,0x77,0xFF,0xFF,0x8B,0x00,0x00,0x00,0x00,0x00,
  0x00,0x00,0x00,0x01,0xDA,0xFF,0xFF,0xEB,0x07,0x00,0x00,0x00,0x00,0x00,0x00,0x00,
  0x41,0xFF,0xD9,0xD2,0xFF,0x5A,0x00,0x00,0x00,0x00,0x00,0x00,0x00,0xA6,0xFF,0x84,
  0x7C,0xFF,0xC2,0x00,0x00,0x00,0x00,0x00,0x00,0x12,0xF8,0xFF,0x2F,0x26,0xFF,0xFF,
  0x2A,0x00,0x00,0x00,0x00,0x00,0x70,0xFF,0xDA,0x00,0x00,0xD1,0xFF,0x91,0x00,0x00,
  0x00,0x00,0x00,0xD4,0xFF,0x86,0x00,0x00,0x7B,0xFF,0xEF,0x09,0x00,0x00,0x00,0x3A,
  0xFF,0xFF,0xFF,0xFF,0xFF,0xFF,0xFF,0xFF,0x61,0x00,0x00,0x00,0x9F,0xFF,0xFF,0xFF,
  0xFF,0xFF,0xFF,0xFF,0xFF,0xC8,0x00,0x00,0x0E,0xF5,0xFF,0x70,0x00,0x00,0x00,0x00,
  0x5B,0xFF,0xFF,0x30,0x00,0x69,0xFF,0xFE,0x1D,0x00,0x00,0x00,0x00,0x0B,0xF4,0xFF,
  0x98,0x00,0xCE,0xFF,0xC6,0x00,0x00,0x00,0x00,0x00,0x00,0xA5,0xFF,0xF3,0x0D,0x00,
  0x00,0x00,0x42,0xE9,0xC5,0x3C,0x6A,0xA1,0x00,0x00,0x00,0x00,0x00,0x00,0x00,0xC2,
  0x44,0x4D,0xD1,0xE8,0x39,0x00,0x00,0x00,0x00,0x00,0x00,0x00,0x21,0xBA,0xF6,0xF1,
  0xA9,0x11,0x00,0x00,0x00,0x00,0x00,0x00,0x00,0x00,0x77,0xFF,0xFF,0x8B,0x00,0x00,
  0x00,0x00,0x00,0x00,0x00,0x00,0x01,0xDA,0xFF,0xFF,0xEB,0x07,0x00,0x00,0x00,0x00,
  0x00,0x00,0x00,0x41,0xFF,0xD9,0xD2,0xFF,0x5A,0x00,0x00,0x00,0x00,0x00,0x00,0x00,
  0xA6,0xFF,0x84,0x7C,0xFF,0xC2,0x00,0x00,0x00,0x00,0x00,0x00,0x12,0xF8,0xFF,0x2F,
  0x26,0xFF,0xFF,0x2A,0x00,0x00,0x00,0x00,0x00,0x70,0xFF,0xDA,0x00,0x00,0xD1,0xFF,
  0x91,0x00,0x00,0x00,0x00,0x00,0xD4,0xFF,0x86,0x00,0x00,0x7B,0xFF,0xEF,0x09,0x00,
  0x00,0x00,0x3A,0xFF,0xFF,0xFF,0xFF,0xFF,0xFF,0xFF,0xFF,0x61,0x00,0x00,0x00,0x9F,
  0xFF,0xFF,0xFF,0xFF,0xFF,0xFF,0xFF,0xFF,0xC8,0x00,0x00,0x0E,0xF5,0xFF,0x70,0x00,
  0x00,0x00,0x00,0x5B,0xFF,0xFF,0x30,0x00,0x69,0xFF,0xFE,0x1D,0x00,0x00,0x00,0x00,
  0x0B,0xF4,0xFF,0x98,0x00,0xCE,0xFF,0xC6,0x00,0x00,0x00,0x00,0x00,0x00,0xA5,0xFF,
  0xF3,0x0D,0x00,0x00,0x00,0x21,0xBA,0xF6,0xF1,0xA9,0x11,0x00,0x00,0x00,0x00,0x00,
  0x00,0x00,0x00,0x00,0x00,0x00,0x00,0x00,0x00,0x00,0x00,0x00,0x00,0x00,0x00,0x00,
  0x77,0xFF,0xFF,0x8B,0x00,0x00,0x00,0x00,0x00,0x00,0x00,0x00,0x01,0xDA,0xFF,0xFF,
  0xEB,0x07,0x00,0x00,0x00,0x00,0x00,0x00,0x00,0x41,0xFF,0xD9,0xD2,0xFF,0x5A,0x00,
  0x00,0x00,0x00,0x00,0x00,0x00,0xA6,0xFF,0x84,0x7C,0xFF,0xC2,0x00,0x00,0x00,0x00,
  0x00,0x00,0x12,0xF8,0xFF,0x2F,0x26,0xFF,0xFF,0x2A,0x00,0x00,0x00,0x00,0x00,0x70,
  0xFF,0xDA,0x00,0x00,0xD1,0xFF,0x91,0x00,0x00,0x00,0x00,0x00,0xD4,0xFF,0x86,0x00,
  0x00,0x7B,0xFF,0xEF,0x09,0x00,0x00,0x00,0x3A,0xFF,0xFF,0xFF,0xFF,0xFF,0xFF,0xFF,
  0xFF,0x61,0x00,0x00,0x00,0x9F,0xFF,0xFF,0xFF,0xFF,0xFF,0xFF,0xFF,0xFF,0xC8,0x00,
  0x00,0x0E,0xF5,0xFF,0x70,0x00,0x00,0x00,0x00,0x5B,0xFF,0xFF,0x30,0x00,0x69,0xFF,
  0xFE,0x1D,0x00,0x00,0x00,0x00,0x0B,0xF4,0xFF,0x98,0x00,0xCE,0xFF,0xC6,0x00,0x00,
  0x00,0x00,0x00,0x00,0xA5,0xFF,0xF3,0x0D,0x00,0x00,0x00,0x00,0x00,0x00,0x00,0x00,
  0x00,0x00,0x00,0x00,0x00,0x00,0x00,0x00,0x00,0x20,0xFF,0xFF,0x34,0x00,0x00,0x00,
  0x00,0x00,0x00,0x00,0x00,0x00,0x20,0xFF,0xFF,0x34,0x00,0x00,0x00,0x00,0x00,0x00,
  0x00,0x00,0x00,0x80,0xFF,0xFF,0x85,0x00,0x00,0x00,0x00,0x00,0x00,0x00,0x00,0x5D,
  0xFF,0x87,0x8A,0xFF,0x62,0x00,0x00,0x00,0x00,0x00,0x00,0x00,0x00,0x00,0x00,0x00,
  0x00,0x00,0x00,0x00,0x00,0x00,0x00,0x00,0x00,0x00,0x77,0xFF,0xFF,0x8B,0x00,0x00,
  0x00,0x00,0x00,0x00,0x00,0x00,0x01,0xDA,0xFF,0xFF,0xEB,0x07,0x00,0x00,0x00,0x00,
  0x00,0x00,0x00,0x41,0xFF,0xD9,0xD2,0xFF,0x5A,0x00,0x00,0x00,0x00,0x00,0x00,0x00,
  0xA6,0xFF,0x84,0x7C,0xFF,0xC2,0x00,0x00,0x00,0x00,0x00,0x00,0x12,0xF8,0xFF,0x2F,
  0x26,0xFF,0xFF,0x2A,0x00,0x00,0x00,0x00,0x00,0x70,0xFF,0xDA,0x00,0x00,0xD1,0xFF,
  0x91,0x00,0x00,0x00,0x00,0x00,0xD4,0xFF,0x86,0x00,0x00,0x7B,0xFF,0xEF,0x09,0x00,
  0x00,0x00,0x3A,0xFF,0xFF,0xFF,0xFF,0xFF,0xFF,0xFF,0xFF,0x61,0x00,0x00,0x00,0x9F,
  0xFF,0xFF,0xFF,0xFF,0xFF,0xFF,0xFF,0xFF,0xC8,0x00,0x00,0x0E,0xF5,0xFF,0x70,0x00,
  0x00,0x00,0x00,0x5B,0xFF,0xFF,0x30,0x00,0x69,0xFF,0xFE,0x1D,0x00,0x00,0x00,0x00,
  0x0B,0xF4,0xFF,0x98,0x00,0xCE,0xFF,0xC6,0x00,0x00,0x00,0x00,0x00,0x00,0xA5,0xFF,
  0xF3,0x0D,0x00,0x00,0x00,0x2D,0xE7,0xFF,0x41,0x00,0x00,0x00,0x00,0x00,0x00,0x00,
  0x00,0x00,0x00,0x24,0xE0,0xBD,0x00,0x00,0x00,0x00,0x00,0x00,0x00,0x00,0x00,0x15,
  0x93,0xF4,0xF3,0x93,0x15,0x00,0x00,0x00,0x00,0x00,0x00,0x00,0x00,0x77,0xFF,0xFF,
  0x8B,0x00,0x00,0x00,0x00,0x00,0x00,0x00,0x00,0x01,0xDA,0xFF,0xFF,0xEB,0x07,0x00,
  0x00,0x00,0x00,0x00,0x00,0x00,0x41,0xFF,0xD9,0xD2,0xFF,0x5A,0x00,0x00,0x00,0x00,
  0x00,0x00,0x00,0xA6,0xFF,0x84,0x7C,0xFF,0xC2,0x00,0x00,0x00,0x00,0x00,0x00,0x12,
  0xF8,0xFF,0x2F,0x26,0xFF,0xFF,0x2A,0x00,0x00,0x00,0x00,0x00,0x70,0xFF,0xDA,0x00,
  0x00,0xD1,0xFF,0x91,0x00,0x00,0x00,0x00,0x00,0xD4,0xFF,0x86,0x00,0x00,0x7B,0xFF,
  0xEF,0x09,0x00,0x00,0x00,0x3A,0xFF,0xFF,0xFF,0xFF,0xFF,0xFF,0xFF,0xFF,0x61,0x00,
  0x00,0x00,0x9F,0xFF,0xFF,0xFF,0xFF,0xFF,0xFF,0xFF,0xFF,0xC8,0x00,0x00,0x0E,0xF5,
  0xFF,0x70,0x00,0x00,0x00,0x00,0x5B,0xFF,0xFF,0x30,0x00,0x69,0xFF,0xFE,0x1D,0x00,
  0x00,0x00,0x00,0x0B,0xF4,0xFF,0x98,0x00,0xCE,0xFF,0xC6,0x00,0x00,0x00,0x00,0x00,
  0x00,0xA5,0xFF,0xF3,0x0D,0x00,0x00,0x00,0x00,0x00,0x40,0xFF,0xE8,0x2E,0x00,0x00,
  0x00,0x00,0x00,0x00,0x00,0x00,0x00,0xC0,0xE0,0x24,0x00,0x00,0x00,0x00,0x00,0x00,
  0x00,0x00,0x15,0x93,0xF4,0xF3,0x93,0x15,0x00,0x00,0x00,0x00,0x00,0x00,0x00,0x00,
  0x77,0xFF,0xFF,0x8B,0x00,0x00,0x00,0x00,0x00,0x00,0x00,0x00,0x01,0xDA,0xFF,0xFF,
  0xEB,0x07,0x00,0x00,0x00,0x00,0x00,0x00,0x00,0x41,0xFF,0xD9,0xD2,0xFF,0x5A,0x00,
  0x00,0x00,0x00,0x00,0x00,0x00,0xA6,0xFF,0x84,0x7C,0xFF,0xC2,0x00,0x00,0x00,0x00,
  0x00,0x00,0x12,0xF8,0xFF,0x2F,0x26,0xFF,0xFF,0x2A,0x00,0x00,0x00,0x00,0x00,0x70,
  0xFF,0xDA,0x00,0x00,0xD1,0xFF,0x91,0x00,0x00,0x00,0x00,0x00,0xD4,0xFF,0x86,0x00,
  0x00,0x7B,0xFF,0xEF,0x09,0x00,0x00,0x00,0x3A,0xFF,0xFF,0xFF,0xFF,0xFF,0xFF,0xFF,
  0xFF,0x61,0x00,0x00,0x00,0x9F,0xFF,0xFF,0xFF,0xFF,0xFF,0xFF,0xFF,0xFF,0xC8,0x00,
  0x00,0x0E,0xF5,0xFF,0x70,0x00,0x00,0x00,0x00,0x5B,0xFF,0xFF,0x30,0x00,0x69,0xFF,
  0xFE,0x1D,0x00,0x00,0x00,0x00,0x0B,0xF4,0xFF,0x98,0x00,0xCE,0xFF,0xC6,0x00,0x00,
  0x00,0x00,0x00,0x00,0xA5,0xFF,0xF3,0x0D,0x00,0x00,0x00,0x00,0x70,0xFE,0xF1,0x7E,
  0x00,0x00,0x00,0x00,0x00,0x00,0x00,0x00,0x00,0x00,0x58,0x6C,0x00,0x00,0x00,0x00,
  0x00,0x00,0x00,0x00,0x00,0x15,0x93,0xF4,0xF3,0x93,0x15,0x00,0x00,0x00,0x00,0x00,
  0x00,0x00,0x00,0x77,0xFF,0xFF,0x8B,0x00,0x00,0x00,0x00,0x00,0x00,0x00,0x00,0x01,
  0xDA,0xFF,0xFF,0xEB,0x07,0x00,0x00,0x00,0x00,0x00,0x00,0x00,0x41,0xFF,0xD9,0xD2,
  0xFF,0x5A,0x00,0x00,0x00,0x00,0x00,0x00,0x00,0xA6,0xFF,0x84,0x7C,0xFF,0xC2,0x00,
  0x00,0x00,0x00,0x00,0x00,0x12,0xF8,0xFF,0x2F,0x26,0xFF,0xFF,0x2A,0x00,0x00,0x00,
  0x00,0x00,0x70,0xFF,0xDA,0x00,0x00,0xD1,0xFF,0x91,0x00,0x00,0x00,0x00,0x00,0xD4,
  0xFF,0x86,0x00,0x00,0x7B,0xFF,0xEF,0x09,0x00,0x00,0x00,0x3A,0xFF,0xFF,0xFF,0xFF,
  0xFF,0xFF,0xFF,0xFF,0x61,0x00,0x00,0x00,0x9F,0xFF,0xFF,0xFF,0xFF,0xFF,0xFF,0xFF,
  0xFF,0xC8,0x00,0x00,0x0E,0xF5,0xFF,0x70,0x00,0x00,0x00,0x00,0x5B,0xFF,0xFF,0x30,
  0x00,0x69,0xFF,0xFE,0x1D,0x00,0x00,0x00,0x00,0x0B,0xF4,0xFF,0x98,0x00,0xCE,0xFF,
  0xC6,0x00,0x00,0x00,0x00,0x00,0x00,0xA5,0xFF,0xF3,0x0D,0x00,0x00,0x00,0x34,0xE3,
  0xCE,0x46,0x57,0xB5,0x00,0x00,0x00,0x00,0x00,0x00,0x00,0xAE,0x57,0x43,0xC9,0xED,
  0x48,0x00,0x00,0x00,0x00,0x00,0x00,0x00,0x15,0x93,0xF4,0xF3,0x93,0x15,0x00,0x00,
  0x00,0x00,0x00,0x00,0x00,0x00,0x77,0xFF,0xFF,0x8B,0x00,0x00,0x00,0x00,0x00,0x00,
  0x00,0x00,0x01,0xDA,0xFF,0xFF,0xEB,0x07,0x00,0x00,0x00,0x00,0x00,0x00,0x00,0x41,
  0xFF,0xD9,0xD2,0xFF,0x5A,0x00,0x00,0x00,0x00,0x00,0x00,0x00,0xA6,0xFF,0x84,0x7C,
  0xFF,0xC2,0x00,0x00,0x00,0x00,0x00,0x00,0x12,0xF8,0xFF,0x2F,0x26,0xFF,0xFF,0x2A,
  0x00,0x00,0x00,0x00,0x00,0x70,0xFF,0xDA,0x00,0x00,0xD1,0xFF,0x91,0x00,0x00,0x00,
  0x00,0x00,0xD4,0xFF,0x86,0x00,0x00,0x7B,0xFF,0xEF,0x09,0x00,0x00,0x00,0x3A,0xFF,
  0xFF,0xFF,0xFF,0xFF,0xFF,0xFF,0xFF,0x61,0x00,0x00,0x00,0x9F,0xFF,0xFF,0xFF,0xFF,
  0xFF,0xFF,0xFF,0xFF,0xC8,0x00,0x00,0x0E,0xF5,0xFF,0x70,0x00,0x00,0x00,0x00,0x5B,
  0xFF,0xFF,0x30,0x00,0x69,0xFF,0xFE,0x1D,0x00,0x00,0x00,0x00,0x0B,0xF4,0xFF,0x98,
  0x00,0xCE,0xFF,0xC6,0x00,0x00,0x00,0x00,0x00,0x00,0xA5,0xFF,0xF3,0x0D,0x00,0x00,
  0x00,0x15,0x93,0xF4,0xF3,0x93,0x15,0x00,0x00,0x00,0x00,0x00,0x00,0x00,0x00,0x00,
  0x00,0x00,0x00,0x00,0x00,0x00,0x00,0x00,0x00,0x00,0x00,0x00,0x77,0xFF,0xFF,0x8B,
  0x00,0x00,0x00,0x00,0x00,0x00,0x00,0x00,0x01,0xDA,0xFF,0xFF,0xEB,0x07,0x00,0x00,
  0x00,0x00,0x00,0x00,0x00,0x41,0xFF,0xD9,0xD2,0xFF,0x5A,0x00,0x00,0x00,0x00,0x00,
  0x00,0x00,0xA6,0xFF,0x84,0x7C,0xFF,0xC2,0x00,0x00,0x00,0x00,0x00,0x00,0x12,0xF8,
  0xFF,0x2F,0x26,0xFF,0xFF,0x2A,0x00,0x00,0x00,0x00,0x00,0x70,0xFF,0xDA,0x00,0x00,
  0xD1,0xFF,0x91,0x00,0x00,0x00,0x00,0x00,0xD4,0xFF,0x86,0x00,0x00,0x7B,0xFF,0xEF,
  0x09,0x00,0x00,0x00,0x3A,0xFF,0xFF,0xFF,0xFF,0xFF,0xFF,0xFF,0xFF,0x61,0x00,0x00,
  0x00,0x9F,0xFF,0xFF,0xFF,0xFF,0xFF,0xFF,0xFF,0xFF,0xC8,0x00,0x00,0x0E,0xF5,0xFF,
  0x70,0x00,0x00,0x00,0x00,0x5B,0xFF,0xFF,0x30,0x00,0x69,0xFF,0xFE,0x1D,0x00,0x00,
  0x00,0x00,0x0B,0xF4,0xFF,0x98,0x00,0xCE,0xFF,0xC6,0x00,0x00,0x00,0x00,0x00,0x00,
  0xA5,0xFF,0xF3,0x0D,0x00,0x00,0x00,0x00,0x00,0x00,0x00,0x00,0x00,0x00,0x00,0x00,
  0x00,0x00,0x00,0x00,0x00,0x20,0xFF,0xFF,0x34,0x00,0x00,0x00,0x00,0x00,0x00,0x00,
  0x00,0x00,0x20,0xFF,0xFF,0x34,0x00,0x00,0x00,0x00,0x00,0x00,0x00,0x00,0x29,0xDF,
  0xFF,0x4C,0x00,0x00,0x00,0x00,0x00,0x00,0x00,0x00,0x17,0xCB,0xD9,0x05,0x00,0x00,
  0x00,0x00,0x00,0x00,0x00,0x00,0x00,0x00,0x00,0x00,0x00,0x00,0x00,0xC4,0xFF,0xFF,
  0xFF,0xFF,0xFF,0xFF,0xFF,0xFF,0x44,0x00,0xC4,0xFF,0xFF,0xFF,0xFF,0xFF,0xFF,0xFF,
  0xFF,0x44,0x00,0xC4,0xFF,0xB0,0x00,0x00,0x00,0x00,0x00,0x00,0x00,0x00,0xC4,0xFF,
  0xB0,0x00,0x00,0x00,0x00,0x00,0x00,0x00,0x00,0xC4,0xFF,0xB0,0x00,0x00,0x00,0x00,
  0x00,0x00,0x00,0x00,0xC4,0xFF,0xFF,0xFF,0xFF,0xFF,0xFF,0xFF,0xCC,0x00,0x00,0xC4,
  0xFF,0xFF,0xFF,0xFF,0xFF,0xFF,0xFF,0xCC,0x00,0x00,0xC4,0xFF,0xB0,0x00,0x00,0x00,
  0x00,0x00,0x00,0x00,0x00,0xC4,0xFF,0xB0,0x00,0x00,0x00,0x00,0x00,0x00,0x00,0x00,
  0xC4,0xFF,0xB0,0x00,0x00,0x00,0x00,0x00,0x00,0x00,0x00,0xC4,0xFF,0xFF,0xFF,0xFF,
  0xFF,0xFF,0xFF,0xFF,0x80,0x00,0xC4,0xFF,0xFF,0xFF,0xFF,0xFF,0xFF,0xFF,0xFF,0x80,
  0x00,0x00,0x00,0x00,0x00,0xC5,0xFF,0x8D,0x01,0x00,0x00,0x00,0x00,0x00,0x00,0x5A,
  0xFD,0x6C,0x00,0x00,0x00,0x00,0x00,0x00,0x00,0x00,0x00,0x00,0x00,0x00,0x00,0x00,
  0x00,0x00,0xC4,0xFF,0xFF,0xFF,0xFF,0xFF,0xFF,0xFF,0xFF,0x44,0x00,0xC4,0xFF,0xFF,
  0xFF,0xFF,0xFF,0xFF,0xFF,0xFF,0x44,0x00,0xC4,0xFF,0xB0,0x00,0x00,0x00,0x00,0x00,
  0x00,0x00,0x00,0xC4,0xFF,0xB0,0x00,0x00,0x00,0x00,0x00,0x00,0x00,0x00,0xC4,0xFF,
  0xB0,0x00,0x00,0x00,0x00,0x00,0x00,0x00,0x00,0xC4,0xFF,0xFF,0xFF,0xFF,0xFF,0xFF,
  0xFF,0xCC,0x00,0x00,0xC4,0xFF,0xFF,0xFF,0xFF,0xFF,0xFF,0xFF,0xCC,0x00,0x00,0xC4,
  0xFF,0xB0,0x00,0x00,0x00,0x00,0x00,0x00,0x00,0x00,0xC4,0xFF,0xB0,0x00,0x00,0x00,
  0x00,0x00,0x00,0x00,0x00,0xC4,0xFF,0xB0,0x00,0x00,0x00,0x00,0x00,0x00,0x00,0x00,
  0xC4,0xFF,0xFF,0xFF,0xFF,0xFF,0xFF,0xFF,0xFF,0x80,0x00,0xC4,0xFF,0xFF,0xFF,0xFF,
  0xFF,0xFF,0xFF,0xFF,0x80,0x00,0x00,0x00,0x00,0xCF,0xFD,0xE6,0x62,0x00,0x00,0x00,
  0x00,0x00,0x00,0x00,0x03,0xB8,0x38,0x00,0x00,0x00,0x00,0x00,0x00,0x00,0x00,0x00,
  0x00,0x00,0x00,0x00,0x00,0x00,0x00,0xC4,0xFF,0xFF,0xFF,0xFF,0xFF,0xFF,0xFF,0xFF,
  0x44,0x00,0xC4,0xFF,0xFF,0xFF,0xFF,0xFF,0xFF,0xFF,0xFF,0x44,0x00,0xC4,0xFF,0xB0,
  0x00,0x00,0x00,0x00,0x00,0x00,0x00,0x00,0xC4,0xFF,0xB0,0x00,0x00,0x00,0x00,0x00,
  0x00,0x00,0x00,0xC4,0xFF,0xB0,0x00,0x00,0x00,0x00,0x00,0x00,0x00,0x00,0xC4,0xFF,
  0xFF,0xFF,0xFF,0xFF,0xFF,0xFF,0xCC,0x00,0x00,0xC4,0xFF,0xFF,0xFF,0xFF,0xFF,0xFF,
  0xFF,0xCC,0x00,0x00,0xC4,0xFF,0xB0,0x00,0x00,0x00,0x00,0x00,0x00,0x00,0x00,0xC4,
  0xFF,0xB0,0x00,0x00,0x00,0x00,0x00,0x00,0x00,0x00,0xC4,0xFF,0xB0,0x00,0x00,0x00,
  0x00,0x00,0x00,0x00,0x00,0xC4,0xFF,0xFF,0xFF,0xFF,0xFF,0xFF,0xFF,0xFF,0x80,0x00,
  0xC4,0xFF,0xFF,0xFF,0xFF,0xFF,0xFF,0xFF,0xFF,0x80,0x00,0x00,0x00,0xA1,0xF3,0x9B,
  0x1E,0x9E,0x8F,0x00,0x00,0x00,0x00,0x16,0xFC,0x1D,0x5C,0xD8,0xE8,0x33,0x00,0x00,
  0x00,0x00,0x00,0x00,0x00,0x00,0x00,0x00,0x00,0x00,0x00,0x00,0xC4,0xFF,0xFF,0xFF,
  0xFF,0xFF,0xFF,0xFF,0xFF,0x44,0x00,0xC4,0xFF,0xFF,0xFF,0xFF,0xFF,0xFF,0xFF,0xFF,
  0x44,0x00,0xC4,0xFF,0xB0,0x00,0x00,0x00,0x00,0x00,0x00,0x00,0x00,0xC4,0xFF,0xB0,
  0x00,0x00,0x00,0x00,0x00,0x00,0x00,0x00,0xC4,0xFF,0xB0,0x00,0x00,0x00,0x00,0x00,
  0x00,0x00,0x00,0xC4,0xFF,0xFF,0xFF,0xFF,0xFF,0xFF,0xFF,0xCC,0x00,0x00,0xC4,0xFF,
  0xFF,0xFF,0xFF,0xFF,0xFF,0xFF,0xCC,0x00,0x00,0xC4,0xFF,0xB0,0x00,0x00,0x00,0x00,
  0x00,0x00,0x00,0x00,0xC4,0xFF,0xB0,0x00,0x00,0x00,0x00,0x00,0x00,0x00,0x00,0xC4,
  0xFF,0xB0,0x00,0x00,0x00,0x00,0x00,0x00,0x00,0x00,0xC4,0xFF,0xFF,0xFF,0xFF,0xFF,
  0xFF,0xFF,0xFF,0x80,0x00,0xC4,0xFF,0xFF,0xFF,0xFF,0xFF,0xFF,0xFF,0xFF,0x80,0x00,
  0xC4,0xFF,0xFF,0xFF,0xFF,0xFF,0xFF,0xFF,0xFF,0x44,0x00,0xC4,0xFF,0xFF,0xFF,0xFF,
  0xFF,0xFF,0xFF,0xFF,0x44,0x00,0xC4,0xFF,0xB0,0x00,0x00,0x00,0x00,0x00,0x00,0x00,
  0x00,0xC4,0xFF,0xB0,0x00,0x00,0x00,0x00,0x00,0x00,0x00,0x00,0xC4,0xFF,0xB0,0x00,
  0x00,0x00,0x00,0x00,0x00,0x00,0x00,0xC4,0xFF,0xFF,0xFF,0xFF,0xFF,0xFF,0xFF,0xCC,
  0x00,0x00,0xC4,0xFF,0xFF,0xFF,0xFF,0xFF,0xFF,0xFF,0xCC,0x00,0x00,0xC4,0xFF,0xB0,
  0x00,0x00,0x00,0x00,0x00,0x00,0x00,0x00,0xC4,0xFF,0xB0,0x00,0x00,0x00,0x00,0x00,
  0x00,0x00,0x00,0xC4,0xFF,0xB0,0x00,0x00,0x00,0x00,0x00,0x00,0x00,0x00,0xC4,0xFF,
  0xFF,0xFF,0xFF,0xFF,0xFF,0xFF,0xFF,0x80,0x00,0xC4,0xFF,0xFF,0xFF,0xFF,0xFF,0xFF,
  0xFF,0xFF,0x80,0x00,0x00,0x00,0x00,0x00,0x00,0x00,0x00,0x00,0x00,0x00,0x00,0x00,
  0x00,0x00,0x20,0xFF,0xFF,0x34,0x00,0x00,0x00,0x00,0x00,0x00,0x00,0x20,0xFF,0xFF,
  0x34,0x00,0x00,0x00,0x00,0x00,0x00,0x10,0xD6,0xFF,0xF1,0x2B,0x00,0x00,0x00,0x00,
  0x00,0x05,0xBE,0xF0,0x47,0xDA,0xE1,0x18,0x00,0x00,0x00,0x00,0x00,0x00,0x00,0x00,
  0x00,0x00,0x00,0x00,0x00,0x00,0xC4,0xFF,0xFF,0xFF,0xFF,0xFF,0xFF,0xFF,0xFF,0x44,
  0x00,0xC4,0xFF,0xFF,0xFF,0xFF,0xFF,0xFF,0xFF,0xFF,0x44,0x00,0xC4,0xFF,0xB0,0x00,
  0x00,0x00,0x00,0x00,0x00,0x00,0x00,0xC4,0xFF,0xB0,0x00,0x00,0x00,0x00,0x00,0x00,
  0x00,0x00,0xC4,0xFF,0xB0,0x00,0x00,0x00,0x00,0x00,0x00,0x00,0x00,0xC4,0xFF,0xFF,
  0xFF,0xFF,0xFF,0xFF,0xFF,0xCC,0x00,0x00,0xC4,0xFF,0xFF,0xFF,0xFF,0xFF,0xFF,0xFF,
  0xCC,0x00,0x00,0xC4,0xFF,0xB0,0x00,0x00,0x00,0x00,0x00,0x00,0x00,0x00,0xC4,0xFF,
  0xB0,0x00,0x00,0x00,0x00,0x00,0x00,0x00,0x00,0xC4,0xFF,0xB0,0x00,0x00,0x00,0x00,
  0x00,0x00,0x00,0x00,0xC4,0xFF,0xFF,0xFF,0xFF,0xFF,0xFF,0xFF,0xFF,0x80,0x00,0xC4,
  0xFF,0xFF,0xFF,0xFF,0xFF,0xFF,0xFF,0xFF,0x80,0x00,0x00,0x00,0x2D,0xE7,0xFF,0x41,
  0x00,0x00,0x00,0x00,0x00,0x00,0x00,0x00,0x24,0xE0,0xBD,0x00,0x00,0x00,0x00,0x00,
  0x00,0x00,0x15,0x93,0xF4,0xF3,0x93,0x15,0x00,0x00,0x00,0xC4,0xFF,0xFF,0xFF,0xFF,
  0xFF,0xFF,0xFF,0xFF,0x44,0x00,0xC4,0xFF,0xFF,0xFF,0xFF,0xFF,0xFF,0xFF,0xFF,0x44,
  0x00,0xC4,0xFF,0xB0,0x00,0x00,0x00,0x00,0x00,0x00,0x00,0x00,0xC4,0xFF,0xB0,0x00,
  0x00,0x00,0x00,0x00,0x00,0x00,0x00,0xC4,0xFF,0xB0,0x00,0x00,0x00,0x00,0x00,0x00,
  0x00,0x00,0xC4,0xFF,0xFF,0xFF,0xFF,0xFF,0xFF,0xFF,0xCC,0x00,0x00,0xC4,0xFF,0xFF,
  0xFF,0xFF,0xFF,0xFF,0xFF,0xCC,0x00,0x00,0xC4,0xFF,0xB0,0x00,0x00,0x00,0x00,0x00,
  0x00,0x00,0x00,0xC4,0xFF,0xB0,0x00,0x00,0x00,0x00,0x00,0x00,0x00,0x00,0xC4,0xFF,
  0xB0,0x00,0x00,0x00,0x00,0x00,0x00,0x00,0x00,0xC4,0xFF,0xFF,0xFF,0xFF,0xFF,0xFF,
  0xFF,0xFF,0x80,0x00,0xC4,0xFF,0xFF,0xFF,0xFF,0xFF,0xFF,0xFF,0xFF,0x80,0x00,0x00,
  0x00,0x00,0x00,0x40,0xFF,0xE8,0x2E,0x00,0x00,0x00,0x00,0x00,0x00,0x00,0xC0,0xE0,
  0x24,0x00,0x00,0x00,0x00,0x00,0x00,0x15,0x93,0xF4,0xF3,0x93,0x15,0x00,0x00,0x00,
  0xC4,0xFF,0xFF,0xFF,0xFF,0xFF,0xFF,0xFF,0xFF,0x44,0x00,0xC4,0xFF,0xFF,0xFF,0xFF,
  0xFF,0xFF,0xFF,0xFF,0x44,0x00,0xC4,0xFF,0xB0,0x00,0x00,0x00,0x00,0x00,0x00,0x00,
  0x00,0xC4,0xFF,0xB0,0x00,0x00,0x00,0x00,0x00,0x00,0x00,0x00,0xC4,0xFF,0xB0,0x00,
  0x00,0x00,0x00,0x00,0x00,0x00,0x00,0xC4,0xFF,0xFF,0xFF,0xFF,0xFF,0xFF,0xFF,0xCC,
  0x00,0x00,0xC4,0xFF,0xFF,0xFF,0xFF,0xFF,0xFF,0xFF,0xCC,0x00,0x00,0xC4,0xFF,0xB0,
  0x00,0x00,0x00,0x00,0x00,0x00,0x00,0x00,0xC4,0xFF,0xB0,0x00,0x00,0x00,0x00,0x00,
  0x00,0x00,0x00,0xC4,0xFF,0xB0,0x00,0x00,0x00,0x00,0x00,0x00,0x00,0x00,0xC4,0xFF,
  0xFF,0xFF,0xFF,0xFF,0xFF,0xFF,0xFF,0x80,0x00,0xC4,0xFF,0xFF,0xFF,0xFF,0xFF,0xFF,
  0xFF,0xFF,0x80,0x00,0x00,0x00,0x00,0x70,0xFE,0xF1,0x7E,0x00,0x00,0x00,0x00,0x00,
  0x00,0x00,0x00,0x58,0x6C,0x00,0x00,0x00,0x00,0x00,0x00,0x00,0x15,0x93,0xF4,0xF3,
  0x93,0x15,0x00,0x00,0x00,0xC4,0xFF,0xFF,0xFF,0xFF,0xFF,0xFF,0xFF,0xFF,0x44,0x00,
  0xC4,0xFF,0xFF,0xFF,0xFF,0xFF,0xFF,0xFF,0xFF,0x44,0x00,0xC4,0xFF,0xB0,0x00,0x00,
  0x00,0x00,0x00,0x00,0x00,0x00,0xC4,0xFF,0xB0,0x00,0x00,0x00,0x00,0x00,0x00,0x00,
  0x00,0xC4,0xFF,0xB0,0x00,0x00,0x00,0x00,0x00,0x00,0x00,0x00,0xC4,0xFF,0xFF,0xFF,
  0xFF,0xFF,0xFF,0xFF,0xCC,0x00,0x00,0xC4,0xFF,0xFF,0xFF,0xFF,0xFF,0xFF,0xFF,0xCC,
  0x00,0x00,0xC4,0xFF,0xB0,0x00,0x00,0x00,0x00,0x00,0x00,0x00,0x00,0xC4,0xFF,0xB0,
  0x00,0x00,0x00,0x00,0x00,0x00,0x00,0x00,0xC4,0xFF,0xB0,0x00,0x00,0x00,0x00,0x00,
  0x00,0x00,0x00,0xC4,0xFF,0xFF,0xFF,0xFF,0xFF,0xFF,0xFF,0xFF,0x80,0x00,0xC4,0xFF,
  0xFF,0xFF,0xFF,0xFF,0xFF,0xFF,0xFF,0x80,0x00,0x00,0x00,0x34,0xE3,0xCE,0x46,0x57,
  0xB5,0x00,0x00,0x00,0x00,0x00,0xAE,0x57,0x43,0xC9,0xED,0x48,0x00,0x00,0x00,0x00,
  0x00,0x15,0x93,0xF4,0xF3,0x93,0x15,0x00,0x00,0x00,0xC4,0xFF,0xFF,0xFF,0xFF,0xFF,
  0xFF,0xFF,0xFF,0x44,0x00,0xC4,0xFF,0xFF,0xFF,0xFF,0xFF,0xFF,0xFF,0xFF,0x44,0x00,
  0xC4,0xFF,0xB0,0x00,0x00,0x00,0x00,0x00,0x00,0x00,0x00,0xC4,0xFF,0xB0,0x00,0x00,
  0x00,0x00,0x00,0x00,0x00,0x00,0xC4,0xFF,0xB0,0x00,0x00,0x00,0x00,0x00,0x00,0x00,
  0x00,0xC4,0xFF,0xFF,0xFF,0xFF,0xFF,0xFF,0xFF,0xCC,0x00,0x00,0xC4,0xFF,0xFF,0xFF,
  0xFF,0xFF,0xFF,0xFF,0xCC,0x00,0x00,0xC4,0xFF,0xB0,0x00,0x00,0x00,0x00,0x00,0x00,
  0x00,0x00,0xC4,0xFF,0xB0,0x00,0x00,0x00,0x00,0x00,0x00,0x00,0x00,0xC4,0xFF,0xB0,
  0x00,0x00,0x00,0x00,0x00,0x00,0x00,0x00,0xC4,0xFF,0xFF,0xFF,0xFF,0xFF,0xFF,0xFF,
  0xFF,0x80,0x00,0xC4,0xFF,0xFF,0xFF,0xFF,0xFF,0xFF,0xFF,0xFF,0x80,0x00,0x00,0x00,
  0x15,0x93,0xF4,0xF3,0x93,0x15,0x00,0x00,0x00,0x00,0x00,0x00,0x00,0x00,0x00,0x00,
  0x00,0x00,0x00,0x00,0xC4,0xFF,0xFF,0xFF,0xFF,0xFF,0xFF,0xFF,0xFF,0x44,0x00,0xC4,
  0xFF,0xFF,0xFF,0xFF,0xFF,0xFF,0xFF,0xFF,0x44,0x00,0xC4,0xFF,0xB0,0x00,0x00,0x00,
  0x00,0x00,0x00,0x00,0x00,0xC4,0xFF,0xB0,0x00,0x00,0x00,0x00,0x00,0x00,0x00,0x00,
  0xC4,0xFF,0xB0,0x00,0x00,0x00,0x00,0x00,0x00,0x00,0x00,0xC4,0xFF,0xFF,0xFF,0xFF,
  0xFF,0xFF,0xFF,0xCC,0x00,0x00,0xC4,0xFF,0xFF,0xFF,0xFF,0xFF,0xFF,0xFF,0xCC,0x00,
  0x00,0xC4,0xFF,0xB0,0x00,0x00,0x00,0x00,0x00,0x00,0x00,0x00,0xC4,0xFF,0xB0,0x00,
  0x00,0x00,0x00,0x00,0x00,0x00,0x00,0xC4,0xFF,0xB0,0x00,0x00,0x00,0x00,0x00,0x00,
  0x00,0x00,0xC4,0xFF,0xFF,0xFF,0xFF,0xFF,0xFF,0xFF,0xFF,0x80,0x00,0xC4,0xFF,0xFF,
  0xFF,0xFF,0xFF,0xFF,0xFF,0xFF,0x80,0x00,0x00,0x00,0x00,0x00,0x00,0x00,0x00,0x00,
  0x00,0x00,0x00,0x00,0x00,0x00,0x20,0xFF,0xFF,0x34,0x00,0x00,0x00,0x00,0x00,0x00,
  0x00,0x20,0xFF,0xFF,0x34,0x00,0x00,0x00,0x01,0x84,0xFF,0xCE,0x02,0x00,0x00,0x00,
  0x64,0xFB,0x62,0x00,0x00,0x00,0x00,0x00,0x00,0x00,0x00,0x00,0xD8,0xFF,0xA0,0x00,
  0x00,0x00,0xD8,0xFF,0xA0,0x00,0x00,0x00,0xD8,0xFF,0xA0,0x00,0x00,0x00,0xD8,0xFF,
  0xA0,0x00,0x00,0x00,0xD8,0xFF,0xA0,0x00,0x00,0x00,0xD8,0xFF,0xA0,0x00,0x00,0x00,
  0xD8,0xFF,0xA0,0x00,0x00,0x00,0xD8,0xFF,0xA0,0x00,0x00,0x00,0xD8,0xFF,0xA0,0x00,
  0x00,0x00,0xD8,0xFF,0xA0,0x00,0x00,0x00,0xD8,0xFF,0xA0,0x00,0x00,0x00,0xD8,0xFF,
  0xA0,0x00,0x00,0x42,0xFF,0xE3,0x2D,0x03,0xD2,0xD2,0x1C,0x00,0x00,0x00,0x00,0x00,
  0x00,0x00,0xD8,0xFF,0xA0,0x00,0x00,0xD8,0xFF,0xA0,0x00,0x00,0xD8,0xFF,0xA0,0x00,
  0x00,0xD8,0xFF,0xA0,0x00,0x00,0xD8,0xFF,0xA0,0x00,0x00,0xD8,0xFF,0xA0,0x00,0x00,
  0xD8,0xFF,0xA0,0x00,0x00,0xD8,0xFF,0xA0,0x00,0x00,0xD8,0xFF,0xA0,0x00,0x00,0xD8,
  0xFF,0xA0,0x00,0x00,0xD8,0xFF,0xA0,0x00,0x00,0xD8,0xFF,0xA0,0x00,0x13,0xFB,0xFB,
  0xD5,0x34,0x00,0x02,0xF0,0x00,0x00,0x00,0x00,0x00,0x00,0x00,0x00,0xD8,0xFF,0xA0,
  0x00,0x00,0xD8,0xFF,0xA0,0x00,0x00,0xD8,0xFF,0xA0,0x00,0x00,0xD8,0xFF,0xA0,0x00,
  0x00,0xD8,0xFF,0xA0,0x00,0x00,0xD8,0xFF,0xA0,0x00,0x00,0xD8,0xFF,0xA0,0x00,0x00,
  0xD8,0xFF,0xA0,0x00,0x00,0xD8,0xFF,0xA0,0x00,0x00,0xD8,0xFF,0xA0,0x00,0x00,0xD8,
  0xFF,0xA0,0x00,0x00,0xD8,0xFF,0xA0,0x00,0x2E,0xE3,0xDC,0x5B,0x1E,0xF9,0x1B,0x8A,
  0x9F,0x21,0x97,0xF4,0xAA,0x00,0x00,0x00,0x00,0x00,0x00,0x00,0x00,0x00,0x00,0xD8,
  0xFF,0xA0,0x00,0x00,0x00,0x00,0xD8,0xFF,0xA0,0x00,0x00,0x00,0x00,0xD8,0xFF,0xA0,
  0x00,0x00,0x00,0x00,0xD8,0xFF,0xA0,0x00,0x00,0x00,0x00,0xD8,0xFF,0xA0,0x00,0x00,
  0x00,0x00,0xD8,0xFF,0xA0,0x00,0x00,0x00,0x00,0xD8,0xFF,0xA0,0x00,0x00,0x00,0x00,
  0xD8,0xFF,0xA0,0x00,0x00,0x00,0x00,0xD8,0xFF,0xA0,0x00,0x00,0x00,0x00,0xD8,0xFF,
  0xA0,0x00,0x00,0x00,0x00,0xD8,0xFF,0xA0,0x00,0x00,0x00,0x00,0xD8,0xFF,0xA0,0x00,
  0x00,0x00,0xD8,0xFF,0xA0,0x00,0x00,0xD8,0xFF,0xA0,0x00,0x00,0xD8,0xFF,0xA0,0x00,
  0x00,0xD8,0xFF,0xA0,0x00,0x00,0xD8,0xFF,0xA0,0x00,0x00,0xD8,0xFF,0xA0,0x00,0x00,
  0xD8,0xFF,0xA0,0x00,0x00,0xD8,0xFF,0xA0,0x00,0x00,0xD8,0xFF,0xA0,0x00,0x00,0xD8,
  0xFF,0xA0,0x00,0x00,0xD8,0xFF,0xA0,0x00,0x00,0xD8,0xFF,0xA0,0x00,0x00,0x00,0x00,
  0x00,0x00,0x00,0xC4,0xFF,0x90,0x00,0x00,0xC4,0xFF,0x90,0x00,0x00,0x00,0x00,0x00,
  0x50,0xF5,0xF4,0x1B,0x00,0x00,0x00,0x00,0x00,0x00,0x00,0x00,0x00,0x00,0x36,0xE9,
  0xA2,0x00,0x00,0x00,0x00,0x00,0x00,0x00,0x00,0x00,0x00,0x00,0x00,0x00,0x00,0x00,
  0x00,0x00,0x00,0x00,0x00,0x00,0x47,0xAF,0xE7,0xFA,0xED,0xBD,0x5F,0x02,0x00,0x00,
  0x00,0x00,0x87,0xFF,0xFF,0xFF,0xFF,0xFF,0xFF,0xFF,0xBA,0x09,0x00,0x00,0x5A,0xFF,
  0xFF,0xC5,0x3A,0x0C,0x28,0x95,0xFF,0xFF,0x9C,0x00,0x00,0xD4,0xFF,0xD4,0x06,0x00,
  0x00,0x00,0x00,0xA2,0xFF,0xFD,0x1F,0x1B,0xFF,0xFF,0x71,0x00,0x00,0x00,0x00,0x00,
  0x34,0xFF,0xFF,0x63,0x38,0xFF,0xFF,0x4B,0x00,0x00,0x00,0x00,0x00,0x0F,0xFF,0xFF,
  0x81,0x3C,0xFF,0xFF,0x55,0x00,0x00,0x00,0x00,0x00,0x09,0xFF,0xFF,0x82,0x20,0xFF,
  0xFF,0x7C,0x00,0x00,0x00,0x00,0x00,0x32,0xFF,0xFF,0x65,0x00,0xDB,0xFF,0xE5,0x0B,
  0x00,0x00,0x00,0x00,0x9E,0xFF,0xFD,0x21,0x00,0x5E,0xFF,0xFF,0xC1,0x34,0x07,0x29,
  0x9D,0xFF,0xFF,0xA2,0x00,0x00,0x00,0x89,0xFF,0xFF,0xFF,0xFF,0xFF,0xFF,0xFF,0xC0,
  0x0C,0x00,0x00,0x00,0x00,0x41,0xAC,0xE6,0xFB,0xEF,0xC1,0x64,0x04,0x00,0x00,0x00,
  0x00,0x00,0x00,0x00,0x13,0xEE,0xF8,0x58,0x00,0x00,0x00,0x00,0x00,0x00,0x00,0x00,
  0x00,0x96,0xEF,0x3F,0x00,0x00,0x00,0x00,0x00,0x00,0x00,0x00,0x00,0x00,0x00,0x00,
  0x00,0x00,0x00,0x00,0x00,0x00,0x00,0x00,0x00,0x47,0xAF,0xE7,0xFA,0xED,0xBD,0x5F,
  0x02,0x00,0x00,0x00,0x00,0x87,0xFF,0xFF,0xFF,0xFF,0xFF,0xFF,0xFF,0xBA,0x09,0x00,
  0x00,0x5A,0xFF,0xFF,0xC5,0x3A,0x0C,0x28,0x95,0xFF,0xFF,0x9C,0x00,0x00,0xD4,0xFF,
  0xD4,0x06,0x00,0x00,0x00,0x00,0xA2,0xFF,0xFD,0x1F,0x1B,0xFF,0xFF,0x71,0x00,0x00,
  0x00,0x00,0x00,0x34,0xFF,0xFF,0x63,0x38,0xFF,0xFF,0x4B,0x00,0x00,0x00,0x00,0x00,
  0x0F,0xFF,0xFF,0x81,0x3C,0xFF,0xFF,0x55,0x00,0x00,0x00,0x00,0x00,0x09,0xFF,0xFF,
  0x82,0x20,0xFF,0xFF,0x7C,0x00,0x00,0x00,0x00,0x00,0x32,0xFF,0xFF,0x65,0x00,0xDB,
  0xFF,0xE5,0x0B,0x00,0x00,0x00,0x00,0x9E,0xFF,0xFD,0x21,0x00,0x5E,0xFF,0xFF,0xC1,
  0x34,0x07,0x29,0x9D,0xFF,0xFF,0xA2,0x00,0x00,0x00,0x89,0xFF,0xFF,0xFF,0xFF,0xFF,
  0xFF,0xFF,0xC0,0x0C,0x00,0x00,0x00,0x00,0x41,0xAC,0xE6,0xFB,0xEF,0xC1,0x64,0x04,
  0x00,0x00,0x00,0x00,0x00,0x00,0x00,0xEE,0xFC,0xDF,0x4A,0x00,0x00,0x00,0x00,0x00,
  0x00,0x00,0x00,0x00,0x03,0xD8,0x18,0x00,0x00,0x00,0x00,0x00,0x00,0x00,0x00,0x00,
  0x00,0x00,0x00,0x00,0x00,0x00,0x00,0x00,0x00,0x00,0x00,0x00,0x47,0xAF,0xE7,0xFA,
  0xED,0xBD,0x5F,0x02,0x00,0x00,0x00,0x00,0x87,0xFF,0xFF,0xFF,0xFF,0xFF,0xFF,0xFF,
  0xBA,0x09,0x00,0x00,0x5A,0xFF,0xFF,0xC5,0x3A,0x0C,0x28,0x95,0xFF,0xFF,0x9C,0x00,
  0x00,0xD4,0xFF,0xD4,0x06,0x00,0x00,0x00,0x00,0xA2,0xFF,0xFD,0x1F,0x1B,0xFF,0xFF,
  0x71,0x00,0x00,0x00,0x00,0x00,0x34,0xFF,0xFF,0x63,0x38,0xFF,0xFF,0x4B,0x00,0x00,
  0x00,0x00,0x00,0x0F,0xFF,0xFF,0x81,0x3C,0xFF,0xFF,0x55,0x00,0x00,0x00,0x00,0x00,
  0x09,0xFF,0xFF,0x82,0x20,0xFF,0xFF,0x7C,0x00,0x00,0x00,0x00,0x00,0x32,0xFF,0xFF,
  0x65,0x00,0xDB,0xFF,0xE5,0x0B,0x00,0x00,0x00,0x00,0x9E,0xFF,0xFD,0x21,0x00,0x5E,
  0xFF,0xFF,0xC1,0x34,0x07,0x29,0x9D,0xFF,0xFF,0xA2,0x00,0x00,0x00,0x89,0xFF,0xFF,
  0xFF,0xFF,0xFF,0xFF,0xFF,0xC0,0x0C,0x00,0x00,0x00,0x00,0x41,0xAC,0xE6,0xFB,0xEF,
  0xC1,0x64,0x04,0x00,0x00,0x00,0x00,0x00,0x18,0xD5,0xE7,0x6F,0x15,0xE2,0x3F,0x00,
  0x00,0x00,0x00,0x00,0x00,0x66,0xC0,0x19,0x84,0xEF,0xC6,0x06,0x00,0x00,0x00,0x00,
  0x00,0x00,0x00,0x00,0x00,0x00,0x00,0x00,0x00,0x00,0x00,0x00,0x00,0x00,0x00,0x47,
  0xAF,0xE7,0xFA,0xED,0xBD,0x5F,0x02,0x00,0x00,0x00,0x00,0x87,0xFF,0xFF,0xFF,0xFF,
  0xFF,0xFF,0xFF,0xBA,0x09,0x00,0x00,0x5A,0xFF,0xFF,0xC5,0x3A,0x0C,0x28,0x95,0xFF,
  0xFF,0x9C,0x00,0x00,0xD4,0xFF,0xD4,0x06,0x00,0x00,0x00,0x00,0xA2,0xFF,0xFD,0x1F,
  0x1B,0xFF,0xFF,0x71,0x00,0x00,0x00,0x00,0x00,0x34,0xFF,0xFF,0x63,0x38,0xFF,0xFF,
  0x4B,0x00,0x00,0x00,0x00,0x00,0x0F,0xFF,0xFF,0x81,0x3C,0xFF,0xFF,0x55,0x00,0x00,
  0x00,0x00,0x00,0x09,0xFF,0xFF,0x82,0x20,0xFF,0xFF,0x7C,0x00,0x00,0x00,0x00,0x00,
  0x32,0xFF,0xFF,0x65,0x00,0xDB,0xFF,0xE5,0x0B,0x00,0x00,0x00,0x00,0x9E,0xFF,0xFD,
  0x21,0x00,0x5E,0xFF,0xFF,0xC1,0x34,0x07,0x29,0x9D,0xFF,0xFF,0xA2,0x00,0x00,0x00,
  0x89,0xFF,0xFF,0xFF,0xFF,0xFF,0xFF,0xFF,0xC0,0x0C,0x00,0x00,0x00,0x00,0x41,0xAC,
  0xE6,0xFB,0xEF,0xC1,0x64,0x04,0x00,0x00,0x00,0x00,0x00,0x47,0xAF,0xE7,0xFA,0xED,
  0xBD,0x5F,0x02,0x00,0x00,0x00,0x00,0x87,0xFF,0xFF,0xFF,0xFF,0xFF,0xFF,0xFF,0xBA,
  0x09,0x00,0x00,0x5A,0xFF,0xFF,0xC5,0x3A,0x0C,0x28,0x95,0xFF,0xFF,0x9C,0x00,0x00,
  0xD4,0xFF,0xD4,0x06,0x00,0x00,0x00,0x00,0xA2,0xFF,0xFD,0x1F,0x1B,0xFF,0xFF,0x71,
  0x00,0x00,0x00,0x00,0x00,0x34,0xFF,0xFF,0x63,0x38,0xFF,0xFF,0x4B,0x00,0x00,0x00,
  0x00,0x00,0x0F,0xFF,0xFF,0x81,0x3C,0xFF,0xFF,0x55,0x00,0x00,0x00,0x00,0x00,0x09,
  0xFF,0xFF,0x82,0x20,0xFF,0xFF,0x7C,0x00,0x00,0x00,0x00,0x00,0x32,0xFF,0xFF,0x65,
  0x00,0xDB,0xFF,0xE5,0x0B,0x00,0x00,0x00,0x00,0x9E,0xFF,0xFD,0x21,0x00,0x5E,0xFF,
  0xFF,0xC1,0x34,0x07,0x29,0x9D,0xFF,0xFF,0xA2,0x00,0x00,0x00,0x89,0xFF,0xFF,0xFF,
  0xFF,0xFF,0xFF,0xFF,0xC0,0x0C,0x00,0x00,0x00,0x00,0x41,0xAC,0xE6,0xFB,0xEF,0xC1,
  0x64,0x04,0x00,0x00,0x00,0x00,0x00,0x00,0x00,0x00,0x00,0x00,0x00,0x00,0x00,0x00,
  0x00,0x00,0x00,0x00,0x00,0x00,0xA0,0xFF,0xB4,0x00,0x00,0x00,0x00,0x00,0x00,0x00,
  0x00,0x00,0x00,0xA0,0xFF,0xB4,0x00,0x00,0x00,0x00,0x00,0x00,0x00,0x00,0x00,0x17,
  0xDF,0xFF,0xEA,0x22,0x00,0x00,0x00,0x00,0x00,0x00,0x00,0x0A,0xCA,0xEA,0x45,0xE2,
  0xD7,0x11,0x00,0x00,0x00,0x00,0x00,0x00,0x00,0x00,0x00,0x00,0x00,0x00,0x00,0x00,
  0x00,0x00,0x00,0x00,0x00,0x47,0xAF,0xE7,0xFA,0xED,0xBD,0x5F,0x02,0x00,0x00,0x00,
  0x00,0x87,0xFF,0xFF,0xFF,0xFF,0xFF,0xFF,0xFF,0xBA,0x09,0x00,0x00,0x5A,0xFF,0xFF,
  0xC5,0x3A,0x0C,0x28,0x95,0xFF,0xFF,0x9C,0x00,0x00,0xD4,0xFF,0xD4,0x06,0x00,0x00,
  0x00,0x00,0xA2,0xFF,0xFD,0x1F,0x1B,0xFF,0xFF,0x71,0x00,0x00,0x00,0x00,0x00,0x34,
  0xFF,0xFF,0x63,0x38,0xFF,0xFF,0x4B,0x00,0x00,0x00,0x00,0x00,0x0F,0xFF,0xFF,0x81,
  0x3C,0xFF,0xFF,0x55,0x00,0x00,0x00,0x00,0x00,0x09,0xFF,0xFF,0x82,0x20,0xFF,0xFF,
  0x7C,0x00,0x00,0x00,0x00,0x00,0x32,0xFF,0xFF,0x65,0x00,0xDB,0xFF,0xE5,0x0B,0x00,
  0x00,0x00,0x00,0x9E,0xFF,0xFD,0x21,0x00,0x5E,0xFF,0xFF,0xC1,0x34,0x07,0x29,0x9D,
  0xFF,0xFF,0xA2,0x00,0x00,0x00,0x89,0xFF,0xFF,0xFF,0xFF,0xFF,0xFF,0xFF,0xC0,0x0C,
  0x00,0x00,0x00,0x00,0x41,0xAC,0xE6,0xFB,0xEF,0xC1,0x64,0x04,0x00,0x00,0x00,0x00,
  0x00,0x00,0x7C,0xFF,0xD7,0x02,0x00,0x00,0x00,0x00,0x00,0x00,0x00,0x00,0x00,0x00,
  0x6E,0xFE,0x55,0x00,0x00,0x00,0x00,0x00,0x00,0x00,0x00,0x00,0x3D,0xC9,0xF4,0xDE,
  0x5C,0x01,0x00,0x00,0x00,0x00,0x00,0x00,0x47,0xAF,0xE7,0xFA,0xED,0xBD,0x5F,0x02,
  0x00,0x00,0x00,0x00,0x87,0xFF,0xFF,0xFF,0xFF,0xFF,0xFF,0xFF,0xBA,0x09,0x00,0x00,
  0x5A,0xFF,0xFF,0xC5,0x3A,0x0C,0x28,0x95,0xFF,0xFF,0x9C,0x00,0x00,0xD4,0xFF,0xD4,
  0x06,0x00,0x00,0x00,0x00,0xA2,0xFF,0xFD,0x1F,0x1B,0xFF,0xFF,0x71,0x00,0x00,0x00,
  0x00,0x00,0x34,0xFF,0xFF,0x63,0x38,0xFF,0xFF,0x4B,0x00,0x00,0x00,0x00,0x00,0x0F,
  0xFF,0xFF,0x81,0x3C,0xFF,0xFF,0x55,0x00,0x00,0x00,0x00,0x00,0x09,0xFF,0xFF,0x82,
  0x20,0xFF,0xFF,0x7C,0x00,0x00,0x00,0x00,0x00,0x32,0xFF,0xFF,0x65,0x00,0xDB,0xFF,
  0xE5,0x0B,0x00,0x00,0x00,0x00,0x9E,0xFF,0xFD,0x21,0x00,0x5E,0xFF,0xFF,0xC1,0x34,
  0x07,0x29,0x9D,0xFF,0xFF,0xA2,0x00,0x00,0x00,0x89,0xFF,0xFF,0xFF,0xFF,0xFF,0xFF,
  0xFF,0xC0,0x0C,0x00,0x00,0x00,0x00,0x41,0xAC,0xE6,0xFB,0xEF,0xC1,0x64,0x04,0x00,
  0x00,0x00,0x00,0x00,0x00,0x00,0x00,0xA5,0xFF,0xAC,0x06,0x00,0x00,0x00,0x00,0x00,
  0x00,0x00,0x00,0x26,0xFC,0x9E,0x03,0x00,0x00,0x00,0x00,0x00,0x00,0x00,0x00,0x3D,
  0xC9,0xF4,0xDE,0x5C,0x01,0x00,0x00,0x00,0x00,0x00,0x00,0x47,0xAF,0xE7,0xFA,0xED,
  0xBD,0x5F,0x02,0x00,0x00,0x00,0x00,0x87,0xFF,0xFF,0xFF,0xFF,0xFF,0xFF,0xFF,0xBA,
  0x09,0x00,0x00,0x5A,0xFF,0xFF,0xC5,0x3A,0x0C,0x28,0x95,0xFF,0xFF,0x9C,0x00,0x00,
  0xD4,0xFF,0xD4,0x06,0x00,0x00,0x00,0x00,0xA2,0xFF,0xFD,0x1F,0x1B,0xFF,0xFF,0x71,
  0x00,0x00,0x00,0x00,0x00,0x34,0xFF,0xFF,0x63,0x38,0xFF,0xFF,0x4B,0x00,0x00,0x00,
  0x00,0x00,0x0F,0xFF,0xFF,0x81,0x3C,0xFF,0xFF,0x55,0x00,0x00,0x00,0x00,0x00,0x09,
  0xFF,0xFF,0x82,0x20,0xFF,0xFF,0x7C,0x00,0x00,0x00,0x00,0x00,0x32,0xFF,0xFF,0x65,
  0x00,0xDB,0xFF,0xE5,0x0B,0x00,0x00,0x00,0x00,0x9E,0xFF,0xFD,0x21,0x00,0x5E,0xFF,
  0xFF,0xC1,0x34,0x07,0x29,0x9D,0xFF,0xFF,0xA2,0x00,0x00,0x00,0x89,0xFF,0xFF,0xFF,
  0xFF,0xFF,0xFF,0xFF,0xC0,0x0C,0x00,0x00,0x00,0x00,0x41,0xAC,0xE6,0xFB,0xEF,0xC1,
  0x64,0x04,0x00,0x00,0x00,0x00,0x00,0x00,0x00,0xD7,0xFD,0xDA,0x2F,0x00,0x00,0x00,
  0x00,0x00,0x00,0x00,0x00,0x00,0x00,0xC0,0x04,0x00,0x00,0x00,0x00,0x00,0x00,0x00,
  0x00,0x00,0x3D,0xC9,0xF4,0xDE,0x5C,0x01,0x00,0x00,0x00,0x00,0x00,0x00,0x47,0xAF,
  0xE7,0xFA,0xED,0xBD,0x5F,0x02,0x00,0x00,0x00,0x00,0x87,0xFF,0xFF,0xFF,0xFF,0xFF,
  0xFF,0xFF,0xBA,0x09,0x00,0x00,0x5A,0xFF,0xFF,0xC5,0x3A,0x0C,0x28,0x95,0xFF,0xFF,
  0x9C,0x00,0x00,0xD4,0xFF,0xD4,0x06,0x00,0x00,0x00,0x00,0xA2,0xFF,0xFD,0x1F,0x1B,
  0xFF,0xFF,0x71,0x00,0x00,0x00,0x00,0x00,0x34,0xFF,0xFF,0x63,0x38,0xFF,0xFF,0x4B,
  0x00,0x00,0x00,0x00,0x00,0x0F,0xFF,0xFF,0x81,0x3C,0xFF,0xFF,0x55,0x00,0x00,0x00,
  0x00,0x00,0x09,0xFF,0xFF,0x82,0x20,0xFF,0xFF,0x7C,0x00,0x00,0x00,0x00,0x00,0x32,
  0xFF,0xFF,0x65,0x00,0xDB,0xFF,0xE5,0x0B,0x00,0x00,0x00,0x00,0x9E,0xFF,0xFD,0x21,
  0x00,0x5E,0xFF,0xFF,0xC1,0x34,0x07,0x29,0x9D,0xFF,0xFF,0xA2,0x00,0x00,0x00,0x89,
  0xFF,0xFF,0xFF,0xFF,0xFF,0xFF,0xFF,0xC0,0x0C,0x00,0x00,0x00,0x00,0x41,0xAC,0xE6,
  0xFB,0xEF,0xC1,0x64,0x04,0x00,0x00,0x00,0x00,0x00,0x00,0x84,0xF0,0x9C,0x1E,0xB7,
  0x51,0x00,0x00,0x00,0x00,0x00,0x00,0x14,0xE4,0x19,0x77,0xEB,0xC8,0x0B,0x00,0x00,
  0x00,0x00,0x00,0x00,0x00,0x3D,0xC9,0xF4,0xDE,0x5C,0x01,0x00,0x00,0x00,0x00,0x00,
  0x00,0x47,0xAF,0xE7,0xFA,0xED,0xBD,0x5F,0x02,0x00,0x00,0x00,0x00,0x87,0xFF,0xFF,
  0xFF,0xFF,0xFF,0xFF,0xFF,0xBA,0x09,0x00,0x00,0x5A,0xFF,0xFF,0xC5,0x3A,0x0C,0x28,
  0x95,0xFF,0xFF,0x9C,0x00,0x00,0xD4,0xFF,0xD4,0x06,0x00,0x00,0x00,0x00,0xA2,0xFF,
  0xFD,0x1F,0x1B,0xFF,0xFF,0x71,0x00,0x00,0x00,0x00,0x00,0x34,0xFF,0xFF,0x63,0x38,
  0xFF,0xFF,0x4B,0x00,0x00,0x00,0x00,0x00,0x0F,0xFF,0xFF,0x81,0x3C,0xFF,0xFF,0x55,
  0x00,0x00,0x00,0x00,0x00,0x09,0xFF,0xFF,0x82,0x20,0xFF,0xFF,0x7C,0x00,0x00,0x00,
  0x00,0x00,0x32,0xFF,0xFF,0x65,0x00,0xDB,0xFF,0xE5,0x0B,0x00,0x00,0x00,0x00,0x9E,
  0xFF,0xFD,0x21,0x00,0x5E,0xFF,0xFF,0xC1,0x34,0x07,0x29,0x9D,0xFF,0xFF,0xA2,0x00,
  0x00,0x00,0x89,0xFF,0xFF,0xFF,0xFF,0xFF,0xFF,0xFF,0xC0,0x0C,0x00,0x00,0x00,0x00,
  0x41,0xAC,0xE6,0xFB,0xEF,0xC1,0x64,0x04,0x00,0x00,0x00,0x00,0x00,0x00,0x3D,0xC9,
  0xF4,0xDE,0x5C,0x01,0x00,0x00,0x00,0x00,0x00,0x00,0x00,0x00,0x00,0x00,0x00,0x00,
  0x00,0x00,0x00,0x00,0x00,0x00,0x00,0x47,0xAF,0xE7,0xFA,0xED,0xBD,0x5F,0x02,0x00,
  0x00,0x00,0x00,0x87,0xFF,0xFF,0xFF,0xFF,0xFF,0xFF,0xFF,0xBA,0x09,0x00,0x00,0x5A,
  0xFF,0xFF,0xC5,0x3A,0x0C,0x28,0x95,0xFF,0xFF,0x9C,0x00,0x00,0xD4,0xFF,0xD4,0x06,
  0x00,0x00,0x00,0x00,0xA2,0xFF,0xFD,0x1F,0x1B,0xFF,0xFF,0x71,0x00,0x00,0x00,0x00,
  0x00,0x34,0xFF,0xFF,0x63,0x38,0xFF,0xFF,0x4B,0x00,0x00,0x00,0x00,0x00,0x0F,0xFF,
  0xFF,0x81,0x3C,0xFF,0xFF,0x55,0x00,0x00,0x00,0x00,0x00,0x09,0xFF,0xFF,0x82,0x20,
  0xFF,0xFF,0x7C,0x00,0x00,0x00,0x00,0x00,0x32,0xFF,0xFF,0x65,0x00,0xDB,0xFF,0xE5,
  0x0B,0x00,0x00,0x00,0x00,0x9E,0xFF,0xFD,0x21,0x00,0x5E,0xFF,0xFF,0xC1,0x34,0x07,
  0x29,0x9D,0xFF,0xFF,0xA2,0x00,0x00,0x00,0x89,0xFF,0xFF,0xFF,0xFF,0xFF,0xFF,0xFF,
  0xC0,0x0C,0x00,0x00,0x00,0x00,0x41,0xAC,0xE6,0xFB,0xEF,0xC1,0x64,0x04,0x00,0x00,
  0x00,0x00,0x00,0x00,0x00,0x00,0x00,0x00,0x00,0x00,0x00,0x00,0x00,0x00,0x00,0x00,
  0x00,0x00,0xA0,0xFF,0xB4,0x00,0x00,0x00,0x00,0x00,0x00,0x00,0x00,0x00,0x00,0xA0,
  0xFF,0xB4,0x00,0x00,0x00,0x00,0x00,0x00,0x00,0x00,0x43,0xAE,0xE7,0xFA,0xED,0xBD,
  0x5E,0x02,0x00,0xD4,0xFF,0x80,0x00,0x00,0x85,0xFF,0xFF,0xFF,0xFF,0xFF,0xFF,0xFF,
  0xB9,0x09,0xD4,0xFF,0x7F,0x00,0x55,0xFF,0xFF,0xC5,0x39,0x0C,0x27,0x92,0xFE,0xFF,
  0x99,0x00,0xD0,0x71,0x00,0xD3,0xFF,0xE3,0x09,0x00,0x00,0x00,0x00,0xA1,0xFF,0xFB,
  0x5D,0xFB,0x32,0x19,0xFF,0xFF,0x7B,0x00,0x00,0x00,0x00,0x00,0x34,0xFF,0xFF,0xEB,
  0x5E,0x00,0x39,0xFF,0xFF,0x54,0x00,0x00,0x00,0x00,0x00,0x0F,0xFF,0xFF,0x83,0x00,
  0x00,0x3C,0xFF,0xFF,0x56,0x00,0x00,0x00,0x00,0x00,0x13,0xFF,0xFF,0x82,0x00,0x00,
  0x1F,0xFF,0xFF,0x7E,0x00,0x00,0x00,0x00,0x00,0x3A,0xFF,0xFF,0x64,0x00,0x00,0x00,
  0xDA,0xFF,0xE7,0x0B,0x00,0x00,0x00,0x00,0xAC,0xFF,0xFD,0x21,0x00,0x00,0x00,0x5E,
  0xFF,0xFF,0xBF,0x32,0x05,0x1D,0x8F,0xFF,0xFF,0xA1,0x00,0x00,0x00,0x00,0x00,0x88,
  0xFF,0xFF,0xFF,0xFF,0xFF,0xFF,0xFF,0xC0,0x0C,0x00,0x00,0x00,0x00,0x00,0x00,0x41,
  0xAC,0xE6,0xFB,0xEF,0xC1,0x65,0x04,0x00,0x00,0x00,0x00,0x00,0x00,0x00,0x00,0x50,
  0xF5,0xF4,0x1B,0x00,0x00,0x00,0x00,0x00,0x00,0x00,0x00,0x00,0x00,0x00,0x00,0x36,
  0xE9,0xA2,0x00,0x00,0x00,0x00,0x00,0x00,0x00,0x00,0x00,0x00,0x00,0x00,0x00,0x00,
  0x00,0x00,0x00,0x00,0x00,0x00,0x00,0x00,0x00,0x00,0x00,0x43,0xAE,0xE7,0xFA,0xED,
  0xBD,0x5E,0x02,0x00,0xD4,0xFF,0x80,0x00,0x00,0x85,0xFF,0xFF,0xFF,0xFF,0xFF,0xFF,
  0xFF,0xB9,0x09,0xD4,0xFF,0x7F,0x00,0x55,0xFF,0xFF,0xC5,0x39,0x0C,0x27,0x92,0xFE,
  0xFF,0x99,0x00,0xD0,0x71,0x00,0xD3,0xFF,0xE3,0x09,0x00,0x00,0x00,0x00,0xA1,0xFF,
  0xFB,0x5D,0xFB,0x32,0x19,0xFF,0xFF,0x7B,0x00,0x00,0x00,0x00,0x00,0x34,0xFF,0xFF,
  0xEB,0x5E,0x00,0x39,0xFF,0xFF,0x54,0x00,0x00,0x00,0x00,0x00,0x0F,0xFF,0xFF,0x83,
  0x00,0x00,0x3C,0xFF,0xFF,0x56,0x00,0x00,0x00,0x00,0x00,0x13,0xFF,0xFF,0x82,0x00,
  0x00,0x1F,0xFF,0xFF,0x7E,0x00,0x00,0x00,0x00,0x00,0x3A,0xFF,0xFF,0x64,0x00,0x00,
  0x00,0xDA,0xFF,0xE7,0x0B,0x00,0x00,0x00,0x00,0xAC,0xFF,0xFD,0x21,0x00,0x00,0x00,
  0x5E,0xFF,0xFF,0xBF,0x32,0x05,0x1D,0x8F,0xFF,0xFF,0xA1,0x00,0x00,0x00,0x00,0x00,
  0x88,0xFF,0xFF,0xFF,0xFF,0xFF,0xFF,0xFF,0xC0,0x0C,0x00,0x00,0x00,0x00,0x00,0x00,
  0x41,0xAC,0xE6,0xFB,0xEF,0xC1,0x65,0x04,0x00,0x00,0x00,0x00,0x00,0x00,0x00,0x00,
  0x00,0x13,0xEE,0xF8,0x58,0x00,0x00,0x00,0x00,0x00,0x00,0x00,0x00,0x00,0x00,0x00,
  0x96,0xEF,0x3F,0x00,0x00,0x00,0x00,0x00,0x00,0x00,0x00,0x00,0x00,0x00,0x00,0x00,
  0x00,0x00,0x00,0x00,0x00,0x00,0x00,0x00,0x00,0x00,0x00,0x00,0x43,0xAE,0xE7,0xFA,
  0xED,0xBD,0x5E,0x02,0x00,0xD4,0xFF,0x80,0x00,0x00,0x85,0xFF,0xFF,0xFF,0xFF,0xFF,
  0xFF,0xFF,0xB9,0x09,0xD4,0xFF,0x7F,0x00,0x55,0xFF,0xFF,0xC5,0x39,0x0C,0x27,0x92,
  0xFE,0xFF,0x99,0x00,0xD0,0x71,0x00,0xD3,0xFF,0xE3,0x09,0x00,0x00,0x00,0x00,0xA1,
  0xFF,0xFB,0x5D,0xFB,0x32,0x19,0xFF,0xFF,0x7B,0x00,0x00,0x00,0x00,0x00,0x34,0xFF,
  0xFF,0xEB,0x5E,0x00,0x39,0xFF,0xFF,0x54,0x00,0x00,0x00,0x00,0x00,0x0F,0xFF,0xFF,
  0x83,0x00,0x00,0x3C,0xFF,0xFF,0x56,0x00,0x00,0x00,0x00,0x00,0x13,0xFF,0xFF,0x82,
  0x00,0x00,0x1F,0xFF,0xFF,0x7E,0x00,0x00,0x00,0x00,0x00,0x3A,0xFF,0xFF,0x64,0x00,
  0x00,0x00,0xDA,0xFF,0xE7,0x0B,0x00,0x00,0x00,0x00,0xAC,0xFF,0xFD,0x21,0x00,0x00,
  0x00,0x5E,0xFF,0xFF,0xBF,0x32,0x05,0x1D,0x8F,0xFF,0xFF,0xA1,0x00,0x00,0x00,0x00,
  0x00,0x88,0xFF,0xFF,0xFF,0xFF,0xFF,0xFF,0xFF,0xC0,0x0C,0x00,0x00,0x00,0x00,0x00,
  0x00,0x41,0xAC,0xE6,0xFB,0xEF,0xC1,0x65,0x04,0x00,0x00,0x00,0x00,0x00,0x00,0x00,
  0x00,0x00,0xEE,0xFC,0xDF,0x4A,0x00,0x00,0x00,0x00,0x00,0x00,0x00,0x00,0x00,0x00,
  0x00,0x03,0xD8,0x18,0x00,0x00,0x00,0x00,0x00,0x00,0x00,0x00,0x00,0x00,0x00,0x00,
  0x00,0x00,0x00,0x00,0x00,0x00,0x00,0x00,0x00,0x00,0x00,0x00,0x00,0x43,0xAE,0xE7,
  0xFA,0xED,0xBD,0x5E,0x02,0x00,0xD4,0xFF,0x80,0x00,0x00,0x85,0xFF,0xFF,0xFF,0xFF,
  0xFF,0xFF,0xFF,0xB9,0x09,0xD4,0xFF,0x7F,0x00,0x55,0xFF,0xFF,0xC5,0x39,0x0C,0x27,
  0x92,0xFE,0xFF,0x99,0x00,0xD0,0x71,0x00,0xD3,0xFF,0xE3,0x09,0x00,0x00,0x00,0x00,
  0xA1,0xFF,0xFB,0x5D,0xFB,0x32,0x19,0xFF,0xFF,0x7B,0x00,0x00,0x00,0x00,0x00,0x34,
  0xFF,0xFF,0xEB,0x5E,0x00,0x39,0xFF,0xFF,0x54,0x00,0x00,0x00,0x00,0x00,0x0F,0xFF,
  0xFF,0x83,0x00,0x00,0x3C,0xFF,0xFF,0x56,0x00,0x00,0x00,0x00,0x00,0x13,0xFF,0xFF,
  0x82,0x00,0x00,0x1F,0xFF,0xFF,0x7E,0x00,0x00,0x00,0x00,0x00,0x3A,0xFF,0xFF,0x64,
  0x00,0x00,0x00,0xDA,0xFF,0xE7,0x0B,0x00,0x00,0x00,0x00,0xAC,0xFF,0xFD,0x21,0x00,
  0x00,0x00,0x5E,0xFF,0xFF,0xBF,0x32,0x05,0x1D,0x8F,0xFF,0xFF,0xA1,0x00,0x00,0x00,
  0x00,0x00,0x88,0xFF,0xFF,0xFF,0xFF,0xFF,0xFF,0xFF,0xC0,0x0C,0x00,0x00,0x00,0x00,
  0x00,0x00,0x41,0xAC,0xE6,0xFB,0xEF,0xC1,0x65,0x04,0x00,0x00,0x00,0x00,0x00,0x00,
  0x00,0x18,0xD5,0xE7,0x6F,0x15,0xE2,0x3F,0x00,0x00,0x00,0x00,0x00,0x00,0x00,0x00,
  0x66,0xC0,0x19,0x84,0xEF,0xC6,0x06,0x00,0x00,0x00,0x00,0x00,0x00,0x00,0x00,0x00,
  0x00,0x00,0x00,0x00,0x00,0x00,0x00,0x00,0x00,0x00,0x00,0x00,0x00,0x00,0x43,0xAE,
  0xE7,0xFA,0xED,0xBD,0x5E,0x02,0x00,0xD4,0xFF,0x80,0x00,0x00,0x85,0xFF,0xFF,0xFF,
  0xFF,0xFF,0xFF,0xFF,0xB9,0x09,0xD4,0xFF,0x7F,0x00,0x55,0xFF,0xFF,0xC5,0x39,0x0C,
  0x27,0x92,0xFE,0xFF,0x99,0x00,0xD0,0x71,0x00,0xD3,0xFF,0xE3,0x09,0x00,0x00,0x00,
  0x00,0xA1,0xFF,0xFB,0x5D,0xFB,0x32,0x19,0xFF,0xFF,0x7B,0x00,0x00,0x00,0x00,0x00,
  0x34,0xFF,0xFF,0xEB,0x5E,0x00,0x39,0xFF,0xFF,0x54,0x00,0x00,0x00,0x00,0x00,0x0F,
  0xFF,0xFF,0x83,0x00,0x00,0x3C,0xFF,0xFF,0x56,0x00,0x00,0x00,0x00,0x00,0x13,0xFF,
  0xFF,0x82,0x00,0x00,0x1F,0xFF,0xFF,0x7E,0x00,0x00,0x00,0x00,0x00,0x3A,0xFF,0xFF,
  0x64,0x00,0x00,0x00,0xDA,0xFF,0xE7,0x0B,0x00,0x00,0x00,0x00,0xAC,0xFF,0xFD,0x21,
  0x00,0x00,0x00,0x5E,0xFF,0xFF,0xBF,0x32,0x05,0x1D,0x8F,0xFF,0xFF,0xA1,0x00,0x00,
  0x00,0x00,0x00,0x88,0xFF,0xFF,0xFF,0xFF,0xFF,0xFF,0xFF,0xC0,0x0C,0x00,0x00,0x00,
  0x00,0x00,0x00,0x41,0xAC,0xE6,0xFB,0xEF,0xC1,0x65,0x04,0x00,0x00,0x00,0x00,0x00,
  0x00,0x00,0x43,0xAE,0xE7,0xFA,0xED,0xBD,0x5E,0x02,0x00,0xD4,0xFF,0x80,0x00,0x00,
  0x85,0xFF,0xFF,0xFF,0xFF,0xFF,0xFF,0xFF,0xB9,0x09,0xD4,0xFF,0x7F,0x00,0x55,0xFF,
  0xFF,0xC5,0x39,0x0C,0x27,0x92,0xFE,0xFF,0x99,0x00,0xD0,0x71,0x00,0xD3,0xFF,0xE3,
  0x09,0x00,0x00,0x00,0x00,0xA1,0xFF,0xFB,0x5D,0xFB,0x32,0x19,0xFF,0xFF,0x7B,0x00,
  0x00,0x00,0x00,0x00,0x34,0xFF,0xFF,0xEB,0x5E,0x00,0x39,0xFF,0xFF,0x54,0x00,0x00,
  0x00,0x00,0x00,0x0F,0xFF,0xFF,0x83,0x00,0x00,0x3C,0xFF,0xFF,0x56,0x00,0x00,0x00,
  0x00,0x00,0x13,0xFF,0xFF,0x82,0x00,0x00,0x1F,0xFF,0xFF,0x7E,0x00,0x00,0x00,0x00,
  0x00,0x3A,0xFF,0xFF,0x64,0x00,0x00,0x00,0xDA,0xFF,0xE7,0x0B,0x00,0x00,0x00,0x00,
  0xAC,0xFF,0xFD,0x21,0x00,0x00,0x00,0x5E,0xFF,0xFF,0xBF,0x32,0x05,0x1D,0x8F,0xFF,
  0xFF,0xA1,0x00,0x00,0x00,0x00,0x00,0x88,0xFF,0xFF,0xFF,0xFF,0xFF,0xFF,0xFF,0xC0,
  0x0C,0x00,0x00,0x00,0x00,0x00,0x00,0x41,0xAC,0xE6,0xFB,0xEF,0xC1,0x65,0x04,0x00,
  0x00,0x00,0x00,0x00,0x00,0x00,0x00,0x00,0x00,0x00,0x00,0x00,0x00,0x00,0x00,0x00,
  0x00,0x00,0x00,0x00,0x00,0x00,0x00,0xA0,0xFF,0xB4,0x00,0x00,0x00,0x00,0x00,0x00,
  0x00,0x00,0x00,0x00,0x00,0x00,0xA0,0xFF,0xB4,0x00,0x00,0x00,0x00,0x00,0x00,0x00,
  0x00,0x00,0x00,0x12,0xC3,0xFF,0x80,0x00,0x00,0x00,0x00,0x00,0x00,0x00,0x00,0x00,
  0x07,0xA7,0xF5,0x1C,0x00,0x00,0x00,0x00,0x00,0x00,0x00,0x00,0x00,0x00,0x00,0x00,
  0x00,0x00,0x00,0x00,0x00,0xC8,0xFF,0xAC,0x00,0x00,0x00,0x00,0x88,0xFF,0xEC,0x00,
  0x00,0xC8,0xFF,0xAC,0x00,0x00,0x00,0x00,0x88,0xFF,0xEC,0x00,0x00,0xC8,0xFF,0xAC,
  0x00,0x00,0x00,0x00,0x88,0xFF,0xEC,0x00,0x00,0xC8,0xFF,0xAC,0x00,0x00,0x00,0x00,
  0x88,0xFF,0xEC,0x00,0x00,0xC8,0xFF,0xAC,0x00,0x00,0x00,0x00,0x88,0xFF,0xEC,0x00,
  0x00,0xC8,0xFF,0xAC,0x00,0x00,0x00,0x00,0x88,0xFF,0xEC,0x00,0x00,0xC5,0xFF,0xAC,
  0x00,0x00,0x00,0x00,0x88,0xFF,0xEA,0x00,0x00,0xBE,0xFF,0xB0,0x00,0x00,0x00,0x00,
  0x8E,0xFF,0xE4,0x00,0x00,0xA8,0xFF,0xD4,0x00,0x00,0x00,0x00,0xA9,0xFF,0xD1,0x00,
  0x00,0x74,0xFF,0xFF,0x86,0x15,0x0A,0x54,0xF7,0xFF,0x9C,0x00,0x00,0x0C,0xD6,0xFF,
  0xFF,0xFF,0xFF,0xFF,0xFF,0xF0,0x25,0x00,0x00,0x00,0x11,0x8C,0xD8,0xF5,0xFA,0xE3,
  0xA0,0x24,0x00,0x00,0x00,0x00,0x00,0x00,0x00,0x93,0xFF,0xB5,0x0B,0x00,0x00,0x00,
  0x00,0x00,0x00,0x00,0x2A,0xFB,0x9A,0x03,0x00,0x00,0x00,0x00,0x00,0x00,0x00,0x00,
  0x00,0x00,0x00,0x00,0x00,0x00,0x00,0x00,0x00,0xC8,0xFF,0xAC,0x00,0x00,0x00,0x00,
  0x88,0xFF,0xEC,0x00,0x00,0xC8,0xFF,0xAC,0x00,0x00,0x00,0x00,0x88,0xFF,0xEC,0x00,
  0x00,0xC8,0xFF,0xAC,0x00,0x00,0x00,0x00,0x88,0xFF,0xEC,0x00,0x00,0xC8,0xFF,0xAC,
  0x00,0x00,0x00,0x00,0x88,0xFF,0xEC,0x00,0x00,0xC8,0xFF,0xAC,0x00,0x00,0x00,0x00,
  0x88,0xFF,0xEC,0x00,0x00,0xC8,0xFF,0xAC,0x00,0x00,0x00,0x00,0x88,0xFF,0xEC,0x00,
  0x00,0xC5,0xFF,0xAC,0x00,0x00,0x00,0x00,0x88,0xFF,0xEA,0x00,0x00,0xBE,0xFF,0xB0,
  0x00,0x00,0x00,0x00,0x8E,0xFF,0xE4,0x00,0x00,0xA8,0xFF,0xD4,0x00,0x00,0x00,0x00,
  0xA9,0xFF,0xD1,0x00,0x00,0x74,0xFF,0xFF,0x86,0x15,0x0A,0x54,0xF7,0xFF,0x9C,0x00,
  0x00,0x0C,0xD6,0xFF,0xFF,0xFF,0xFF,0xFF,0xFF,0xF0,0x25,0x00,0x00,0x00,0x11,0x8C,
  0xD8,0xF5,0xFA,0xE3,0xA0,0x24,0x00,0x00,0x00,0x00,0x00,0x00,0x7C,0xFE,0xF3,0xA6,
  0x00,0x00,0x00,0x00,0x00,0x00,0x00,0x00,0x02,0x64,0x8C,0x00,0x00,0x00,0x00,0x00,
  0x00,0x00,0x00,0x00,0x00,0x00,0x00,0x00,0x00,0x00,0x00,0x00,0x00,0xC8,0xFF,0xAC,
  0x00,0x00,0x00,0x00,0x88,0xFF,0xEC,0x00,0x00,0xC8,0xFF,0xAC,0x00,0x00,0x00,0x00,
  0x88,0xFF,0xEC,0x00,0x00,0xC8,0xFF,0xAC,0x00,0x00,0x00,0x00,0x88,0xFF,0xEC,0x00,
  0x00,0xC8,0xFF,0xAC,0x00,0x00,0x00,0x00,0x88,0xFF,0xEC,0x00,0x00,0xC8,0xFF,0xAC,
  0x00,0x00,0x00,0x00,0x88,0xFF,0xEC,0x00,0x00,0xC8,0xFF,0xAC,0x00,0x00,0x00,0x00,
  0x88,0xFF,0xEC,0x00,0x00,0xC5,0xFF,0xAC,0x00,0x00,0x00,0x00,0x88,0xFF,0xEA,0x00,
  0x00,0xBE,0xFF,0xB0,0x00,0x00,0x00,0x00,0x8E,0xFF,0xE4,0x00,0x00,0xA8,0xFF,0xD4,
  0x00,0x00,0x00,0x00,0xA9,0xFF,0xD1,0x00,0x00,0x74,0xFF,0xFF,0x86,0x15,0x0A,0x54,
  0xF7,0xFF,0x9C,0x00,0x00,0x0C,0xD6,0xFF,0xFF,0xFF,0xFF,0xFF,0xFF,0xF0,0x25,0x00,
  0x00,0x00,0x11,0x8C,0xD8,0xF5,0xFA,0xE3,0xA0,0x24,0x00,0x00,0x00,0x00,0x00,0x57,
  0xF0,0xC6,0x3E,0x4C,0xE3,0x00,0x00,0x00,0x00,0x00,0x00,0xC2,0x68,0x35,0xB4,0xF5,
  0x77,0x00,0x00,0x00,0x00,0x00,0x00,0x00,0x00,0x00,0x00,0x00,0x00,0x00,0x00,0x00,
  0x00,0xC8,0xFF,0xAC,0x00,0x00,0x00,0x00,0x88,0xFF,0xEC,0x00,0x00,0xC8,0xFF,0xAC,
  0x00,0x00,0x00,0x00,0x88,0xFF,0xEC,0x00,0x00,0xC8,0xFF,0xAC,0x00,0x00,0x00,0x00,
  0x88,0xFF,0xEC,0x00,0x00,0xC8,0xFF,0xAC,0x00,0x00,0x00,0x00,0x88,0xFF,0xEC,0x00,
  0x00,0xC8,0xFF,0xAC,0x00,0x00,0x00,0x00,0x88,0xFF,0xEC,0x00,0x00,0xC8,0xFF,0xAC,
  0x00,0x00,0x00,0x00,0x88,0xFF,0xEC,0x00,0x00,0xC5,0xFF,0xAC,0x00,0x00,0x00,0x00,
  0x88,0xFF,0xEA,0x00,0x00,0xBE,0xFF,0xB0,0x00,0x00,0x00,0x00,0x8E,0xFF,0xE4,0x00,
  0x00,0xA8,0xFF,0xD4,0x00,0x00,0x00,0x00,0xA9,0xFF,0xD1,0x00,0x00,0x74,0xFF,0xFF,
  0x86,0x15,0x0A,0x54,0xF7,0xFF,0x9C,0x00,0x00,0x0C,0xD6,0xFF,0xFF,0xFF,0xFF,0xFF,
  0xFF,0xF0,0x25,0x00,0x00,0x00,0x11,0x8C,0xD8,0xF5,0xFA,0xE3,0xA0,0x24,0x00,0x00,
  0x00,0xC8,0xFF,0xAC,0x00,0x00,0x00,0x00,0x88,0xFF,0xEC,0x00,0x00,0xC8,0xFF,0xAC,
  0x00,0x00,0x00,0x00,0x88,0xFF,0xEC,0x00,0x00,0xC8,0xFF,0xAC,0x00,0x00,0x00,0x00,
  0x88,0xFF,0xEC,0x00,0x00,0xC8,0xFF,0xAC,0x00,0x00,0x00,0x00,0x88,0xFF,0xEC,0x00,
  0x00,0xC8,0xFF,0xAC,0x00,0x00,0x00,0x00,0x88,0xFF,0xEC,0x00,0x00,0xC8,0xFF,0xAC,
  0x00,0x00,0x00,0x00,0x88,0xFF,0xEC,0x00,0x00,0xC5,0xFF,0xAC,0x00,0x00,0x00,0x00,
  0x88,0xFF,0xEA,0x00,0x00,0xBE,0xFF,0xB0,0x00,0x00,0x00,0x00,0x8E,0xFF,0xE4,0x00,
  0x00,0xA8,0xFF,0xD4,0x00,0x00,0x00,0x00,0xA9,0xFF,0xD1,0x00,0x00,0x74,0xFF,0xFF,
  0x86,0x15,0x0A,0x54,0xF7,0xFF,0x9C,0x00,0x00,0x0C,0xD6,0xFF,0xFF,0xFF,0xFF,0xFF,
  0xFF,0xF0,0x25,0x00,0x00,0x00,0x11,0x8C,0xD8,0xF5,0xFA,0xE3,0xA0,0x24,0x00,0x00,
  0x00,0x00,0x00,0x00,0x00,0x00,0x00,0x00,0x00,0x00,0x00,0x00,0x00,0x00,0x00,0x00,
  0x08,0xFF,0xFF,0x4C,0x00,0x00,0x00,0x00,0x00,0x00,0x00,0x00,0x08,0xFF,0xFF,0x4C,
  0x00,0x00,0x00,0x00,0x00,0xC8,0xFF,0xAC,0x00,0x00,0x00,0x00,0x88,0xFF,0xEC,0x3C,
  0xFF,0xFF,0x1C,0x00,0xC8,0xFF,0xAC,0x00,0x00,0x00,0x00,0x88,0xFF,0xEC,0x3C,0xFF,
  0xFF,0x1A,0x00,0xC8,0xFF,0xAC,0x00,0x00,0x00,0x00,0x88,0xFF,0xEC,0x00,0x2D,0xFE,
  0x0A,0x00,0xC8,0xFF,0xAC,0x00,0x00,0x00,0x00,0x88,0xFF,0xEC,0x2F,0xC4,0xB4,0x00,
  0x00,0xC8,0xFF,0xAC,0x00,0x00,0x00,0x00,0x88,0xFF,0xFF,0xDB,0x86,0x0C,0x00,0x00,
  0xC8,0xFF,0xAC,0x00,0x00,0x00,0x00,0x88,0xFF,0xEC,0x00,0x00,0x00,0x00,0x00,0xC5,
  0xFF,0xAC,0x00,0x00,0x00,0x00,0x88,0xFF,0xEA,0x00,0x00,0x00,0x00,0x00,0xBE,0xFF,
  0xB0,0x00,0x00,0x00,0x00,0x8E,0xFF,0xE3,0x00,0x00,0x00,0x00,0x00,0xA8,0xFF,0xD3,
  0x00,0x00,0x00,0x00,0xA9,0xFF,0xCE,0x00,0x00,0x00,0x00,0x00,0x74,0xFF,0xFF,0x7F,
  0x13,0x09,0x51,0xF6,0xFF,0x98,0x00,0x00,0x00,0x00,0x00,0x0C,0xD5,0xFF,0xFF,0xFF,
  0xFF,0xFF,0xFF,0xED,0x21,0x00,0x00,0x00,0x00,0x00,0x00,0x10,0x85,0xD2,0xF4,0xFA,
  0xE2,0x9E,0x22,0x00,0x00,0x00,0x00,0x00,0x00,0x00,0x00,0x12,0xC3,0xFF,0x80,0x00,
  0x00,0x00,0x00,0x00,0x00,0x00,0x00,0x00,0x00,0x00,0x00,0x07,0xA7,0xF5,0x1C,0x00,
  0x00,0x00,0x00,0x00,0x00,0x00,0x00,0x00,0x00,0x00,0x00,0x00,0x00,0x00,0x00,0x00,
  0x00,0x00,0x00,0x00,0x00,0x00,0xC8,0xFF,0xAC,0x00,0x00,0x00,0x00,0x88,0xFF,0xEC,
  0x3C,0xFF,0xFF,0x1C,0x00,0xC8,0xFF,0xAC,0x00,0x00,0x00,0x00,0x88,0xFF,0xEC,0x3C,
  0xFF,0xFF,0x1A,0x00,0xC8,0xFF,0xAC,0x00,0x00,0x00,0x00,0x88,0xFF,0xEC,0x00,0x2D,
  0xFE,0x0A,0x00,0xC8,0xFF,0xAC,0x00,0x00,0x00,0x00,0x88,0xFF,0xEC,0x2F,0xC4,0xB4,
  0x00,0x00,0xC8,0xFF,0xAC,0x00,0x00,0x00,0x00,0x88,0xFF,0xFF,0xDB,0x86,0x0C,0x00,
  0x00,0xC8,0xFF,0xAC,0x00,0x00,0x00,0x00,0x88,0xFF,0xEC,0x00,0x00,0x00,0x00,0x00,
  0xC5,0xFF,0xAC,0x00,0x00,0x00,0x00,0x88,0xFF,0xEA,0x00,0x00,0x00,0x00,0x00,0xBE,
  0xFF,0xB0,0x00,0x00,0x00,0x00,0x8E,0xFF,0xE3,0x00,0x00,0x00,0x00,0x00,0xA8,0xFF,
  0xD3,0x00,0x00,0x00,0x00,0xA9,0xFF,0xCE,0x00,0x00,0x00,0x00,0x00,0x74,0xFF,0xFF,
  0x7F,0x13,0x09,0x51,0xF6,0xFF,0x98,0x00,0x00,0x00,0x00,0x00,0x0C,0xD5,0xFF,0xFF,
  0xFF,0xFF,0xFF,0xFF,0xED,0x21,0x00,0x00,0x00,0x00,0x00,0x00,0x10,0x85,0xD2,0xF4,
  0xFA,0xE2,0x9E,0x22,0x00,0x00,0x00,0x00,0x00,0x00,0x00,0x00,0x00,0x00,0x93,0xFF,
  0xB5,0x0B,0x00,0x00,0x00,0x00,0x00,0x00,0x00,0x00,0x00,0x00,0x2A,0xFB,0x9A,0x03,
  0x00,0x00,0x00,0x00,0x00,0x00,0x00,0x00,0x00,0x00,0x00,0x00,0x00,0x00,0x00,0x00,
  0x00,0x00,0x00,0x00,0x00,0x00,0x00,0xC8,0xFF,0xAC,0x00,0x00,0x00,0x00,0x88,0xFF,
  0xEC,0x3C,0xFF,0xFF,0x1C,0x00,0xC8,0xFF,0xAC,0x00,0x00,0x00,0x00,0x88,0xFF,0xEC,
  0x3C,0xFF,0xFF,0x1A,0x00,0xC8,0xFF,0xAC,0x00,0x00,0x00,0x00,0x88,0xFF,0xEC,0x00,
  0x2D,0xFE,0x0A,0x00,0xC8,0xFF,0xAC,0x00,0x00,0x00,0x00,0x88,0xFF,0xEC,0x2F,0xC4,
  0xB4,0x00,0x00,0xC8,0xFF,0xAC,0x00,0x00,0x00,0x00,0x88,0xFF,0xFF,0xDB,0x86,0x0C,
  0x00,0x00,0xC8,0xFF,0xAC,0x00,0x00,0x00,0x00,0x88,0xFF,0xEC,0x00,0x00,0x00,0x00,
  0x00,0xC5,0xFF,0xAC,0x00,0x00,0x00,0x00,0x88,0xFF,0xEA,0x00,0x00,0x00,0x00,0x00,
  0xBE,0xFF,0xB0,0x00,0x00,0x00,0x00,0x8E,0xFF,0xE3,0x00,0x00,0x00,0x00,0x00,0xA8,
  0xFF,0xD3,0x00,0x00,0x00,0x00,0xA9,0xFF,0xCE,0x00,0x00,0x00,0x00,0x00,0x74,0xFF,
  0xFF,0x7F,0x13,0x09,0x51,0xF6,0xFF,0x98,0x00,0x00,0x00,0x00,0x00,0x0C,0xD5,0xFF,
  0xFF,0xFF,0xFF,0xFF,0xFF,0xED,0x21,0x00,0x00,0x00,0x00,0x00,0x00,0x10,0x85,0xD2,
  0xF4,0xFA,0xE2,0x9E,0x22,0x00,0x00,0x00,0x00,0x00,0x00,0x00,0x00,0x00,0x7C,0xFE,
  0xF3,0xA6,0x00,0x00,0x00,0x00,0x00,0x00,0x00,0x00,0x00,0x00,0x00,0x02,0x64,0x8C,
  0x00,0x00,0x00,0x00,0x00,0x00,0x00,0x00,0x00,0x00,0x00,0x00,0x00,0x00,0x00,0x00,
  0x00,0x00,0x00,0x00,0x00,0x00,0x00,0x00,0xC8,0xFF,0xAC,0x00,0x00,0x00,0x00,0x88,
  0xFF,0xEC,0x3C,0xFF,0xFF,0x1C,0x00,0xC8,0xFF,0xAC,0x00,0x00,0x00,0x00,0x88,0xFF,
  0xEC,0x3C,0xFF,0xFF,0x1A,0x00,0xC8,0xFF,0xAC,0x00,0x00,0x00,0x00,0x88,0xFF,0xEC,
  0x00,0x2D,0xFE,0x0A,0x00,0xC8,0xFF,0xAC,0x00,0x00,0x00,0x00,0x88,0xFF,0xEC,0x2F,
  0xC4,0xB4,0x00,0x00,0xC8,0xFF,0xAC,0x00,0x00,0x00,0x00,0x88,0xFF,0xFF,0xDB,0x86,
  0x0C,0x00,0x00,0xC8,0xFF,0xAC,0x00,0x00,0x00,0x00,0x88,0xFF,0xEC,0x00,0x00,0x00,
  0x00,0x00,0xC5,0xFF,0xAC,0x00,0x00,0x00,0x00,0x88,0xFF,0xEA,0x00,0x00,0x00,0x00,
  0x00,0xBE,0xFF,0xB0,0x00,0x00,0x00,0x00,0x8E,0xFF,0xE3,0x00,0x00,0x00,0x00,0x00,
  0xA8,0xFF,0xD3,0x00,0x00,0x00,0x00,0xA9,0xFF,0xCE,0x00,0x00,0x00,0x00,0x00,0x74,
  0xFF,0xFF,0x7F,0x13,0x09,0x51,0xF6,0xFF,0x98,0x00,0x00,0x00,0x00,0x00,0x0C,0xD5,
  0xFF,0xFF,0xFF,0xFF,0xFF,0xFF,0xED,0x21,0x00,0x00,0x00,0x00,0x00,0x00,0x10,0x85,
  0xD2,0xF4,0xFA,0xE2,0x9E,0x22,0x00,0x00,0x00,0x00,0x00,0x00,0x00,0x00,0x57,0xF0,
  0xC6,0x3E,0x4C,0xE3,0x00,0x00,0x00,0x00,0x00,0x00,0x00,0x00,0x00,0xC2,0x68,0x35,
  0xB4,0xF5,0x77,0x00,0x00,0x00,0x00,0x00,0x00,0x00,0x00,0x00,0x00,0x00,0x00,0x00,
  0x00,0x00,0x00,0x00,0x00,0x00,0x00,0x00,0x00,0xC8,0xFF,0xAC,0x00,0x00,0x00,0x00,
  0x88,0xFF,0xEC,0x3C,0xFF,0xFF,0x1C,0x00,0xC8,0xFF,0xAC,0x00,0x00,0x00,0x00,0x88,
  0xFF,0xEC,0x3C,0xFF,0xFF,0x1A,0x00,0xC8,0xFF,0xAC,0x00,0x00,0x00,0x00,0x88,0xFF,
  0xEC,0x00,0x2D,0xFE,0x0A,0x00,0xC8,0xFF,0xAC,0x00,0x00,0x00,0x00,0x88,0xFF,0xEC,
  0x2F,0xC4,0xB4,0x00,0x00,0xC8,0xFF,0xAC,0x00,0x00,0x00,0x00,0x88,0xFF,0xFF,0xDB,
  0x86,0x0C,0x00,0x00,0xC8,0xFF,0xAC,0x00,0x00,0x00,0x00,0x88,0xFF,0xEC,0x00,0x00,
  0x00,0x00,0x00,0xC5,0xFF,0xAC,0x00,0x00,0x00,0x00,0x88,0xFF,0xEA,0x00,0x00,0x00,
  0x00,0x00,0xBE,0xFF,0xB0,0x00,0x00,0x00,0x00,0x8E,0xFF,0xE3,0x00,0x00,0x00,0x00,
  0x00,0xA8,0xFF,0xD3,0x00,0x00,0x00,0x00,0xA9,0xFF,0xCE,0x00,0x00,0x00,0x00,0x00,
  0x74,0xFF,0xFF,0x7F,0x13,0x09,0x51,0xF6,0xFF,0x98,0x00,0x00,0x00,0x00,0x00,0x0C,
  0xD5,0xFF,0xFF,0xFF,0xFF,0xFF,0xFF,0xED,0x21,0x00,0x00,0x00,0x00,0x00,0x00,0x10,
  0x85,0xD2,0xF4,0xFA,0xE2,0x9E,0x22,0x00,0x00,0x00,0x00,0x00,0x00,0xC8,0xFF,0xAC,
  0x00,0x00,0x00,0x00,0x88,0xFF,0xEC,0x3C,0xFF,0xFF,0x1C,0x00,0xC8,0xFF,0xAC,0x00,
  0x00,0x00,0x00,0x88,0xFF,0xEC,0x3C,0xFF,0xFF,0x1A,0x00,0xC8,0xFF,0xAC,0x00,0x00,
  0x00,0x00,0x88,0xFF,0xEC,0x00,0x2D,0xFE,0x0A,0x00,0xC8,0xFF,0xAC,0x00,0x00,0x00,
  0x00,0x88,0xFF,0xEC,0x2F,0xC4,0xB4,0x00,0x00,0xC8,0xFF,0xAC,0x00,0x00,0x00,0x00,
  0x88,0xFF,0xFF,0xDB,0x86,0x0C,0x00,0x00,0xC8,0xFF,0xAC,0x00,0x00,0x00,0x00,0x88,
  0xFF,0xEC,0x00,0x00,0x00,0x00,0x00,0xC5,0xFF,0xAC,0x00,0x00,0x00,0x00,0x88,0xFF,
  0xEA,0x00,0x00,0x00,0x00,0x00,0xBE,0xFF,0xB0,0x00,0x00,0x00,0x00,0x8E,0xFF,0xE3,
  0x00,0x00,0x00,0x00,0x00,0xA8,0xFF,0xD3,0x00,0x00,0x00,0x00,0xA9,0xFF,0xCE,0x00,
  0x00,0x00,0x00,0x00,0x74,0xFF,0xFF,0x7F,0x13,0x09,0x51,0xF6,0xFF,0x98,0x00,0x00,
  0x00,0x00,0x00,0x0C,0xD5,0xFF,0xFF,0xFF,0xFF,0xFF,0xFF,0xED,0x21,0x00,0x00,0x00,
  0x00,0x00,0x00,0x10,0x85,0xD2,0xF4,0xFA,0xE2,0x9E,0x22,0x00,0x00,0x00,0x00,0x00,
  0x00,0x00,0x00,0x00,0x00,0x00,0x00,0x00,0x00,0x00,0x00,0x00,0x00,0x00,0x00,0x00,
  0x00,0x00,0x00,0x08,0xFF,0xFF,0x4C,0x00,0x00,0x00,0x00,0x00,0x00,0x00,0x00,0x00,
  0x00,0x00,0x08,0xFF,0xFF,0x4C,0x00,0x00,0x00,0x00,0x00,0x00,0x00,0x00,0x00,0x00,
  0x00,0x4A,0xF3,0xF7,0x20,0x00,0x00,0x00,0x00,0x00,0x00,0x00,0x00,0x00,0x00,0x31,
  0xE6,0xAA,0x00,0x00,0x00,0x00,0x00,0x00,0x00,0x00,0x00,0x00,0x00,0x00,0x00,0x00,
  0x00,0x00,0x00,0x00,0x00,0xB5,0xFF,0xFB,0x2C,0x00,0x00,0x00,0x00,0xC2,0xFF,0xEF,
  0x19,0x00,0x1E,0xF3,0xFF,0xC0,0x00,0x00,0x00,0x5A,0xFF,0xFF,0x64,0x00,0x00,0x00,
  0x6D,0xFF,0xFF,0x59,0x00,0x0B,0xE4,0xFF,0xBE,0x01,0x00,0x00,0x00,0x02,0xC6,0xFF,
  0xE4,0x0C,0x86,0xFF,0xF6,0x24,0x00,0x00,0x00,0x00,0x00,0x2A,0xF9,0xFF,0xA7,0xF8,
  0xFF,0x76,0x00,0x00,0x00,0x00,0x00,0x00,0x00,0x7F,0xFF,0xFF,0xFF,0xCD,0x04,0x00,
  0x00,0x00,0x00,0x00,0x00,0x00,0x06,0xD4,0xFF,0xFB,0x31,0x00,0x00,0x00,0x00,0x00,
  0x00,0x00,0x00,0x00,0x90,0xFF,0xE0,0x00,0x00,0x00,0x00,0x00,0x00,0x00,0x00,0x00,
  0x00,0x90,0xFF,0xE0,0x00,0x00,0x00,0x00,0x00,0x00,0x00,0x00,0x00,0x00,0x90,0xFF,
  0xE0,0x00,0x00,0x00,0x00,0x00,0x00,0x00,0x00,0x00,0x00,0x90,0xFF,0xE0,0x00,0x00,
  0x00,0x00,0x00,0x00,0x00,0x00,0x00,0x00,0x90,0xFF,0xE0,0x00,0x00,0x00,0x00,0x00,
  0x00,0x00,0x00,0x00,0x00,0x15,0xF0,0xF8,0x55,0x00,0x00,0x00,0x00,0x00,0x00,0x00,
  0x00,0x00,0x9A,0xED,0x3C,0x00,0x00,0x00,0x00,0x00,0x00,0x00,0x00,0x00,0x00,0x00,
  0x00,0x00,0x00,0x00,0x00,0x00,0x00,0x00,0xB5,0xFF,0xFB,0x2C,0x00,0x00,0x00,0x00,
  0xC2,0xFF,0xEF,0x19,0x00,0x1E,0xF3,0xFF,0xC0,0x00,0x00,0x00,0x5A,0xFF,0xFF,0x64,
  0x00,0x00,0x00,0x6D,0xFF,0xFF,0x59,0x00,0x0B,0xE4,0xFF,0xBE,0x01,0x00,0x00,0x00,
  0x02,0xC6,0xFF,0xE4,0x0C,0x86,0xFF,0xF6,0x24,0x00,0x00,0x00,0x00,0x00,0x2A,0xF9,
  0xFF,0xA7,0xF8,0xFF,0x76,0x00,0x00,0x00,0x00,0x00,0x00,0x00,0x7F,0xFF,0xFF,0xFF,
  0xCD,0x04,0x00,0x00,0x00,0x00,0x00,0x00,0x00,0x06,0xD4,0xFF,0xFB,0x31,0x00,0x00,
  0x00,0x00,0x00,0x00,0x00,0x00,0x00,0x90,0xFF,0xE0,0x00,0x00,0x00,0x00,0x00,0x00,
  0x00,0x00,0x00,0x00,0x90,0xFF,0xE0,0x00,0x00,0x00,0x00,0x00,0x00,0x00,0x00,0x00,
  0x00,0x90,0xFF,0xE0,0x00,0x00,0x00,0x00,0x00,0x00,0x00,0x00,0x00,0x00,0x90,0xFF,
  0xE0,0x00,0x00,0x00,0x00,0x00,0x00,0x00,0x00,0x00,0x00,0x90,0xFF,0xE0,0x00,0x00,
  0x00,0x00,0x00,0x00,0x00,0x00,0x00,0x00,0xE3,0xFC,0xE1,0x53,0x00,0x00,0x00,0x00,
  0x00,0x00,0x00,0x00,0x00,0x03,0xCC,0x24,0x00,0x00,0x00,0x00,0x00,0x00,0x00,0x00,
  0x00,0x00,0x00,0x00,0x00,0x00,0x00,0x00,0x00,0x00,0x00,0xB5,0xFF,0xFB,0x2C,0x00,
  0x00,0x00,0x00,0xC2,0xFF,0xEF,0x19,0x00,0x1E,0xF3,0xFF,0xC0,0x00,0x00,0x00,0x5A,
  0xFF,0xFF,0x64,0x00,0x00,0x00,0x6D,0xFF,0xFF,0x59,0x00,0x0B,0xE4,0xFF,0xBE,0x01,
  0x00,0x00,0x00,0x02,0xC6,0xFF,0xE4,0x0C,0x86,0xFF,0xF6,0x24,0x00,0x00,0x00,0x00,
  0x00,0x2A,0xF9,0xFF,0xA7,0xF8,0xFF,0x76,0x00,0x00,0x00,0x00,0x00,0x00,0x00,0x7F,
  0xFF,0xFF,0xFF,0xCD,0x04,0x00,0x00,0x00,0x00,0x00,0x00,0x00,0x06,0xD4,0xFF,0xFB,
  0x31,0x00,0x00,0x00,0x00,0x00,0x00,0x00,0x00,0x00,0x90,0xFF,0xE0,0x00,0x00,0x00,
  0x00,0x00,0x00,0x00,0x00,0x00,0x00,0x90,0xFF,0xE0,0x00,0x00,0x00,0x00,0x00,0x00,
  0x00,0x00,0x00,0x00,0x90,0xFF,0xE0,0x00,0x00,0x00,0x00,0x00,0x00,0x00,0x00,0x00,
  0x00,0x90,0xFF,0xE0,0x00,0x00,0x00,0x00,0x00,0x00,0x00,0x00,0x00,0x00,0x90,0xFF,
  0xE0,0x00,0x00,0x00,0x00,0x00,0x00,0x00,0x00,0x00,0x79,0xF3,0xB3,0x2D,0x73,0xBB,
  0x00,0x00,0x00,0x00,0x00,0x00,0x00,0xEA,0x42,0x46,0xC6,0xF2,0x54,0x00,0x00,0x00,
  0x00,0x00,0x00,0x00,0x00,0x00,0x00,0x00,0x00,0x00,0x00,0x00,0x00,0x00,0xB5,0xFF,
  0xFB,0x2C,0x00,0x00,0x00,0x00,0xC2,0xFF,0xEF,0x19,0x00,0x1E,0xF3,0xFF,0xC0,0x00,
  0x00,0x00,0x5A,0xFF,0xFF,0x64,0x00,0x00,0x00,0x6D,0xFF,0xFF,0x59,0x00,0x0B,0xE4,
  0xFF,0xBE,0x01,0x00,0x00,0x00,0x02,0xC6,0xFF,0xE4,0x0C,0x86,0xFF,0xF6,0x24,0x00,
  0x00,0x00,0x00,0x00,0x2A,0xF9,0xFF,0xA7,0xF8,0xFF,0x76,0x00,0x00,0x00,0x00,0x00,
  0x00,0x00,0x7F,0xFF,0xFF,0xFF,0xCD,0x04,0x00,0x00,0x00,0x00,0x00,0x00,0x00,0x06,
  0xD4,0xFF,0xFB,0x31,0x00,0x00,0x00,0x00,0x00,0x00,0x00,0x00,0x00,0x90,0xFF,0xE0,
  0x00,0x00,0x00,0x00,0x00,0x00,0x00,0x00,0x00,0x00,0x90,0xFF,0xE0,0x00,0x00,0x00,
  0x00,0x00,0x00,0x00,0x00,0x00,0x00,0x90,0xFF,0xE0,0x00,0x00,0x00,0x00,0x00,0x00,
  0x00,0x00,0x00,0x00,0x90,0xFF,0xE0,0x00,0x00,0x00,0x00,0x00,0x00,0x00,0x00,0x00,
  0x00,0x90,0xFF,0xE0,0x00,0x00,0x00,0x00,0x00,0x00,0xB5,0xFF,0xFB,0x2C,0x00,0x00,
  0x00,0x00,0xC2,0xFF,0xEF,0x19,0x00,0x1E,0xF3,0xFF,0xC0,0x00,0x00,0x00,0x5A,0xFF,
  0xFF,0x64,0x00,0x00,0x00,0x6D,0xFF,0xFF,0x59,0x00,0x0B,0xE4,0xFF,0xBE,0x01,0x00,
  0x00,0x00,0x02,0xC6,0xFF,0xE4,0x0C,0x86,0xFF,0xF6,0x24,0x00,0x00,0x00,0x00,0x00,
  0x2A,0xF9,0xFF,0xA7,0xF8,0xFF,0x76,0x00,0x00,0x00,0x00,0x00,0x00,0x00,0x7F,0xFF,
  0xFF,0xFF,0xCD,0x04,0x00,0x00,0x00,0x00,0x00,0x00,0x00,0x06,0xD4,0xFF,0xFB,0x31,
  0x00,0x00,0x00,0x00,0x00,0x00,0x00,0x00,0x00,0x90,0xFF,0xE0,0x00,0x00,0x00,0x00,
  0x00,0x00,0x00,0x00,0x00,0x00,0x90,0xFF,0xE0,0x00,0x00,0x00,0x00,0x00,0x00,0x00,
  0x00,0x00,0x00,0x90,0xFF,0xE0,0x00,0x00,0x00,0x00,0x00,0x00,0x00,0x00,0x00,0x00,
  0x90,0xFF,0xE0,0x00,0x00,0x00,0x00,0x00,0x00,0x00,0x00,0x00,0x00,0x90,0xFF,0xE0,
  0x00,0x00,0x00,0x00,0x00,0x00,0x00,0x00,0x00,0x00,0x00,0x00,0x00,0x00,0x00,0x00,
  0x00,0x00,0x00,0x00,0x00,0x00,0x00,0x84,0xFF,0xD0,0x00,0x00,0x00,0x00,0x00,0x00,
  0x00,0x00,0x00,0x00,0x84,0xFF,0xD0,0x00,0x00,0x00,0x00,0x00,0x00,0x00,0xC4,0xFF,
  0xFF,0xFF,0xFF,0xF6,0xDD,0x91,0x14,0x00,0x00,0x00,0x00,0xC4,0xFF,0xFF,0xFF,0xFF,
  0xFF,0xFF,0xFF,0xDF,0x18,0x00,0x00,0x00,0xC4,0xFF,0xB0,0x00,0x02,0x12,0x67,0xF8,
  0xFF,0xAA,0x00,0x00,0x00,0xC4,0xFF,0xB0,0x00,0x00,0x00,0x00,0x83,0xFF,0xFD,0x15,
  0x00,0x00,0xC4,0xFF,0xB0,0x00,0x00,0x00,0x00,0x36,0xFF,0xFF,0x4D,0x08,0xFF,0xFF,
  0xFF,0xFF,0xFF,0xFF,0x4C,0x00,0x1F,0xFF,0xFF,0x65,0x00,0x00,0xC4,0xFF,0xB0,0x00,
  0x00,0x00,0x00,0x21,0xFF,0xFF,0x68,0x00,0x00,0xC4,0xFF,0xB0,0x00,0x00,0x00,0x00,
  0x38,0xFF,0xFF,0x50,0x00,0x00,0xC4,0xFF,0xB0,0x00,0x00,0x00,0x00,0x7E,0xFF,0xFE,
  0x16,0x00,0x00,0xC4,0xFF,0xB0,0x00,0x01,0x0F,0x54,0xF2,0xFF,0xAC,0x00,0x00,0x00,
  0xC4,0xFF,0xFF,0xFF,0xFF,0xFF,0xFF,0xFF,0xE3,0x1A,0x00,0x00,0x00,0xC4,0xFF,0xFF,
  0xFF,0xFF,0xF8,0xDA,0x8E,0x15,0x00,0x00,0x00,0x00,0x50,0xF5,0xF4,0x1B,0x00,0x00,
  0x00,0x00,0x00,0x00,0x36,0xE9,0xA2,0x00,0x00,0x00,0x00,0x00,0x00,0x00,0x00,0x00,
  0x00,0x00,0x00,0x00,0x03,0x7C,0xDA,0xF7,0xF0,0xC4,0x47,0x00,0x00,0x84,0xFF,0xFF,
  0xFF,0xFF,0xFF,0xFA,0x1D,0x08,0xF0,0xFF,0x55,0x05,0x27,0xF9,0xFF,0x51,0x00,0x00,
  0x16,0x58,0x90,0xCF,0xFF,0xFF,0x5E,0x00,0x84,0xFB,0xFF,0xFF,0xFF,0xFF,0xFF,0x5C,
  0x36,0xFF,0xFF,0x8D,0x4B,0x1D,0xEF,0xFF,0x59,0x58,0xFF,0xFC,0x3A,0x0B,0x64,0xFF,
  0xFF,0x5A,0x20,0xF8,0xFF,0xFF,0xFF,0xFF,0xEE,0xFF,0x6B,0x00,0x4C,0xD2,0xF7,0xD5,
  0x54,0x8A,0xFF,0xB1,0x00,0x00,0x00,0x00,0x93,0xFF,0xB5,0x0B,0x00,0x00,0x00,0x00,
  0x2A,0xFB,0x9A,0x03,0x00,0x00,0x00,0x00,0x00,0x00,0x00,0x00,0x00,0x00,0x00,0x00,
  0x03,0x7C,0xDA,0xF7,0xF0,0xC4,0x47,0x00,0x00,0x84,0xFF,0xFF,0xFF,0xFF,0xFF,0xFA,
  0x1D,0x08,0xF0,0xFF,0x55,0x05,0x27,0xF9,0xFF,0x51,0x00,0x00,0x16,0x58,0x90,0xCF,
  0xFF,0xFF,0x5E,0x00,0x84,0xFB,0xFF,0xFF,0xFF,0xFF,0xFF,0x5C,0x36,0xFF,0xFF,0x8D,
  0x4B,0x1D,0xEF,0xFF,0x59,0x58,0xFF,0xFC,0x3A,0x0B,0x64,0xFF,0xFF,0x5A,0x20,0xF8,
  0xFF,0xFF,0xFF,0xFF,0xEE,0xFF,0x6B,0x00,0x4C,0xD2,0xF7,0xD5,0x54,0x8A,0xFF,0xB1,
  0x00,0x00,0x00,0xE5,0xF9,0xD4,0x41,0x00,0x00,0x00,0x00,0x00,0x02,0x1E,0xD6,0x63,
  0x00,0x00,0x00,0x00,0x00,0x00,0xD0,0x20,0x00,0x00,0x00,0x00,0x00,0x00,0x00,0x00,
  0x00,0x00,0x00,0x00,0x00,0x03,0x7C,0xDA,0xF7,0xF0,0xC4,0x47,0x00,0x00,0x84,0xFF,
  0xFF,0xFF,0xFF,0xFF,0xFA,0x1D,0x08,0xF0,0xFF,0x55,0x05,0x27,0xF9,0xFF,0x51,0x00,
  0x00,0x16,0x58,0x90,0xCF,0xFF,0xFF,0x5E,0x00,0x84,0xFB,0xFF,0xFF,0xFF,0xFF,0xFF,
  0x5C,0x36,0xFF,0xFF,0x8D,0x4B,0x1D,0xEF,0xFF,0x59,0x58,0xFF,0xFC,0x3A,0x0B,0x64,
  0xFF,0xFF,0x5A,0x20,0xF8,0xFF,0xFF,0xFF,0xFF,0xEE,0xFF,0x6B,0x00,0x4C,0xD2,0xF7,
  0xD5,0x54,0x8A,0xFF,0xB1,0x00,0x00,0xA1,0xF3,0x9B,0x1E,0x9E,0x8F,0x00,0x00,0x16,
  0xFC,0x1D,0x5C,0xD8,0xE8,0x33,0x00,0x00,0x00,0x00,0x00,0x00,0x00,0x00,0x00,0x00,
  0x00,0x03,0x7C,0xDA,0xF7,0xF0,0xC4,0x47,0x00,0x00,0x84,0xFF,0xFF,0xFF,0xFF,0xFF,
  0xFA,0x1D,0x08,0xF0,0xFF,0x55,0x05,0x27,0xF9,0xFF,0x51,0x00,0x00,0x16,0x58,0x90,
  0xCF,0xFF,0xFF,0x5E,0x00,0x84,0xFB,0xFF,0xFF,0xFF,0xFF,0xFF,0x5C,0x36,0xFF,0xFF,
  0x8D,0x4B,0x1D,0xEF,0xFF,0x59,0x58,0xFF,0xFC,0x3A,0x0B,0x64,0xFF,0xFF,0x5A,0x20,
  0xF8,0xFF,0xFF,0xFF,0xFF,0xEE,0xFF,0x6B,0x00,0x4C,0xD2,0xF7,0xD5,0x54,0x8A,0xFF,
  0xB1,0x00,0x03,0x7C,0xDA,0xF7,0xF0,0xC4,0x47,0x00,0x00,0x84,0xFF,0xFF,0xFF,0xFF,
  0xFF,0xFA,0x1D,0x08,0xF0,0xFF,0x55,0x05,0x27,0xF9,0xFF,0x51,0x00,0x00,0x16,0x58,
  0x90,0xCF,0xFF,0xFF,0x5E,0x00,0x84,0xFB,0xFF,0xFF,0xFF,0xFF,0xFF,0x5C,0x36,0xFF,
  0xFF,0x8D,0x4B,0x1D,0xEF,0xFF,0x59,0x58,0xFF,0xFC,0x3A,0x0B,0x64,0xFF,0xFF,0x5A,
  0x20,0xF8,0xFF,0xFF,0xFF,0xFF,0xEE,0xFF,0x6B,0x00,0x4C,0xD2,0xF7,0xD5,0x54,0x8A,
  0xFF,0xB1,0x00,0x00,0x00,0x00,0x00,0x00,0x00,0x00,0x00,0x00,0x00,0x00,0xC8,0xFF,
  0x8C,0x00,0x00,0x00,0x00,0x00,0x00,0xC8,0xFF,0x8C,0x00,0x00,0x00,0x00,0x00,0xB9,
  0x89,0x08,0x2D,0xF3,0x25,0x00,0x00,0x00,0x23,0xBF,0xF6,0xE1,0x64,0x00,0x00,0x00,
  0x00,0x00,0x00,0x00,0x00,0x00,0x00,0x00,0x00,0x03,0x7C,0xDA,0xF7,0xF0,0xC4,0x47,
  0x00,0x00,0x84,0xFF,0xFF,0xFF,0xFF,0xFF,0xFA,0x1D,0x08,0xF0,0xFF,0x55,0x05,0x27,
  0xF9,0xFF,0x51,0x00,0x00,0x16,0x58,0x90,0xCF,0xFF,0xFF,0x5E,0x00,0x84,0xFB,0xFF,
  0xFF,0xFF,0xFF,0xFF,0x5C,0x36,0xFF,0xFF,0x8D,0x4B,0x1D,0xEF,0xFF,0x59,0x58,0xFF,
  0xFC,0x3A,0x0B,0x64,0xFF,0xFF,0x5A,0x20,0xF8,0xFF,0xFF,0xFF,0xFF,0xEE,0xFF,0x6B,
  0x00,0x4C,0xD2,0xF7,0xD5,0x54,0x8A,0xFF,0xB1,0x00,0x00,0x5C,0xF9,0xED,0x12,0x00,
  0x00,0x00,0x00,0x00,0x00,0x40,0xEF,0x92,0x00,0x00,0x00,0x00,0x00,0x00,0x00,0x00,
  0x00,0x00,0x00,0x00,0x00,0x00,0xB9,0x89,0x08,0x2D,0xF3,0x25,0x00,0x00,0x00,0x23,
  0xBF,0xF6,0xE1,0x64,0x00,0x00,0x00,0x00,0x00,0x00,0x00,0x00,0x00,0x00,0x00,0x00,
  0x03,0x7C,0xDA,0xF7,0xF0,0xC4,0x47,0x00,0x00,0x84,0xFF,0xFF,0xFF,0xFF,0xFF,0xFA,
  0x1D,0x08,0xF0,0xFF,0x55,0x05,0x27,0xF9,0xFF,0x51,0x00,0x00,0x16,0x58,0x90,0xCF,
  0xFF,0xFF,0x5E,0x00,0x84,0xFB,0xFF,0xFF,0xFF,0xFF,0xFF,0x5C,0x36,0xFF,0xFF,0x8D,
  0x4B,0x1D,0xEF,0xFF,0x59,0x58,0xFF,0xFC,0x3A,0x0B,0x64,0xFF,0xFF,0x5A,0x20,0xF8,
  0xFF,0xFF,0xFF,0xFF,0xEE,0xFF,0x6B,0x00,0x4C,0xD2,0xF7,0xD5,0x54,0x8A,0xFF,0xB1,
  0x00,0x00,0x00,0x00,0x8E,0xFF,0xBA,0x0C,0x00,0x00,0x00,0x00,0x1E,0xF8,0xA7,0x05,
  0x00,0x00,0x00,0x00,0x00,0x00,0x00,0x00,0x00,0x00,0x00,0x00,0x00,0xB9,0x89,0x08,
  0x2D,0xF3,0x25,0x00,0x00,0x00,0x23,0xBF,0xF6,0xE1,0x64,0x00,0x00,0x00,0x00,0x00,
  0x00,0x00,0x00,0x00,0x00,0x00,0x00,0x03,0x7C,0xDA,0xF7,0xF0,0xC4,0x47,0x00,0x00,
  0x84,0xFF,0xFF,0xFF,0xFF,0xFF,0xFA,0x1D,0x08,0xF0,0xFF,0x55,0x05,0x27,0xF9,0xFF,
  0x51,0x00,0x00,0x16,0x58,0x90,0xCF,0xFF,0xFF,0x5E,0x00,0x84,0xFB,0xFF,0xFF,0xFF,
  0xFF,0xFF,0x5C,0x36,0xFF,0xFF,0x8D,0x4B,0x1D,0xEF,0xFF,0x59,0x58,0xFF,0xFC,0x3A,
  0x0B,0x64,0xFF,0xFF,0x5A,0x20,0xF8,0xFF,0xFF,0xFF,0xFF,0xEE,0xFF,0x6B,0x00,0x4C,
  0xD2,0xF7,0xD5,0x54,0x8A,0xFF,0xB1,0x00,0x00,0x00,0xD7,0xFD,0xE4,0x5C,0x00,0x00,
  0x00,0x00,0x00,0x03,0xC0,0x30,0x00,0x00,0x00,0x00,0x00,0x00,0x00,0x00,0x00,0x00,
  0x00,0x00,0x00,0x00,0xB9,0x89,0x08,0x2D,0xF3,0x25,0x00,0x00,0x00,0x23,0xBF,0xF6,
  0xE1,0x64,0x00,0x00,0x00,0x00,0x00,0x00,0x00,0x00,0x00,0x00,0x00,0x00,0x03,0x7C,
  0xDA,0xF7,0xF0,0xC4,0x47,0x00,0x00,0x84,0xFF,0xFF,0xFF,0xFF,0xFF,0xFA,0x1D,0x08,
  0xF0,0xFF,0x55,0x05,0x27,0xF9,0xFF,0x51,0x00,0x00,0x16,0x58,0x90,0xCF,0xFF,0xFF,
  0x5E,0x00,0x84,0xFB,0xFF,0xFF,0xFF,0xFF,0xFF,0x5C,0x36,0xFF,0xFF,0x8D,0x4B,0x1D,
  0xEF,0xFF,0x59,0x58,0xFF,0xFC,0x3A,0x0B,0x64,0xFF,0xFF,0x5A,0x20,0xF8,0xFF,0xFF,
  0xFF,0xFF,0xEE,0xFF,0x6B,0x00,0x4C,0xD2,0xF7,0xD5,0x54,0x8A,0xFF,0xB1,0x00,0x00,
  0x6C,0xF0,0xB0,0x25,0xB7,0x75,0x00,0x00,0x00,0xF0,0x41,0x5E,0xE1,0xD9,0x1D,0x00,
  0x00,0x00,0x00,0x00,0x00,0x00,0x00,0x00,0x00,0x00,0x00,0xB9,0x89,0x08,0x2D,0xF3,
  0x25,0x00,0x00,0x00,0x23,0xBF,0xF6,0xE1,0x64,0x00,0x00,0x00,0x00,0x00,0x00,0x00,
  0x00,0x00,0x00,0x00,0x00,0x03,0x7C,0xDA,0xF7,0xF0,0xC4,0x47,0x00,0x00,0x84,0xFF,
  0xFF,0xFF,0xFF,0xFF,0xFA,0x1D,0x08,0xF0,0xFF,0x55,0x05,0x27,0xF9,0xFF,0x51,0x00,
  0x00,0x16,0x58,0x90,0xCF,0xFF,0xFF,0x5E,0x00,0x84,0xFB,0xFF,0xFF,0xFF,0xFF,0xFF,
  0x5C,0x36,0xFF,0xFF,0x8D,0x4B,0x1D,0xEF,0xFF,0x59,0x58,0xFF,0xFC,0x3A,0x0B,0x64,
  0xFF,0xFF,0x5A,0x20,0xF8,0xFF,0xFF,0xFF,0xFF,0xEE,0xFF,0x6B,0x00,0x4C,0xD2,0xF7,
  0xD5,0x54,0x8A,0xFF,0xB1,0x00,0x00,0xB9,0x89,0x08,0x2D,0xF3,0x25,0x00,0x00,0x00,
  0x23,0xBF,0xF6,0xE1,0x64,0x00,0x00,0x00,0x00,0x00,0x00,0x00,0x00,0x00,0x00,0x00,
  0x00,0x03,0x7C,0xDA,0xF7,0xF0,0xC4,0x47,0x00,0x00,0x84,0xFF,0xFF,0xFF,0xFF,0xFF,
  0xFA,0x1D,0x08,0xF0,0xFF,0x55,0x05,0x27,0xF9,0xFF,0x51,0x00,0x00,0x16,0x58,0x90,
  0xCF,0xFF,0xFF,0x5E,0x00,0x84,0xFB,0xFF,0xFF,0xFF,0xFF,0xFF,0x5C,0x36,0xFF,0xFF,
  0x8D,0x4B,0x1D,0xEF,0xFF,0x59,0x58,0xFF,0xFC,0x3A,0x0B,0x64,0xFF,0xFF,0x5A,0x20,
  0xF8,0xFF,0xFF,0xFF,0xFF,0xEE,0xFF,0x6B,0x00,0x4C,0xD2,0xF7,0xD5,0x54,0x8A,0xFF,
  0xB1,0x00,0x00,0x00,0x00,0x00,0x00,0x00,0x00,0x00,0x00,0x00,0x00,0xC8,0xFF,0x8C,
  0x00,0x00,0x00,0x00,0x00,0x00,0xC8,0xFF,0x8C,0x00,0x00,0x00,0x00,0x00,0x05,0xBD,
  0xFF,0xFB,0x45,0x00,0x00,0x00,0x00,0xA0,0xFB,0x53,0xC3,0xF1,0x2C,0x00,0x00,0x00,
  0x00,0x00,0x00,0x00,0x00,0x00,0x00,0x00,0x03,0x7C,0xDA,0xF7,0xF0,0xC4,0x47,0x00,
  0x00,0x84,0xFF,0xFF,0xFF,0xFF,0xFF,0xFA,0x1D,0x08,0xF0,0xFF,0x55,0x05,0x27,0xF9,
  0xFF,0x51,0x00,0x00,0x16,0x58,0x90,0xCF,0xFF,0xFF,0x5E,0x00,0x84,0xFB,0xFF,0xFF,
  0xFF,0xFF,0xFF,0x5C,0x36,0xFF,0xFF,0x8D,0x4B,0x1D,0xEF,0xFF,0x59,0x58,0xFF,0xFC,
  0x3A,0x0B,0x64,0xFF,0xFF,0x5A,0x20,0xF8,0xFF,0xFF,0xFF,0xFF,0xEE,0xFF,0x6B,0x00,
  0x4C,0xD2,0xF7,0xD5,0x54,0x8A,0xFF,0xB1,0x00,0x00,0x5C,0xF9,0xED,0x12,0x00,0x00,
  0x00,0x00,0x00,0x00,0x40,0xEF,0x92,0x00,0x00,0x00,0x00,0x00,0x00,0x00,0x00,0x00,
  0x00,0x00,0x00,0x00,0x00,0x05,0xBD,0xFF,0xFB,0x45,0x00,0x00,0x00,0x00,0xA0,0xFB,
  0x53,0xC3,0xF1,0x2C,0x00,0x00,0x00,0x00,0x00,0x00,0x00,0x00,0x00,0x00,0x00,0x03,
  0x7C,0xDA,0xF7,0xF0,0xC4,0x47,0x00,0x00,0x84,0xFF,0xFF,0xFF,0xFF,0xFF,0xFA,0x1D,
  0x08,0xF0,0xFF,0x55,0x05,0x27,0xF9,0xFF,0x51,0x00,0x00,0x16,0x58,0x90,0xCF,0xFF,
  0xFF,0x5E,0x00,0x84,0xFB,0xFF,0xFF,0xFF,0xFF,0xFF,0x5C,0x36,0xFF,0xFF,0x8D,0x4B,
  0x1D,0xEF,0xFF,0x59,0x58,0xFF,0xFC,0x3A,0x0B,0x64,0xFF,0xFF,0x5A,0x20,0xF8,0xFF,
  0xFF,0xFF,0xFF,0xEE,0xFF,0x6B,0x00,0x4C,0xD2,0xF7,0xD5,0x54,0x8A,0xFF,0xB1,0x00,
  0x00,0x00,0x00,0x8E,0xFF,0xBA,0x0C,0x00,0x00,0x00,0x00,0x1E,0xF8,0xA7,0x05,0x00,
  0x00,0x00,0x00,0x00,0x00,0x00,0x00,0x00,0x00,0x00,0x00,0x00,0x05,0xBD,0xFF,0xFB,
  0x45,0x00,0x00,0x00,0x00,0xA0,0xFB,0x53,0xC3,0xF1,0x2C,0x00,0x00,0x00,0x00,0x00,
  0x00,0x00,0x00,0x00,0x00,0x00,0x03,0x7C,0xDA,0xF7,0xF0,0xC4,0x47,0x00,0x00,0x84,
  0xFF,0xFF,0xFF,0xFF,0xFF,0xFA,0x1D,0x08,0xF0,0xFF,0x55,0x05,0x27,0xF9,0xFF,0x51,
  0x00,0x00,0x16,0x58,0x90,0xCF,0xFF,0xFF,0x5E,0x00,0x84,0xFB,0xFF,0xFF,0xFF,0xFF,
  0xFF,0x5C,0x36,0xFF,0xFF,0x8D,0x4B,0x1D,0xEF,0xFF,0x59,0x58,0xFF,0xFC,0x3A,0x0B,
  0x64,0xFF,0xFF,0x5A,0x20,0xF8,0xFF,0xFF,0xFF,0xFF,0xEE,0xFF,0x6B,0x00,0x4C,0xD2,
  0xF7,0xD5,0x54,0x8A,0xFF,0xB1,0x00,0x00,0x00,0xD7,0xFD,0xE4,0x5C,0x00,0x00,0x00,
  0x00,0x00,0x03,0xC0,0x30,0x00,0x00,0x00,0x00,0x00,0x00,0x00,0x00,0x00,0x00,0x00,
  0x00,0x00,0x00,0x05,0xBD,0xFF,0xFB,0x45,0x00,0x00,0x00,0x00,0xA0,0xFB,0x53,0xC3,
  0xF1,0x2C,0x00,0x00,0x00,0x00,0x00,0x00,0x00,0x00,0x00,0x00,0x00,0x03,0x7C,0xDA,
  0xF7,0xF0,0xC4,0x47,0x00,0x00,0x84,0xFF,0xFF,0xFF,0xFF,0xFF,0xFA,0x1D,0x08,0xF0,
  0xFF,0x55,0x05,0x27,0xF9,0xFF,0x51,0x00,0x00,0x16,0x58,0x90,0xCF,0xFF,0xFF,0x5E,
  0x00,0x84,0xFB,0xFF,0xFF,0xFF,0xFF,0xFF,0x5C,0x36,0xFF,0xFF,0x8D,0x4B,0x1D,0xEF,
  0xFF,0x59,0x58,0xFF,0xFC,0x3A,0x0B,0x64,0xFF,0xFF,0x5A,0x20,0xF8,0xFF,0xFF,0xFF,
  0xFF,0xEE,0xFF,0x6B,0x00,0x4C,0xD2,0xF7,0xD5,0x54,0x8A,0xFF,0xB1,0x00,0x00,0x6C,
  0xF0,0xB0,0x25,0xB7,0x75,0x00,0x00,0x00,0xF0,0x41,0x5E,0xE1,0xD9,0x1D,0x00,0x00,
  0x00,0x00,0x00,0x00,0x00,0x00,0x00,0x00,0x00,0x00,0x05,0xBD,0xFF,0xFB,0x45,0x00,
  0x00,0x00,0x00,0xA0,0xFB,0x53,0xC3,0xF1,0x2C,0x00,0x00,0x00,0x00,0x00,0x00,0x00,
  0x00,0x00,0x00,0x00,0x03,0x7C,0xDA,0xF7,0xF0,0xC4,0x47,0x00,0x00,0x84,0xFF,0xFF,
  0xFF,0xFF,0xFF,0xFA,0x1D,0x08,0xF0,0xFF,0x55,0x05,0x27,0xF9,0xFF,0x51,0x00,0x00,
  0x16,0x58,0x90,0xCF,0xFF,0xFF,0x5E,0x00,0x84,0xFB,0xFF,0xFF,0xFF,0xFF,0xFF,0x5C,
  0x36,0xFF,0xFF,0x8D,0x4B,0x1D,0xEF,0xFF,0x59,0x58,0xFF,0xFC,0x3A,0x0B,0x64,0xFF,
  0xFF,0x5A,0x20,0xF8,0xFF,0xFF,0xFF,0xFF,0xEE,0xFF,0x6B,0x00,0x4C,0xD2,0xF7,0xD5,
  0x54,0x8A,0xFF,0xB1,0x00,0x00,0x05,0xBD,0xFF,0xFB,0x45,0x00,0x00,0x00,0x00,0xA0,
  0xFB,0x53,0xC3,0xF1,0x2C,0x00,0x00,0x00,0x00,0x00,0x00,0x00,0x00,0x00,0x00,0x00,
  0x03,0x7C,0xDA,0xF7,0xF0,0xC4,0x47,0x00,0x00,0x84,0xFF,0xFF,0xFF,0xFF,0xFF,0xFA,
  0x1D,0x08,0xF0,0xFF,0x55,0x05,0x27,0xF9,0xFF,0x51,0x00,0x00,0x16,0x58,0x90,0xCF,
  0xFF,0xFF,0x5E,0x00,0x84,0xFB,0xFF,0xFF,0xFF,0xFF,0xFF,0x5C,0x36,0xFF,0xFF,0x8D,
  0x4B,0x1D,0xEF,0xFF,0x59,0x58,0xFF,0xFC,0x3A,0x0B,0x64,0xFF,0xFF,0x5A,0x20,0xF8,
  0xFF,0xFF,0xFF,0xFF,0xEE,0xFF,0x6B,0x00,0x4C,0xD2,0xF7,0xD5,0x54,0x8A,0xFF,0xB1,
  0x00,0x00,0x00,0x00,0x00,0x00,0x00,0x00,0x00,0x00,0x00,0x00,0xC8,0xFF,0x8C,0x00,
  0x00,0x00,0x00,0x00,0x00,0xC8,0xFF,0x8C,0x00,0x00,0x00,0x00,0x00,0x5F,0xFA,0xEB,
  0x10,0x00,0x00,0x00,0x00,0x00,0x00,0x43,0xF0,0x8E,0x00,0x00,0x00,0x00,0x00,0x00,
  0x00,0x00,0x00,0x00,0x00,0x00,0x00,0x00,0x68,0xD6,0xF9,0xE6,0x98,0x13,0x00,0x00,
  0x83,0xFF,0xFF,0xFF,0xFF,0xFF,0xD3,0x09,0x1A,0xFB,0xFF,0x50,0x07,0x21,0xCD,0xFF,
  0x68,0x5A,0xFF,0xFF,0xFF,0xFF,0xFF,0xFF,0xFF,0xAA,0x6E,0xFF,0xFF,0xFF,0xFF,0xFF,
  0xFF,0xFF,0xC2,0x54,0xFF,0xFD,0x0B,0x00,0x00,0x00,0x00,0x00,0x1B,0xF9,0xFF,0x9A,
  0x11,0x2F,0xE6,0xFF,0x6D,0x00,0x8B,0xFF,0xFF,0xFF,0xFF,0xFF,0xD3,0x0B,0x00,0x02,
  0x70,0xD4,0xF8,0xE7,0x9E,0x18,0x00,0x00,0x00,0x00,0x00,0xAB,0xFF,0xA3,0x06,0x00,
  0x00,0x00,0x00,0x3E,0xFF,0x86,0x00,0x00,0x00,0x00,0x00,0x00,0x00,0x00,0x00,0x00,
  0x00,0x00,0x00,0x00,0x68,0xD6,0xF9,0xE6,0x98,0x13,0x00,0x00,0x83,0xFF,0xFF,0xFF,
  0xFF,0xFF,0xD3,0x09,0x1A,0xFB,0xFF,0x50,0x07,0x21,0xCD,0xFF,0x68,0x5A,0xFF,0xFF,
  0xFF,0xFF,0xFF,0xFF,0xFF,0xAA,0x6E,0xFF,0xFF,0xFF,0xFF,0xFF,0xFF,0xFF,0xC2,0x54,
  0xFF,0xFD,0x0B,0x00,0x00,0x00,0x00,0x00,0x1B,0xF9,0xFF,0x9A,0x11,0x2F,0xE6,0xFF,
  0x6D,0x00,0x8B,0xFF,0xFF,0xFF,0xFF,0xFF,0xD3,0x0B,0x00,0x02,0x70,0xD4,0xF8,0xE7,
  0x9E,0x18,0x00,0x00,0x00,0x01,0xF7,0xF8,0xCE,0x34,0x00,0x00,0x00,0x00,0x00,0x02,
  0x26,0xDD,0x53,0x00,0x00,0x00,0x00,0x00,0x00,0xE4,0x0C,0x00,0x00,0x00,0x00,0x00,
  0x00,0x00,0x00,0x00,0x00,0x00,0x00,0x00,0x00,0x68,0xD6,0xF9,0xE6,0x98,0x13,0x00,
  0x00,0x83,0xFF,0xFF,0xFF,0xFF,0xFF,0xD3,0x09,0x1A,0xFB,0xFF,0x50,0x07,0x21,0xCD,
  0xFF,0x68,0x5A,0xFF,0xFF,0xFF,0xFF,0xFF,0xFF,0xFF,0xAA,0x6E,0xFF,0xFF,0xFF,0xFF,
  0xFF,0xFF,0xFF,0xC2,0x54,0xFF,0xFD,0x0B,0x00,0x00,0x00,0x00,0x00,0x1B,0xF9,0xFF,
  0x9A,0x11,0x2F,0xE6,0xFF,0x6D,0x00,0x8B,0xFF,0xFF,0xFF,0xFF,0xFF,0xD3,0x0B,0x00,
  0x02,0x70,0xD4,0xF8,0xE7,0x9E,0x18,0x00,0x00,0x00,0x93,0xF4,0xA4,0x22,0x8E,0x9F,
  0x00,0x00,0x07,0xFE,0x28,0x53,0xD2,0xED,0x3E,0x00,0x00,0x00,0x00,0x00,0x00,0x00,
  0x00,0x00,0x00,0x00,0x00,0x68,0xD6,0xF9,0xE6,0x98,0x13,0x00,0x00,0x83,0xFF,0xFF,
  0xFF,0xFF,0xFF,0xD3,0x09,0x1A,0xFB,0xFF,0x50,0x07,0x21,0xCD,0xFF,0x68,0x5A,0xFF,
  0xFF,0xFF,0xFF,0xFF,0xFF,0xFF,0xAA,0x6E,0xFF,0xFF,0xFF,0xFF,0xFF,0xFF,0xFF,0xC2,
  0x54,0xFF,0xFD,0x0B,0x00,0x00,0x00,0x00,0x00,0x1B,0xF9,0xFF,0x9A,0x11,0x2F,0xE6,
  0xFF,0x6D,0x00,0x8B,0xFF,0xFF,0xFF,0xFF,0xFF,0xD3,0x0B,0x00,0x02,0x70,0xD4,0xF8,
  0xE7,0x9E,0x18,0x00,0x00,0x00,0x68,0xD6,0xF9,0xE6,0x98,0x13,0x00,0x00,0x83,0xFF,
  0xFF,0xFF,0xFF,0xFF,0xD3,0x09,0x1A,0xFB,0xFF,0x50,0x07,0x21,0xCD,0xFF,0x68,0x5A,
  0xFF,0xFF,0xFF,0xFF,0xFF,0xFF,0xFF,0xAA,0x6E,0xFF,0xFF,0xFF,0xFF,0xFF,0xFF,0xFF,
  0xC2,0x54,0xFF,0xFD,0x0B,0x00,0x00,0x00,0x00,0x00,0x1B,0xF9,0xFF,0x9A,0x11,0x2F,
  0xE6,0xFF,0x6D,0x00,0x8B,0xFF,0xFF,0xFF,0xFF,0xFF,0xD3,0x0B,0x00,0x02,0x70,0xD4,
  0xF8,0xE7,0x9E,0x18,0x00,0x00,0x00,0x00,0x00,0x00,0x00,0x00,0x00,0x00,0x00,0x00,
  0x00,0x74,0xFF,0xE0,0x00,0x00,0x00,0x00,0x00,0x00,0x74,0xFF,0xE0,0x00,0x00,0x00,
  0x00,0x00,0x0B,0xCC,0xFF,0xF6,0x36,0x00,0x00,0x00,0x02,0xB2,0xF6,0x4B,0xD0,0xE8,
  0x20,0x00,0x00,0x00,0x00,0x00,0x00,0x00,0x00,0x00,0x00,0x00,0x00,0x68,0xD6,0xF9,
  0xE6,0x98,0x13,0x00,0x00,0x83,0xFF,0xFF,0xFF,0xFF,0xFF,0xD3,0x09,0x1A,0xFB,0xFF,
  0x50,0x07,0x21,0xCD,0xFF,0x68,0x5A,0xFF,0xFF,0xFF,0xFF,0xFF,0xFF,0xFF,0xAA,0x6E,
  0xFF,0xFF,0xFF,0xFF,0xFF,0xFF,0xFF,0xC2,0x54,0xFF,0xFD,0x0B,0x00,0x00,0x00,0x00,
  0x00,0x1B,0xF9,0xFF,0x9A,0x11,0x2F,0xE6,0xFF,0x6D,0x00,0x8B,0xFF,0xFF,0xFF,0xFF,
  0xFF,0xD3,0x0B,0x00,0x02,0x70,0xD4,0xF8,0xE7,0x9E,0x18,0x00,0x00,0x00,0x6C,0xFD,
  0xE2,0x09,0x00,0x00,0x00,0x00,0x00,0x00,0x4E,0xF5,0x7E,0x00,0x00,0x00,0x00,0x00,
  0x00,0x00,0x00,0x00,0x00,0x00,0x00,0x00,0x00,0x0B,0xCC,0xFF,0xF6,0x36,0x00,0x00,
  0x00,0x02,0xB2,0xF6,0x4B,0xD0,0xE8,0x20,0x00,0x00,0x00,0x00,0x00,0x00,0x00,0x00,
  0x00,0x00,0x00,0x00,0x68,0xD6,0xF9,0xE6,0x98,0x13,0x00,0x00,0x83,0xFF,0xFF,0xFF,
  0xFF,0xFF,0xD3,0x09,0x1A,0xFB,0xFF,0x50,0x07,0x21,0xCD,0xFF,0x68,0x5A,0xFF,0xFF,
  0xFF,0xFF,0xFF,0xFF,0xFF,0xAA,0x6E,0xFF,0xFF,0xFF,0xFF,0xFF,0xFF,0xFF,0xC2,0x54,
  0xFF,0xFD,0x0B,0x00,0x00,0x00,0x00,0x00,0x1B,0xF9,0xFF,0x9A,0x11,0x2F,0xE6,0xFF,
  0x6D,0x00,0x8B,0xFF,0xFF,0xFF,0xFF,0xFF,0xD3,0x0B,0x00,0x02,0x70,0xD4,0xF8,0xE7,
  0x9E,0x18,0x00,0x00,0x00,0x00,0x00,0xA2,0xFF,0xAB,0x07,0x00,0x00,0x00,0x00,0x2D,
  0xFD,0x96,0x02,0x00,0x00,0x00,0x00,0x00,0x00,0x00,0x00,0x00,0x00,0x00,0x00,0x00,
  0x0B,0xCC,0xFF,0xF6,0x36,0x00,0x00,0x00,0x02,0xB2,0xF6,0x4B,0xD0,0xE8,0x20,0x00,
  0x00,0x00,0x00,0x00,0x00,0x00,0x00,0x00,0x00,0x00,0x00,0x68,0xD6,0xF9,0xE6,0x98,
  0x13,0x00,0x00,0x83,0xFF,0xFF,0xFF,0xFF,0xFF,0xD3,0x09,0x1A,0xFB,0xFF,0x50,0x07,
  0x21,0xCD,0xFF,0x68,0x5A,0xFF,0xFF,0xFF,0xFF,0xFF,0xFF,0xFF,0xAA,0x6E,0xFF,0xFF,
  0xFF,0xFF,0xFF,0xFF,0xFF,0xC2,0x54,0xFF,0xFD,0x0B,0x00,0x00,0x00,0x00,0x00,0x1B,
  0xF9,0xFF,0x9A,0x11,0x2F,0xE6,0xFF,0x6D,0x00,0x8B,0xFF,0xFF,0xFF,0xFF,0xFF,0xD3,
  0x0B,0x00,0x02,0x70,0xD4,0xF8,0xE7,0x9E,0x18,0x00,0x00,0x00,0x00,0xEB,0xFC,0xE0,
  0x4D,0x00,0x00,0x00,0x00,0x00,0x03,0xD4,0x1C,0x00,0x00,0x00,0x00,0x00,0x00,0x00,
  0x00,0x00,0x00,0x00,0x00,0x00,0x00,0x0B,0xCC,0xFF,0xF6,0x36,0x00,0x00,0x00,0x02,
  0xB2,0xF6,0x4B,0xD0,0xE8,0x20,0x00,0x00,0x00,0x00,0x00,0x00,0x00,0x00,0x00,0x00,
  0x00,0x00,0x68,0xD6,0xF9,0xE6,0x98,0x13,0x00,0x00,0x83,0xFF,0xFF,0xFF,0xFF,0xFF,
  0xD3,0x09,0x1A,0xFB,0xFF,0x50,0x07,0x21,0xCD,0xFF,0x68,0x5A,0xFF,0xFF,0xFF,0xFF,
  0xFF,0xFF,0xFF,0xAA,0x6E,0xFF,0xFF,0xFF,0xFF,0xFF,0xFF,0xFF,0xC2,0x54,0xFF,0xFD,
  0x0B,0x00,0x00,0x00,0x00,0x00,0x1B,0xF9,0xFF,0x9A,0x11,0x2F,0xE6,0xFF,0x6D,0x00,
  0x8B,0xFF,0xFF,0xFF,0xFF,0xFF,0xD3,0x0B,0x00,0x02,0x70,0xD4,0xF8,0xE7,0x9E,0x18,
  0x00,0x00,0x00,0x6C,0xF0,0xB0,0x25,0xB7,0x75,0x00,0x00,0x00,0xF0,0x41,0x5E,0xE1,
  0xD9,0x1D,0x00,0x00,0x00,0x00,0x00,0x00,0x00,0x00,0x00,0x00,0x00,0x00,0x0B,0xCC,
  0xFF,0xF6,0x36,0x00,0x00,0x00,0x02,0xB2,0xF6,0x4B,0xD0,0xE8,0x20,0x00,0x00,0x00,
  0x00,0x00,0x00,0x00,0x00,0x00,0x00,0x00,0x00,0x68,0xD6,0xF9,0xE6,0x98,0x13,0x00,
  0x00,0x83,0xFF,0xFF,0xFF,0xFF,0xFF,0xD3,0x09,0x1A,0xFB,0xFF,0x50,0x07,0x21,0xCD,
  0xFF,0x68,0x5A,0xFF,0xFF,0xFF,0xFF,0xFF,0xFF,0xFF,0xAA,0x6E,0xFF,0xFF,0xFF,0xFF,
  0xFF,0xFF,0xFF,0xC2,0x54,0xFF,0xFD,0x0B,0x00,0x00,0x00,0x00,0x00,0x1B,0xF9,0xFF,
  0x9A,0x11,0x2F,0xE6,0xFF,0x6D,0x00,0x8B,0xFF,0xFF,0xFF,0xFF,0xFF,0xD3,0x0B,0x00,
  0x02,0x70,0xD4,0xF8,0xE7,0x9E,0x18,0x00,0x00,0x00,0x0B,0xCC,0xFF,0xF6,0x36,0x00,
  0x00,0x00,0x02,0xB2,0xF6,0x4B,0xD0,0xE8,0x20,0x00,0x00,0x00,0x00,0x00,0x00,0x00,
  0x00,0x00,0x00,0x00,0x00,0x68,0xD6,0xF9,0xE6,0x98,0x13,0x00,0x00,0x83,0xFF,0xFF,
  0xFF,0xFF,0xFF,0xD3,0x09,0x1A,0xFB,0xFF,0x50,0x07,0x21,0xCD,0xFF,0x68,0x5A,0xFF,
  0xFF,0xFF,0xFF,0xFF,0xFF,0xFF,0xAA,0x6E,0xFF,0xFF,0xFF,0xFF,0xFF,0xFF,0xFF,0xC2,
  0x54,0xFF,0xFD,0x0B,0x00,0x00,0x00,0x00,0x00,0x1B,0xF9,0xFF,0x9A,0x11,0x2F,0xE6,
  0xFF,0x6D,0x00,0x8B,0xFF,0xFF,0xFF,0xFF,0xFF,0xD3,0x0B,0x00,0x02,0x70,0xD4,0xF8,
  0xE7,0x9E,0x18,0x00,0x00,0x00,0x00,0x00,0x00,0x00,0x00,0x00,0x00,0x00,0x00,0x00,
  0x74,0xFF,0xE0,0x00,0x00,0x00,0x00,0x00,0x00,0x74,0xFF,0xE0,0x00,0x00,0x00,0x04,
  0x9D,0xFF,0xB4,0x00,0x00,0x00,0x00,0x7C,0xFF,0x46,0x00,0x00,0x00,0x00,0x00,0x00,
  0x00,0x00,0x00,0xC8,0xFF,0x8C,0x00,0x00,0x00,0xC8,0xFF,0x8C,0x00,0x00,0x00,0xC8,
  0xFF,0x8C,0x00,0x00,0x00,0xC8,0xFF,0x8C,0x00,0x00,0x00,0xC8,0xFF,0x8C,0x00,0x00,
  0x00,0xC8,0xFF,0x8C,0x00,0x00,0x00,0xC8,0xFF,0x8C,0x00,0x00,0x00,0xC8,0xFF,0x8C,
  0x00,0x00,0x00,0xC8,0xFF,0x8C,0x00,0x00,0x1F,0xF7,0xF3,0x49,0x00,0xAA,0xE7,0x32,
  0x00,0x00,0x00,0x00,0x00,0x00,0x00,0xC8,0xFF,0x8C,0x00,0x00,0xC8,0xFF,0x8C,0x00,
  0x00,0xC8,0xFF,0x8C,0x00,0x00,0xC8,0xFF,0x8C,0x00,0x00,0xC8,0xFF,0x8C,0x00,0x00,
  0xC8,0xFF,0x8C,0x00,0x00,0xC8,0xFF,0x8C,0x00,0x00,0xC8,0xFF,0x8C,0x00,0x00,0xC8,
  0xFF,0x8C,0x00,0x2C,0xFC,0xF5,0xBB,0x1A,0x01,0x03,0x48,0xDE,0x30,0x00,0x14,0xDC,
  0x00,0x00,0x00,0x00,0x00,0x00,0x00,0x00,0xC8,0xFF,0x8C,0x00,0x00,0xC8,0xFF,0x8C,
  0x00,0x00,0xC8,0xFF,0x8C,0x00,0x00,0xC8,0xFF,0x8C,0x00,0x00,0xC8,0xFF,0x8C,0x00,
  0x00,0xC8,0xFF,0x8C,0x00,0x00,0xC8,0xFF,0x8C,0x00,0x00,0xC8,0xFF,0x8C,0x00,0x00,
  0xC8,0xFF,0x8C,0x00,0x2E,0xE3,0xDC,0x5B,0x1E,0xF9,0x1B,0x8A,0x9F,0x21,0x97,0xF4,
  0xAA,0x00,0x00,0x00,0x00,0x00,0x00,0x00,0x00,0x00,0x00,0xC8,0xFF,0x8C,0x00,0x00,
  0x00,0x00,0xC8,0xFF,0x8C,0x00,0x00,0x00,0x00,0xC8,0xFF,0x8C,0x00,0x00,0x00,0x00,
  0xC8,0xFF,0x8C,0x00,0x00,0x00,0x00,0xC8,0xFF,0x8C,0x00,0x00,0x00,0x00,0xC8,0xFF,
  0x8C,0x00,0x00,0x00,0x00,0xC8,0xFF,0x8C,0x00,0x00,0x00,0x00,0xC8,0xFF,0x8C,0x00,
  0x00,0x00,0x00,0xC8,0xFF,0x8C,0x00,0x00,0x00,0xC8,0xFF,0x8C,0x00,0x00,0xC8,0xFF,
  0x8C,0x00,0x00,0x00,0x00,0x00,0x00,0x00,0xC8,0xFF,0x8C,0x00,0x00,0xC8,0xFF,0x8C,
  0x00,0x00,0xC8,0xFF,0x8C,0x00,0x00,0xC8,0xFF,0x8C,0x00,0x00,0xC8,0xFF,0x8C,0x00,
  0x00,0xC8,0xFF,0x8C,0x00,0x00,0xC8,0xFF,0x8C,0x00,0x00,0xC8,0xFF,0x8C,0x00,0x00,
  0xC8,0xFF,0x8C,0x00,0x00,0x00,0x00,0x00,0x00,0x00,0xC4,0xFF,0x90,0x00,0x00,0xC4,
  0xFF,0x90,0x00,0x00,0x00,0x0E,0xBB,0xFF,0x8C,0x00,0x00,0x00,0x00,0x00,0x00,0x00,
  0x05,0x9E,0xF9,0x24,0x00,0x00,0x00,0x00,0x00,0x00,0x00,0x00,0x00,0x00,0x00,0x00,
  0x00,0x00,0x00,0x30,0xAC,0xEA,0xF8,0xD3,0x70,0x02,0x00,0x00,0x40,0xF8,0xFF,0xFF,
  0xFF,0xFF,0xFF,0xAB,0x01,0x01,0xDC,0xFF,0xD1,0x2D,0x10,0x7E,0xFF,0xFF,0x57,0x31,
  0xFF,0xFF,0x42,0x00,0x00,0x00,0xCF,0xFF,0xAA,0x48,0xFF,0xFF,0x1D,0x00,0x00,0x00,
  0xA9,0xFF,0xC2,0x30,0xFF,0xFF,0x42,0x00,0x00,0x00,0xCF,0xFF,0xA8,0x02,0xE3,0xFF,
  0xD0,0x2C,0x0F,0x7E,0xFF,0xFF,0x52,0x00,0x4B,0xFB,0xFF,0xFF,0xFF,0xFF,0xFF,0xA5,
  0x00,0x00,0x00,0x33,0xAC,0xEA,0xF9,0xD4,0x6E,0x02,0x00,0x00,0x00,0x00,0x00,0x1F,
  0xF7,0xF3,0x49,0x00,0x00,0x00,0x00,0x00,0x00,0xAA,0xE7,0x32,0x00,0x00,0x00,0x00,
  0x00,0x00,0x00,0x00,0x00,0x00,0x00,0x00,0x00,0x00,0x00,0x30,0xAC,0xEA,0xF8,0xD3,
  0x70,0x02,0x00,0x00,0x40,0xF8,0xFF,0xFF,0xFF,0xFF,0xFF,0xAB,0x01,0x01,0xDC,0xFF,
  0xD1,0x2D,0x10,0x7E,0xFF,0xFF,0x57,0x31,0xFF,0xFF,0x42,0x00,0x00,0x00,0xCF,0xFF,
  0xAA,0x48,0xFF,0xFF,0x1D,0x00,0x00,0x00,0xA9,0xFF,0xC2,0x30,0xFF,0xFF,0x42,0x00,
  0x00,0x00,0xCF,0xFF,0xA8,0x02,0xE3,0xFF,0xD0,0x2C,0x0F,0x7E,0xFF,0xFF,0x52,0x00,
  0x4B,0xFB,0xFF,0xFF,0xFF,0xFF,0xFF,0xA5,0x00,0x00,0x00,0x33,0xAC,0xEA,0xF9,0xD4,
  0x6E,0x02,0x00,0x00,0x00,0x00,0x56,0xFD,0xF0,0xA7,0x07,0x00,0x00,0x00,0x00,0x00,
  0x01,0x04,0x70,0xCF,0x14,0x00,0x00,0x00,0x00,0x00,0x00,0x40,0xB0,0x00,0x00,0x00,
  0x00,0x00,0x00,0x00,0x00,0x00,0x00,0x00,0x00,0x00,0x00,0x00,0x00,0x30,0xAC,0xEA,
  0xF8,0xD3,0x70,0x02,0x00,0x00,0x40,0xF8,0xFF,0xFF,0xFF,0xFF,0xFF,0xAB,0x01,0x01,
  0xDC,0xFF,0xD1,0x2D,0x10,0x7E,0xFF,0xFF,0x57,0x31,0xFF,0xFF,0x42,0x00,0x00,0x00,
  0xCF,0xFF,0xAA,0x48,0xFF,0xFF,0x1D,0x00,0x00,0x00,0xA9,0xFF,0xC2,0x30,0xFF,0xFF,
  0x42,0x00,0x00,0x00,0xCF,0xFF,0xA8,0x02,0xE3,0xFF,0xD0,0x2C,0x0F,0x7E,0xFF,0xFF,
  0x52,0x00,0x4B,0xFB,0xFF,0xFF,0xFF,0xFF,0xFF,0xA5,0x00,0x00,0x00,0x33,0xAC,0xEA,
  0xF9,0xD4,0x6E,0x02,0x00,0x00,0x00,0x39,0xE8,0xD6,0x52,0x27,0xFE,0x0C,0x00,0x00,
  0x00,0x9A,0x90,0x26,0x9F,0xF5,0x9B,0x00,0x00,0x00,0x00,0x00,0x00,0x00,0x00,0x00,
  0x00,0x00,0x00,0x00,0x00,0x30,0xAC,0xEA,0xF8,0xD3,0x70,0x02,0x00,0x00,0x40,0xF8,
  0xFF,0xFF,0xFF,0xFF,0xFF,0xAB,0x01,0x01,0xDC,0xFF,0xD1,0x2D,0x10,0x7E,0xFF,0xFF,
  0x57,0x31,0xFF,0xFF,0x42,0x00,0x00,0x00,0xCF,0xFF,0xAA,0x48,0xFF,0xFF,0x1D,0x00,
  0x00,0x00,0xA9,0xFF,0xC2,0x30,0xFF,0xFF,0x42,0x00,0x00,0x00,0xCF,0xFF,0xA8,0x02,
  0xE3,0xFF,0xD0,0x2C,0x0F,0x7E,0xFF,0xFF,0x52,0x00,0x4B,0xFB,0xFF,0xFF,0xFF,0xFF,
  0xFF,0xA5,0x00,0x00,0x00,0x33,0xAC,0xEA,0xF9,0xD4,0x6E,0x02,0x00,0x00,0x00,0x30,
  0xAC,0xEA,0xF8,0xD3,0x70,0x02,0x00,0x00,0x40,0xF8,0xFF,0xFF,0xFF,0xFF,0xFF,0xAB,
  0x01,0x01,0xDC,0xFF,0xD1,0x2D,0x10,0x7E,0xFF,0xFF,0x57,0x31,0xFF,0xFF,0x42,0x00,
  0x00,0x00,0xCF,0xFF,0xAA,0x48,0xFF,0xFF,0x1D,0x00,0x00,0x00,0xA9,0xFF,0xC2,0x30,
  0xFF,0xFF,0x42,0x00,0x00,0x00,0xCF,0xFF,0xA8,0x02,0xE3,0xFF,0xD0,0x2C,0x0F,0x7E,
  0xFF,0xFF,0x52,0x00,0x4B,0xFB,0xFF,0xFF,0xFF,0xFF,0xFF,0xA5,0x00,0x00,0x00,0x33,
  0xAC,0xEA,0xF9,0xD4,0x6E,0x02,0x00,0x00,0x00,0x00,0x00,0x00,0x00,0x00,0x00,0x00,
  0x00,0x00,0x00,0x00,0x08,0xFF,0xFF,0x4C,0x00,0x00,0x00,0x00,0x00,0x00,0x08,0xFF,
  0xFF,0x4C,0x00,0x00,0x00,0x00,0x00,0x00,0x4A,0xFC,0xFF,0xB9,0x04,0x00,0x00,0x00,
  0x00,0x31,0xF3,0xBA,0x5B,0xFC,0x99,0x00,0x00,0x00,0x00,0x00,0x00,0x00,0x00,0x00,
  0x00,0x00,0x00,0x00,0x00,0x30,0xAC,0xEA,0xF8,0xD3,0x70,0x02,0x00,0x00,0x40,0xF8,
  0xFF,0xFF,0xFF,0xFF,0xFF,0xAB,0x01,0x01,0xDC,0xFF,0xD1,0x2D,0x10,0x7E,0xFF,0xFF,
  0x57,0x31,0xFF,0xFF,0x42,0x00,0x00,0x00,0xCF,0xFF,0xAA,0x48,0xFF,0xFF,0x1D,0x00,
  0x00,0x00,0xA9,0xFF,0xC2,0x30,0xFF,0xFF,0x42,0x00,0x00,0x00,0xCF,0xFF,0xA8,0x02,
  0xE3,0xFF,0xD0,0x2C,0x0F,0x7E,0xFF,0xFF,0x52,0x00,0x4B,0xFB,0xFF,0xFF,0xFF,0xFF,
  0xFF,0xA5,0x00,0x00,0x00,0x33,0xAC,0xEA,0xF9,0xD4,0x6E,0x02,0x00,0x00,0x00,0x14,
  0xC5,0xFF,0x7C,0x00,0x00,0x00,0x00,0x00,0x00,0x00,0x08,0xAA,0xF4,0x1A,0x00,0x00,
  0x00,0x00,0x00,0x00,0x00,0x00,0x00,0x00,0x00,0x00,0x00,0x00,0x00,0x00,0x4A,0xFC,
  0xFF,0xB9,0x04,0x00,0x00,0x00,0x00,0x31,0xF3,0xBA,0x5B,0xFC,0x99,0x00,0x00,0x00,
  0x00,0x00,0x00,0x00,0x00,0x00,0x00,0x00,0x00,0x00,0x00,0x30,0xAC,0xEA,0xF8,0xD3,
  0x70,0x02,0x00,0x00,0x40,0xF8,0xFF,0xFF,0xFF,0xFF,0xFF,0xAB,0x01,0x01,0xDC,0xFF,
  0xD1,0x2D,0x10,0x7E,0xFF,0xFF,0x57,0x31,0xFF,0xFF,0x42,0x00,0x00,0x00,0xCF,0xFF,
  0xAA,0x48,0xFF,0xFF,0x1D,0x00,0x00,0x00,0xA9,0xFF,0xC2,0x30,0xFF,0xFF,0x42,0x00,
  0x00,0x00,0xCF,0xFF,0xA8,0x02,0xE3,0xFF,0xD0,0x2C,0x0F,0x7E,0xFF,0xFF,0x52,0x00,
  0x4B,0xFB,0xFF,0xFF,0xFF,0xFF,0xFF,0xA5,0x00,0x00,0x00,0x33,0xAC,0xEA,0xF9,0xD4,
  0x6E,0x02,0x00,0x00,0x00,0x00,0x00,0x1B,0xF6,0xF6,0x4C,0x00,0x00,0x00,0x00,0x00,
  0x00,0x9B,0xEE,0x3A,0x00,0x00,0x00,0x00,0x00,0x00,0x00,0x00,0x00,0x00,0x00,0x00,
  0x00,0x00,0x00,0x00,0x4A,0xFC,0xFF,0xB9,0x04,0x00,0x00,0x00,0x00,0x31,0xF3,0xBA,
  0x5B,0xFC,0x99,0x00,0x00,0x00,0x00,0x00,0x00,0x00,0x00,0x00,0x00,0x00,0x00,0x00,
  0x00,0x30,0xAC,0xEA,0xF8,0xD3,0x70,0x02,0x00,0x00,0x40,0xF8,0xFF,0xFF,0xFF,0xFF,
  0xFF,0xAB,0x01,0x01,0xDC,0xFF,0xD1,0x2D,0x10,0x7E,0xFF,0xFF,0x57,0x31,0xFF,0xFF,
  0x42,0x00,0x00,0x00,0xCF,0xFF,0xAA,0x48,0xFF,0xFF,0x1D,0x00,0x00,0x00,0xA9,0xFF,
  0xC2,0x30,0xFF,0xFF,0x42,0x00,0x00,0x00,0xCF,0xFF,0xA8,0x02,0xE3,0xFF,0xD0,0x2C,
  0x0F,0x7E,0xFF,0xFF,0x52,0x00,0x4B,0xFB,0xFF,0xFF,0xFF,0xFF,0xFF,0xA5,0x00,0x00,
  0x00,0x33,0xAC,0xEA,0xF9,0xD4,0x6E,0x02,0x00,0x00,0x00,0x00,0x5C,0xFD,0xF6,0xB9,
  0x0A,0x00,0x00,0x00,0x00,0x00,0x02,0x45,0xAC,0x00,0x00,0x00,0x00,0x00,0x00,0x00,
  0x00,0x00,0x00,0x00,0x00,0x00,0x00,0x00,0x00,0x00,0x4A,0xFC,0xFF,0xB9,0x04,0x00,
  0x00,0x00,0x00,0x31,0xF3,0xBA,0x5B,0xFC,0x99,0x00,0x00,0x00,0x00,0x00,0x00,0x00,
  0x00,0x00,0x00,0x00,0x00,0x00,0x00,0x30,0xAC,0xEA,0xF8,0xD3,0x70,0x02,0x00,0x00,
  0x40,0xF8,0xFF,0xFF,0xFF,0xFF,0xFF,0xAB,0x01,0x01,0xDC,0xFF,0xD1,0x2D,0x10,0x7E,
  0xFF,0xFF,0x57,0x31,0xFF,0xFF,0x42,0x00,0x00,0x00,0xCF,0xFF,0xAA,0x48,0xFF,0xFF,
  0x1D,0x00,0x00,0x00,0xA9,0xFF,0xC2,0x30,0xFF,0xFF,0x42,0x00,0x00,0x00,0xCF,0xFF,
  0xA8,0x02,0xE3,0xFF,0xD0,0x2C,0x0F,0x7E,0xFF,0xFF,0x52,0x00,0x4B,0xFB,0xFF,0xFF,
  0xFF,0xFF,0xFF,0xA5,0x00,0x00,0x00,0x33,0xAC,0xEA,0xF9,0xD4,0x6E,0x02,0x00,0x00,
  0x00,0x1F,0xD4,0xDF,0x59,0x4F,0xE1,0x00,0x00,0x00,0x00,0x85,0xA9,0x28,0xB3,0xF2,
  0x6C,0x00,0x00,0x00,0x00,0x00,0x00,0x00,0x00,0x00,0x00,0x00,0x00,0x00,0x00,0x00,
  0x4A,0xFC,0xFF,0xB9,0x04,0x00,0x00,0x00,0x00,0x31,0xF3,0xBA,0x5B,0xFC,0x99,0x00,
  0x00,0x00,0x00,0x00,0x00,0x00,0x00,0x00,0x00,0x00,0x00,0x00,0x00,0x30,0xAC,0xEA,
  0xF8,0xD3,0x70,0x02,0x00,0x00,0x40,0xF8,0xFF,0xFF,0xFF,0xFF,0xFF,0xAB,0x01,0x01,
  0xDC,0xFF,0xD1,0x2D,0x10,0x7E,0xFF,0xFF,0x57,0x31,0xFF,0xFF,0x42,0x00,0x00,0x00,
  0xCF,0xFF,0xAA,0x48,0xFF,0xFF,0x1D,0x00,0x00,0x00,0xA9,0xFF,0xC2,0x30,0xFF,0xFF,
  0x42,0x00,0x00,0x00,0xCF,0xFF,0xA8,0x02,0xE3,0xFF,0xD0,0x2C,0x0F,0x7E,0xFF,0xFF,
  0x52,0x00,0x4B,0xFB,0xFF,0xFF,0xFF,0xFF,0xFF,0xA5,0x00,0x00,0x00,0x33,0xAC,0xEA,
  0xF9,0xD4,0x6E,0x02,0x00,0x00,0x00,0x00,0x4A,0xFC,0xFF,0xB9,0x04,0x00,0x00,0x00,
  0x00,0x31,0xF3,0xBA,0x5B,0xFC,0x99,0x00,0x00,0x00,0x00,0x00,0x00,0x00,0x00,0x00,
  0x00,0x00,0x00,0x00,0x00,0x30,0xAC,0xEA,0xF8,0xD3,0x70,0x02,0x00,0x00,0x40,0xF8,
  0xFF,0xFF,0xFF,0xFF,0xFF,0xAB,0x01,0x01,0xDC,0xFF,0xD1,0x2D,0x10,0x7E,0xFF,0xFF,
  0x57,0x31,0xFF,0xFF,0x42,0x00,0x00,0x00,0xCF,0xFF,0xAA,0x48,0xFF,0xFF,0x1D,0x00,
  0x00,0x00,0xA9,0xFF,0xC2,0x30,0xFF,0xFF,0x42,0x00,0x00,0x00,0xCF,0xFF,0xA8,0x02,
  0xE3,0xFF,0xD0,0x2C,0x0F,0x7E,0xFF,0xFF,0x52,0x00,0x4B,0xFB,0xFF,0xFF,0xFF,0xFF,
  0xFF,0xA5,0x00,0x00,0x00,0x33,0xAC,0xEA,0xF9,0xD4,0x6E,0x02,0x00,0x00,0x00,0x00,
  0x00,0x00,0x00,0x00,0x00,0x00,0x00,0x00,0x00,0x00,0x08,0xFF,0xFF,0x4C,0x00,0x00,
  0x00,0x00,0x00,0x00,0x08,0xFF,0xFF,0x4C,0x00,0x00,0x00,0x00,0x00,0x2E,0xAB,0xEA,
  0xF8,0xD4,0x74,0x03,0x40,0xFF,0xFF,0x18,0x00,0x3D,0xF7,0xFF,0xFF,0xFF,0xFF,0xFF,
  0xB3,0x42,0xFF,0xFF,0x16,0x01,0xD9,0xFF,0xD2,0x2C,0x10,0x7E,0xFF,0xFF,0x5F,0x33,
  0xFD,0x08,0x31,0xFF,0xFF,0x45,0x00,0x00,0x00,0xD0,0xFF,0xB4,0xA7,0xBB,0x00,0x48,
  0xFF,0xFF,0x1D,0x00,0x00,0x00,0xA9,0xFF,0xFC,0xAA,0x15,0x00,0x30,0xFF,0xFF,0x45,
  0x00,0x00,0x00,0xD1,0xFF,0x96,0x00,0x00,0x00,0x02,0xE1,0xFF,0xD2,0x2C,0x0F,0x7E,
  0xFF,0xFF,0x3D,0x00,0x00,0x00,0x00,0x46,0xF9,0xFF,0xFF,0xFF,0xFF,0xFF,0x8D,0x00,
  0x00,0x00,0x00,0x00,0x00,0x30,0xAC,0xEA,0xF8,0xD1,0x64,0x00,0x00,0x00,0x00,0x00,
  0x00,0x00,0x0E,0xBB,0xFF,0x8C,0x00,0x00,0x00,0x00,0x00,0x00,0x00,0x00,0x00,0x00,
  0x05,0x9E,0xF9,0x24,0x00,0x00,0x00,0x00,0x00,0x00,0x00,0x00,0x00,0x00,0x00,0x00,
  0x00,0x00,0x00,0x00,0x00,0x00,0x00,0x00,0x00,0x2E,0xAB,0xEA,0xF8,0xD4,0x74,0x03,
  0x40,0xFF,0xFF,0x18,0x00,0x3D,0xF7,0xFF,0xFF,0xFF,0xFF,0xFF,0xB3,0x42,0xFF,0xFF,
  0x16,0x01,0xD9,0xFF,0xD2,0x2C,0x10,0x7E,0xFF,0xFF,0x5F,0x33,0xFD,0x08,0x31,0xFF,
  0xFF,0x45,0x00,0x00,0x00,0xD0,0xFF,0xB4,0xA7,0xBB,0x00,0x48,0xFF,0xFF,0x1D,0x00,
  0x00,0x00,0xA9,0xFF,0xFC,0xAA,0x15,0x00,0x30,0xFF,0xFF,0x45,0x00,0x00,0x00,0xD1,
  0xFF,0x96,0x00,0x00,0x00,0x02,0xE1,0xFF,0xD2,0x2C,0x0F,0x7E,0xFF,0xFF,0x3D,0x00,
  0x00,0x00,0x00,0x46,0xF9,0xFF,0xFF,0xFF,0xFF,0xFF,0x8D,0x00,0x00,0x00,0x00,0x00,
  0x00,0x30,0xAC,0xEA,0xF8,0xD1,0x64,0x00,0x00,0x00,0x00,0x00,0x00,0x00,0x00,0x00,
  0x1F,0xF7,0xF3,0x49,0x00,0x00,0x00,0x00,0x00,0x00,0x00,0x00,0x00,0xAA,0xE7,0x32,
  0x00,0x00,0x00,0x00,0x00,0x00,0x00,0x00,0x00,0x00,0x00,0x00,0x00,0x00,0x00,0x00,
  0x00,0x00,0x00,0x00,0x00,0x2E,0xAB,0xEA,0xF8,0xD4,0x74,0x03,0x40,0xFF,0xFF,0x18,
  0x00,0x3D,0xF7,0xFF,0xFF,0xFF,0xFF,0xFF,0xB3,0x42,0xFF,0xFF,0x16,0x01,0xD9,0xFF,
  0xD2,0x2C,0x10,0x7E,0xFF,0xFF,0x5F,0x33,0xFD,0x08,0x31,0xFF,0xFF,0x45,0x00,0x00,
  0x00,0xD0,0xFF,0xB4,0xA7,0xBB,0x00,0x48,0xFF,0xFF,0x1D,0x00,0x00,0x00,0xA9,0xFF,
  0xFC,0xAA,0x15,0x00,0x30,0xFF,0xFF,0x45,0x00,0x00,0x00,0xD1,0xFF,0x96,0x00,0x00,
  0x00,0x02,0xE1,0xFF,0xD2,0x2C,0x0F,0x7E,0xFF,0xFF,0x3D,0x00,0x00,0x00,0x00,0x46,
  0xF9,0xFF,0xFF,0xFF,0xFF,0xFF,0x8D,0x00,0x00,0x00,0x00,0x00,0x00,0x30,0xAC,0xEA,
  0xF8,0xD1,0x64,0x00,0x00,0x00,0x00,0x00,0x00,0x00,0x00,0x56,0xFD,0xF0,0xA7,0x07,
  0x00,0x00,0x00,0x00,0x00,0x00,0x00,0x00,0x01,0x04,0x70,0xCF,0x14,0x00,0x00,0x00,
  0x00,0x00,0x00,0x00,0x00,0x00,0x40,0xB0,0x00,0x00,0x00,0x00,0x00,0x00,0x00,0x00,
  0x00,0x00,0x00,0x00,0x00,0x00,0x00,0x00,0x00,0x00,0x00,0x00,0x00,0x00,0x2E,0xAB,
  0xEA,0xF8,0xD4,0x74,0x03,0x40,0xFF,0xFF,0x18,0x00,0x3D,0xF7,0xFF,0xFF,0xFF,0xFF,
  0xFF,0xB3,0x42,0xFF,0xFF,0x16,0x01,0xD9,0xFF,0xD2,0x2C,0x10,0x7E,0xFF,0xFF,0x5F,
  0x33,0xFD,0x08,0x31,0xFF,0xFF,0x45,0x00,0x00,0x00,0xD0,0xFF,0xB4,0xA7,0xBB,0x00,
  0x48,0xFF,0xFF,0x1D,0x00,0x00,0x00,0xA9,0xFF,0xFC,0xAA,0x15,0x00,0x30,0xFF,0xFF,
  0x45,0x00,0x00,0x00,0xD1,0xFF,0x96,0x00,0x00,0x00,0x02,0xE1,0xFF,0xD2,0x2C,0x0F,
  0x7E,0xFF,0xFF,0x3D,0x00,0x00,0x00,0x00,0x46,0xF9,0xFF,0xFF,0xFF,0xFF,0xFF,0x8D,
  0x00,0x00,0x00,0x00,0x00,0x00,0x30,0xAC,0xEA,0xF8,0xD1,0x64,0x00,0x00,0x00,0x00,
  0x00,0x00,0x00,0x39,0xE8,0xD6,0x52,0x27,0xFE,0x0C,0x00,0x00,0x00,0x00,0x00,0x00,
  0x9A,0x90,0x26,0x9F,0xF5,0x9B,0x00,0x00,0x00,0x00,0x00,0x00,0x00,0x00,0x00,0x00,
  0x00,0x00,0x00,0x00,0x00,0x00,0x00,0x00,0x00,0x00,0x2E,0xAB,0xEA,0xF8,0xD4,0x74,
  0x03,0x40,0xFF,0xFF,0x18,0x00,0x3D,0xF7,0xFF,0xFF,0xFF,0xFF,0xFF,0xB3,0x42,0xFF,
  0xFF,0x16,0x01,0xD9,0xFF,0xD2,0x2C,0x10,0x7E,0xFF,0xFF,0x5F,0x33,0xFD,0x08,0x31,
  0xFF,0xFF,0x45,0x00,0x00,0x00,0xD0,0xFF,0xB4,0xA7,0xBB,0x00,0x48,0xFF,0xFF,0x1D,
  0x00,0x00,0x00,0xA9,0xFF,0xFC,0xAA,0x15,0x00,0x30,0xFF,0xFF,0x45,0x00,0x00,0x00,
  0xD1,0xFF,0x96,0x00,0x00,0x00,0x02,0xE1,0xFF,0xD2,0x2C,0x0F,0x7E,0xFF,0xFF,0x3D,
  0x00,0x00,0x00,0x00,0x46,0xF9,0xFF,0xFF,0xFF,0xFF,0xFF,0x8D,0x00,0x00,0x00,0x00,
  0x00,0x00,0x30,0xAC,0xEA,0xF8,0xD1,0x64,0x00,0x00,0x00,0x00,0x00,0x00,0x00,0x2E,
  0xAB,0xEA,0xF8,0xD4,0x74,0x03,0x40,0xFF,0xFF,0x18,0x00,0x3D,0xF7,0xFF,0xFF,0xFF,
  0xFF,0xFF,0xB3,0x42,0xFF,0xFF,0x16,0x01,0xD9,0xFF,0xD2,0x2C,0x10,0x7E,0xFF,0xFF,
  0x5F,0x33,0xFD,0x08,0x31,0xFF,0xFF,0x45,0x00,0x00,0x00,0xD0,0xFF,0xB4,0xA7,0xBB,
  0x00,0x48,0xFF,0xFF,0x1D,0x00,0x00,0x00,0xA9,0xFF,0xFC,0xAA,0x15,0x00,0x30,0xFF,
  0xFF,0x45,0x00,0x00,0x00,0xD1,0xFF,0x96,0x00,0x00,0x00,0x02,0xE1,0xFF,0xD2,0x2C,
  0x0F,0x7E,0xFF,0xFF,0x3D,0x00,0x00,0x00,0x00,0x46,0xF9,0xFF,0xFF,0xFF,0xFF,0xFF,
  0x8D,0x00,0x00,0x00,0x00,0x00,0x00,0x30,0xAC,0xEA,0xF8,0xD1,0x64,0x00,0x00,0x00,
  0x00,0x00,0x00,0x00,0x00,0x00,0x00,0x00,0x00,0x00,0x00,0x00,0x00,0x00,0x00,0x00,
  0x00,0x00,0x08,0xFF,0xFF,0x4C,0x00,0x00,0x00,0x00,0x00,0x00,0x00,0x00,0x00,0x08,
  0xFF,0xFF,0x4C,0x00,0x00,0x00,0x00,0x00,0x00,0x00,0x00,0x12,0xC3,0xFF,0x80,0x00,
  0x00,0x00,0x00,0x00,0x00,0x00,0x07,0xA7,0xF5,0x1C,0x00,0x00,0x00,0x00,0x00,0x00,
  0x00,0x00,0x00,0x00,0x00,0x00,0x00,0x00,0xD4,0xFF,0x80,0x00,0x00,0x24,0xFF,0xFF,
  0x30,0x00,0xD4,0xFF,0x80,0x00,0x00,0x24,0xFF,0xFF,0x30,0x00,0xD4,0xFF,0x80,0x00,
  0x00,0x24,0xFF,0xFF,0x30,0x00,0xD4,0xFF,0x80,0x00,0x00,0x24,0xFF,0xFF,0x30,0x00,
  0xD4,0xFF,0x81,0x00,0x00,0x29,0xFF,0xFF,0x30,0x00,0xD2,0xFF,0x8B,0x00,0x00,0x3E,
  0xFF,0xFF,0x30,0x00,0xC0,0xFF,0xDA,0x21,0x1C,0xBE,0xFF,0xFF,0x30,0x00,0x79,0xFF,
  0xFF,0xFF,0xFF,0xF5,0xFE,0xFF,0x30,0x00,0x06,0x8F,0xEC,0xF6,0xC3,0x3B,0xFC,0xFF,
  0x30,0x00,0x00,0x00,0x00,0x27,0xFA,0xF0,0x41,0x00,0x00,0x00,0x00,0x00,0x00,0xB6,
  0xE2,0x2B,0x00,0x00,0x00,0x00,0x00,0x00,0x00,0x00,0x00,0x00,0x00,0x00,0x00,0x00,
  0xD4,0xFF,0x80,0x00,0x00,0x24,0xFF,0xFF,0x30,0x00,0xD4,0xFF,0x80,0x00,0x00,0x24,
  0xFF,0xFF,0x30,0x00,0xD4,0xFF,0x80,0x00,0x00,0x24,0xFF,0xFF,0x30,0x00,0xD4,0xFF,
  0x80,0x00,0x00,0x24,0xFF,0xFF,0x30,0x00,0xD4,0xFF,0x81,0x00,0x00,0x29,0xFF,0xFF,
  0x30,0x00,0xD2,0xFF,0x8B,0x00,0x00,0x3E,0xFF,0xFF,0x30,0x00,0xC0,0xFF,0xDA,0x21,
  0x1C,0xBE,0xFF,0xFF,0x30,0x00,0x79,0xFF,0xFF,0xFF,0xFF,0xF5,0xFE,0xFF,0x30,0x00,
  0x06,0x8F,0xEC,0xF6,0xC3,0x3B,0xFC,0xFF,0x30,0x00,0x00,0x00,0x56,0xFD,0xF0,0xA7,
  0x07,0x00,0x00,0x00,0x00,0x00,0x01,0x04,0x70,0xCF,0x14,0x00,0x00,0x00,0x00,0x00,
  0x00,0x40,0xB0,0x00,0x00,0x00,0x00,0x00,0x00,0x00,0x00,0x00,0x00,0x00,0x00,0x00,
  0x00,0x00,0xD4,0xFF,0x80,0x00,0x00,0x24,0xFF,0xFF,0x30,0x00,0xD4,0xFF,0x80,0x00,
  0x00,0x24,0xFF,0xFF,0x30,0x00,0xD4,0xFF,0x80,0x00,0x00,0x24,0xFF,0xFF,0x30,0x00,
  0xD4,0xFF,0x80,0x00,0x00,0x24,0xFF,0xFF,0x30,0x00,0xD4,0xFF,0x81,0x00,0x00,0x29,
  0xFF,0xFF,0x30,0x00,0xD2,0xFF,0x8B,0x00,0x00,0x3E,0xFF,0xFF,0x30,0x00,0xC0,0xFF,
  0xDA,0x21,0x1C,0xBE,0xFF,0xFF,0x30,0x00,0x79,0xFF,0xFF,0xFF,0xFF,0xF5,0xFE,0xFF,
  0x30,0x00,0x06,0x8F,0xEC,0xF6,0xC3,0x3B,0xFC,0xFF,0x30,0x00,0x00,0x4D,0xEE,0xCB,
  0x44,0x40,0xEF,0x00,0x00,0x00,0x00,0xB6,0x74,0x31,0xAE,0xF5,0x82,0x00,0x00,0x00,
  0x00,0x00,0x00,0x00,0x00,0x00,0x00,0x00,0x00,0x00,0xD4,0xFF,0x80,0x00,0x00,0x24,
  0xFF,0xFF,0x30,0x00,0xD4,0xFF,0x80,0x00,0x00,0x24,0xFF,0xFF,0x30,0x00,0xD4,0xFF,
  0x80,0x00,0x00,0x24,0xFF,0xFF,0x30,0x00,0xD4,0xFF,0x80,0x00,0x00,0x24,0xFF,0xFF,
  0x30,0x00,0xD4,0xFF,0x81,0x00,0x00,0x29,0xFF,0xFF,0x30,0x00,0xD2,0xFF,0x8B,0x00,
  0x00,0x3E,0xFF,0xFF,0x30,0x00,0xC0,0xFF,0xDA,0x21,0x1C,0xBE,0xFF,0xFF,0x30,0x00,
  0x79,0xFF,0xFF,0xFF,0xFF,0xF5,0xFE,0xFF,0x30,0x00,0x06,0x8F,0xEC,0xF6,0xC3,0x3B,
  0xFC,0xFF,0x30,0x00,0xD4,0xFF,0x80,0x00,0x00,0x24,0xFF,0xFF,0x30,0x00,0xD4,0xFF,
  0x80,0x00,0x00,0x24,0xFF,0xFF,0x30,0x00,0xD4,0xFF,0x80,0x00,0x00,0x24,0xFF,0xFF,
  0x30,0x00,0xD4,0xFF,0x80,0x00,0x00,0x24,0xFF,0xFF,0x30,0x00,0xD4,0xFF,0x81,0x00,
  0x00,0x29,0xFF,0xFF,0x30,0x00,0xD2,0xFF,0x8B,0x00,0x00,0x3E,0xFF,0xFF,0x30,0x00,
  0xC0,0xFF,0xDA,0x21,0x1C,0xBE,0xFF,0xFF,0x30,0x00,0x79,0xFF,0xFF,0xFF,0xFF,0xF5,
  0xFE,0xFF,0x30,0x00,0x06,0x8F,0xEC,0xF6,0xC3,0x3B,0xFC,0xFF,0x30,0x00,0x00,0x00,
  0x00,0x00,0x00,0x00,0x00,0x00,0x00,0x00,0x00,0x00,0x34,0xFF,0xFF,0x20,0x00,0x00,
  0x00,0x00,0x00,0x00,0x34,0xFF,0xFF,0x20,0x00,0x00,0x00,0x00,0xD4,0xFF,0x80,0x00,
  0x00,0x24,0xFF,0xFF,0x34,0xFF,0xFF,0x50,0x00,0xD4,0xFF,0x80,0x00,0x00,0x24,0xFF,
  0xFF,0x34,0xFF,0xFF,0x4E,0x00,0xD4,0xFF,0x80,0x00,0x00,0x24,0xFF,0xFF,0x30,0x04,
  0xF4,0x3C,0x00,0xD4,0xFF,0x80,0x00,0x00,0x24,0xFF,0xFF,0x4C,0x9D,0xE0,0x07,0x00,
  0xD4,0xFF,0x81,0x00,0x00,0x28,0xFF,0xFF,0xEA,0xA0,0x1D,0x00,0x00,0xD2,0xFF,0x8E,
  0x00,0x00,0x3D,0xFF,0xFF,0x30,0x00,0x00,0x00,0x00,0xC0,0xFF,0xD6,0x20,0x1C,0xBC,
  0xFF,0xFF,0x30,0x00,0x00,0x00,0x00,0x7A,0xFF,0xFF,0xFF,0xFF,0xF4,0xFE,0xFF,0x30,
  0x00,0x00,0x00,0x00,0x07,0x97,0xEF,0xF6,0xBF,0x36,0xFC,0xFF,0x30,0x00,0x00,0x00,
  0x00,0x00,0x12,0xC3,0xFF,0x80,0x00,0x00,0x00,0x00,0x00,0x00,0x00,0x00,0x00,0x00,
  0x07,0xA7,0xF5,0x1C,0x00,0x00,0x00,0x00,0x00,0x00,0x00,0x00,0x00,0x00,0x00,0x00,
  0x00,0x00,0x00,0x00,0x00,0x00,0x00,0x00,0xD4,0xFF,0x80,0x00,0x00,0x24,0xFF,0xFF,
  0x34,0xFF,0xFF,0x50,0x00,0xD4,0xFF,0x80,0x00,0x00,0x24,0xFF,0xFF,0x34,0xFF,0xFF,
  0x4E,0x00,0xD4,0xFF,0x80,0x00,0x00,0x24,0xFF,0xFF,0x30,0x04,0xF4,0x3C,0x00,0xD4,
  0xFF,0x80,0x00,0x00,0x24,0xFF,0xFF,0x4C,0x9D,0xE0,0x07,0x00,0xD4,0xFF,0x81,0x00,
  0x00,0x28,0xFF,0xFF,0xEA,0xA0,0x1D,0x00,0x00,0xD2,0xFF,0x8E,0x00,0x00,0x3D,0xFF,
  0xFF,0x30,0x00,0x00,0x00,0x00,0xC0,0xFF,0xD6,0x20,0x1C,0xBC,0xFF,0xFF,0x30,0x00,
  0x00,0x00,0x00,0x7A,0xFF,0xFF,0xFF,0xFF,0xF4,0xFE,0xFF,0x30,0x00,0x00,0x00,0x00,
  0x07,0x97,0xEF,0xF6,0xBF,0x36,0xFC,0xFF,0x30,0x00,0x00,0x00,0x00,0x00,0x00,0x00,
  0x27,0xFA,0xF0,0x41,0x00,0x00,0x00,0x00,0x00,0x00,0x00,0x00,0x00,0xB6,0xE2,0x2B,
  0x00,0x00,0x00,0x00,0x00,0x00,0x00,0x00,0x00,0x00,0x00,0x00,0x00,0x00,0x00,0x00,
  0x00,0x00,0x00,0x00,0xD4,0xFF,0x80,0x00,0x00,0x24,0xFF,0xFF,0x34,0xFF,0xFF,0x50,
  0x00,0xD4,0xFF,0x80,0x00,0x00,0x24,0xFF,0xFF,0x34,0xFF,0xFF,0x4E,0x00,0xD4,0xFF,
  0x80,0x00,0x00,0x24,0xFF,0xFF,0x30,0x04,0xF4,0x3C,0x00,0xD4,0xFF,0x80,0x00,0x00,
  0x24,0xFF,0xFF,0x4C,0x9D,0xE0,0x07,0x00,0xD4,0xFF,0x81,0x00,0x00,0x28,0xFF,0xFF,
  0xEA,0xA0,0x1D,0x00,0x00,0xD2,0xFF,0x8E,0x00,0x00,0x3D,0xFF,0xFF,0x30,0x00,0x00,
  0x00,0x00,0xC0,0xFF,0xD6,0x20,0x1C,0xBC,0xFF,0xFF,0x30,0x00,0x00,0x00,0x00,0x7A,
  0xFF,0xFF,0xFF,0xFF,0xF4,0xFE,0xFF,0x30,0x00,0x00,0x00,0x00,0x07,0x97,0xEF,0xF6,
  0xBF,0x36,0xFC,0xFF,0x30,0x00,0x00,0x00,0x00,0x00,0x00,0x56,0xFD,0xF0,0xA7,0x07,
  0x00,0x00,0x00,0x00,0x00,0x00,0x00,0x00,0x01,0x04,0x70,0xCF,0x14,0x00,0x00,0x00,
  0x00,0x00,0x00,0x00,0x00,0x00,0x40,0xB0,0x00,0x00,0x00,0x00,0x00,0x00,0x00,0x00,
  0x00,0x00,0x00,0x00,0x00,0x00,0x00,0x00,0x00,0x00,0x00,0x00,0x00,0xD4,0xFF,0x80,
  0x00,0x00,0x24,0xFF,0xFF,0x34,0xFF,0xFF,0x50,0x00,0xD4,0xFF,0x80,0x00,0x00,0x24,
  0xFF,0xFF,0x34,0xFF,0xFF,0x4E,0x00,0xD4,0xFF,0x80,0x00,0x00,0x24,0xFF,0xFF,0x30,
  0x04,0xF4,0x3C,0x00,0xD4,0xFF,0x80,0x00,0x00,0x24,0xFF,0xFF,0x4C,0x9D,0xE0,0x07,
  0x00,0xD4,0xFF,0x81,0x00,0x00,0x28,0xFF,0xFF,0xEA,0xA0,0x1D,0x00,0x00,0xD2,0xFF,
  0x8E,0x00,0x00,0x3D,0xFF,0xFF,0x30,0x00,0x00,0x00,0x00,0xC0,0xFF,0xD6,0x20,0x1C,
  0xBC,0xFF,0xFF,0x30,0x00,0x00,0x00,0x00,0x7A,0xFF,0xFF,0xFF,0xFF,0xF4,0xFE,0xFF,
  0x30,0x00,0x00,0x00,0x00,0x07,0x97,0xEF,0xF6,0xBF,0x36,0xFC,0xFF,0x30,0x00,0x00,
  0x00,0x00,0x00,0x4D,0xEE,0xCB,0x44,0x40,0xEF,0x00,0x00,0x00,0x00,0x00,0x00,0x00,
  0xB6,0x74,0x31,0xAE,0xF5,0x82,0x00,0x00,0x00,0x00,0x00,0x00,0x00,0x00,0x00,0x00,
  0x00,0x00,0x00,0x00,0x00,0x00,0x00,0x00,0x00,0xD4,0xFF,0x80,0x00,0x00,0x24,0xFF,
  0xFF,0x34,0xFF,0xFF,0x50,0x00,0xD4,0xFF,0x80,0x00,0x00,0x24,0xFF,0xFF,0x34,0xFF,
  0xFF,0x4E,0x00,0xD4,0xFF,0x80,0x00,0x00,0x24,0xFF,0xFF,0x30,0x04,0xF4,0x3C,0x00,
  0xD4,0xFF,0x80,0x00,0x00,0x24,0xFF,0xFF,0x4C,0x9D,0xE0,0x07,0x00,0xD4,0xFF,0x81,
  0x00,0x00,0x28,0xFF,0xFF,0xEA,0xA0,0x1D,0x00,0x00,0xD2,0xFF,0x8E,0x00,0x00,0x3D,
  0xFF,0xFF,0x30,0x00,0x00,0x00,0x00,0xC0,0xFF,0xD6,0x20,0x1C,0xBC,0xFF,0xFF,0x30,
  0x00,0x00,0x00,0x00,0x7A,0xFF,0xFF,0xFF,0xFF,0xF4,0xFE,0xFF,0x30,0x00,0x00,0x00,
  0x00,0x07,0x97,0xEF,0xF6,0xBF,0x36,0xFC,0xFF,0x30,0x00,0x00,0x00,0x00,0xD4,0xFF,
  0x80,0x00,0x00,0x24,0xFF,0xFF,0x34,0xFF,0xFF,0x50,0x00,0xD4,0xFF,0x80,0x00,0x00,
  0x24,0xFF,0xFF,0x34,0xFF,0xFF,0x4E,0x00,0xD4,0xFF,0x80,0x00,0x00,0x24,0xFF,0xFF,
  0x30,0x04,0xF4,0x3C,0x00,0xD4,0xFF,0x80,0x00,0x00,0x24,0xFF,0xFF,0x4C,0x9D,0xE0,
  0x07,0x00,0xD4,0xFF,0x81,0x00,0x00,0x28,0xFF,0xFF,0xEA,0xA0,0x1D,0x00,0x00,0xD2,
  0xFF,0x8E,0x00,0x00,0x3D,0xFF,0xFF,0x30,0x00,0x00,0x00,0x00,0xC0,0xFF,0xD6,0x20,
  0x1C,0xBC,0xFF,0xFF,0x30,0x00,0x00,0x00,0x00,0x7A,0xFF,0xFF,0xFF,0xFF,0xF4,0xFE,
  0xFF,0x30,0x00,0x00,0x00,0x00,0x07,0x97,0xEF,0xF6,0xBF,0x36,0xFC,0xFF,0x30,0x00,
  0x00,0x00,0x00,0x00,0x00,0x00,0x00,0x00,0x00,0x00,0x00,0x00,0x00,0x00,0x00,0x00,
  0x00,0x00,0x34,0xFF,0xFF,0x20,0x00,0x00,0x00,0x00,0x00,0x00,0x00,0x00,0x00,0x34,
  0xFF,0xFF,0x20,0x00,0x00,0x00,0x00,0x00,0x00,0x00,0x00,0x41,0xEF,0xFB,0x28,0x00,
  0x00,0x00,0x00,0x00,0x00,0x00,0x2A,0xE0,0xB6,0x00,0x00,0x00,0x00,0x00,0x00,0x00,
  0x00,0x00,0x00,0x00,0x00,0x00,0x00,0xB5,0xFF,0xC1,0x00,0x00,0x00,0x66,0xFF,0xF5,
  0x0C,0x55,0xFF,0xFD,0x19,0x00,0x00,0xB8,0xFF,0xA4,0x00,0x07,0xEE,0xFF,0x6B,0x00,
  0x10,0xFA,0xFF,0x47,0x00,0x00,0x96,0xFF,0xC0,0x00,0x5E,0xFF,0xE7,0x03,0x00,0x00,
  0x36,0xFF,0xFD,0x17,0xB1,0xFF,0x8E,0x00,0x00,0x00,0x00,0xD6,0xFF,0x75,0xF7,0xFF,
  0x31,0x00,0x00,0x00,0x00,0x77,0xFF,0xF4,0xFF,0xD4,0x00,0x00,0x00,0x00,0x00,0x1A,
  0xFC,0xFF,0xFF,0x77,0x00,0x00,0x00,0x00,0x00,0x00,0xB8,0xFF,0xFB,0x1C,0x00,0x00,
  0x00,0x04,0x04,0x26,0xDE,0xFF,0x9E,0x00,0x00,0x00,0x00,0x41,0xFF,0xFF,0xFF,0xF8,
  0x24,0x00,0x00,0x00,0x00,0x21,0xEB,0xF7,0xCD,0x45,0x00,0x00,0x00,0x00,0x00,0x00,
  0x00,0x00,0x00,0xAB,0xFF,0xA3,0x06,0x00,0x00,0x00,0x00,0x00,0x3E,0xFF,0x86,0x00,
  0x00,0x00,0x00,0x00,0x00,0x00,0x00,0x00,0x00,0x00,0x00,0x00,0x00,0xB5,0xFF,0xC1,
  0x00,0x00,0x00,0x66,0xFF,0xF5,0x0C,0x55,0xFF,0xFD,0x19,0x00,0x00,0xB8,0xFF,0xA4,
  0x00,0x07,0xEE,0xFF,0x6B,0x00,0x10,0xFA,0xFF,0x47,0x00,0x00,0x96,0xFF,0xC0,0x00,
  0x5E,0xFF,0xE7,0x03,0x00,0x00,0x36,0xFF,0xFD,0x17,0xB1,0xFF,0x8E,0x00,0x00,0x00,
  0x00,0xD6,0xFF,0x75,0xF7,0xFF,0x31,0x00,0x00,0x00,0x00,0x77,0xFF,0xF4,0xFF,0xD4,
  0x00,0x00,0x00,0x00,0x00,0x1A,0xFC,0xFF,0xFF,0x77,0x00,0x00,0x00,0x00,0x00,0x00,
  0xB8,0xFF,0xFB,0x1C,0x00,0x00,0x00,0x04,0x04,0x26,0xDE,0xFF,0x9E,0x00,0x00,0x00,
  0x00,0x41,0xFF,0xFF,0xFF,0xF8,0x24,0x00,0x00,0x00,0x00,0x21,0xEB,0xF7,0xCD,0x45,
  0x00,0x00,0x00,0x00,0x00,0x00,0x00,0x00,0xE1,0xFA,0xD5,0x43,0x00,0x00,0x00,0x00,
  0x00,0x00,0x02,0x1C,0xD4,0x66,0x00,0x00,0x00,0x00,0x00,0x00,0x00,0xCC,0x24,0x00,
  0x00,0x00,0x00,0x00,0x00,0x00,0x00,0x00,0x00,0x00,0x00,0x00,0x00,0xB5,0xFF,0xC1,
  0x00,0x00,0x00,0x66,0xFF,0xF5,0x0C,0x55,0xFF,0xFD,0x19,0x00,0x00,0xB8,0xFF,0xA4,
  0x00,0x07,0xEE,0xFF,0x6B,0x00,0x10,0xFA,0xFF,0x47,0x00,0x00,0x96,0xFF,0xC0,0x00,
  0x5E,0xFF,0xE7,0x03,0x00,0x00,0x36,0xFF,0xFD,0x17,0xB1,0xFF,0x8E,0x00,0x00,0x00,
  0x00,0xD6,0xFF,0x75,0xF7,0xFF,0x31,0x00,0x00,0x00,0x00,0x77,0xFF,0xF4,0xFF,0xD4,
  0x00,0x00,0x00,0x00,0x00,0x1A,0xFC,0xFF,0xFF,0x77,0x00,0x00,0x00,0x00,0x00,0x00,
  0xB8,0xFF,0xFB,0x1C,0x00,0x00,0x00,0x04,0x04,0x26,0xDE,0xFF,0x9E,0x00,0x00,0x00,
  0x00,0x41,0xFF,0xFF,0xFF,0xF8,0x24,0x00,0x00,0x00,0x00,0x21,0xEB,0xF7,0xCD,0x45,
  0x00,0x00,0x00,0x00,0x00,0x00,0x00,0x93,0xF4,0xA4,0x22,0x8E,0x9F,0x00,0x00,0x00,
  0x07,0xFE,0x28,0x53,0xD2,0xED,0x3E,0x00,0x00,0x00,0x00,0x00,0x00,0x00,0x00,0x00,
  0x00,0x00,0x00,0xB5,0xFF,0xC1,0x00,0x00,0x00,0x66,0xFF,0xF5,0x0C,0x55,0xFF,0xFD,
  0x19,0x00,0x00,0xB8,0xFF,0xA4,0x00,0x07,0xEE,0xFF,0x6B,0x00,0x10,0xFA,0xFF,0x47,
  0x00,0x00,0x96,0xFF,0xC0,0x00,0x5E,0xFF,0xE7,0x03,0x00,0x00,0x36,0xFF,0xFD,0x17,
  0xB1,0xFF,0x8E,0x00,0x00,0x00,0x00,0xD6,0xFF,0x75,0xF7,0xFF,0x31,0x00,0x00,0x00,
  0x00,0x77,0xFF,0xF4,0xFF,0xD4,0x00,0x00,0x00,0x00,0x00,0x1A,0xFC,0xFF,0xFF,0x77,
  0x00,0x00,0x00,0x00,0x00,0x00,0xB8,0xFF,0xFB,0x1C,0x00,0x00,0x00,0x04,0x04,0x26,
  0xDE,0xFF,0x9E,0x00,0x00,0x00,0x00,0x41,0xFF,0xFF,0xFF,0xF8,0x24,0x00,0x00,0x00,
  0x00,0x21,0xEB,0xF7,0xCD,0x45,0x00,0x00,0x00,0x00,0x00,0xB5,0xFF,0xC1,0x00,0x00,
  0x00,0x66,0xFF,0xF5,0x0C,0x55,0xFF,0xFD,0x19,0x00,0x00,0xB8,0xFF,0xA4,0x00,0x07,
  0xEE,0xFF,0x6B,0x00,0x10,0xFA,0xFF,0x47,0x00,0x00,0x96,0xFF,0xC0,0x00,0x5E,0xFF,
  0xE7,0x03,0x00,0x00,0x36,0xFF,0xFD,0x17,0xB1,0xFF,0x8E,0x00,0x00,0x00,0x00,0xD6,
  0xFF,0x75,0xF7,0xFF,0x31,0x00,0x00,0x00,0x00,0x77,0xFF,0xF4,0xFF,0xD4,0x00,0x00,
  0x00,0x00,0x00,0x1A,0xFC,0xFF,0xFF,0x77,0x00,0x00,0x00,0x00,0x00,0x00,0xB8,0xFF,
  0xFB,0x1C,0x00,0x00,0x00,0x04,0x04,0x26,0xDE,0xFF,0x9E,0x00,0x00,0x00,0x00,0x41,
  0xFF,0xFF,0xFF,0xF8,0x24,0x74,0xFF,0xE0,0x00,0x21,0xEB,0xF7,0xCD,0x45,0x00,0x74,
  0xFF,0xE0,0x00,0x00,0x00,0x00,0x00,0x00,0x00,0x08,0xFF,0xFF,0x50,0x00,0x00,0x00,
  0x00,0x00,0x8C,0xFF,0xFF,0xFF,0xFF,0xFF,0x3C,0x00,0x00,0x00,0x00,0x00,0x00,0x08,
  0xFF,0xFF,0x50,0x00,0x00,0x00,0x71,0xDD,0xF8,0xC8,0x40,0xFF,0xFF,0x50,0x00,0x00,
  0x7F,0xFF,0xFF,0xFF,0xFF,0xF8,0xFF,0xFF,0x50,0x00,0x0A,0xF4,0xFF,0xC2,0x1F,0x1A,
  0xB8,0xFF,0xFF,0x50,0x00,0x38,0xFF,0xFF,0x37,0x00,0x00,0x2C,0xFF,0xFF,0x50,0x00,
  0x48,0xFF,0xFF,0x1A,0x00,0x00,0x0C,0xFF,0xFF,0x50,0x00,0x35,0xFF,0xFF,0x39,0x00,
  0x00,0x2B,0xFF,0xFF,0x50,0x00,0x06,0xEE,0xFF,0xC3,0x20,0x1A,0xBA,0xFF,0xFF,0x50,
  0x00,0x00,0x6E,0xFF,0xFF,0xFF,0xFF,0xFD,0xF8,0xFF,0x50,0x00,0x00,0x00,0x66,0xDC,
  0xFA,0xD4,0x52,0xDC,0xFF,0x50,0x00,
};
